domain,scene_id,task_id,source_path,config_path,prompt_path,task_doc_path,review_path,answer_schema_doc,annotation_schema_doc,answer_schema_observed,annotation_schema_observed,query_ids_doc,query_ids_class,query_ids_manifest,query_ids_observed,program_contract,closest_neighbor,uniqueness_decision,notes
games,2048,task_games__2048__max_tile_value,trace/tasks/games/2048/max_tile_value.py,configs/domains/games/2048.yaml,,docs/tasks/games/2048/task_games__2048__max_tile_value.md,review/task-reviews/games/2048/task_games__2048__max_tile_value,integer_value,bbox_set,integer,bbox_set,,single,single,single,"`value(simulate(board, rules=slide_merge_2048, action=move_direction).final_board, property=max_tile_value); scene=2048; scope=max_tile_value`",task_games__2048__merge_count (0.62),keep,task_doc_newer_than_review_artifacts
games,2048,task_games__2048__merge_count,trace/tasks/games/2048/merge_count.py,configs/domains/games/2048.yaml,,docs/tasks/games/2048/task_games__2048__merge_count.md,review/task-reviews/games/2048/task_games__2048__merge_count,integer_count,segment_set,integer,segment_set,,single,single,single,"`count(simulate(board, rules=slide_merge_2048, action=move_direction).merge_events); scene=2048; scope=merge_count`",task_games__2048__max_tile_value (0.62),keep,task_doc_newer_than_review_artifacts
games,2048,task_games__2048__move_result_board_label,trace/tasks/games/2048/move_result_board_label.py,configs/domains/games/2048.yaml,,docs/tasks/games/2048/task_games__2048__move_result_board_label.md,review/task-reviews/games/2048/task_games__2048__move_result_board_label,string_label,bbox,string,bbox,,single,single,single,"`label(select_option(candidate_result_boards, option_board = simulate(board, rules=slide_merge_2048, action=move_direction).final_board)); scene=2048; scope=move_result_board_label`",task_games__2048__max_tile_value (0.54),keep,task_doc_newer_than_review_artifacts
games,backgammon,task_games__backgammon__destination_count,trace/tasks/games/backgammon/destination_count.py,configs/domains/games/backgammon.yaml,,docs/tasks/games/backgammon/task_games__backgammon__destination_count.md,review/task-reviews/games/backgammon/task_games__backgammon__destination_count,integer_count,bbox_set,integer,bbox_set,,"legal_move_count,hit_move_count,blocked_destination_count","blocked_destination_count,hit_move_count,legal_move_count","blocked_destination_count,hit_move_count,legal_move_count","`count(filter(candidate_destinations(dice_rolls, board_state), destination_status)); scene=backgammon; scope=destination_count`",task_games__backgammon__point_state_count (0.50),keep,
games,backgammon,task_games__backgammon__pip_count_value,trace/tasks/games/backgammon/pip_count_value.py,configs/domains/games/backgammon.yaml,,docs/tasks/games/backgammon/task_games__backgammon__pip_count_value.md,review/task-reviews/games/backgammon/task_games__backgammon__pip_count_value,integer_value,bbox_set,integer,bbox_set,,single,single,single,"`sum(map(active_player_occupied_points, checker_count * distance_to_bear_off)); scene=backgammon; scope=pip_count_value`",task_games__backgammon__point_state_count (0.38),keep,task_doc_newer_than_review_artifacts
games,backgammon,task_games__backgammon__point_state_count,trace/tasks/games/backgammon/point_state_count.py,configs/domains/games/backgammon.yaml,,docs/tasks/games/backgammon/task_games__backgammon__point_state_count.md,review/task-reviews/games/backgammon/task_games__backgammon__point_state_count,integer_count,bbox_set,integer,bbox_set,,single,single,single,"`count(filter(numbered_backgammon_points(board_state), checker_color, stack_state)); scene=backgammon; scope=point_state_count`",task_games__backgammon__destination_count (0.50),keep,
games,battleship,task_games__battleship__last_ship_cell_label,trace/tasks/games/battleship/last_ship_cell_label.py,configs/domains/games/battleship.yaml,,docs/tasks/games/battleship/task_games__battleship__last_ship_cell_label.md,review/task-reviews/games/battleship/task_games__battleship__last_ship_cell_label,option_label,point,string,point,,single,single,single,"`label(select(candidate_cells, completes_only_not_sunk_ship)); scene=battleship; scope=last_ship_cell_label`",task_games__battleship__remaining_ship_shape_label (0.38),keep,
games,battleship,task_games__battleship__remaining_ship_shape_label,trace/tasks/games/battleship/remaining_ship_shape_label.py,configs/domains/games/battleship.yaml,,docs/tasks/games/battleship/task_games__battleship__remaining_ship_shape_label.md,review/task-reviews/games/battleship/task_games__battleship__remaining_ship_shape_label,option_label,bbox,string,bbox,,single,single,single,"`label(select(shape_options, shape_id=untouched_ship_shape)); scene=battleship; scope=remaining_ship_shape_label`",task_games__battleship__last_ship_cell_label (0.38),keep,
games,battleship,task_games__battleship__ship_cell_status_count,trace/tasks/games/battleship/ship_cell_status_count.py,configs/domains/games/battleship.yaml,,docs/tasks/games/battleship/task_games__battleship__ship_cell_status_count.md,review/task-reviews/games/battleship/task_games__battleship__ship_cell_status_count,integer_count,bbox_set,integer,bbox_set,,"named_ship_hit_cell_count,named_ship_unhit_cell_count","named_ship_hit_cell_count,named_ship_unhit_cell_count","named_ship_hit_cell_count,named_ship_unhit_cell_count","`count(filter(cells(target_ship), cell_status=target_status)); scene=battleship; scope=ship_cell_status_count`",task_games__battleship__ship_status_count (0.65),keep,
games,battleship,task_games__battleship__ship_status_count,trace/tasks/games/battleship/ship_status_count.py,configs/domains/games/battleship.yaml,,docs/tasks/games/battleship/task_games__battleship__ship_status_count.md,review/task-reviews/games/battleship/task_games__battleship__ship_status_count,integer_count,bbox_set_map,integer,bbox_set_map,,"sunk_ship_count,partial_ship_count","partial_ship_count,sunk_ship_count","partial_ship_count,sunk_ship_count","`count(filter(ships, ship_status=target_status)); scene=battleship; scope=ship_status_count; query_branch=partial_ship_count`",task_games__battleship__ship_cell_status_count (0.65),keep,
games,bingo,task_games__bingo__called_number_match_count,trace/tasks/games/bingo/called_number_match_count.py,configs/domains/games/bingo.yaml,,docs/tasks/games/bingo/task_games__bingo__called_number_match_count.md,review/task-reviews/games/bingo/task_games__bingo__called_number_match_count,integer_count,bbox_set,integer,bbox_set,,single,single,single,"`count(intersection(called_numbers, card_numbers)); scene=bingo; scope=called_number_match_count`",task_games__bingo__near_complete_line_count (0.39),keep,task_doc_newer_than_review_artifacts
games,bingo,task_games__bingo__completed_column_label,trace/tasks/games/bingo/completed_column_label.py,configs/domains/games/bingo.yaml,,docs/tasks/games/bingo/task_games__bingo__completed_column_label.md,review/task-reviews/games/bingo/task_games__bingo__completed_column_label,string_label,segment,string,segment,,single,single,single,`label(unique_completed_column(board)); scene=bingo; scope=completed_column_label`,task_games__bingo__completed_line_sum_value (0.30),keep,task_doc_newer_than_review_artifacts
games,bingo,task_games__bingo__completed_line_sum_value,trace/tasks/games/bingo/completed_line_sum_value.py,configs/domains/games/bingo.yaml,,docs/tasks/games/bingo/task_games__bingo__completed_line_sum_value.md,review/task-reviews/games/bingo/task_games__bingo__completed_line_sum_value,integer_value,point_set,integer,point_set,,single,single,single,`sum(values(cells(completed_line))); scene=bingo; scope=completed_line_sum_value`,task_games__bingo__near_complete_line_count (0.35),keep,task_doc_newer_than_review_artifacts
games,bingo,task_games__bingo__near_complete_line_count,trace/tasks/games/bingo/near_complete_line_count.py,configs/domains/games/bingo.yaml,,docs/tasks/games/bingo/task_games__bingo__near_complete_line_count.md,review/task-reviews/games/bingo/task_games__bingo__near_complete_line_count,integer_count,bbox_set,integer,bbox_set,,"near_complete_row_count,near_complete_column_count","near_complete_column_count,near_complete_row_count","near_complete_column_count,near_complete_row_count","`count(filter(bingo_lines, unmarked_cell_count(line) = 1)); scene=bingo; scope=near_complete_line_count`",task_games__bingo__called_number_match_count (0.39),keep,task_doc_newer_than_review_artifacts
games,bowling,task_games__bowling__first_pin_hit_label,trace/tasks/games/bowling/first_pin_hit_label.py,configs/domains/games/bowling.yaml,,docs/tasks/games/bowling/task_games__bowling__first_pin_hit_label.md,review/task-reviews/games/bowling/task_games__bowling__first_pin_hit_label,string_label,point,string,point,,single,single,single,"`label(first_collision(ball_path, pins)); scene=bowling; scope=first_pin_hit_label`",task_games__bowling__path_hit_count (0.38),keep,
games,bowling,task_games__bowling__path_hit_count,trace/tasks/games/bowling/path_hit_count.py,configs/domains/games/bowling.yaml,,docs/tasks/games/bowling/task_games__bowling__path_hit_count.md,review/task-reviews/games/bowling/task_games__bowling__path_hit_count,integer_count,bbox_set,integer,bbox_set,,single,single,single,"`count(filter(standing_pins, intersects(extended_straight_ball_path, visible_pin_body))); scene=bowling; scope=path_hit_count`",task_games__bowling__first_pin_hit_label (0.38),keep,
games,bowling,task_games__bowling__spare_path_label,trace/tasks/games/bowling/spare_path_label.py,configs/domains/games/bowling.yaml,,docs/tasks/games/bowling/task_games__bowling__spare_path_label.md,review/task-reviews/games/bowling/task_games__bowling__spare_path_label,string_label,segment,string,segment,,single,single,single,"`label(select_option(shot_paths, option_rule=clears_remaining_pins)); scene=bowling; scope=spare_path_label`",task_games__bowling__first_pin_hit_label (0.38),keep,
games,brick_breaker,task_games__brick_breaker__hit_row_remaining_count,trace/tasks/games/brick_breaker/hit_row_remaining_count.py,configs/domains/games/brick_breaker.yaml,,docs/tasks/games/brick_breaker/task_games__brick_breaker__hit_row_remaining_count.md,review/task-reviews/games/brick_breaker/task_games__brick_breaker__hit_row_remaining_count,integer_count,bbox_set,integer,bbox_set,,single,single,single,"`count(filter(bricks_in_hit_row, state=remaining_after_marked_hit)); scene=brick_breaker; scope=hit_row_remaining_count`",task_games__brick_breaker__next_hit_label (0.30),keep,task_doc_newer_than_review_artifacts
games,brick_breaker,task_games__brick_breaker__next_hit_label,trace/tasks/games/brick_breaker/next_hit_label.py,configs/domains/games/brick_breaker.yaml,,docs/tasks/games/brick_breaker/task_games__brick_breaker__next_hit_label.md,review/task-reviews/games/brick_breaker/task_games__brick_breaker__next_hit_label,string_label,point,string,point,,single,single,single,"`label(first_collision(ball_trajectory, bricks)); scene=brick_breaker; scope=next_hit_label`",task_games__brick_breaker__paddle_catch_label (0.52),keep,task_doc_newer_than_review_artifacts
games,brick_breaker,task_games__brick_breaker__paddle_catch_label,trace/tasks/games/brick_breaker/paddle_catch_label.py,configs/domains/games/brick_breaker.yaml,,docs/tasks/games/brick_breaker/task_games__brick_breaker__paddle_catch_label.md,review/task-reviews/games/brick_breaker/task_games__brick_breaker__paddle_catch_label,string_label,point,string,point,,single,single,single,`label(paddle_zone_intersected_by(ball_trajectory)); scene=brick_breaker; scope=paddle_catch_label`,task_games__brick_breaker__next_hit_label (0.52),keep,task_doc_newer_than_review_artifacts
games,bubble_shooter,task_games__bubble_shooter__drop_count,trace/tasks/games/bubble_shooter/drop_count.py,configs/domains/games/bubble_shooter.yaml,,docs/tasks/games/bubble_shooter/task_games__bubble_shooter__drop_count.md,review/task-reviews/games/bubble_shooter/task_games__bubble_shooter__drop_count,integer_count,bbox_set,integer,bbox_set,,single,single,single,`count(disconnected_bubbles_after_pop(marked_shot)); scene=bubble_shooter; scope=drop_count`,task_games__bubble_shooter__pop_color_label (0.50),keep,
games,bubble_shooter,task_games__bubble_shooter__pop_color_label,trace/tasks/games/bubble_shooter/pop_color_label.py,configs/domains/games/bubble_shooter.yaml,,docs/tasks/games/bubble_shooter/task_games__bubble_shooter__pop_color_label.md,review/task-reviews/games/bubble_shooter/task_games__bubble_shooter__pop_color_label,string_label,bbox_set,string,bbox_set,,single,single,single,`label(color(inserted_group(marked_shot))); scene=bubble_shooter; scope=pop_color_label`,task_games__bubble_shooter__drop_count (0.50),keep,
games,bubble_shooter,task_games__bubble_shooter__pop_count,trace/tasks/games/bubble_shooter/pop_count.py,configs/domains/games/bubble_shooter.yaml,,docs/tasks/games/bubble_shooter/task_games__bubble_shooter__pop_count.md,review/task-reviews/games/bubble_shooter/task_games__bubble_shooter__pop_count,integer_count,bbox_set,integer,bbox_set,,single,single,single,"`count(existing_same_color_component_adjacent_to(marked_landing_slot, shooter_color)) if component_size_plus_shooter >= 3 else 0; scene=bubble_shooter; scope=pop_count`",task_games__bubble_shooter__pop_target_label (0.53),keep,
games,bubble_shooter,task_games__bubble_shooter__pop_target_label,trace/tasks/games/bubble_shooter/pop_target_label.py,configs/domains/games/bubble_shooter.yaml,,docs/tasks/games/bubble_shooter/task_games__bubble_shooter__pop_target_label.md,review/task-reviews/games/bubble_shooter/task_games__bubble_shooter__pop_target_label,string_label,bbox,string,bbox,,single,single,single,"`label(unique_landing_target_where(count(existing_same_color_component_adjacent_to(target, shooter_color)) + 1 >= 3)); scene=bubble_shooter; scope=pop_target_label`",task_games__bubble_shooter__pop_count (0.53),keep,task_doc_newer_than_review_artifacts
games,cards,task_games__cards__blackjack_best_hand_label,trace/tasks/games/cards/blackjack_best_hand_label.py,configs/domains/games/cards.yaml,,docs/tasks/games/cards/task_games__cards__blackjack_best_hand_label.md,review/task-reviews/games/cards/task_games__cards__blackjack_best_hand_label,string_label,bbox_set,string,bbox_set,,single,single,single,"`label(arg_extreme(hands, metric=blackjack_score(hand), direction=highest_valid)); scene=cards; scope=blackjack_best_hand_label`",task_games__cards__poker_best_hand_label (0.73),keep,task_doc_newer_than_review_artifacts
games,cards,task_games__cards__exact_triple_count,trace/tasks/games/cards/exact_triple_count.py,configs/domains/games/cards.yaml,,docs/tasks/games/cards/task_games__cards__exact_triple_count.md,review/task-reviews/games/cards/task_games__cards__exact_triple_count,integer_count,bbox_set_map,integer,bbox_set_map,,single,single,single,"`count(filter(ranks, count(cards_of_rank(rank)) = 3)); scene=cards; scope=exact_triple_count`",task_games__cards__higher_than_reference_count (0.46),keep,task_doc_newer_than_review_artifacts
games,cards,task_games__cards__higher_than_reference_count,trace/tasks/games/cards/higher_than_reference_count.py,configs/domains/games/cards.yaml,,docs/tasks/games/cards/task_games__cards__higher_than_reference_count.md,review/task-reviews/games/cards/task_games__cards__higher_than_reference_count,integer_count,bbox_set,integer,bbox_set,,single,single,single,"`count(filter(cards, compare(rank(card), rank(reference_card), direction=greater_than))); scene=cards; scope=higher_than_reference_count`",task_games__cards__same_suit_as_reference_count (0.57),keep,task_doc_newer_than_review_artifacts
games,cards,task_games__cards__longest_run_length,trace/tasks/games/cards/longest_run_length.py,configs/domains/games/cards.yaml,,docs/tasks/games/cards/task_games__cards__longest_run_length.md,review/task-reviews/games/cards/task_games__cards__longest_run_length,integer_value,bbox_set,integer,bbox_set,,single,single,single,`max(lengths(consecutive_rank_runs(cards_in_display_order))); scene=cards; scope=longest_run_length`,task_games__cards__exact_triple_count (0.32),keep,task_doc_newer_than_review_artifacts
games,cards,task_games__cards__missing_card_to_complete_hand_label,trace/tasks/games/cards/missing_card_to_complete_hand_label.py,configs/domains/games/cards.yaml,,docs/tasks/games/cards/task_games__cards__missing_card_to_complete_hand_label.md,review/task-reviews/games/cards/task_games__cards__missing_card_to_complete_hand_label,string_label,bbox,string,bbox,,"missing_flush_card_label,missing_straight_card_label,missing_full_house_card_label,missing_three_of_kind_card_label","missing_flush_card_label,missing_full_house_card_label,missing_straight_card_label,missing_three_of_kind_card_label","missing_flush_card_label,missing_full_house_card_label,missing_straight_card_label,missing_three_of_kind_card_label","`label(select(candidate_cards, completes_pattern(partial_hand, candidate_card, target_pattern))); scene=cards; scope=missing_card_to_complete_hand_label`",task_games__cards__poker_draw_card_label (0.44),keep,task_doc_newer_than_review_artifacts
games,cards,task_games__cards__poker_best_hand_label,trace/tasks/games/cards/poker_best_hand_label.py,configs/domains/games/cards.yaml,,docs/tasks/games/cards/task_games__cards__poker_best_hand_label.md,review/task-reviews/games/cards/task_games__cards__poker_best_hand_label,string_label,bbox_set,string,bbox_set,,single,single,single,"`label(arg_extreme(hands, metric=poker_hand_rank(hand), direction=best)); scene=cards; scope=poker_best_hand_label`",task_games__cards__blackjack_best_hand_label (0.73),keep,task_doc_newer_than_review_artifacts
games,cards,task_games__cards__poker_draw_card_label,trace/tasks/games/cards/poker_draw_card_label.py,configs/domains/games/cards.yaml,,docs/tasks/games/cards/task_games__cards__poker_draw_card_label.md,review/task-reviews/games/cards/task_games__cards__poker_draw_card_label,string_label,bbox,string,bbox,,single,single,single,"`label(arg_extreme(candidate_cards, metric=poker_hand_rank(partial_hand + candidate_card), direction=best)); scene=cards; scope=poker_draw_card_label`",task_games__cards__poker_best_hand_label (0.73),keep,task_doc_newer_than_review_artifacts
games,cards,task_games__cards__same_suit_as_reference_count,trace/tasks/games/cards/same_suit_as_reference_count.py,configs/domains/games/cards.yaml,,docs/tasks/games/cards/task_games__cards__same_suit_as_reference_count.md,review/task-reviews/games/cards/task_games__cards__same_suit_as_reference_count,integer_count,bbox_set,integer,bbox_set,,single,single,single,"`count(filter(cards, suit(card) = suit(reference_card))); scene=cards; scope=same_suit_as_reference_count`",task_games__cards__higher_than_reference_count (0.57),keep,task_doc_newer_than_review_artifacts
games,cards,task_games__cards__trick_taking_winner_label,trace/tasks/games/cards/trick_taking_winner_label.py,configs/domains/games/cards.yaml,,docs/tasks/games/cards/task_games__cards__trick_taking_winner_label.md,review/task-reviews/games/cards/task_games__cards__trick_taking_winner_label,string_label,bbox,string,bbox,,single,single,single,"`label(arg_extreme(played_cards, metric=trick_order_metric(card, lead_suit, trump_suit), direction=winning)); scene=cards; scope=trick_taking_winner_label`",task_games__cards__trick_winning_play_label (0.50),keep,task_doc_newer_than_review_artifacts
games,cards,task_games__cards__trick_winning_play_label,trace/tasks/games/cards/trick_winning_play_label.py,configs/domains/games/cards.yaml,,docs/tasks/games/cards/task_games__cards__trick_winning_play_label.md,review/task-reviews/games/cards/task_games__cards__trick_winning_play_label,string_label,bbox,string,bbox,,single,single,single,"`label(select(candidate_cards, would_win_trick(played_cards, candidate_card, led_suit, trump_suit))); scene=cards; scope=trick_winning_play_label`",task_games__cards__trick_taking_winner_label (0.50),keep,task_doc_newer_than_review_artifacts
games,checkers,task_games__checkers__max_capture_chain_length,trace/tasks/games/checkers/max_capture_chain_length.py,configs/domains/games/checkers.yaml,,docs/tasks/games/checkers/task_games__checkers__max_capture_chain_length.md,review/task-reviews/games/checkers/task_games__checkers__max_capture_chain_length,integer_value,bbox_set,integer,bbox_set,,single,single,single,"`longest_path(capture_state_graph(marked_king, board_state), source=marked_king, target=terminal_no_capture_state); scene=checkers; scope=max_capture_chain_length`",task_games__checkers__piece_state_count (0.33),keep,
games,checkers,task_games__checkers__move_count,trace/tasks/games/checkers/move_count.py,configs/domains/games/checkers.yaml,,docs/tasks/games/checkers/task_games__checkers__move_count.md,review/task-reviews/games/checkers/task_games__checkers__move_count,integer_count,bbox_set,integer,bbox_set,,"legal_move_count,capture_move_count","capture_move_count,legal_move_count","capture_move_count,legal_move_count","`count(filter(legal_moves(current_player), move_filter)); scene=checkers; scope=move_count; query_branch=capture_move_count`",task_games__checkers__piece_mobility_count (0.68),keep,
games,checkers,task_games__checkers__piece_mobility_count,trace/tasks/games/checkers/piece_mobility_count.py,configs/domains/games/checkers.yaml,,docs/tasks/games/checkers/task_games__checkers__piece_mobility_count.md,review/task-reviews/games/checkers/task_games__checkers__piece_mobility_count,integer_count,bbox_set,integer,bbox_set,,"piece_with_legal_move_count,piece_with_capture_move_count","piece_with_capture_move_count,piece_with_legal_move_count","piece_with_capture_move_count,piece_with_legal_move_count","`count(unique(origins(filter(legal_moves(current_player), move_filter)))); scene=checkers; scope=piece_mobility_count`",task_games__checkers__move_count (0.68),keep,
games,checkers,task_games__checkers__piece_state_count,trace/tasks/games/checkers/piece_state_count.py,configs/domains/games/checkers.yaml,,docs/tasks/games/checkers/task_games__checkers__piece_state_count.md,review/task-reviews/games/checkers/task_games__checkers__piece_state_count,integer_count,bbox_set,integer,bbox_set,,single,single,single,"`count(filter(checkers_pieces(board_state), piece_color, board_edge_state)); scene=checkers; scope=piece_state_count`",task_games__checkers__piece_mobility_count (0.46),keep,task_doc_newer_than_review_artifacts
games,chess,task_games__chess__checkmate_move_label,trace/tasks/games/chess/checkmate_move_label.py,configs/domains/games/chess.yaml,,docs/tasks/games/chess/task_games__chess__checkmate_move_label.md,review/task-reviews/games/chess/task_games__chess__checkmate_move_label,option_letter,point_map,option_letter,point_map,,single,single,single,`select(option where move_checkmates(opponent_king)); scene=chess; scope=checkmate_move_label`,task_games__chess__king_escape_square_count (0.24),keep,task_doc_newer_than_review_artifacts
games,chess,task_games__chess__colored_piece_kind_count,trace/tasks/games/chess/colored_piece_kind_count.py,configs/domains/games/chess.yaml,,docs/tasks/games/chess/task_games__chess__colored_piece_kind_count.md,review/task-reviews/games/chess/task_games__chess__colored_piece_kind_count,integer_count,bbox_set,integer,bbox_set,,single,single,single,"`count(filter(pieces, piece_kind=target_kind and piece_color=target_color)); scene=chess; scope=colored_piece_kind_count`",task_games__chess__piece_kind_count (0.82),keep,task_doc_newer_than_review_artifacts
games,chess,task_games__chess__king_escape_square_count,trace/tasks/games/chess/king_escape_square_count.py,configs/domains/games/chess.yaml,,docs/tasks/games/chess/task_games__chess__king_escape_square_count.md,review/task-reviews/games/chess/task_games__chess__king_escape_square_count,integer_count,bbox_set,integer,bbox_set,,single,single,single,`count(legal_escape_squares(king)); scene=chess; scope=king_escape_square_count`,task_games__chess__target_square_attacker_count (0.50),keep,task_doc_newer_than_review_artifacts
games,chess,task_games__chess__marked_piece_capture_count,trace/tasks/games/chess/marked_piece_capture_count.py,configs/domains/games/chess.yaml,,docs/tasks/games/chess/task_games__chess__marked_piece_capture_count.md,review/task-reviews/games/chess/task_games__chess__marked_piece_capture_count,integer_count,bbox_set,integer,bbox_set,,single,single,single,`count(capturable_opponent_pieces(marked_piece)); scene=chess; scope=marked_piece_capture_count`,task_games__chess__player_capture_piece_count (0.57),keep,task_doc_newer_than_review_artifacts
games,chess,task_games__chess__marked_piece_destination_count,trace/tasks/games/chess/marked_piece_destination_count.py,configs/domains/games/chess.yaml,,docs/tasks/games/chess/task_games__chess__marked_piece_destination_count.md,review/task-reviews/games/chess/task_games__chess__marked_piece_destination_count,integer_count,bbox_set,integer,bbox_set,,single,single,single,`count(empty_legal_destinations(marked_piece)); scene=chess; scope=marked_piece_destination_count`,task_games__chess__marked_piece_capture_count (0.57),keep,task_doc_newer_than_review_artifacts
games,chess,task_games__chess__piece_kind_count,trace/tasks/games/chess/piece_kind_count.py,configs/domains/games/chess.yaml,,docs/tasks/games/chess/task_games__chess__piece_kind_count.md,review/task-reviews/games/chess/task_games__chess__piece_kind_count,integer_count,bbox_set,integer,bbox_set,,single,single,single,"`count(filter(pieces, piece_kind=target_kind)); scene=chess; scope=piece_kind_count`",task_games__chess__colored_piece_kind_count (0.82),keep,task_doc_newer_than_review_artifacts
games,chess,task_games__chess__player_capture_piece_count,trace/tasks/games/chess/player_capture_piece_count.py,configs/domains/games/chess.yaml,,docs/tasks/games/chess/task_games__chess__player_capture_piece_count.md,review/task-reviews/games/chess/task_games__chess__player_capture_piece_count,integer_count,bbox_set,integer,bbox_set,,single,single,single,"`count(filter(legal_moves(current_player), move_type=capture)); scene=chess; scope=player_capture_piece_count`",task_games__chess__marked_piece_capture_count (0.57),keep,task_doc_newer_than_review_artifacts
games,chess,task_games__chess__target_square_attacker_count,trace/tasks/games/chess/target_square_attacker_count.py,configs/domains/games/chess.yaml,,docs/tasks/games/chess/task_games__chess__target_square_attacker_count.md,review/task-reviews/games/chess/task_games__chess__target_square_attacker_count,integer_count,bbox_set,integer,bbox_set,,"king_square_attacker_count,white_piece_attacks_target_square_count,black_piece_attacks_target_square_count","black_piece_attacks_target_square_count,king_square_attacker_count,white_piece_attacks_target_square_count","black_piece_attacks_target_square_count,king_square_attacker_count,white_piece_attacks_target_square_count","`count(attackers(marked_target_square, queried_side)); scene=chess; scope=target_square_attacker_count`",task_games__chess__king_escape_square_count (0.50),keep,task_doc_newer_than_review_artifacts
games,chess_variant,task_games__chess_variant__marked_piece_destination_count,trace/tasks/games/chess_variant/marked_piece_destination_count.py,configs/domains/games/chess_variant.yaml,,docs/tasks/games/chess_variant/task_games__chess_variant__marked_piece_destination_count.md,review/task-reviews/games/chess_variant/task_games__chess_variant__marked_piece_destination_count,integer_count,bbox_set,integer,bbox_set,,"marked_piece_move_count,marked_piece_capture_count","marked_piece_capture_count,marked_piece_move_count","marked_piece_capture_count,marked_piece_move_count","`count(filter(legal_destinations(marked_piece), destination_filter)); scene=chess_variant; scope=marked_piece_destination_count`",task_games__chess_variant__target_square_reacher_count (0.64),keep,task_doc_newer_than_review_artifacts
games,chess_variant,task_games__chess_variant__target_square_reacher_count,trace/tasks/games/chess_variant/target_square_reacher_count.py,configs/domains/games/chess_variant.yaml,,docs/tasks/games/chess_variant/task_games__chess_variant__target_square_reacher_count.md,review/task-reviews/games/chess_variant/task_games__chess_variant__target_square_reacher_count,integer_count,bbox_set,integer,bbox_set,,"white_piece_reaches_target_count,black_piece_reaches_target_count","black_piece_reaches_target_count,white_piece_reaches_target_count","black_piece_reaches_target_count,white_piece_reaches_target_count","`count(filter(pieces(target_color), target_square in legal_destinations(piece))); scene=chess_variant; scope=target_square_reacher_count`",task_games__chess_variant__marked_piece_destination_count (0.64),keep,task_doc_newer_than_review_artifacts
games,circular_chess,task_games__circular_chess__marked_piece_destination_count,trace/tasks/games/circular_chess/marked_piece_destination_count.py,configs/domains/games/circular_chess.yaml,,docs/tasks/games/circular_chess/task_games__circular_chess__marked_piece_destination_count.md,review/task-reviews/games/circular_chess/task_games__circular_chess__marked_piece_destination_count,integer_count,point_set,integer,point_set,,"marked_piece_move_count,marked_piece_capture_count","marked_piece_capture_count,marked_piece_move_count","marked_piece_capture_count,marked_piece_move_count","`count(filter(legal_destinations(marked_piece), destination_filter)); scene=circular_chess; scope=marked_piece_destination_count`",task_games__circular_chess__target_cell_reacher_count (0.64),keep,task_doc_newer_than_review_artifacts
games,circular_chess,task_games__circular_chess__target_cell_reacher_count,trace/tasks/games/circular_chess/target_cell_reacher_count.py,configs/domains/games/circular_chess.yaml,,docs/tasks/games/circular_chess/task_games__circular_chess__target_cell_reacher_count.md,review/task-reviews/games/circular_chess/task_games__circular_chess__target_cell_reacher_count,integer_count,point_set,integer,point_set,,"white_piece_reaches_target_count,black_piece_reaches_target_count","black_piece_reaches_target_count,white_piece_reaches_target_count","black_piece_reaches_target_count,white_piece_reaches_target_count","`count(filter(pieces(target_color), target_cell in legal_destinations(piece))); scene=circular_chess; scope=target_cell_reacher_count`",task_games__circular_chess__marked_piece_destination_count (0.64),keep,task_doc_newer_than_review_artifacts
games,connect_four,task_games__connect_four__blocking_move_column_label,trace/tasks/games/connect_four/blocking_move_column_label.py,configs/domains/games/connect_four.yaml,,docs/tasks/games/connect_four/task_games__connect_four__blocking_move_column_label.md,review/task-reviews/games/connect_four/task_games__connect_four__blocking_move_column_label,label_string,point,string,point,,single,single,single,"`select(column_label, legal_drop_result=blocks_only_immediate_opponent_win); scene=connect_four; scope=blocking_move_column_label`",task_games__connect_four__winning_move_column_label (0.68),keep,
games,connect_four,task_games__connect_four__column_disc_profile_label,trace/tasks/games/connect_four/column_disc_profile_label.py,configs/domains/games/connect_four.yaml,,docs/tasks/games/connect_four/task_games__connect_four__column_disc_profile_label.md,review/task-reviews/games/connect_four/task_games__connect_four__column_disc_profile_label,label_string,bbox_set,string,bbox_set,,single,single,single,"`select(column_label, red_disc_count_in_column=target_red_count and yellow_disc_count_in_column=target_yellow_count); scene=connect_four; scope=column_disc_profile_label`",task_games__connect_four__blocking_move_column_label (0.32),keep,
games,connect_four,task_games__connect_four__winning_move_column_label,trace/tasks/games/connect_four/winning_move_column_label.py,configs/domains/games/connect_four.yaml,,docs/tasks/games/connect_four/task_games__connect_four__winning_move_column_label.md,review/task-reviews/games/connect_four/task_games__connect_four__winning_move_column_label,label_string,point,string,point,,single,single,single,"`select(column_label, legal_drop_result=immediate_win_for_current_player); scene=connect_four; scope=winning_move_column_label`",task_games__connect_four__blocking_move_column_label (0.68),keep,
games,connect_four,task_games__connect_four__winning_move_count,trace/tasks/games/connect_four/winning_move_count.py,configs/domains/games/connect_four.yaml,,docs/tasks/games/connect_four/task_games__connect_four__winning_move_count.md,review/task-reviews/games/connect_four/task_games__connect_four__winning_move_count,integer_count,bbox_set,integer,bbox_set,,single,single,single,"`count(filter(legal_columns, move_result=win_for_current_player)); scene=connect_four; scope=winning_move_count`",task_games__connect_four__winning_move_column_label (0.52),keep,
games,counterfactual_board,task_games__counterfactual_board__board_dimension_count,trace/tasks/games/counterfactual_board/board_dimension_count.py,configs/domains/games/counterfactual_board.yaml,,docs/tasks/games/counterfactual_board/task_games__counterfactual_board__board_dimension_count.md,review/task-reviews/games/counterfactual_board/task_games__counterfactual_board__board_dimension_count,,bbox_set,integer,bbox_set,,"row_count,column_count","column_count,row_count","column_count,row_count","`count(board_grid.visible_units, unit=row|column, style=chess_checkers|sudoku); scene=counterfactual_board; scope=board_dimension_count`",task_games__counterfactual_board__board_line_count (0.41),keep,task_doc_newer_than_review_artifacts
games,counterfactual_board,task_games__counterfactual_board__board_line_count,trace/tasks/games/counterfactual_board/board_line_count.py,configs/domains/games/counterfactual_board.yaml,,docs/tasks/games/counterfactual_board/task_games__counterfactual_board__board_line_count.md,review/task-reviews/games/counterfactual_board/task_games__counterfactual_board__board_line_count,,segment_set,integer,segment_set,,"horizontal_line_count,vertical_line_count","horizontal_line_count,vertical_line_count","horizontal_line_count,vertical_line_count","`count(board_grid.visible_lines, orientation=horizontal|vertical, style=xiangqi); scene=counterfactual_board; scope=board_line_count`",task_games__counterfactual_board__board_dimension_count (0.41),keep,task_doc_newer_than_review_artifacts
games,crossing,task_games__crossing__first_exit_object_label,trace/tasks/games/crossing/first_exit_object_label.py,configs/domains/games/crossing.yaml,,docs/tasks/games/crossing/task_games__crossing__first_exit_object_label.md,review/task-reviews/games/crossing/task_games__crossing__first_exit_object_label,label_string,point,string,point,,single,single,single,"`label(argmin(labeled_moving_objects, exit_tick(object, lane_count, direction))); scene=crossing; scope=first_exit_object_label`",task_games__crossing__hit_object_label (0.52),keep,task_doc_newer_than_review_artifacts
games,crossing,task_games__crossing__hit_object_label,trace/tasks/games/crossing/hit_object_label.py,configs/domains/games/crossing.yaml,,docs/tasks/games/crossing/task_games__crossing__hit_object_label.md,review/task-reviews/games/crossing/task_games__crossing__hit_object_label,label_string,point,string,point,,single,single,single,"`label(collision(marked_route, labeled_moving_objects)); scene=crossing; scope=hit_object_label`",task_games__crossing__first_exit_object_label (0.52),keep,task_doc_newer_than_review_artifacts
games,crossing,task_games__crossing__moving_object_direction_count,trace/tasks/games/crossing/moving_object_direction_count.py,configs/domains/games/crossing.yaml,,docs/tasks/games/crossing/task_games__crossing__moving_object_direction_count.md,review/task-reviews/games/crossing/task_games__crossing__moving_object_direction_count,integer_count,bbox_set,integer,bbox_set,,"left_moving_object_count,right_moving_object_count","left_moving_object_count,right_moving_object_count","left_moving_object_count,right_moving_object_count","`count(filter(moving_objects, direction == requested_direction)); scene=crossing; scope=moving_object_direction_count`",task_games__crossing__first_exit_object_label (0.42),keep,task_doc_newer_than_review_artifacts
games,darts,task_games__darts__bullseye_membership_count,trace/tasks/games/darts/bullseye_membership_count.py,configs/domains/games/darts.yaml,,docs/tasks/games/darts/task_games__darts__bullseye_membership_count.md,review/task-reviews/games/darts/task_games__darts__bullseye_membership_count,integer_count,bbox_set,integer,bbox_set,,"inside_bullseye_count,outside_bullseye_count","inside_bullseye_count,outside_bullseye_count","inside_bullseye_count,outside_bullseye_count","`count(filter(darts, bullseye_membership(dart)=inside|outside)); scene=darts; scope=bullseye_membership_count`",task_games__darts__dart_score_value (0.35),keep,
games,darts,task_games__darts__dart_score_value,trace/tasks/games/darts/dart_score_value.py,configs/domains/games/darts.yaml,,docs/tasks/games/darts/task_games__darts__dart_score_value.md,review/task-reviews/games/darts/task_games__darts__dart_score_value,integer_value,point,integer,point,,single,single,single,`value(score(sole_visible_dart)); scene=darts; scope=dart_score_value`,task_games__darts__highest_scoring_dart_label (0.38),keep,
games,darts,task_games__darts__highest_scoring_dart_label,trace/tasks/games/darts/highest_scoring_dart_label.py,configs/domains/games/darts.yaml,,docs/tasks/games/darts/task_games__darts__highest_scoring_dart_label.md,review/task-reviews/games/darts/task_games__darts__highest_scoring_dart_label,option_letter,point,option_letter,point,,single,single,single,"`argmax(label for labeled_dart in darts, score(labeled_dart)); scene=darts; scope=highest_scoring_dart_label`",task_games__darts__dart_score_value (0.38),keep,
games,dominoes,task_games__dominoes__double_count,trace/tasks/games/dominoes/double_count.py,configs/domains/games/dominoes.yaml,,docs/tasks/games/dominoes/task_games__dominoes__double_count.md,review/task-reviews/games/dominoes/task_games__dominoes__double_count,integer_count,bbox_set,integer,bbox_set,,single,single,single,"`count(filter(domino_tiles, left_pips(tile) = right_pips(tile))); scene=dominoes; scope=double_count`",task_games__dominoes__sum_to_target_count (0.70),keep,task_doc_newer_than_review_artifacts
games,dominoes,task_games__dominoes__higher_sum_than_reference_count,trace/tasks/games/dominoes/higher_sum_than_reference_count.py,configs/domains/games/dominoes.yaml,,docs/tasks/games/dominoes/task_games__dominoes__higher_sum_than_reference_count.md,review/task-reviews/games/dominoes/task_games__dominoes__higher_sum_than_reference_count,integer_count,bbox_set,integer,bbox_set,,single,single,single,"`count(filter(domino_tiles, compare(sum(pips(tile)), sum(pips(reference_tile)), direction=greater_than))); scene=dominoes; scope=higher_sum_than_reference_count`",task_games__dominoes__sum_to_target_count (0.65),keep,task_doc_newer_than_review_artifacts
games,dominoes,task_games__dominoes__invalid_join_label,trace/tasks/games/dominoes/invalid_join_label.py,configs/domains/games/dominoes.yaml,,docs/tasks/games/dominoes/task_games__dominoes__invalid_join_label.md,review/task-reviews/games/dominoes/task_games__dominoes__invalid_join_label,option_label,segment,option_letter,segment,,single,single,single,"`label(select(join, touching_pip_left(join) != touching_pip_right(join))); scene=dominoes; scope=invalid_join_label`",task_games__dominoes__double_count (0.28),keep,task_doc_newer_than_review_artifacts
games,dominoes,task_games__dominoes__longest_chain_length_value,trace/tasks/games/dominoes/longest_chain_length_value.py,configs/domains/games/dominoes.yaml,,docs/tasks/games/dominoes/task_games__dominoes__longest_chain_length_value.md,review/task-reviews/games/dominoes/task_games__dominoes__longest_chain_length_value,integer_value,bbox_set,integer,bbox_set,,single,single,single,"`max_chain_length(start=open_right_end(reference_tile), tiles=loose_dominoes); scene=dominoes; scope=longest_chain_length_value`",task_games__dominoes__matching_end_count (0.48),keep,task_doc_newer_than_review_artifacts
games,dominoes,task_games__dominoes__matching_end_count,trace/tasks/games/dominoes/matching_end_count.py,configs/domains/games/dominoes.yaml,,docs/tasks/games/dominoes/task_games__dominoes__matching_end_count.md,review/task-reviews/games/dominoes/task_games__dominoes__matching_end_count,integer_count,bbox_set,integer,bbox_set,,single,single,single,"`count(filter(domino_tiles, matches_open_chain_end(tile)=True)); scene=dominoes; scope=matching_end_count`",task_games__dominoes__double_count (0.57),keep,task_doc_newer_than_review_artifacts
games,dominoes,task_games__dominoes__sum_to_target_count,trace/tasks/games/dominoes/sum_to_target_count.py,configs/domains/games/dominoes.yaml,,docs/tasks/games/dominoes/task_games__dominoes__sum_to_target_count.md,review/task-reviews/games/dominoes/task_games__dominoes__sum_to_target_count,integer_count,bbox_set,integer,bbox_set,,single,single,single,"`count(filter(domino_tiles, sum(pips(tile)) = target_sum)); scene=dominoes; scope=sum_to_target_count`",task_games__dominoes__double_count (0.70),keep,task_doc_newer_than_review_artifacts
games,dots_and_boxes,task_games__dots_and_boxes__completable_box_label,trace/tasks/games/dots_and_boxes/completable_box_label.py,configs/domains/games/dots_and_boxes.yaml,,docs/tasks/games/dots_and_boxes/task_games__dots_and_boxes__completable_box_label.md,review/task-reviews/games/dots_and_boxes/task_games__dots_and_boxes__completable_box_label,option_letter,bbox,option_letter,bbox,,single,single,single,"`label(filter(candidate_boxes, drawn_side_count(box)=3)); scene=dots_and_boxes; scope=completable_box_label`",task_games__dots_and_boxes__three_sided_box_count (0.61),keep,task_doc_newer_than_review_artifacts
games,dots_and_boxes,task_games__dots_and_boxes__owned_box_count,trace/tasks/games/dots_and_boxes/owned_box_count.py,configs/domains/games/dots_and_boxes.yaml,,docs/tasks/games/dots_and_boxes/task_games__dots_and_boxes__owned_box_count.md,review/task-reviews/games/dots_and_boxes/task_games__dots_and_boxes__owned_box_count,integer_count,bbox_set,integer,bbox_set,,single,single,single,"`count(filter(completed_boxes, owner_mark(box)=queried_player)); scene=dots_and_boxes; scope=owned_box_count`",task_games__dots_and_boxes__three_sided_box_count (0.54),keep,task_doc_newer_than_review_artifacts
games,dots_and_boxes,task_games__dots_and_boxes__three_sided_box_count,trace/tasks/games/dots_and_boxes/three_sided_box_count.py,configs/domains/games/dots_and_boxes.yaml,,docs/tasks/games/dots_and_boxes/task_games__dots_and_boxes__three_sided_box_count.md,review/task-reviews/games/dots_and_boxes/task_games__dots_and_boxes__three_sided_box_count,integer_count,bbox_set,integer,bbox_set,,single,single,single,"`count(filter(boxes, drawn_side_count(box) = 3)); scene=dots_and_boxes; scope=three_sided_box_count`",task_games__dots_and_boxes__completable_box_label (0.61),keep,task_doc_newer_than_review_artifacts
games,go,task_games__go__group_adjacent_enemy_count,trace/tasks/games/go/group_adjacent_enemy_count.py,configs/domains/games/go.yaml,,docs/tasks/games/go/task_games__go__group_adjacent_enemy_count.md,review/task-reviews/games/go/task_games__go__group_adjacent_enemy_count,integer_count,bbox_set,integer,bbox_set,,single,single,single,"`count(filter(stones, adjacent_to_group(stone, marked_group) and stone_color=opponent_color)); scene=go; scope=group_adjacent_enemy_count`",task_games__go__marked_group_stone_count (0.57),keep,task_doc_newer_than_review_artifacts
games,go,task_games__go__group_liberty_count,trace/tasks/games/go/group_liberty_count.py,configs/domains/games/go.yaml,,docs/tasks/games/go/task_games__go__group_liberty_count.md,review/task-reviews/games/go/task_games__go__group_liberty_count,integer_count,point_set,integer,point_set,,"marked_group_liberty_count,marked_group_shared_liberty_count","marked_group_liberty_count,marked_group_shared_liberty_count","marked_group_liberty_count,marked_group_shared_liberty_count","`count(filter(liberties(marked_group), liberty_filter)); scene=go; scope=group_liberty_count; query_branch=marked_group_liberty_count|marked_group_shared_liberty_count`",task_games__go__marked_group_stone_count (0.50),keep,task_doc_newer_than_review_artifacts
games,go,task_games__go__marked_group_stone_count,trace/tasks/games/go/marked_group_stone_count.py,configs/domains/games/go.yaml,,docs/tasks/games/go/task_games__go__marked_group_stone_count.md,review/task-reviews/games/go/task_games__go__marked_group_stone_count,integer,bbox_set,integer,bbox_set,,single,single,single,`count(connected_group(marked_stone)); scene=go; scope=marked_group_stone_count`,task_games__go__group_adjacent_enemy_count (0.57),keep,task_doc_newer_than_review_artifacts
games,hex,task_games__hex__candidate_neighbor_count,trace/tasks/games/hex/candidate_neighbor_count.py,configs/domains/games/hex.yaml,,docs/tasks/games/hex/task_games__hex__candidate_neighbor_count.md,review/task-reviews/games/hex/task_games__hex__candidate_neighbor_count,integer_count,point_set,integer,point_set,,single,single,single,"`count(filter(adjacent_cells(reference_cell), state=neighbor_target_state)); scene=hex; scope=candidate_neighbor_count`",task_games__hex__connection_gap_count (0.39),keep,task_doc_newer_than_review_artifacts
games,hex,task_games__hex__connection_gap_count,trace/tasks/games/hex/connection_gap_count.py,configs/domains/games/hex.yaml,,docs/tasks/games/hex/task_games__hex__connection_gap_count.md,review/task-reviews/games/hex/task_games__hex__connection_gap_count,integer_count,point_set,integer,point_set,,single,single,single,"`count(unique_minimum_empty_cells_to_connect_sides(player, board_state)); scene=hex; scope=connection_gap_count`",task_games__hex__candidate_neighbor_count (0.39),keep,
games,hex,task_games__hex__winning_move_cell_label,trace/tasks/games/hex/winning_move_cell_label.py,configs/domains/games/hex.yaml,,docs/tasks/games/hex/task_games__hex__winning_move_cell_label.md,review/task-reviews/games/hex/task_games__hex__winning_move_cell_label,string_label,point,string,point,,single,single,single,"`label(filter(labeled_empty_cells, move_result=connects_player_sides)); scene=hex; scope=winning_move_cell_label`",task_games__hex__connection_gap_count (0.33),keep,
games,irregular_link_board,task_games__irregular_link_board__capture_move_count,trace/tasks/games/irregular_link_board/capture_move_count.py,configs/domains/games/irregular_link_board.yaml,,docs/tasks/games/irregular_link_board/task_games__irregular_link_board__capture_move_count.md,review/task-reviews/games/irregular_link_board/task_games__irregular_link_board__capture_move_count,,,integer,point_set,,single,single,single,"`count(filter(empty_points, predicate=legal_jump_capture_destination(marked_piece, occupied_points, drawn_links))); scene=irregular_link_board; scope=capture_move_count`",task_games__irregular_link_board__marked_piece_destination_count (0.71),keep,task_doc_newer_than_review_artifacts
games,irregular_link_board,task_games__irregular_link_board__marked_piece_destination_count,trace/tasks/games/irregular_link_board/marked_piece_destination_count.py,configs/domains/games/irregular_link_board.yaml,,docs/tasks/games/irregular_link_board/task_games__irregular_link_board__marked_piece_destination_count.md,review/task-reviews/games/irregular_link_board/task_games__irregular_link_board__marked_piece_destination_count,,,integer,point_set,,single,single,single,"`count(filter(empty_points, predicate=adjacent_linked_destination(marked_piece, drawn_links))); scene=irregular_link_board; scope=marked_piece_destination_count`",task_games__irregular_link_board__capture_move_count (0.71),keep,task_doc_newer_than_review_artifacts
games,lane_runner,task_games__lane_runner__path_coin_count,trace/tasks/games/lane_runner/path_coin_count.py,configs/domains/games/lane_runner.yaml,,docs/tasks/games/lane_runner/task_games__lane_runner__path_coin_count.md,review/task-reviews/games/lane_runner/task_games__lane_runner__path_coin_count,,point_set,integer,point_set,,single,single,single,"`count(intersection(coins, shown_path_cells)); scene=lane_runner; scope=path_coin_count`",task_games__lane_runner__safe_path_label (0.28),keep,task_doc_newer_than_review_artifacts
games,lane_runner,task_games__lane_runner__safe_path_label,trace/tasks/games/lane_runner/safe_path_label.py,configs/domains/games/lane_runner.yaml,,docs/tasks/games/lane_runner/task_games__lane_runner__safe_path_label.md,review/task-reviews/games/lane_runner/task_games__lane_runner__safe_path_label,,bbox,option_letter,bbox,,single,single,single,"`select_unique(label(path) where no_hazard_collision(path, hazards)); scene=lane_runner; scope=safe_path_label`",task_games__lane_runner__path_coin_count (0.28),keep,task_doc_newer_than_review_artifacts
games,ludo_board,task_games__ludo_board__capture_roll_option_label,trace/tasks/games/ludo_board/capture_roll_option_label.py,configs/domains/games/ludo_board.yaml,,docs/tasks/games/ludo_board/task_games__ludo_board__capture_roll_option_label.md,review/task-reviews/games/ludo_board/task_games__ludo_board__capture_roll_option_label,,,option_letter,point_map,,single,single,single,"`select(option_label where clockwise_distance(mover_token, target_token) == option_roll_distance); scene=ludo_board; scope=capture_roll_option_label`",task_games__ludo_board__move_result_option_label (0.48),keep,task_doc_newer_than_review_artifacts
games,ludo_board,task_games__ludo_board__move_result_option_label,trace/tasks/games/ludo_board/move_result_option_label.py,configs/domains/games/ludo_board.yaml,,docs/tasks/games/ludo_board/task_games__ludo_board__move_result_option_label.md,review/task-reviews/games/ludo_board/task_games__ludo_board__move_result_option_label,,,option_letter,point_map,,single,single,single,"`select(destination_label where destination_cell == advance(token_position, shown_roll_sequence)); scene=ludo_board; scope=move_result_option_label`",task_games__ludo_board__capture_roll_option_label (0.48),keep,task_doc_newer_than_review_artifacts
games,ludo_board,task_games__ludo_board__winning_roll_value,trace/tasks/games/ludo_board/winning_roll_value.py,configs/domains/games/ludo_board.yaml,,docs/tasks/games/ludo_board/task_games__ludo_board__winning_roll_value.md,review/task-reviews/games/ludo_board/task_games__ludo_board__winning_roll_value,,,integer,point,,single,single,single,"`exact_finish_roll(token_position, finish_cell); scene=ludo_board; scope=winning_roll_value`",task_games__ludo_board__move_result_option_label (0.42),keep,task_doc_newer_than_review_artifacts
games,mancala_pit_board,task_games__mancala_pit_board__max_post_sow_option_label,trace/tasks/games/mancala_pit_board/max_post_sow_option_label.py,configs/domains/games/mancala_pit_board.yaml,,docs/tasks/games/mancala_pit_board/task_games__mancala_pit_board__max_post_sow_option_label.md,review/task-reviews/games/mancala_pit_board/task_games__mancala_pit_board__max_post_sow_option_label,option_letter,bbox,option_letter,bbox,,single,single,single,`select(option_label where final_seeds(option_pit) = max(final_seeds(marked_option_pits)) after sow_all_seeds_from(source_pit)); scene=mancala_pit_board; scope=max_post_sow_option_label`,task_games__mancala_pit_board__sowing_landing_option_label (0.67),keep,
games,mancala_pit_board,task_games__mancala_pit_board__post_sow_pit_count_value,trace/tasks/games/mancala_pit_board/post_sow_pit_count_value.py,configs/domains/games/mancala_pit_board.yaml,,docs/tasks/games/mancala_pit_board/task_games__mancala_pit_board__post_sow_pit_count_value.md,review/task-reviews/games/mancala_pit_board/task_games__mancala_pit_board__post_sow_pit_count_value,integer,bbox_map,integer,bbox_map,,single,single,single,`count(final_seeds(target_pit) after sow_all_seeds_from(source_pit)); scene=mancala_pit_board; scope=post_sow_pit_count_value`,task_games__mancala_pit_board__max_post_sow_option_label (0.55),keep,
games,mancala_pit_board,task_games__mancala_pit_board__sowing_landing_option_label,trace/tasks/games/mancala_pit_board/sowing_landing_option_label.py,configs/domains/games/mancala_pit_board.yaml,,docs/tasks/games/mancala_pit_board/task_games__mancala_pit_board__sowing_landing_option_label.md,review/task-reviews/games/mancala_pit_board/task_games__mancala_pit_board__sowing_landing_option_label,option_letter,bbox,option_letter,bbox,,single,single,single,`select(option_label where option_pit == last(sow_all_seeds_from(source_pit))); scene=mancala_pit_board; scope=sowing_landing_option_label`,task_games__mancala_pit_board__max_post_sow_option_label (0.67),keep,
games,marble_chain,task_games__marble_chain__closure_match_direction_label,trace/tasks/games/marble_chain/closure_match_direction_label.py,configs/domains/games/marble_chain.yaml,,docs/tasks/games/marble_chain/task_games__marble_chain__closure_match_direction_label.md,review/task-reviews/games/marble_chain/task_games__marble_chain__closure_match_direction_label,option_letter,point,option_letter,point,,single,single,single,"`select(labelled_shot_options, condition=immediate_pop_count>0 && closure_boundary_colors_match); scene=marble_chain; scope=closure_match_direction_label`",task_games__marble_chain__max_pop_direction_label (0.61),keep,
games,marble_chain,task_games__marble_chain__max_pop_direction_label,trace/tasks/games/marble_chain/max_pop_direction_label.py,configs/domains/games/marble_chain.yaml,,docs/tasks/games/marble_chain/task_games__marble_chain__max_pop_direction_label.md,review/task-reviews/games/marble_chain/task_games__marble_chain__max_pop_direction_label,option_letter,point,option_letter,point,,single,single,single,"`argmax(labelled_shot_options, metric=immediate_existing_marble_pop_count); scene=marble_chain; scope=max_pop_direction_label`",task_games__marble_chain__closure_match_direction_label (0.61),keep,
games,marble_chain,task_games__marble_chain__shot_effect_value,trace/tasks/games/marble_chain/shot_effect_value.py,configs/domains/games/marble_chain.yaml,,docs/tasks/games/marble_chain/task_games__marble_chain__shot_effect_value.md,review/task-reviews/games/marble_chain/task_games__marble_chain__shot_effect_value,integer,bbox_set,integer,bbox_set,,single,single,single,`count(existing_chain_marbles_removed_by(marked_shot)); scene=marble_chain; scope=shot_effect_value`,task_games__marble_chain__max_pop_direction_label (0.30),keep,
games,match3,task_games__match3__gem_count,trace/tasks/games/match3/gem_count.py,configs/domains/games/match3.yaml,,docs/tasks/games/match3/task_games__match3__gem_count.md,review/task-reviews/games/match3/task_games__match3__gem_count,integer,bbox_set,integer,bbox_set,,"grid_color_gem_count,row_color_gem_count,column_color_gem_count","column_color_gem_count,grid_color_gem_count,row_color_gem_count","column_color_gem_count,grid_color_gem_count,row_color_gem_count","`count.scoped_attribute(candidate_set=gems, scope=grid|row|column, attribute=color_name=target_color); scene=match3; scope=gem_count`",task_games__match3__swap_clear_count (0.35),keep,
games,match3,task_games__match3__max_clear_swap_label,trace/tasks/games/match3/max_clear_swap_label.py,configs/domains/games/match3.yaml,,docs/tasks/games/match3/task_games__match3__max_clear_swap_label.md,review/task-reviews/games/match3/task_games__match3__max_clear_swap_label,option_letter,point,option_letter,point,,single,single,single,"`selection.extreme_metric_label(candidate_set=visible_swap_arrows, metric=immediate_clear_count_after_arrow_swap, direction=maximum); scene=match3; scope=max_clear_swap_label`",task_games__match3__swap_clear_count (0.38),keep,
games,match3,task_games__match3__swap_clear_count,trace/tasks/games/match3/swap_clear_count.py,configs/domains/games/match3.yaml,,docs/tasks/games/match3/task_games__match3__swap_clear_count.md,review/task-reviews/games/match3/task_games__match3__swap_clear_count,integer,bbox_set,integer,bbox_set,,single,single,single,`count(immediate_clear_cells_after(marked_swap)); scene=match3; scope=swap_clear_count`,task_games__match3__max_clear_swap_label (0.38),keep,
games,minecraft,task_games__minecraft__resource_route_cost,trace/tasks/games/minecraft/resource_route_cost.py,configs/domains/games/minecraft.yaml,,docs/tasks/games/minecraft/task_games__minecraft__resource_route_cost.md,review/task-reviews/games/minecraft/task_games__minecraft__resource_route_cost,integer,bbox_set,integer,bbox_set,,single,single,single,"`count(filter(track_cells, has_raised_stone_or_dirt_block=true)); scene=minecraft; scope=resource_route_cost`",task_games__minecraft__top_ore_stack_count (0.39),keep,task_doc_newer_than_review_artifacts
games,minecraft,task_games__minecraft__stack_height_condition_count,trace/tasks/games/minecraft/stack_height_condition_count.py,configs/domains/games/minecraft.yaml,,docs/tasks/games/minecraft/task_games__minecraft__stack_height_condition_count.md,review/task-reviews/games/minecraft/task_games__minecraft__stack_height_condition_count,integer,bbox_set,integer,bbox_set,,"exact_height_count,at_least_height_count","at_least_height_count,exact_height_count","at_least_height_count,exact_height_count","`count(filter(stacks, height_relation(stack.height, target_height)=exact|at_least)); scene=minecraft; scope=stack_height_condition_count`",task_games__minecraft__top_ore_stack_count (0.57),keep,task_doc_newer_than_review_artifacts
games,minecraft,task_games__minecraft__top_ore_stack_count,trace/tasks/games/minecraft/top_ore_stack_count.py,configs/domains/games/minecraft.yaml,,docs/tasks/games/minecraft/task_games__minecraft__top_ore_stack_count.md,review/task-reviews/games/minecraft/task_games__minecraft__top_ore_stack_count,integer,bbox_set,integer,bbox_set,,single,single,single,"`count(filter(stacks, top_block_type=target_ore_type)); scene=minecraft; scope=top_ore_stack_count`",task_games__minecraft__stack_height_condition_count (0.57),keep,task_doc_newer_than_review_artifacts
games,minesweeper,task_games__minesweeper__forced_cell_count,trace/tasks/games/minesweeper/forced_cell_count.py,configs/domains/games/minesweeper.yaml,,docs/tasks/games/minesweeper/task_games__minesweeper__forced_cell_count.md,review/task-reviews/games/minesweeper/task_games__minesweeper__forced_cell_count,integer,bbox_set,integer,bbox_set,,"forced_mine_count,forced_safe_count","forced_mine_count,forced_safe_count","forced_mine_count,forced_safe_count","`count(filter(hidden_cells, forced_status in {mine,safe})); scene=minesweeper; scope=forced_cell_count`",task_games__minesweeper__forced_mine_cell_label (0.40),keep,
games,minesweeper,task_games__minesweeper__forced_mine_cell_label,trace/tasks/games/minesweeper/forced_mine_cell_label.py,configs/domains/games/minesweeper.yaml,,docs/tasks/games/minesweeper/task_games__minesweeper__forced_mine_cell_label.md,review/task-reviews/games/minesweeper/task_games__minesweeper__forced_mine_cell_label,option_letter,point,option_letter,point,,single,single,single,`select(label for hidden option cell where forced_status(cell)=mine); scene=minesweeper; scope=forced_mine_option_label`,task_games__minesweeper__forced_cell_count (0.40),keep,
games,minesweeper,task_games__minesweeper__remaining_mine_count_value,trace/tasks/games/minesweeper/remaining_mine_count_value.py,configs/domains/games/minesweeper.yaml,,docs/tasks/games/minesweeper/task_games__minesweeper__remaining_mine_count_value.md,review/task-reviews/games/minesweeper/task_games__minesweeper__remaining_mine_count_value,integer,point,integer,point,,single,single,single,"`difference(clue_value(marked_clue), adjacent_flag_count(marked_clue)); scene=minesweeper; scope=marked_clue_remaining_mine_count`",task_games__minesweeper__forced_cell_count (0.31),keep,
games,minigolf,task_games__minigolf__first_obstacle_label,trace/tasks/games/minigolf/first_obstacle_label.py,configs/domains/games/minigolf.yaml,,docs/tasks/games/minigolf/task_games__minigolf__first_obstacle_label.md,review/task-reviews/games/minigolf/task_games__minigolf__first_obstacle_label,string_label,point,string,point,,single,single,single,"`label(first_collision(shot_path, obstacles)); scene=minigolf; scope=first_obstacle_label`",task_games__minigolf__shot_path_label (0.43),keep,task_doc_newer_than_review_artifacts
games,minigolf,task_games__minigolf__shot_path_label,trace/tasks/games/minigolf/shot_path_label.py,configs/domains/games/minigolf.yaml,,docs/tasks/games/minigolf/task_games__minigolf__shot_path_label.md,review/task-reviews/games/minigolf/task_games__minigolf__shot_path_label,string_label,segment,string,segment,,single,single,single,"`label(select_option(shot_paths, option_rule=path_satisfies_target)); scene=minigolf; scope=shot_path_label`",task_games__minigolf__first_obstacle_label (0.43),keep,task_doc_newer_than_review_artifacts
games,nine_mens_morris,task_games__nine_mens_morris__mill_completion_point_count,trace/tasks/games/nine_mens_morris/mill_completion_point_count.py,configs/domains/games/nine_mens_morris.yaml,,docs/tasks/games/nine_mens_morris/task_games__nine_mens_morris__mill_completion_point_count.md,review/task-reviews/games/nine_mens_morris/task_games__nine_mens_morris__mill_completion_point_count,integer_count,point_set,integer,point_set,,"white_mill_completion_point_count,black_mill_completion_point_count","black_mill_completion_point_count,white_mill_completion_point_count","black_mill_completion_point_count,white_mill_completion_point_count","`count(filter(empty_board_points, completes_mill(point, queried_color)=true)); scene=nine_mens_morris; scope=mill_completion_point_count`",task_games__nine_mens_morris__pieces_in_mill_count (0.50),keep,task_doc_newer_than_review_artifacts
games,nine_mens_morris,task_games__nine_mens_morris__pieces_in_mill_count,trace/tasks/games/nine_mens_morris/pieces_in_mill_count.py,configs/domains/games/nine_mens_morris.yaml,,docs/tasks/games/nine_mens_morris/task_games__nine_mens_morris__pieces_in_mill_count.md,review/task-reviews/games/nine_mens_morris/task_games__nine_mens_morris__pieces_in_mill_count,integer_count,bbox_set,integer,bbox_set,,single,single,single,"`count(filter(pieces, participates_in_mill(piece)=true)); scene=nine_mens_morris; scope=pieces_in_mill_count`",task_games__nine_mens_morris__mill_completion_point_count (0.50),keep,task_doc_newer_than_review_artifacts
games,pacman,task_games__pacman__next_item_label,trace/tasks/games/pacman/next_item_label.py,configs/domains/games/pacman.yaml,,docs/tasks/games/pacman/task_games__pacman__next_item_label.md,review/task-reviews/games/pacman/task_games__pacman__next_item_label,string_label,point,string,point,,single,single,single,`label(first(route_item in labeled_bonus_items ordered by route_position)); scene=pacman; scope=next_item_label`,task_games__pacman__route_score_value (0.30),keep,task_doc_newer_than_review_artifacts
games,pacman,task_games__pacman__pellet_count_before_ghost,trace/tasks/games/pacman/pellet_count_before_ghost.py,configs/domains/games/pacman.yaml,,docs/tasks/games/pacman/task_games__pacman__pellet_count_before_ghost.md,review/task-reviews/games/pacman/task_games__pacman__pellet_count_before_ghost,integer_count,point_set_map,integer,point_set_map,,single,single,single,"`count(filter(prefix(route_cells, before=first(route_cell where contains_ghost=True)), contains_normal_pellet=True)); scene=pacman; scope=pellet_count_before_ghost`",task_games__pacman__route_score_value (0.30),keep,task_doc_newer_than_review_artifacts
games,pacman,task_games__pacman__route_score_value,trace/tasks/games/pacman/route_score_value.py,configs/domains/games/pacman.yaml,,docs/tasks/games/pacman/task_games__pacman__route_score_value.md,review/task-reviews/games/pacman/task_games__pacman__route_score_value,integer_value,point_set,integer,point_set,,single,single,single,`sum(score(collectible) for collectible in route_collectibles); scene=pacman; scope=route_score_value`,task_games__pacman__pellet_count_before_ghost (0.30),keep,task_doc_newer_than_review_artifacts
games,pinball_table,task_games__pinball_table__first_hit_object_label,trace/tasks/games/pinball_table/first_hit_object_label.py,configs/domains/games/pinball_table.yaml,,docs/tasks/games/pinball_table/task_games__pinball_table__first_hit_object_label.md,review/task-reviews/games/pinball_table/task_games__pinball_table__first_hit_object_label,string_label,point,string,point,,single,single,single,"`label(first_collision(straight_launch_path, labeled_pinball_objects)); scene=pinball_table; scope=first_hit_object_label`",task_games__pinball_table__scoreable_object_count (0.31),keep,task_doc_newer_than_review_artifacts
games,pinball_table,task_games__pinball_table__scoreable_object_count,trace/tasks/games/pinball_table/scoreable_object_count.py,configs/domains/games/pinball_table.yaml,,docs/tasks/games/pinball_table/task_games__pinball_table__scoreable_object_count.md,review/task-reviews/games/pinball_table/task_games__pinball_table__scoreable_object_count,integer,bbox_set,integer,bbox_set,,single,single,single,`count(object for object in pinball_objects if object.has_numeric_score_label); scene=pinball_table; scope=scoreable_object_count`,task_games__pinball_table__first_hit_object_label (0.31),keep,task_doc_newer_than_review_artifacts
games,platformer,task_games__platformer__collectible_count,trace/tasks/games/platformer/collectible_count.py,configs/domains/games/platformer.yaml,,docs/tasks/games/platformer/task_games__platformer__collectible_count.md,review/task-reviews/games/platformer/task_games__platformer__collectible_count,integer_count,point_set,integer,point_set,,single,single,single,`scene=platformer; scope=collectible_count; program=count(collectibles_on_shown_jump_arc)`,task_games__platformer__jump_collectible_score_value (0.79),keep,task_doc_newer_than_review_artifacts
games,platformer,task_games__platformer__jump_collectible_score_value,trace/tasks/games/platformer/jump_collectible_score_value.py,configs/domains/games/platformer.yaml,,docs/tasks/games/platformer/task_games__platformer__jump_collectible_score_value.md,review/task-reviews/games/platformer/task_games__platformer__jump_collectible_score_value,integer_value,point_set,integer,point_set,,single,single,single,`scene=platformer; scope=jump_collectible_score_value; program=sum(score(collectibles_on_shown_jump_arc))`,task_games__platformer__collectible_count (0.79),keep,task_doc_newer_than_review_artifacts
games,platformer,task_games__platformer__jump_landing_label,trace/tasks/games/platformer/jump_landing_label.py,configs/domains/games/platformer.yaml,,docs/tasks/games/platformer/task_games__platformer__jump_landing_label.md,review/task-reviews/games/platformer/task_games__platformer__jump_landing_label,string_label,bbox,string,bbox,,single,single,single,`scene=platformer; scope=jump_landing_label; program=label(landing_platform(shown_jump_arc))`,task_games__platformer__collectible_count (0.43),keep,task_doc_newer_than_review_artifacts
games,pool,task_games__pool__blocking_ball_count,trace/tasks/games/pool/blocking_ball_count.py,configs/domains/games/pool.yaml,,docs/tasks/games/pool/task_games__pool__blocking_ball_count.md,review/task-reviews/games/pool/task_games__pool__blocking_ball_count,,,integer,bbox_set,,single,single,single,"`count(filter(pool_balls, intersects_marked_shot_segment)); scene=pool; scope=blocking_ball_count`",task_games__pool__group_ball_count (0.53),keep,task_doc_newer_than_review_artifacts
games,pool,task_games__pool__group_ball_count,trace/tasks/games/pool/group_ball_count.py,configs/domains/games/pool.yaml,,docs/tasks/games/pool/task_games__pool__group_ball_count.md,review/task-reviews/games/pool/task_games__pool__group_ball_count,,,integer,bbox_set,,single,single,single,"`count(filter(pool_balls, group=current_player_group)); scene=pool; scope=group_ball_count`",task_games__pool__blocking_ball_count (0.53),keep,task_doc_newer_than_review_artifacts
games,racing_track,task_games__racing_track__ahead_object_count,trace/tasks/games/racing_track/ahead_object_count.py,configs/domains/games/racing_track.yaml,,docs/tasks/games/racing_track/task_games__racing_track__ahead_object_count.md,review/task-reviews/games/racing_track/task_games__racing_track__ahead_object_count,,,integer,bbox_set,,single,single,single,"`count(filter(racing_cars, progress_after(marked_car) and before_finish)); scene=racing_track; scope=ahead_object_count`",task_games__racing_track__finish_distance_extremum_label (0.30),keep,task_doc_newer_than_review_artifacts
games,racing_track,task_games__racing_track__finish_distance_extremum_label,trace/tasks/games/racing_track/finish_distance_extremum_label.py,configs/domains/games/racing_track.yaml,,docs/tasks/games/racing_track/task_games__racing_track__finish_distance_extremum_label.md,review/task-reviews/games/racing_track/task_games__racing_track__finish_distance_extremum_label,,,string,point,,"closest_to_finish_label,farthest_from_finish_label","closest_to_finish_label,farthest_from_finish_label","closest_to_finish_label,farthest_from_finish_label","`select_extremum(racing_cars, remaining_distance_to_finish, operator=closest|farthest); scene=racing_track; scope=finish_distance_extremum_label`",task_games__racing_track__ahead_object_count (0.30),keep,task_doc_newer_than_review_artifacts
games,radial_hunt_board,task_games__radial_hunt_board__capture_move_count,trace/tasks/games/radial_hunt_board/capture_move_count.py,configs/domains/games/radial_hunt_board.yaml,,docs/tasks/games/radial_hunt_board/task_games__radial_hunt_board__capture_move_count.md,review/task-reviews/games/radial_hunt_board/task_games__radial_hunt_board__capture_move_count,integer_count,point_set,integer,point_set,,single,single,single,`count(empty_landing_points(capture_jump_from(x_marked_piece))); scene=radial_hunt_board; scope=capture_move_count`,task_games__radial_hunt_board__marked_piece_destination_count (0.62),keep,task_doc_newer_than_review_artifacts
games,radial_hunt_board,task_games__radial_hunt_board__marked_piece_destination_count,trace/tasks/games/radial_hunt_board/marked_piece_destination_count.py,configs/domains/games/radial_hunt_board.yaml,,docs/tasks/games/radial_hunt_board/task_games__radial_hunt_board__marked_piece_destination_count.md,review/task-reviews/games/radial_hunt_board/task_games__radial_hunt_board__marked_piece_destination_count,integer_count,point_set,integer,point_set,,single,single,single,`count(simple_adjacent_empty_points(linked_to(x_marked_piece))); scene=radial_hunt_board; scope=marked_piece_destination_count`,task_games__radial_hunt_board__capture_move_count (0.62),keep,task_doc_newer_than_review_artifacts
games,reversi,task_games__reversi__frontier_disc_count,trace/tasks/games/reversi/frontier_disc_count.py,configs/domains/games/reversi.yaml,,docs/tasks/games/reversi/task_games__reversi__frontier_disc_count.md,review/task-reviews/games/reversi/task_games__reversi__frontier_disc_count,integer_count,point_set,integer,point_set,,single,single,single,"`count(filter(discs(query_color), touches_empty_neighbor)); scene=reversi; scope=frontier_disc_count`",task_games__reversi__marked_move_flip_count (0.42),keep,task_doc_newer_than_review_artifacts
games,reversi,task_games__reversi__legal_destination_count,trace/tasks/games/reversi/legal_destination_count.py,configs/domains/games/reversi.yaml,,docs/tasks/games/reversi/task_games__reversi__legal_destination_count.md,review/task-reviews/games/reversi/task_games__reversi__legal_destination_count,integer_count,bbox_set,integer,bbox_set,,single,single,single,`count(legal_moves(current_player)); scene=reversi; scope=legal_destination_count`,task_games__reversi__marked_move_flip_count (0.43),keep,
games,reversi,task_games__reversi__marked_move_flip_count,trace/tasks/games/reversi/marked_move_flip_count.py,configs/domains/games/reversi.yaml,,docs/tasks/games/reversi/task_games__reversi__marked_move_flip_count.md,review/task-reviews/games/reversi/task_games__reversi__marked_move_flip_count,integer_count,point_set,integer,point_set,,single,single,single,`count(flipped_discs(apply(marked_legal_move))); scene=reversi; scope=marked_move_flip_count`,task_games__reversi__legal_destination_count (0.43),keep,
games,rhythm,task_games__rhythm__earliest_hit_lane_label,trace/tasks/games/rhythm/earliest_hit_lane_label.py,configs/domains/games/rhythm.yaml,,docs/tasks/games/rhythm/task_games__rhythm__earliest_hit_lane_label.md,review/task-reviews/games/rhythm/task_games__rhythm__earliest_hit_lane_label,,,integer,bbox,,single,single,single,"`argmin(filter(notes, note_in_hit_window(note, beat_window)=true), metric=bottom_row_from_hit_line).lane_label; scene=rhythm; scope=earliest_hit_lane_label`",task_games__rhythm__most_notes_lane_label (0.38),keep,task_doc_newer_than_review_artifacts
games,rhythm,task_games__rhythm__lane_note_count,trace/tasks/games/rhythm/lane_note_count.py,configs/domains/games/rhythm.yaml,,docs/tasks/games/rhythm/task_games__rhythm__lane_note_count.md,review/task-reviews/games/rhythm/task_games__rhythm__lane_note_count,,,integer,bbox_set,,single,single,single,"`count(filter(notes, lane=target_lane)); scene=rhythm; scope=lane_note_count`",task_games__rhythm__lane_note_score_value (0.59),keep,task_doc_newer_than_review_artifacts
games,rhythm,task_games__rhythm__lane_note_score_value,trace/tasks/games/rhythm/lane_note_score_value.py,configs/domains/games/rhythm.yaml,,docs/tasks/games/rhythm/task_games__rhythm__lane_note_score_value.md,review/task-reviews/games/rhythm/task_games__rhythm__lane_note_score_value,,,integer,bbox_set,,single,single,single,"`sum(map(filter(notes, lane=target_lane), color_score(note.color_key))); scene=rhythm; scope=lane_note_score_value`",task_games__rhythm__lane_note_count (0.59),keep,task_doc_newer_than_review_artifacts
games,rhythm,task_games__rhythm__most_notes_lane_label,trace/tasks/games/rhythm/most_notes_lane_label.py,configs/domains/games/rhythm.yaml,,docs/tasks/games/rhythm/task_games__rhythm__most_notes_lane_label.md,review/task-reviews/games/rhythm/task_games__rhythm__most_notes_lane_label,,,integer,bbox_set,,single,single,single,"`argmax(lanes, metric=count(filter(notes, lane=lane))).label; scene=rhythm; scope=most_notes_lane_label`",task_games__rhythm__lane_note_count (0.56),keep,task_doc_newer_than_review_artifacts
games,rule_override_board,task_games__rule_override_board__line_result_count,trace/tasks/games/rule_override_board/line_result_count.py,configs/domains/games/rule_override_board.yaml,,docs/tasks/games/rule_override_board/task_games__rule_override_board__line_result_count.md,review/task-reviews/games/rule_override_board/task_games__rule_override_board__line_result_count,,,integer,bbox_set,,"line_override_win_count,line_override_loss_count","line_override_loss_count,line_override_win_count","line_override_loss_count,line_override_win_count","`count(filter(mini_boards, anti_line_result(target_player)=target_result)); scene=rule_override_board; scope=line_result_count`",task_games__rule_override_board__piece_result_count (0.74),keep,task_doc_newer_than_review_artifacts
games,rule_override_board,task_games__rule_override_board__piece_result_count,trace/tasks/games/rule_override_board/piece_result_count.py,configs/domains/games/rule_override_board.yaml,,docs/tasks/games/rule_override_board/task_games__rule_override_board__piece_result_count.md,review/task-reviews/games/rule_override_board/task_games__rule_override_board__piece_result_count,,,integer,bbox_set,,"piece_override_win_count,piece_override_loss_count","piece_override_loss_count,piece_override_win_count","piece_override_loss_count,piece_override_win_count","`count(filter(mini_boards, fewer_pieces_result(target_player)=target_result)); scene=rule_override_board; scope=piece_result_count`",task_games__rule_override_board__line_result_count (0.74),keep,task_doc_newer_than_review_artifacts
games,sixteen_soldiers,task_games__sixteen_soldiers__marked_piece_capture_count,trace/tasks/games/sixteen_soldiers/marked_piece_capture_count.py,configs/domains/games/sixteen_soldiers.yaml,,docs/tasks/games/sixteen_soldiers/task_games__sixteen_soldiers__marked_piece_capture_count.md,review/task-reviews/games/sixteen_soldiers/task_games__sixteen_soldiers__marked_piece_capture_count,,,integer,point_set,,single,single,single,"`count(immediate_jump_captures(x_marked_piece, drawn_line_graph)); scene=sixteen_soldiers; scope=marked_piece_capture_count`",task_games__sixteen_soldiers__marked_piece_destination_count (0.59),keep,task_doc_newer_than_review_artifacts
games,sixteen_soldiers,task_games__sixteen_soldiers__marked_piece_destination_count,trace/tasks/games/sixteen_soldiers/marked_piece_destination_count.py,configs/domains/games/sixteen_soldiers.yaml,,docs/tasks/games/sixteen_soldiers/task_games__sixteen_soldiers__marked_piece_destination_count.md,review/task-reviews/games/sixteen_soldiers/task_games__sixteen_soldiers__marked_piece_destination_count,,,integer,point_set,,single,single,single,"`count(simple_adjacent_empty_destinations(x_marked_piece, drawn_line_graph)); scene=sixteen_soldiers; scope=marked_piece_destination_count`",task_games__sixteen_soldiers__marked_piece_capture_count (0.59),keep,task_doc_newer_than_review_artifacts
games,sliding_block,task_games__sliding_block__block_orientation_count,trace/tasks/games/sliding_block/block_orientation_count.py,configs/domains/games/sliding_block.yaml,,docs/tasks/games/sliding_block/task_games__sliding_block__block_orientation_count.md,review/task-reviews/games/sliding_block/task_games__sliding_block__block_orientation_count,integer,bbox_set,integer,bbox_set,,"horizontal_block_count,vertical_block_count","horizontal_block_count,vertical_block_count","horizontal_block_count,vertical_block_count","`count(blocks_matching_orientation(board_state, requested_orientation)); scene=sliding_block; scope=block_orientation_count`",task_games__sliding_block__movable_block_count (0.61),keep,task_doc_newer_than_review_artifacts
games,sliding_block,task_games__sliding_block__movable_block_count,trace/tasks/games/sliding_block/movable_block_count.py,configs/domains/games/sliding_block.yaml,,docs/tasks/games/sliding_block/task_games__sliding_block__movable_block_count.md,review/task-reviews/games/sliding_block/task_games__sliding_block__movable_block_count,integer,bbox_set,integer,bbox_set,,single,single,single,`count(blocks_with_legal_one_cell_slide_along_orientation(board_state)); scene=sliding_block; scope=movable_block_count`,task_games__sliding_block__block_orientation_count (0.61),keep,task_doc_newer_than_review_artifacts
games,sliding_block,task_games__sliding_block__sliding_block_blocker_count,trace/tasks/games/sliding_block/sliding_block_blocker_count.py,configs/domains/games/sliding_block.yaml,,docs/tasks/games/sliding_block/task_games__sliding_block__sliding_block_blocker_count.md,review/task-reviews/games/sliding_block/task_games__sliding_block__sliding_block_blocker_count,integer,bbox_set,integer,bbox_set,,single,single,single,`count(blocks_intersecting(target_exit_path)); scene=sliding_block; scope=sliding_block_blocker_count`,task_games__sliding_block__block_orientation_count (0.52),keep,task_doc_newer_than_review_artifacts
games,sliding_block,task_games__sliding_block__sliding_block_move_result_label,trace/tasks/games/sliding_block/sliding_block_move_result_label.py,configs/domains/games/sliding_block.yaml,,docs/tasks/games/sliding_block/task_games__sliding_block__sliding_block_move_result_label.md,review/task-reviews/games/sliding_block/task_games__sliding_block__sliding_block_move_result_label,option_letter,bbox_map,option_letter,bbox_map,,single,single,single,"`select(option_board_equal_to(apply_ordered_slides(source_board, slide_sequence))); scene=sliding_block; scope=sliding_block_move_result_label`",task_games__sliding_block__block_orientation_count (0.26),keep,task_doc_newer_than_review_artifacts
games,slot_machine,task_games__slot_machine__paytable_score_value,trace/tasks/games/slot_machine/paytable_score_value.py,configs/domains/games/slot_machine.yaml,,docs/tasks/games/slot_machine/task_games__slot_machine__paytable_score_value.md,review/task-reviews/games/slot_machine/task_games__slot_machine__paytable_score_value,integer,segment_set,integer,segment_set,,single,single,single,`sum(paytable[matching_symbol(payline)] for payline in rows_plus_long_diagonals if all_symbols_match(payline)); scene=slot_machine; scope=paytable_score_value`,task_games__slot_machine__winning_payline_count (0.71),keep,task_doc_newer_than_review_artifacts
games,slot_machine,task_games__slot_machine__reel_completion_label,trace/tasks/games/slot_machine/reel_completion_label.py,configs/domains/games/slot_machine.yaml,,docs/tasks/games/slot_machine/task_games__slot_machine__reel_completion_label.md,review/task-reviews/games/slot_machine/task_games__slot_machine__reel_completion_label,option_letter,bbox,option_letter,bbox,,single,single,single,`unique_label(option for option in third_reel_options if count(payline for payline in rows_plus_long_diagonals if all_symbols_match(first_two_reels + option)) == 1); scene=slot_machine; scope=reel_completion_label`,task_games__slot_machine__winning_payline_count (0.51),keep,task_doc_newer_than_review_artifacts
games,slot_machine,task_games__slot_machine__winning_payline_count,trace/tasks/games/slot_machine/winning_payline_count.py,configs/domains/games/slot_machine.yaml,,docs/tasks/games/slot_machine/task_games__slot_machine__winning_payline_count.md,review/task-reviews/games/slot_machine/task_games__slot_machine__winning_payline_count,integer,segment_set,integer,segment_set,,single,single,single,`count(payline for payline in rows_plus_long_diagonals if all_symbols_match(payline)); scene=slot_machine; scope=winning_payline_count`,task_games__slot_machine__paytable_score_value (0.71),keep,task_doc_newer_than_review_artifacts
games,snake,task_games__snake__path_outcome_option_label,trace/tasks/games/snake/path_outcome_option_label.py,configs/domains/games/snake.yaml,,docs/tasks/games/snake/task_games__snake__path_outcome_option_label.md,review/task-reviews/games/snake/task_games__snake__path_outcome_option_label,option_letter,bbox_set,option_letter,bbox_set,,single,single,single,"`selection.option_value_match(simulate_snake_move_sequence, visible_result_options); scene=snake; scope=path_outcome_option_label`",task_games__snake__snake_length_count (0.27),keep,task_doc_newer_than_review_artifacts
games,snake,task_games__snake__safe_direction_count,trace/tasks/games/snake/safe_direction_count.py,configs/domains/games/snake.yaml,,docs/tasks/games/snake/task_games__snake__safe_direction_count.md,review/task-reviews/games/snake/task_games__snake__safe_direction_count,integer,bbox_set,integer,bbox_set,,single,single,single,"`count(filter(cardinal_directions, snake_next_cell_is_safe)); scene=snake; scope=safe_direction_count`",task_games__snake__snake_length_count (0.45),keep,task_doc_newer_than_review_artifacts
games,snake,task_games__snake__snake_length_count,trace/tasks/games/snake/snake_length_count.py,configs/domains/games/snake.yaml,,docs/tasks/games/snake/task_games__snake__snake_length_count.md,review/task-reviews/games/snake/task_games__snake__snake_length_count,integer,bbox_set,integer,bbox_set,,single,single,single,`count(snake_occupied_cells); scene=snake; scope=snake_length_count`,task_games__snake__safe_direction_count (0.45),keep,task_doc_newer_than_review_artifacts
games,snakes_ladders,task_games__snakes_ladders__move_outcome_value,trace/tasks/games/snakes_ladders/move_outcome_value.py,configs/domains/games/snakes_ladders.yaml,,docs/tasks/games/snakes_ladders/task_games__snakes_ladders__move_outcome_value.md,review/task-reviews/games/snakes_ladders/task_games__snakes_ladders__move_outcome_value,integer,bbox_map,integer,bbox_map,,single,single,single,"`value(simulate(start_square, rules=snakes_ladders_jumps, action=shown_die).final_square); scene=snakes_ladders; scope=move_outcome_value`",task_games__snakes_ladders__remaining_to_finish_value (0.48),keep,task_doc_newer_than_review_artifacts
games,snakes_ladders,task_games__snakes_ladders__remaining_to_finish_value,trace/tasks/games/snakes_ladders/remaining_to_finish_value.py,configs/domains/games/snakes_ladders.yaml,,docs/tasks/games/snakes_ladders/task_games__snakes_ladders__remaining_to_finish_value.md,review/task-reviews/games/snakes_ladders/task_games__snakes_ladders__remaining_to_finish_value,integer,bbox_map,integer,bbox_map,,single,single,single,`value(final_square - token_square); scene=snakes_ladders; scope=remaining_to_finish_value`,task_games__snakes_ladders__move_outcome_value (0.48),keep,task_doc_newer_than_review_artifacts
games,snakes_ladders,task_games__snakes_ladders__special_square_count,trace/tasks/games/snakes_ladders/special_square_count.py,configs/domains/games/snakes_ladders.yaml,,docs/tasks/games/snakes_ladders/task_games__snakes_ladders__special_square_count.md,review/task-reviews/games/snakes_ladders/task_games__snakes_ladders__special_square_count,integer,bbox_set,integer,bbox_set,,"ladder_count,snake_count","ladder_count,snake_count","ladder_count,snake_count",`count(visible_jump_starts(kind=query_kind)); scene=snakes_ladders; scope=special_square_count`,task_games__snakes_ladders__remaining_to_finish_value (0.38),keep,task_doc_newer_than_review_artifacts
games,sokoban,task_games__sokoban__box_goal_status_count,trace/tasks/games/sokoban/box_goal_status_count.py,configs/domains/games/sokoban.yaml,,docs/tasks/games/sokoban/task_games__sokoban__box_goal_status_count.md,review/task-reviews/games/sokoban/task_games__sokoban__box_goal_status_count,integer,bbox_set,integer,bbox_set,,"box_on_goal_count,box_off_goal_count","box_off_goal_count,box_on_goal_count","box_off_goal_count,box_on_goal_count",`count_boxes_by_matching_goal_status(status=on_goal|off_goal); scene=sokoban; scope=box_goal_status_count`,task_games__sokoban__closest_box_goal_label (0.44),keep,task_doc_newer_than_review_artifacts
games,sokoban,task_games__sokoban__closest_box_goal_label,trace/tasks/games/sokoban/closest_box_goal_label.py,configs/domains/games/sokoban.yaml,,docs/tasks/games/sokoban/task_games__sokoban__closest_box_goal_label.md,review/task-reviews/games/sokoban/task_games__sokoban__closest_box_goal_label,option_letter,bbox,option_letter,bbox,,single,single,single,"`select_closest_box_by_matching_goal(boxes, matching_goals, distance=manhattan); scene=sokoban; scope=closest_box_goal_label`",task_games__sokoban__push_stand_cell_label (0.48),keep,task_doc_newer_than_review_artifacts
games,sokoban,task_games__sokoban__push_stand_cell_label,trace/tasks/games/sokoban/push_stand_cell_label.py,configs/domains/games/sokoban.yaml,,docs/tasks/games/sokoban/task_games__sokoban__push_stand_cell_label.md,review/task-reviews/games/sokoban/task_games__sokoban__push_stand_cell_label,option_letter,bbox,option_letter,bbox,,single,single,single,"`select_player_stand_cell_for_straight_push(box, matching_goal, candidate_stand_cells); scene=sokoban; scope=push_stand_cell_label`",task_games__sokoban__closest_box_goal_label (0.48),keep,task_doc_newer_than_review_artifacts
games,solitaire,task_games__solitaire__cascade_card_at_depth_label,trace/tasks/games/solitaire/cascade_card_at_depth_label.py,configs/domains/games/solitaire.yaml,,docs/tasks/games/solitaire/task_games__solitaire__cascade_card_at_depth_label.md,review/task-reviews/games/solitaire/task_games__solitaire__cascade_card_at_depth_label,option_letter,point,option_letter,point,,single,single,single,"`select_option(card_at_visible_depth(column, depth)); scene=solitaire; scope=cascade_card_at_depth_label`",task_games__solitaire__move_legality_label (0.43),keep,task_doc_newer_than_review_artifacts
games,solitaire,task_games__solitaire__column_card_count_value,trace/tasks/games/solitaire/column_card_count_value.py,configs/domains/games/solitaire.yaml,,docs/tasks/games/solitaire/task_games__solitaire__column_card_count_value.md,review/task-reviews/games/solitaire/task_games__solitaire__column_card_count_value,integer,point_set,integer,point_set,,single,single,single,`count(visible_cards_in_requested_tableau_column); scene=solitaire; scope=column_card_count_value`,task_games__solitaire__tableau_movable_card_count_value (0.52),keep,task_doc_newer_than_review_artifacts
games,solitaire,task_games__solitaire__foundation_ready_count,trace/tasks/games/solitaire/foundation_ready_count.py,configs/domains/games/solitaire.yaml,,docs/tasks/games/solitaire/task_games__solitaire__foundation_ready_count.md,review/task-reviews/games/solitaire/task_games__solitaire__foundation_ready_count,integer,bbox_set,integer,bbox_set,,single,single,single,`count(exposed_tableau_cards(can_move_to_foundation)); scene=solitaire; scope=foundation_ready_count`,task_games__solitaire__tableau_movable_card_count_value (0.52),keep,task_doc_newer_than_review_artifacts
games,solitaire,task_games__solitaire__move_legality_label,trace/tasks/games/solitaire/move_legality_label.py,configs/domains/games/solitaire.yaml,,docs/tasks/games/solitaire/task_games__solitaire__move_legality_label.md,review/task-reviews/games/solitaire/task_games__solitaire__move_legality_label,option_letter,bbox_map,option_letter,bbox_map,,single,single,single,`select_option(legal_solitaire_move); scene=solitaire; scope=move_legality_label`,task_games__solitaire__cascade_card_at_depth_label (0.43),keep,task_doc_newer_than_review_artifacts
games,solitaire,task_games__solitaire__tableau_movable_card_count_value,trace/tasks/games/solitaire/tableau_movable_card_count_value.py,configs/domains/games/solitaire.yaml,,docs/tasks/games/solitaire/task_games__solitaire__tableau_movable_card_count_value.md,review/task-reviews/games/solitaire/task_games__solitaire__tableau_movable_card_count_value,integer,bbox_set,integer,bbox_set,,single,single,single,`count(exposed_tableau_cards(with_legal_tableau_destination)); scene=solitaire; scope=tableau_movable_card_count_value`,task_games__solitaire__column_card_count_value (0.52),keep,task_doc_newer_than_review_artifacts
games,space_shooter,task_games__space_shooter__enemy_ship_count,trace/tasks/games/space_shooter/enemy_ship_count.py,configs/domains/games/space_shooter.yaml,,docs/tasks/games/space_shooter/task_games__space_shooter__enemy_ship_count.md,review/task-reviews/games/space_shooter/task_games__space_shooter__enemy_ship_count,integer_count,bbox_set,integer,bbox_set,,single,single,single,`count(enemy_ships); scene=space_shooter; scope=enemy_ship_count`,task_games__space_shooter__enemy_ship_hit_count (0.62),keep,task_doc_newer_than_review_artifacts
games,space_shooter,task_games__space_shooter__enemy_ship_hit_count,trace/tasks/games/space_shooter/enemy_ship_hit_count.py,configs/domains/games/space_shooter.yaml,,docs/tasks/games/space_shooter/task_games__space_shooter__enemy_ship_hit_count.md,review/task-reviews/games/space_shooter/task_games__space_shooter__enemy_ship_hit_count,integer_count,bbox_set,integer,bbox_set,,single,single,single,"`sum_by_lane(min(count(blue_player_shots), count(enemy_ships))); scene=space_shooter; scope=enemy_ship_hit_count`",task_games__space_shooter__enemy_ship_count (0.62),keep,task_doc_newer_than_review_artifacts
games,space_shooter,task_games__space_shooter__first_hit_enemy_ship_label,trace/tasks/games/space_shooter/first_hit_enemy_ship_label.py,configs/domains/games/space_shooter.yaml,,docs/tasks/games/space_shooter/task_games__space_shooter__first_hit_enemy_ship_label.md,review/task-reviews/games/space_shooter/task_games__space_shooter__first_hit_enemy_ship_label,option_letter,bbox,option_letter,bbox,,single,single,single,`select(label in visible_candidate_enemy_ships where distance_from_current_same_lane_player_shot_below is minimal); scene=space_shooter; scope=first_hit_enemy_ship_label`,task_games__space_shooter__hit_enemy_ship_label (0.61),keep,
games,space_shooter,task_games__space_shooter__hit_enemy_ship_label,trace/tasks/games/space_shooter/hit_enemy_ship_label.py,configs/domains/games/space_shooter.yaml,,docs/tasks/games/space_shooter/task_games__space_shooter__hit_enemy_ship_label.md,review/task-reviews/games/space_shooter/task_games__space_shooter__hit_enemy_ship_label,option_letter,bbox,option_letter,bbox,,single,single,single,"`select(label in visible_candidate_enemy_ships where enemy_ship_id in lower_first_hits_by_lane(blue_player_shots, enemy_ships)); scene=space_shooter; scope=hit_enemy_ship_label`",task_games__space_shooter__first_hit_enemy_ship_label (0.61),keep,task_doc_newer_than_review_artifacts
games,space_shooter,task_games__space_shooter__safe_lane_count,trace/tasks/games/space_shooter/safe_lane_count.py,configs/domains/games/space_shooter.yaml,,docs/tasks/games/space_shooter/task_games__space_shooter__safe_lane_count.md,review/task-reviews/games/space_shooter/task_games__space_shooter__safe_lane_count,integer_count,bbox_set,integer,bbox_set,,single,single,single,"`count(filter(bottom_lane_pads, enemy_projectile_count(lane)=0)); scene=space_shooter; scope=safe_lane_count`",task_games__space_shooter__enemy_ship_count (0.55),keep,task_doc_newer_than_review_artifacts
games,tetris,task_games__tetris__active_piece_shape_label,trace/tasks/games/tetris/active_piece_shape_label.py,configs/domains/games/tetris.yaml,,docs/tasks/games/tetris/task_games__tetris__active_piece_shape_label.md,review/task-reviews/games/tetris/task_games__tetris__active_piece_shape_label,string_label,bbox,string,bbox,,single,single,single,`label(option where option.shape_name = shape_label(active_falling_tetromino)); scene=tetris; scope=active_piece_shape_label`,task_games__tetris__drop_result_label (0.50),keep,task_doc_newer_than_review_artifacts
games,tetris,task_games__tetris__drop_collision_time_value,trace/tasks/games/tetris/drop_collision_time_value.py,configs/domains/games/tetris.yaml,,docs/tasks/games/tetris/task_games__tetris__drop_collision_time_value.md,review/task-reviews/games/tetris/task_games__tetris__drop_collision_time_value,integer_count,bbox_set_map,integer,bbox_set_map,,"no_shift_collision_time,left_shift_collision_time,right_shift_collision_time","left_shift_collision_time,no_shift_collision_time,right_shift_collision_time","left_shift_collision_time,no_shift_collision_time,right_shift_collision_time","`successful_downward_steps(simulate_horizontal_shift_then_vertical_drop(board, falling_piece, requested_shift)); scene=tetris; scope=drop_collision_time_value`",task_games__tetris__line_clear_count (0.34),keep,task_doc_newer_than_review_artifacts
games,tetris,task_games__tetris__drop_result_label,trace/tasks/games/tetris/drop_result_label.py,configs/domains/games/tetris.yaml,,docs/tasks/games/tetris/task_games__tetris__drop_result_label.md,review/task-reviews/games/tetris/task_games__tetris__drop_result_label,string_label,bbox,string,bbox,,single,single,single,"`label(option where option.board = simulate_fixed_drop(board, falling_piece, line_clear_rules)); scene=tetris; scope=drop_result_label`",task_games__tetris__active_piece_shape_label (0.50),keep,task_doc_newer_than_review_artifacts
games,tetris,task_games__tetris__line_clear_count,trace/tasks/games/tetris/line_clear_count.py,configs/domains/games/tetris.yaml,,docs/tasks/games/tetris/task_games__tetris__line_clear_count.md,review/task-reviews/games/tetris/task_games__tetris__line_clear_count,integer_count,bbox_map,integer,bbox_map,,single,single,single,"`max(cleared_row_count(simulate_drop(board, rotate_translate(next_piece, placement)))) over legal placements; scene=tetris; scope=line_clear_count`",task_games__tetris__drop_result_label (0.36),keep,task_doc_newer_than_review_artifacts
games,tetris,task_games__tetris__row_occupancy_status_count,trace/tasks/games/tetris/row_occupancy_status_count.py,configs/domains/games/tetris.yaml,,docs/tasks/games/tetris/task_games__tetris__row_occupancy_status_count.md,review/task-reviews/games/tetris/task_games__tetris__row_occupancy_status_count,integer_count,bbox_set,integer,bbox_set,,"full_row_count,one_gap_row_count","full_row_count,one_gap_row_count","full_row_count,one_gap_row_count",`count(rows where row_occupancy_status(row) = requested_status); scene=tetris; scope=row_occupancy_status_count`,task_games__tetris__drop_collision_time_value (0.32),keep,task_doc_newer_than_review_artifacts
games,tic_tac_toe_3d,task_games__tic_tac_toe_3d__blocking_move_cell_label,trace/tasks/games/tic_tac_toe_3d/blocking_move_cell_label.py,configs/domains/games/tic_tac_toe_3d.yaml,,docs/tasks/games/tic_tac_toe_3d/task_games__tic_tac_toe_3d__blocking_move_cell_label.md,review/task-reviews/games/tic_tac_toe_3d/task_games__tic_tac_toe_3d__blocking_move_cell_label,string_label,bbox_set,string,bbox_set,,"x_blocking_move_label,o_blocking_move_label","o_blocking_move_label,x_blocking_move_label","o_blocking_move_label,x_blocking_move_label","`label(unique(candidate_cells where play(target_player, cell) blocks_only_immediate_opponent_3d_tic_tac_toe_line)); scene=tic_tac_toe_3d; scope=blocking_move_cell_label`",task_games__tic_tac_toe_3d__winning_move_cell_label (0.76),keep,
games,tic_tac_toe_3d,task_games__tic_tac_toe_3d__layer_piece_count,trace/tasks/games/tic_tac_toe_3d/layer_piece_count.py,configs/domains/games/tic_tac_toe_3d.yaml,,docs/tasks/games/tic_tac_toe_3d/task_games__tic_tac_toe_3d__layer_piece_count.md,review/task-reviews/games/tic_tac_toe_3d/task_games__tic_tac_toe_3d__layer_piece_count,integer_count,point_set,integer,point_set,,single,single,single,`count(layer_cells where mark=target_player); scene=tic_tac_toe_3d; scope=layer_piece_count`,task_games__tic_tac_toe_3d__winning_move_cell_label (0.43),keep,
games,tic_tac_toe_3d,task_games__tic_tac_toe_3d__winning_move_cell_label,trace/tasks/games/tic_tac_toe_3d/winning_move_cell_label.py,configs/domains/games/tic_tac_toe_3d.yaml,,docs/tasks/games/tic_tac_toe_3d/task_games__tic_tac_toe_3d__winning_move_cell_label.md,review/task-reviews/games/tic_tac_toe_3d/task_games__tic_tac_toe_3d__winning_move_cell_label,string_label,bbox_set,string,bbox_set,,"x_winning_move_label,o_winning_move_label","o_winning_move_label,x_winning_move_label","o_winning_move_label,x_winning_move_label","`label(unique(candidate_cells where play(target_player, cell) completes_3d_tic_tac_toe_line)); scene=tic_tac_toe_3d; scope=winning_move_cell_label`",task_games__tic_tac_toe_3d__blocking_move_cell_label (0.76),keep,
games,tower_defense,task_games__tower_defense__best_tower_position_label,trace/tasks/games/tower_defense/best_tower_position_label.py,configs/domains/games/tower_defense.yaml,,docs/tasks/games/tower_defense/task_games__tower_defense__best_tower_position_label.md,review/task-reviews/games/tower_defense/task_games__tower_defense__best_tower_position_label,label,point,string,point,,single,single,single,"`argmax_label(candidate in candidates_A_to_D, count(path_enemy for path_enemy in path_enemies if path_enemy_center inside candidate_range_circle)); scene=tower_defense; scope=best_tower_position_label`",task_games__tower_defense__covered_path_segment_count (0.55),keep,task_doc_newer_than_review_artifacts
games,tower_defense,task_games__tower_defense__covered_path_segment_count,trace/tasks/games/tower_defense/covered_path_segment_count.py,configs/domains/games/tower_defense.yaml,,docs/tasks/games/tower_defense/task_games__tower_defense__covered_path_segment_count.md,review/task-reviews/games/tower_defense/task_games__tower_defense__covered_path_segment_count,integer_count,point_set,integer,point_set,,single,single,single,`count(path_enemy for path_enemy in path_enemies if any(path_enemy_center inside tower_range_circle for tower in towers)); scene=tower_defense; scope=covered_path_segment_count`,task_games__tower_defense__best_tower_position_label (0.55),keep,task_doc_newer_than_review_artifacts
games,tower_defense,task_games__tower_defense__nearest_exit_enemy_label,trace/tasks/games/tower_defense/nearest_exit_enemy_label.py,configs/domains/games/tower_defense.yaml,,docs/tasks/games/tower_defense/task_games__tower_defense__nearest_exit_enemy_label.md,review/task-reviews/games/tower_defense/task_games__tower_defense__nearest_exit_enemy_label,label,point,string,point,,single,single,single,"`argmax_label(enemy in labeled_enemies_A_to_F, path_index(enemy)); scene=tower_defense; scope=nearest_exit_enemy_label`",task_games__tower_defense__best_tower_position_label (0.47),keep,task_doc_newer_than_review_artifacts
games,tower_draughts_board,task_games__tower_draughts_board__controlled_stack_count,trace/tasks/games/tower_draughts_board/controlled_stack_count.py,configs/domains/games/tower_draughts_board.yaml,,docs/tasks/games/tower_draughts_board/task_games__tower_draughts_board__controlled_stack_count.md,review/task-reviews/games/tower_draughts_board/task_games__tower_draughts_board__controlled_stack_count,integer_count,bbox_set,integer,bbox_set,,single,single,single,`count(stack for stack in visible_stacks if top_disk_color == target_player); scene=tower_draughts_board; scope=controlled_stack_count`,task_games__tower_draughts_board__marked_stack_capture_count (0.42),keep,task_doc_newer_than_review_artifacts
games,tower_draughts_board,task_games__tower_draughts_board__marked_stack_capture_count,trace/tasks/games/tower_draughts_board/marked_stack_capture_count.py,configs/domains/games/tower_draughts_board.yaml,,docs/tasks/games/tower_draughts_board/task_games__tower_draughts_board__marked_stack_capture_count.md,review/task-reviews/games/tower_draughts_board/task_games__tower_draughts_board__marked_stack_capture_count,integer_count,bbox_set,integer,bbox_set,,single,single,single,`count(adjacent_opponent_stack for diagonal_jump in legal_immediate_captures(x_marked_stack)); scene=tower_draughts_board; scope=marked_stack_capture_count`,task_games__tower_draughts_board__controlled_stack_count (0.42),keep,task_doc_newer_than_review_artifacts
games,ultimate_tictactoe,task_games__ultimate_tictactoe__line_completion_move_label,trace/tasks/games/ultimate_tictactoe/line_completion_move_label.py,configs/domains/games/ultimate_tictactoe.yaml,,docs/tasks/games/ultimate_tictactoe/task_games__ultimate_tictactoe__line_completion_move_label.md,review/task-reviews/games/ultimate_tictactoe/task_games__ultimate_tictactoe__line_completion_move_label,string_label,bbox,string,bbox,,"x_winning_move_label,o_winning_move_label,x_blocking_move_label,o_blocking_move_label","o_blocking_move_label,o_winning_move_label,x_blocking_move_label,x_winning_move_label","o_blocking_move_label,o_winning_move_label,x_blocking_move_label,x_winning_move_label","`label(filter(highlighted_board_empty_cells, line_completion_move(player, tactic_kind))); scene=ultimate_tictactoe; scope=line_completion_move_label`",task_games__ultimate_tictactoe__small_board_status_count (0.32),keep,task_doc_newer_than_review_artifacts
games,ultimate_tictactoe,task_games__ultimate_tictactoe__macro_threat_board_count,trace/tasks/games/ultimate_tictactoe/macro_threat_board_count.py,configs/domains/games/ultimate_tictactoe.yaml,,docs/tasks/games/ultimate_tictactoe/task_games__ultimate_tictactoe__macro_threat_board_count.md,review/task-reviews/games/ultimate_tictactoe/task_games__ultimate_tictactoe__macro_threat_board_count,integer_count,bbox_set,integer,bbox_set,,"x_immediate_win_board_count,o_immediate_win_board_count","o_immediate_win_board_count,x_immediate_win_board_count","o_immediate_win_board_count,x_immediate_win_board_count","`count(filter(local_boards, status=open and immediate_win_exists(player))); scene=ultimate_tictactoe; scope=macro_threat_board_count`",task_games__ultimate_tictactoe__small_board_status_count (0.60),keep,task_doc_newer_than_review_artifacts
games,ultimate_tictactoe,task_games__ultimate_tictactoe__small_board_status_count,trace/tasks/games/ultimate_tictactoe/small_board_status_count.py,configs/domains/games/ultimate_tictactoe.yaml,,docs/tasks/games/ultimate_tictactoe/task_games__ultimate_tictactoe__small_board_status_count.md,review/task-reviews/games/ultimate_tictactoe/task_games__ultimate_tictactoe__small_board_status_count,integer_count,bbox_set,integer,bbox_set,,"x_won_board_count,o_won_board_count,neither_won_board_count,drawn_board_count","drawn_board_count,neither_won_board_count,o_won_board_count,x_won_board_count","drawn_board_count,neither_won_board_count,o_won_board_count,x_won_board_count","`count(filter(local_boards, board_status=target_status)); scene=ultimate_tictactoe; scope=small_board_status_count`",task_games__ultimate_tictactoe__macro_threat_board_count (0.60),keep,task_doc_newer_than_review_artifacts
