global_step,source_run_id,source_log,response_length_mean,response_length_max,response_length_min,response_length_clip_ratio,prompt_length_mean,prompt_length_max,prompt_length_min,global_seqlen_mean,global_seqlen_max,global_seqlen_min,reward_answer_reward,reward_annotation_reward,reward_overall,reward_accuracy,reward_format,reward_annotation_parse_ok,reward_annotation_assigned_iou_mean,reward_annotation_assigned_similarity_mean,reward_annotation_pred_len,reward_annotation_gt_len,reward_zero_reward,perf_time_per_step,timing_s_step,timing_s_gen,timing_s_old,timing_s_reward,timing_s_update_actor,timing_s_adv,timing_s_save_checkpoint,timing_s_validation,perf_max_memory_allocated_gb,perf_max_memory_reserved_gb,perf_cpu_memory_used_gb,perf_throughput
1,qwen25vl7b_additive_ann0p50_sectioned_step100,logs/rlvr/annotation_additive_ann0p50_sectioned_reasoning_qwen25vl7b_h200_100step_20260713T140237Z.log,176.285,907.0,12.0,0.0,1224.891,1975.0,593.0,179350.5,205427.0,161055.0,0.248,0.115,0.221,0.248,0.973,0.937,0.175,0.075,2.125,5.0,0.269,102.663,102.663,30.765,18.632,0.954,52.159,0.027,,,31.793,87.249,73.414,1746.976
2,qwen25vl7b_additive_ann0p50_sectioned_step100,logs/rlvr/annotation_additive_ann0p50_sectioned_reasoning_qwen25vl7b_h200_100step_20260713T140237Z.log,195.353,819.0,9.0,0.0,1218.594,1919.0,614.0,180985.125,208135.0,159893.0,0.3,0.143,0.258,0.3,0.963,0.954,0.211,0.104,2.875,3.0,0.212,78.939,78.939,14.917,16.166,0.926,46.781,0.025,,,37.905,97.453,77.818,2292.723
3,qwen25vl7b_additive_ann0p50_sectioned_step100,logs/rlvr/annotation_additive_ann0p50_sectioned_reasoning_qwen25vl7b_h200_100step_20260713T140237Z.log,193.62,873.0,12.0,0.0,1243.227,1916.0,591.0,183916.375,200756.0,161440.0,0.295,0.11,0.241,0.295,0.97,0.953,0.173,0.079,7.375,7.0,0.247,79.326,79.326,15.391,16.218,0.946,46.693,0.022,,,38.294,105.441,78.974,2318.498
4,qwen25vl7b_additive_ann0p50_sectioned_step100,logs/rlvr/annotation_additive_ann0p50_sectioned_reasoning_qwen25vl7b_h200_100step_20260713T140237Z.log,199.328,849.0,10.0,0.0,1281.828,1973.0,606.0,189588.0,211499.0,160441.0,0.247,0.101,0.214,0.247,0.969,0.93,0.158,0.044,3.783,5.652,0.34,79.88,79.88,14.298,16.437,0.848,48.225,0.021,,,39.013,108.556,79.844,2373.422
5,qwen25vl7b_additive_ann0p50_sectioned_step100,logs/rlvr/annotation_additive_ann0p50_sectioned_reasoning_qwen25vl7b_h200_100step_20260713T140237Z.log,192.145,2048.0,22.0,0.001,1284.211,1977.0,618.0,188973.5,200115.0,175222.0,0.295,0.112,0.241,0.295,0.957,0.93,0.177,0.052,3.167,4.0,0.266,88.576,88.576,23.522,16.308,0.844,47.826,0.021,,,39.088,109.405,81.932,2133.472
6,qwen25vl7b_additive_ann0p50_sectioned_step100,logs/rlvr/annotation_additive_ann0p50_sectioned_reasoning_qwen25vl7b_h200_100step_20260713T140237Z.log,208.617,2048.0,15.0,0.001,1283.82,1957.0,539.0,191032.0,205850.0,169280.0,0.3,0.1,0.239,0.3,0.973,0.937,0.122,0.055,4.188,5.0,0.36,85.791,85.791,19.412,16.557,0.841,48.879,0.021,,,39.174,109.758,81.927,2226.706
7,qwen25vl7b_additive_ann0p50_sectioned_step100,logs/rlvr/annotation_additive_ann0p50_sectioned_reasoning_qwen25vl7b_h200_100step_20260713T140237Z.log,216.752,1040.0,11.0,0.0,1278.023,1935.0,638.0,191331.25,205052.0,159044.0,0.295,0.121,0.246,0.295,0.972,0.952,0.181,0.079,4.25,3.0,0.266,81.109,81.109,14.642,16.474,0.855,48.628,0.021,,,39.523,116.764,80.938,2358.949
8,qwen25vl7b_additive_ann0p50_sectioned_step100,logs/rlvr/annotation_additive_ann0p50_sectioned_reasoning_qwen25vl7b_h200_100step_20260713T140237Z.log,220.233,2048.0,23.0,0.001,1192.977,1912.0,541.0,180890.875,197069.0,163563.0,0.286,0.103,0.233,0.286,0.972,0.935,0.143,0.091,3.391,3.348,0.253,81.542,81.542,19.525,15.568,0.826,45.543,0.022,,,39.35,116.591,80.755,2218.385
9,qwen25vl7b_additive_ann0p50_sectioned_step100,logs/rlvr/annotation_additive_ann0p50_sectioned_reasoning_qwen25vl7b_h200_100step_20260713T140237Z.log,227.365,2048.0,19.0,0.001,1283.18,1921.0,640.0,193349.75,210750.0,174848.0,0.28,0.125,0.241,0.28,0.964,0.931,0.198,0.056,2.923,5.846,0.254,90.084,90.084,22.731,17.013,0.94,49.319,0.023,,,39.955,118.267,81.532,2146.322
10,qwen25vl7b_additive_ann0p50_sectioned_step100,logs/rlvr/annotation_additive_ann0p50_sectioned_reasoning_qwen25vl7b_h200_100step_20260713T140237Z.log,241.331,2048.0,22.0,0.001,1273.148,1917.0,643.0,193853.375,219444.0,162438.0,0.288,0.13,0.247,0.288,0.972,0.936,0.191,0.076,3.0,6.0,0.293,86.793,86.793,20.368,16.876,0.945,48.512,0.023,,,39.854,122.41,81.993,2233.507
11,qwen25vl7b_additive_ann0p50_sectioned_step100,logs/rlvr/annotation_additive_ann0p50_sectioned_reasoning_qwen25vl7b_h200_100step_20260713T140237Z.log,246.627,986.0,16.0,0.0,1257.766,1979.0,567.0,192562.25,205174.0,178249.0,0.267,0.101,0.223,0.267,0.974,0.936,0.142,0.076,3.533,5.667,0.306,81.519,81.519,15.094,16.694,0.929,48.735,0.023,,,39.284,121.84,81.802,2362.188
12,qwen25vl7b_additive_ann0p50_sectioned_step100,logs/rlvr/annotation_additive_ann0p50_sectioned_reasoning_qwen25vl7b_h200_100step_20260713T140237Z.log,264.997,2048.0,25.0,0.002,1246.672,1928.0,595.0,193493.625,205982.0,173854.0,0.298,0.115,0.245,0.298,0.976,0.95,0.175,0.095,4.5,3.333,0.273,87.517,87.517,20.769,16.865,0.936,48.881,0.023,,,39.901,122.457,82.25,2210.92
13,qwen25vl7b_additive_ann0p50_sectioned_step100,logs/rlvr/annotation_additive_ann0p50_sectioned_reasoning_qwen25vl7b_h200_100step_20260713T140237Z.log,265.999,2048.0,63.0,0.001,1187.805,1871.0,566.0,186086.875,194017.0,175703.0,0.304,0.138,0.259,0.304,0.982,0.965,0.208,0.069,4.739,5.0,0.232,87.553,87.553,24.274,15.898,0.924,46.301,0.023,,,39.918,122.474,82.144,2125.427
14,qwen25vl7b_additive_ann0p50_sectioned_step100,logs/rlvr/annotation_additive_ann0p50_sectioned_reasoning_qwen25vl7b_h200_100step_20260713T140237Z.log,270.229,2048.0,31.0,0.002,1260.984,1926.0,609.0,195995.25,208509.0,182262.0,0.309,0.124,0.255,0.309,0.982,0.971,0.184,0.085,3.522,3.348,0.25,91.789,91.789,24.484,17.246,0.948,48.96,0.024,,,39.982,122.439,82.556,2135.273
15,qwen25vl7b_additive_ann0p50_sectioned_step100,logs/rlvr/annotation_additive_ann0p50_sectioned_reasoning_qwen25vl7b_h200_100step_20260713T140237Z.log,268.172,1580.0,23.0,0.0,1273.602,1905.0,569.0,197347.0,216502.0,171954.0,0.366,0.136,0.288,0.366,0.986,0.945,0.183,0.096,4.25,7.0,0.272,88.112,88.112,19.527,17.691,0.96,49.857,0.024,,,39.296,121.754,82.339,2239.735
16,qwen25vl7b_additive_ann0p50_sectioned_step100,logs/rlvr/annotation_additive_ann0p50_sectioned_reasoning_qwen25vl7b_h200_100step_20260713T140237Z.log,269.81,1280.0,12.0,0.0,1260.766,1963.0,602.0,195913.625,210356.0,180931.0,0.295,0.117,0.245,0.295,0.983,0.957,0.164,0.111,4.583,5.333,0.294,84.743,84.743,16.953,17.149,0.961,49.528,0.024,,,39.781,124.026,82.254,2311.865
17,qwen25vl7b_additive_ann0p50_sectioned_step100,logs/rlvr/annotation_additive_ann0p50_sectioned_reasoning_qwen25vl7b_h200_100step_20260713T140237Z.log,279.696,1249.0,22.0,0.0,1281.695,1973.0,603.0,199858.125,232800.0,181875.0,0.365,0.125,0.282,0.365,0.981,0.957,0.181,0.089,,,0.236,89.163,89.163,21.26,16.96,0.95,49.821,0.024,,,39.797,125.598,83.246,2241.501
18,qwen25vl7b_additive_ann0p50_sectioned_step100,logs/rlvr/annotation_additive_ann0p50_sectioned_reasoning_qwen25vl7b_h200_100step_20260713T140237Z.log,295.041,2048.0,21.0,0.003,1166.07,1984.0,586.0,187022.25,198959.0,179237.0,0.332,0.165,0.285,0.332,0.984,0.962,0.25,0.087,,,0.244,84.746,84.746,21.481,16.145,0.925,46.114,0.024,,,39.883,125.684,82.835,2206.864
19,qwen25vl7b_additive_ann0p50_sectioned_step100,logs/rlvr/annotation_additive_ann0p50_sectioned_reasoning_qwen25vl7b_h200_100step_20260713T140237Z.log,268.271,1890.0,62.0,0.0,1249.836,1884.0,574.0,194317.625,218381.0,164616.0,0.317,0.147,0.27,0.317,0.982,0.948,0.206,0.105,,,0.236,87.838,87.838,20.377,17.43,0.955,48.998,0.024,,,39.953,126.679,82.493,2212.215
20,qwen25vl7b_additive_ann0p50_sectioned_step100,logs/rlvr/annotation_additive_ann0p50_sectioned_reasoning_qwen25vl7b_h200_100step_20260713T140237Z.log,266.192,2048.0,16.0,0.001,1269.844,1931.0,599.0,196612.625,222384.0,177489.0,0.339,0.115,0.264,0.339,0.979,0.949,0.152,0.097,4.136,4.364,0.264,90.052,90.052,21.515,17.62,0.95,49.9,0.024,,,39.991,126.717,83.348,2183.318
21,qwen25vl7b_additive_ann0p50_sectioned_step100,logs/rlvr/annotation_additive_ann0p50_sectioned_reasoning_qwen25vl7b_h200_100step_20260713T140237Z.log,275.767,2048.0,72.0,0.001,1204.852,1972.0,618.0,189519.125,209366.0,174762.0,0.313,0.132,0.261,0.313,0.987,0.965,0.198,0.102,4.036,3.714,0.235,91.752,91.752,26.718,16.433,0.821,47.64,0.022,,,39.951,126.677,83.107,2065.563
22,qwen25vl7b_additive_ann0p50_sectioned_step100,logs/rlvr/annotation_additive_ann0p50_sectioned_reasoning_qwen25vl7b_h200_100step_20260713T140237Z.log,268.884,927.0,23.0,0.0,1255.43,1919.0,607.0,195112.125,206650.0,181092.0,0.293,0.144,0.257,0.293,0.981,0.954,0.197,0.104,2.125,2.0,0.244,82.419,82.419,16.329,16.812,0.868,48.33,0.022,,,39.584,126.31,82.782,2367.308
23,qwen25vl7b_additive_ann0p50_sectioned_step100,logs/rlvr/annotation_additive_ann0p50_sectioned_reasoning_qwen25vl7b_h200_100step_20260713T140237Z.log,251.156,828.0,24.0,0.0,1231.984,1963.0,567.0,189842.0,219681.0,163415.0,0.34,0.134,0.274,0.34,0.982,0.956,0.209,0.106,3.617,3.638,0.202,81.637,81.637,16.096,16.75,0.855,47.876,0.022,,,39.672,126.398,83.435,2325.43
24,qwen25vl7b_additive_ann0p50_sectioned_step100,logs/rlvr/annotation_additive_ann0p50_sectioned_reasoning_qwen25vl7b_h200_100step_20260713T140237Z.log,278.192,1536.0,63.0,0.0,1294.555,1973.0,541.0,201311.625,216503.0,184754.0,0.295,0.133,0.253,0.295,0.984,0.964,0.171,0.131,4.425,5.2,0.259,87.873,87.873,18.612,17.826,0.87,50.505,0.022,,,39.612,126.338,83.334,2290.93
25,qwen25vl7b_additive_ann0p50_sectioned_step100,logs/rlvr/annotation_additive_ann0p50_sectioned_reasoning_qwen25vl7b_h200_100step_20260713T140237Z.log,260.54,1969.0,41.0,0.0,1192.039,1919.0,570.0,185930.125,194793.0,169292.0,0.335,0.15,0.28,0.335,0.985,0.962,0.212,0.075,2.812,3.0,0.243,89.479,89.479,25.723,16.14,0.816,46.657,0.022,,,39.735,126.46,84.639,2077.915
26,qwen25vl7b_additive_ann0p50_sectioned_step100,logs/rlvr/annotation_additive_ann0p50_sectioned_reasoning_qwen25vl7b_h200_100step_20260713T140237Z.log,270.326,803.0,22.0,0.0,1257.133,1936.0,577.0,195514.75,214598.0,178350.0,0.312,0.141,0.264,0.312,0.983,0.971,0.195,0.116,3.312,4.5,0.228,82.057,82.057,14.875,17.106,0.836,49.163,0.022,,,40.01,126.736,84.733,2382.666
27,qwen25vl7b_additive_ann0p50_sectioned_step100,logs/rlvr/annotation_additive_ann0p50_sectioned_reasoning_qwen25vl7b_h200_100step_20260713T140237Z.log,287.605,1570.0,25.0,0.0,1261.922,1908.0,609.0,198339.5,211350.0,182369.0,0.302,0.164,0.271,0.302,0.983,0.947,0.259,0.113,2.5,3.0,0.186,86.048,86.048,18.342,17.249,0.851,49.534,0.022,,,39.65,126.376,84.563,2304.978
28,qwen25vl7b_additive_ann0p50_sectioned_step100,logs/rlvr/annotation_additive_ann0p50_sectioned_reasoning_qwen25vl7b_h200_100step_20260713T140237Z.log,280.745,2048.0,44.0,0.001,1250.398,1992.0,540.0,195986.375,218574.0,176557.0,0.31,0.167,0.275,0.31,0.98,0.969,0.211,0.106,4.375,5.0,0.26,87.661,87.661,20.626,17.062,0.857,49.055,0.023,,,39.59,126.316,84.337,2235.732
29,qwen25vl7b_additive_ann0p50_sectioned_step100,logs/rlvr/annotation_additive_ann0p50_sectioned_reasoning_qwen25vl7b_h200_100step_20260713T140237Z.log,253.2,824.0,50.0,0.0,1239.789,1909.0,520.0,191102.625,213983.0,170003.0,0.318,0.16,0.277,0.318,0.985,0.96,0.231,0.133,5.75,7.0,0.214,82.114,82.114,16.428,16.731,0.838,47.977,0.021,,,39.612,126.338,85.1,2327.295
30,qwen25vl7b_additive_ann0p50_sectioned_step100,logs/rlvr/annotation_additive_ann0p50_sectioned_reasoning_qwen25vl7b_h200_100step_20260713T140237Z.log,269.197,866.0,42.0,0.0,1195.898,1920.0,583.0,187532.25,199607.0,160104.0,0.313,0.143,0.266,0.313,0.987,0.962,0.215,0.115,4.208,5.0,0.222,78.393,78.393,14.221,16.248,0.841,47.006,0.023,,,40.055,126.781,84.778,2392.203
31,qwen25vl7b_additive_ann0p50_sectioned_step100,logs/rlvr/annotation_additive_ann0p50_sectioned_reasoning_qwen25vl7b_h200_100step_20260713T140237Z.log,251.884,1103.0,78.0,0.0,1202.227,1916.0,584.0,186126.125,196921.0,177991.0,0.37,0.165,0.304,0.37,0.992,0.972,0.239,0.125,4.075,4.8,0.199,79.713,79.713,15.184,16.323,0.85,47.223,0.022,,,39.596,126.788,84.499,2334.967
32,qwen25vl7b_additive_ann0p50_sectioned_step100,logs/rlvr/annotation_additive_ann0p50_sectioned_reasoning_qwen25vl7b_h200_100step_20260713T140237Z.log,272.481,1021.0,25.0,0.0,1270.766,1955.0,596.0,197535.625,211159.0,178042.0,0.312,0.184,0.285,0.312,0.983,0.975,0.244,0.124,3.125,3.5,0.207,82.884,82.884,15.063,17.128,0.891,49.741,0.023,,,40.202,128.013,84.811,2383.288
33,qwen25vl7b_additive_ann0p50_sectioned_step100,logs/rlvr/annotation_additive_ann0p50_sectioned_reasoning_qwen25vl7b_h200_100step_20260713T140237Z.log,272.949,985.0,25.0,0.0,1234.539,1907.0,593.0,192958.5,206404.0,183155.0,0.332,0.219,0.311,0.332,0.982,0.951,0.275,0.188,4.286,5.0,0.225,84.315,84.315,18.509,16.626,0.959,48.139,0.024,,,40.175,127.987,85.024,2288.551
34,qwen25vl7b_additive_ann0p50_sectioned_step100,logs/rlvr/annotation_additive_ann0p50_sectioned_reasoning_qwen25vl7b_h200_100step_20260713T140237Z.log,266.866,1489.0,22.0,0.0,1297.109,1947.0,562.0,200188.875,211250.0,183104.0,0.304,0.169,0.274,0.304,0.987,0.952,0.223,0.156,2.667,3.0,0.239,88.41,88.41,18.421,17.961,1.001,50.938,0.025,,,39.801,127.613,85.345,2264.318
35,qwen25vl7b_additive_ann0p50_sectioned_step100,logs/rlvr/annotation_additive_ann0p50_sectioned_reasoning_qwen25vl7b_h200_100step_20260713T140237Z.log,272.308,1399.0,42.0,0.0,1225.352,1900.0,569.0,191700.375,202602.0,180459.0,0.283,0.196,0.277,0.283,0.99,0.968,0.269,0.151,3.333,4.0,0.231,83.834,83.834,17.747,16.75,1.008,48.261,0.024,,,39.448,127.259,85.461,2286.661
36,qwen25vl7b_additive_ann0p50_sectioned_step100,logs/rlvr/annotation_additive_ann0p50_sectioned_reasoning_qwen25vl7b_h200_100step_20260713T140237Z.log,255.322,2048.0,25.0,0.001,1256.945,1910.0,597.0,193570.25,212168.0,179919.0,0.34,0.168,0.291,0.34,0.989,0.976,0.219,0.145,4.522,5.043,0.229,88.356,88.356,20.615,17.401,0.966,49.305,0.026,,,39.812,127.624,84.82,2190.807
37,qwen25vl7b_additive_ann0p50_sectioned_step100,logs/rlvr/annotation_additive_ann0p50_sectioned_reasoning_qwen25vl7b_h200_100step_20260713T140237Z.log,261.491,1083.0,56.0,0.0,1226.531,1969.0,586.0,190466.875,214133.0,181693.0,0.421,0.212,0.35,0.421,0.991,0.984,0.248,0.192,,,0.18,83.213,83.213,17.321,17.048,0.826,47.88,0.022,,,40.04,127.851,85.99,2288.912
38,qwen25vl7b_additive_ann0p50_sectioned_step100,logs/rlvr/annotation_additive_ann0p50_sectioned_reasoning_qwen25vl7b_h200_100step_20260713T140237Z.log,265.445,1962.0,26.0,0.0,1249.102,1939.0,577.0,193862.0,200938.0,186127.0,0.338,0.187,0.299,0.338,0.989,0.975,0.251,0.172,,,0.192,86.965,86.965,20.19,17.033,0.87,48.794,0.022,,,39.65,127.462,85.384,2229.197
39,qwen25vl7b_additive_ann0p50_sectioned_step100,logs/rlvr/annotation_additive_ann0p50_sectioned_reasoning_qwen25vl7b_h200_100step_20260713T140237Z.log,263.702,797.0,70.0,0.0,1244.414,1912.0,565.0,193038.875,205182.0,174199.0,0.332,0.173,0.29,0.332,0.989,0.962,0.221,0.158,6.125,6.0,0.229,80.884,80.884,14.111,17.005,0.843,48.791,0.022,,,39.603,127.414,85.575,2386.62
40,qwen25vl7b_additive_ann0p50_sectioned_step100,logs/rlvr/annotation_additive_ann0p50_sectioned_reasoning_qwen25vl7b_h200_100step_20260713T140237Z.log,268.41,1750.0,26.0,0.0,1214.406,1972.0,613.0,189800.5,205617.0,176654.0,0.293,0.16,0.265,0.293,0.992,0.98,0.202,0.184,2.417,3.0,0.264,84.269,84.269,18.57,16.812,0.903,47.909,0.023,,,39.84,127.651,85.065,2252.305
41,qwen25vl7b_additive_ann0p50_sectioned_step100,logs/rlvr/annotation_additive_ann0p50_sectioned_reasoning_qwen25vl7b_h200_100step_20260713T140237Z.log,249.166,1101.0,83.0,0.0,1235.859,1930.0,563.0,190083.25,204864.0,181191.0,0.357,0.182,0.306,0.357,0.996,0.976,0.234,0.146,,,0.252,84.12,84.12,18.379,16.685,0.977,47.997,0.024,,,40.011,127.822,85.285,2259.666
42,qwen25vl7b_additive_ann0p50_sectioned_step100,logs/rlvr/annotation_additive_ann0p50_sectioned_reasoning_qwen25vl7b_h200_100step_20260713T140237Z.log,250.73,859.0,68.0,0.0,1280.93,1974.0,592.0,196052.5,208664.0,182312.0,0.302,0.188,0.282,0.302,0.993,0.989,0.226,0.194,,,0.258,83.212,83.212,14.826,17.377,1.023,49.901,0.027,,,39.851,127.638,85.614,2356.057
43,qwen25vl7b_additive_ann0p50_sectioned_step100,logs/rlvr/annotation_additive_ann0p50_sectioned_reasoning_qwen25vl7b_h200_100step_20260713T140237Z.log,238.7,744.0,26.0,0.0,1244.43,1930.0,569.0,189840.625,204248.0,174345.0,0.334,0.177,0.292,0.334,0.993,0.973,0.26,0.134,4.062,2.5,0.221,80.618,80.618,13.839,17.259,0.981,48.46,0.025,,,39.948,127.736,85.859,2354.814
44,qwen25vl7b_additive_ann0p50_sectioned_step100,logs/rlvr/annotation_additive_ann0p50_sectioned_reasoning_qwen25vl7b_h200_100step_20260713T140237Z.log,250.467,2048.0,26.0,0.001,1277.117,1955.0,567.0,195530.75,218760.0,178712.0,0.297,0.223,0.297,0.297,0.995,0.986,0.276,0.228,,,0.207,89.654,89.654,21.242,17.713,0.978,49.652,0.025,,,39.6,127.388,86.634,2180.957
45,qwen25vl7b_additive_ann0p50_sectioned_step100,logs/rlvr/annotation_additive_ann0p50_sectioned_reasoning_qwen25vl7b_h200_100step_20260713T140237Z.log,267.773,2048.0,83.0,0.001,1213.789,1920.0,586.0,189640.0,206919.0,167250.0,0.328,0.203,0.302,0.328,0.989,0.975,0.267,0.187,5.25,4.0,0.2,88.571,88.571,24.201,16.172,0.939,47.108,0.025,,,39.705,127.492,86.732,2141.096
46,qwen25vl7b_additive_ann0p50_sectioned_step100,logs/rlvr/annotation_additive_ann0p50_sectioned_reasoning_qwen25vl7b_h200_100step_20260713T140237Z.log,247.003,842.0,79.0,0.0,1274.086,1955.0,587.0,194699.375,214173.0,170149.0,0.358,0.191,0.311,0.358,0.992,0.986,0.197,0.242,,,0.229,82.509,82.509,14.293,17.442,0.986,49.705,0.025,,,39.612,127.399,86.269,2359.723
47,qwen25vl7b_additive_ann0p50_sectioned_step100,logs/rlvr/annotation_additive_ann0p50_sectioned_reasoning_qwen25vl7b_h200_100step_20260713T140237Z.log,267.328,1587.0,78.0,0.0,1214.602,1939.0,567.0,189687.0,197764.0,177149.0,0.34,0.209,0.31,0.34,0.987,0.97,0.235,0.239,4.0,5.067,0.23,84.146,84.146,18.563,16.823,0.97,47.722,0.025,,,39.841,127.628,85.894,2254.273
48,qwen25vl7b_additive_ann0p50_sectioned_step100,logs/rlvr/annotation_additive_ann0p50_sectioned_reasoning_qwen25vl7b_h200_100step_20260713T140237Z.log,254.165,2048.0,71.0,0.001,1302.297,1913.0,586.0,199227.125,227152.0,176713.0,0.385,0.226,0.34,0.385,0.992,0.988,0.269,0.233,3.125,4.0,0.177,91.202,91.202,20.623,18.153,1.004,51.352,0.025,,,39.997,127.784,86.708,2184.454
49,qwen25vl7b_additive_ann0p50_sectioned_step100,logs/rlvr/annotation_additive_ann0p50_sectioned_reasoning_qwen25vl7b_h200_100step_20260713T140237Z.log,247.83,918.0,62.0,0.0,1230.43,1921.0,577.0,189217.25,203866.0,170239.0,0.353,0.227,0.325,0.353,0.992,0.982,0.31,0.166,3.375,3.667,0.188,81.922,81.922,16.731,16.533,0.842,47.672,0.022,,,39.861,127.649,86.946,2309.733
50,qwen25vl7b_additive_ann0p50_sectioned_step100,logs/rlvr/annotation_additive_ann0p50_sectioned_reasoning_qwen25vl7b_h200_100step_20260713T140237Z.log,263.671,1052.0,75.0,0.0,1263.844,1957.0,590.0,195521.875,215244.0,178405.0,0.33,0.206,0.304,0.33,0.992,0.976,0.264,0.209,3.875,5.0,0.229,83.242,83.242,15.849,17.176,0.958,49.175,0.023,,,39.651,127.529,86.643,2348.849
51,qwen25vl7b_additive_ann0p50_sectioned_step100,logs/rlvr/annotation_additive_ann0p50_sectioned_reasoning_qwen25vl7b_h200_100step_20260713T140237Z.log,275.522,1235.0,26.0,0.0,1249.102,1927.0,591.0,195151.875,209502.0,182822.0,0.342,0.225,0.319,0.342,0.993,0.989,0.248,0.267,4.286,6.0,0.238,84.921,84.921,17.676,17.138,0.892,49.155,0.022,,,39.821,127.699,86.439,2298.034
52,qwen25vl7b_additive_ann0p50_sectioned_step100,logs/rlvr/annotation_additive_ann0p50_sectioned_reasoning_qwen25vl7b_h200_100step_20260713T140237Z.log,255.124,958.0,75.0,0.0,1203.984,1920.0,545.0,186765.875,203742.0,179867.0,0.261,0.218,0.277,0.261,0.992,0.982,0.299,0.136,,,0.219,77.952,77.952,14.537,16.074,0.872,46.407,0.023,,,39.873,127.751,86.029,2395.907
53,qwen25vl7b_additive_ann0p50_sectioned_step100,logs/rlvr/annotation_additive_ann0p50_sectioned_reasoning_qwen25vl7b_h200_100step_20260713T140237Z.log,252.629,821.0,45.0,0.0,1269.578,1900.0,636.0,194842.5,207141.0,178447.0,0.323,0.209,0.303,0.323,0.992,0.985,0.264,0.187,4.25,4.0,0.245,83.637,83.637,17.165,16.694,0.869,48.77,0.022,,,40.036,128.125,86.654,2329.633
54,qwen25vl7b_additive_ann0p50_sectioned_step100,logs/rlvr/annotation_additive_ann0p50_sectioned_reasoning_qwen25vl7b_h200_100step_20260713T140237Z.log,243.755,1727.0,54.0,0.0,1286.562,1967.0,577.0,195880.625,217163.0,179219.0,0.326,0.196,0.298,0.326,0.995,0.988,0.252,0.213,3.652,4.652,0.182,86.046,86.046,18.878,16.88,0.863,49.337,0.023,,,39.792,127.854,87.087,2276.474
55,qwen25vl7b_additive_ann0p50_sectioned_step100,logs/rlvr/annotation_additive_ann0p50_sectioned_reasoning_qwen25vl7b_h200_100step_20260713T140237Z.log,251.643,910.0,66.0,0.0,1230.703,1924.0,538.0,189740.25,201735.0,176107.0,0.343,0.257,0.334,0.343,0.994,0.986,0.311,0.284,,,0.161,80.115,80.115,14.932,16.349,0.928,47.833,0.022,,,39.886,127.947,86.457,2368.343
56,qwen25vl7b_additive_ann0p50_sectioned_step100,logs/rlvr/annotation_additive_ann0p50_sectioned_reasoning_qwen25vl7b_h200_100step_20260713T140237Z.log,247.954,1058.0,83.0,0.0,1264.914,1920.0,667.0,193647.125,219487.0,174030.0,0.341,0.217,0.315,0.341,0.992,0.979,0.263,0.208,4.562,3.5,0.21,82.552,82.552,15.611,16.919,0.852,49.042,0.022,,,39.857,127.918,86.749,2345.756
57,qwen25vl7b_additive_ann0p50_sectioned_step100,logs/rlvr/annotation_additive_ann0p50_sectioned_reasoning_qwen25vl7b_h200_100step_20260713T140237Z.log,255.244,855.0,24.0,0.0,1237.734,1922.0,613.0,191101.25,203884.0,182132.0,0.346,0.261,0.338,0.346,0.992,0.986,0.295,0.303,2.25,2.5,0.159,82.224,82.224,16.668,16.541,0.853,48.019,0.023,,,39.881,127.942,86.861,2324.168
58,qwen25vl7b_additive_ann0p50_sectioned_step100,logs/rlvr/annotation_additive_ann0p50_sectioned_reasoning_qwen25vl7b_h200_100step_20260713T140237Z.log,241.344,802.0,17.0,0.0,1186.008,1923.0,589.0,182701.0,195535.0,175702.0,0.308,0.226,0.303,0.308,0.991,0.986,0.285,0.238,2.812,3.5,0.18,77.387,77.387,13.674,16.485,0.856,46.295,0.023,,,40.121,128.182,86.611,2360.867
59,qwen25vl7b_additive_ann0p50_sectioned_step100,logs/rlvr/annotation_additive_ann0p50_sectioned_reasoning_qwen25vl7b_h200_100step_20260713T140237Z.log,250.367,963.0,53.0,0.0,1286.094,1944.0,588.0,196667.0,214172.0,180908.0,0.371,0.252,0.345,0.371,0.987,0.976,0.29,0.259,6.25,7.0,0.206,85.736,85.736,15.924,18.081,0.875,50.795,0.022,,,39.488,127.549,87.473,2293.862
60,qwen25vl7b_additive_ann0p50_sectioned_step100,logs/rlvr/annotation_additive_ann0p50_sectioned_reasoning_qwen25vl7b_h200_100step_20260713T140237Z.log,252.844,2048.0,78.0,0.002,1283.273,1907.0,544.0,196623.0,207891.0,181067.0,0.355,0.207,0.317,0.355,0.989,0.984,0.254,0.209,5.5,5.0,0.218,89.974,89.974,20.837,17.971,0.864,50.24,0.023,,,39.822,127.883,87.268,2185.337
61,qwen25vl7b_additive_ann0p50_sectioned_step100,logs/rlvr/annotation_additive_ann0p50_sectioned_reasoning_qwen25vl7b_h200_100step_20260713T140237Z.log,258.356,1001.0,62.0,0.0,1241.328,1914.0,592.0,191959.625,215118.0,175445.0,0.378,0.26,0.352,0.378,0.989,0.977,0.301,0.292,1.812,2.5,0.192,84.433,84.433,17.888,16.585,0.924,48.953,0.023,,,40.019,128.08,87.107,2273.508
62,qwen25vl7b_additive_ann0p50_sectioned_step100,logs/rlvr/annotation_additive_ann0p50_sectioned_reasoning_qwen25vl7b_h200_100step_20260713T140237Z.log,264.681,1793.0,64.0,0.0,1237.344,1955.0,610.0,192259.125,200949.0,180768.0,0.306,0.219,0.299,0.306,0.993,0.984,0.246,0.263,3.5,5.0,0.239,86.395,86.395,19.388,17.789,0.881,48.257,0.022,,,39.863,127.924,87.161,2225.353
63,qwen25vl7b_additive_ann0p50_sectioned_step100,logs/rlvr/annotation_additive_ann0p50_sectioned_reasoning_qwen25vl7b_h200_100step_20260713T140237Z.log,249.443,889.0,54.0,0.0,1249.898,1922.0,538.0,191915.75,208388.0,183309.0,0.317,0.234,0.312,0.317,0.997,0.969,0.312,0.229,,,0.2,81.421,81.421,15.146,16.961,0.881,48.371,0.023,,,39.833,127.895,87.065,2357.078
64,qwen25vl7b_additive_ann0p50_sectioned_step100,logs/rlvr/annotation_additive_ann0p50_sectioned_reasoning_qwen25vl7b_h200_100step_20260713T140237Z.log,247.297,838.0,40.0,0.0,1241.547,1969.0,545.0,190572.0,208285.0,179380.0,0.343,0.243,0.328,0.343,0.995,0.978,0.308,0.2,3.792,4.667,0.19,80.849,80.849,15.403,16.371,0.895,48.119,0.023,,,39.673,127.811,87.174,2357.124
65,qwen25vl7b_additive_ann0p50_sectioned_step100,logs/rlvr/annotation_additive_ann0p50_sectioned_reasoning_qwen25vl7b_h200_100step_20260713T140237Z.log,261.468,1122.0,64.0,0.0,1245.953,1922.0,649.0,192949.875,214699.0,176102.0,0.361,0.268,0.348,0.361,0.993,0.991,0.338,0.242,4.0,4.0,0.16,84.564,84.564,18.074,16.945,0.849,48.554,0.023,,,39.667,127.805,88.094,2281.713
66,qwen25vl7b_additive_ann0p50_sectioned_step100,logs/rlvr/annotation_additive_ann0p50_sectioned_reasoning_qwen25vl7b_h200_100step_20260713T140237Z.log,264.355,2048.0,67.0,0.001,1194.742,1933.0,582.0,186764.5,204382.0,167017.0,0.312,0.237,0.311,0.312,0.99,0.987,0.307,0.255,4.452,4.71,0.159,83.369,83.369,20.721,16.319,0.744,45.525,0.022,,,39.868,128.006,86.87,2240.216
67,qwen25vl7b_additive_ann0p50_sectioned_step100,logs/rlvr/annotation_additive_ann0p50_sectioned_reasoning_qwen25vl7b_h200_100step_20260713T140237Z.log,260.22,859.0,67.0,0.0,1254.961,1909.0,573.0,193943.125,200901.0,181541.0,0.391,0.234,0.346,0.391,0.995,0.981,0.303,0.238,,,0.141,79.865,79.865,14.352,16.86,0.761,47.832,0.022,,,39.708,127.95,87.331,2428.385
68,qwen25vl7b_additive_ann0p50_sectioned_step100,logs/rlvr/annotation_additive_ann0p50_sectioned_reasoning_qwen25vl7b_h200_100step_20260713T140237Z.log,265.796,862.0,81.0,0.0,1234.094,1972.0,587.0,191985.875,205388.0,179491.0,0.349,0.256,0.337,0.349,0.995,0.986,0.323,0.263,2.5,2.0,0.196,79.668,79.668,14.564,16.831,0.737,47.475,0.023,,,39.662,127.904,87.322,2409.826
69,qwen25vl7b_additive_ann0p50_sectioned_step100,logs/rlvr/annotation_additive_ann0p50_sectioned_reasoning_qwen25vl7b_h200_100step_20260713T140237Z.log,283.736,788.0,72.0,0.0,1259.133,1898.0,572.0,197487.25,212723.0,183519.0,0.336,0.261,0.333,0.336,0.995,0.976,0.318,0.244,2.375,3.5,0.199,86.678,86.678,17.551,17.744,0.974,50.257,0.024,,,39.676,127.918,87.621,2278.412
70,qwen25vl7b_additive_ann0p50_sectioned_step100,logs/rlvr/annotation_additive_ann0p50_sectioned_reasoning_qwen25vl7b_h200_100step_20260713T140237Z.log,254.03,2048.0,80.0,0.001,1253.922,1971.0,568.0,193017.875,216851.0,178526.0,0.372,0.251,0.346,0.372,0.995,0.993,0.304,0.237,4.75,5.0,0.201,87.47,87.47,21.201,17.274,0.824,48.087,0.024,,,40.027,128.269,88.503,2206.663
71,qwen25vl7b_additive_ann0p50_sectioned_step100,logs/rlvr/annotation_additive_ann0p50_sectioned_reasoning_qwen25vl7b_h200_100step_20260713T140237Z.log,277.408,924.0,80.0,0.0,1247.062,1953.0,582.0,195132.25,218013.0,173562.0,0.343,0.219,0.317,0.343,0.995,0.994,0.28,0.243,3.708,4.0,0.203,81.066,81.066,15.692,17.169,0.828,47.31,0.023,,,39.797,128.039,87.682,2407.087
72,qwen25vl7b_additive_ann0p50_sectioned_step100,logs/rlvr/annotation_additive_ann0p50_sectioned_reasoning_qwen25vl7b_h200_100step_20260713T140237Z.log,270.36,1227.0,74.0,0.0,1212.242,1916.0,565.0,189773.125,206382.0,180579.0,0.337,0.244,0.326,0.337,0.99,0.969,0.294,0.266,4.458,4.333,0.22,81.333,81.333,16.85,16.867,0.825,46.724,0.025,,,39.882,128.124,87.319,2333.284
73,qwen25vl7b_additive_ann0p50_sectioned_step100,logs/rlvr/annotation_additive_ann0p50_sectioned_reasoning_qwen25vl7b_h200_100step_20260713T140237Z.log,292.554,2048.0,74.0,0.002,1277.023,1906.0,617.0,200905.875,212582.0,183229.0,0.344,0.267,0.339,0.344,0.988,0.981,0.351,0.219,3.625,4.667,0.169,97.105,97.105,28.107,17.607,0.876,50.37,0.023,,,40.078,128.32,87.589,2068.945
74,qwen25vl7b_additive_ann0p50_sectioned_step100,logs/rlvr/annotation_additive_ann0p50_sectioned_reasoning_qwen25vl7b_h200_100step_20260713T140237Z.log,270.434,863.0,76.0,0.0,1250.133,1956.0,570.0,194632.5,217852.0,180699.0,0.322,0.255,0.324,0.322,0.994,0.985,0.289,0.281,3.833,3.667,0.207,82.229,82.229,15.946,17.224,0.755,48.229,0.023,,,39.632,127.874,87.641,2366.949
75,qwen25vl7b_additive_ann0p50_sectioned_step100,logs/rlvr/annotation_additive_ann0p50_sectioned_reasoning_qwen25vl7b_h200_100step_20260713T140237Z.log,273.123,1307.0,78.0,0.0,1270.695,1981.0,567.0,197608.75,212467.0,181433.0,0.314,0.233,0.31,0.314,0.997,0.978,0.296,0.249,5.312,3.5,0.202,85.603,85.603,18.984,17.191,0.804,48.496,0.023,,,39.826,128.068,88.032,2308.426
76,qwen25vl7b_additive_ann0p50_sectioned_step100,logs/rlvr/annotation_additive_ann0p50_sectioned_reasoning_qwen25vl7b_h200_100step_20260713T140237Z.log,296.313,2048.0,81.0,0.001,1232.516,1970.0,590.0,195690.125,209287.0,169918.0,0.382,0.281,0.365,0.382,0.993,0.968,0.346,0.306,2.812,3.0,0.214,90.407,90.407,23.714,16.914,0.85,48.868,0.024,,,39.878,128.12,88.15,2164.551
77,qwen25vl7b_additive_ann0p50_sectioned_step100,logs/rlvr/annotation_additive_ann0p50_sectioned_reasoning_qwen25vl7b_h200_100step_20260713T140237Z.log,268.15,919.0,90.0,0.0,1179.062,1907.0,585.0,185243.25,196673.0,175058.0,0.385,0.348,0.398,0.385,0.999,0.991,0.403,0.352,4.8,4.8,0.158,81.34,81.34,17.667,16.044,0.957,46.569,0.024,,,40.258,128.5,87.362,2277.385
78,qwen25vl7b_additive_ann0p50_sectioned_step100,logs/rlvr/annotation_additive_ann0p50_sectioned_reasoning_qwen25vl7b_h200_100step_20260713T140237Z.log,270.474,900.0,80.0,0.0,1221.594,1916.0,604.0,190984.625,213197.0,182211.0,0.365,0.289,0.36,0.365,0.992,0.989,0.338,0.31,2.5,2.0,0.161,81.309,81.309,15.506,16.843,0.963,47.914,0.026,,,39.726,128.296,87.702,2348.886
79,qwen25vl7b_additive_ann0p50_sectioned_step100,logs/rlvr/annotation_additive_ann0p50_sectioned_reasoning_qwen25vl7b_h200_100step_20260713T140237Z.log,269.213,1129.0,100.0,0.0,1292.617,1908.0,585.0,199914.25,209853.0,183408.0,0.347,0.265,0.34,0.347,0.996,0.989,0.331,0.287,,,0.188,85.667,85.667,15.979,17.965,0.986,50.668,0.025,,,39.633,128.204,88.851,2333.634
80,qwen25vl7b_additive_ann0p50_sectioned_step100,logs/rlvr/annotation_additive_ann0p50_sectioned_reasoning_qwen25vl7b_h200_100step_20260713T140237Z.log,267.795,2048.0,91.0,0.001,1236.969,1919.0,603.0,192609.75,217554.0,162191.0,0.379,0.305,0.375,0.379,0.997,0.981,0.376,0.308,2.917,3.333,0.162,88.352,88.352,21.309,17.525,0.814,48.637,0.024,,,39.839,128.409,87.888,2180.029
81,qwen25vl7b_additive_ann0p50_sectioned_step100,logs/rlvr/annotation_additive_ann0p50_sectioned_reasoning_qwen25vl7b_h200_100step_20260713T140237Z.log,268.6,902.0,83.0,0.0,1218.781,1919.0,563.0,190384.75,209263.0,175542.0,0.396,0.343,0.401,0.396,0.997,0.994,0.397,0.371,4.417,4.333,0.112,83.988,83.988,17.533,16.761,0.965,48.578,0.026,,,40.037,128.608,88.007,2266.805
82,qwen25vl7b_additive_ann0p50_sectioned_step100,logs/rlvr/annotation_additive_ann0p50_sectioned_reasoning_qwen25vl7b_h200_100step_20260713T140237Z.log,271.322,1390.0,72.0,0.0,1275.172,1945.0,568.0,197951.25,212763.0,184660.0,0.356,0.268,0.346,0.356,0.996,0.981,0.332,0.268,4.25,5.0,0.198,86.836,86.836,17.417,17.837,0.989,50.514,0.026,,,40.069,128.64,88.12,2279.587
83,qwen25vl7b_additive_ann0p50_sectioned_step100,logs/rlvr/annotation_additive_ann0p50_sectioned_reasoning_qwen25vl7b_h200_100step_20260713T140237Z.log,279.346,1186.0,90.0,0.0,1266.227,1973.0,595.0,197833.25,211079.0,174687.0,0.371,0.293,0.365,0.371,0.99,0.974,0.363,0.277,,,0.172,86.545,86.545,16.875,17.938,0.976,50.676,0.025,,,40.05,128.621,88.861,2285.903
84,qwen25vl7b_additive_ann0p50_sectioned_step100,logs/rlvr/annotation_additive_ann0p50_sectioned_reasoning_qwen25vl7b_h200_100step_20260713T140237Z.log,270.128,950.0,96.0,0.0,1199.062,1918.0,602.0,188056.375,200246.0,172746.0,0.366,0.305,0.368,0.366,0.996,0.991,0.345,0.347,4.188,4.5,0.164,79.493,79.493,15.041,16.53,0.947,46.905,0.026,,,39.919,128.49,88.093,2365.705
85,qwen25vl7b_additive_ann0p50_sectioned_step100,logs/rlvr/annotation_additive_ann0p50_sectioned_reasoning_qwen25vl7b_h200_100step_20260713T140237Z.log,288.173,2048.0,96.0,0.001,1182.141,1973.0,539.0,188200.125,203296.0,170840.0,0.335,0.294,0.349,0.335,0.994,0.992,0.326,0.328,4.375,4.0,0.173,87.644,87.644,23.2,16.468,0.952,46.944,0.024,,,39.931,128.502,87.833,2147.329
86,qwen25vl7b_additive_ann0p50_sectioned_step100,logs/rlvr/annotation_additive_ann0p50_sectioned_reasoning_qwen25vl7b_h200_100step_20260713T140237Z.log,283.863,997.0,93.0,0.0,1311.297,1961.0,603.0,204180.5,230324.0,183097.0,0.39,0.276,0.366,0.39,0.998,0.977,0.381,0.21,4.125,4.0,0.177,86.174,86.174,16.087,17.967,0.892,51.142,0.024,,,39.773,128.344,88.681,2369.404
87,qwen25vl7b_additive_ann0p50_sectioned_step100,logs/rlvr/annotation_additive_ann0p50_sectioned_reasoning_qwen25vl7b_h200_100step_20260713T140237Z.log,289.771,1289.0,85.0,0.0,1278.312,1910.0,684.0,200714.625,221481.0,180518.0,0.333,0.277,0.339,0.333,0.993,0.985,0.371,0.299,4.062,4.5,0.168,85.544,85.544,17.828,17.301,0.964,49.384,0.024,,,39.867,128.438,88.515,2346.326
88,qwen25vl7b_additive_ann0p50_sectioned_step100,logs/rlvr/annotation_additive_ann0p50_sectioned_reasoning_qwen25vl7b_h200_100step_20260713T140237Z.log,276.501,931.0,92.0,0.0,1255.297,1960.0,592.0,196070.125,225624.0,173825.0,0.363,0.297,0.364,0.363,0.999,0.998,0.354,0.313,4.0,5.4,0.134,81.701,81.701,16.132,16.999,0.84,47.653,0.024,,,40.06,128.631,88.99,2399.854
89,qwen25vl7b_additive_ann0p50_sectioned_step100,logs/rlvr/annotation_additive_ann0p50_sectioned_reasoning_qwen25vl7b_h200_100step_20260713T140237Z.log,289.594,1933.0,99.0,0.0,1210.539,1911.0,604.0,192017.0,209249.0,175757.0,0.333,0.327,0.363,0.333,0.994,0.992,0.395,0.323,,,0.156,87.379,87.379,22.71,16.034,0.868,47.691,0.022,,,40.109,128.679,88.633,2197.52
90,qwen25vl7b_additive_ann0p50_sectioned_step100,logs/rlvr/annotation_additive_ann0p50_sectioned_reasoning_qwen25vl7b_h200_100step_20260713T140237Z.log,290.392,1071.0,103.0,0.0,1237.125,1918.0,576.0,195522.125,210840.0,183996.0,0.334,0.294,0.348,0.334,0.997,0.995,0.364,0.278,6.25,6.0,0.16,81.674,81.674,15.883,16.6,0.87,48.236,0.024,,,39.844,128.415,88.448,2393.931
91,qwen25vl7b_additive_ann0p50_sectioned_step100,logs/rlvr/annotation_additive_ann0p50_sectioned_reasoning_qwen25vl7b_h200_100step_20260713T140237Z.log,304.623,2048.0,74.0,0.001,1277.383,1982.0,577.0,202496.75,211881.0,194672.0,0.361,0.272,0.351,0.361,0.995,0.986,0.325,0.296,3.531,3.25,0.168,88.816,88.816,20.758,17.119,0.905,49.957,0.023,,,39.674,128.245,88.758,2279.959
92,qwen25vl7b_additive_ann0p50_sectioned_step100,logs/rlvr/annotation_additive_ann0p50_sectioned_reasoning_qwen25vl7b_h200_100step_20260713T140237Z.log,299.77,1043.0,87.0,0.0,1258.273,1957.0,582.0,199429.5,218561.0,181354.0,0.349,0.262,0.34,0.349,0.994,0.991,0.304,0.307,4.143,4.143,0.146,85.115,85.115,16.314,17.788,0.933,49.993,0.032,,,39.66,128.231,88.245,2343.063
93,qwen25vl7b_additive_ann0p50_sectioned_step100,logs/rlvr/annotation_additive_ann0p50_sectioned_reasoning_qwen25vl7b_h200_100step_20260713T140237Z.log,317.855,2048.0,99.0,0.002,1255.711,1917.0,617.0,201416.5,216054.0,179920.0,0.325,0.26,0.327,0.325,0.995,0.99,0.313,0.278,4.25,6.0,0.201,92.643,92.643,24.392,17.439,0.855,49.883,0.022,,,39.923,128.494,89.054,2174.124
94,qwen25vl7b_additive_ann0p50_sectioned_step100,logs/rlvr/annotation_additive_ann0p50_sectioned_reasoning_qwen25vl7b_h200_100step_20260713T140237Z.log,298.76,2048.0,117.0,0.002,1236.156,1959.0,543.0,196469.25,206047.0,185287.0,0.33,0.276,0.338,0.33,0.991,0.982,0.308,0.297,4.625,5.0,0.221,88.016,88.016,20.719,17.058,0.866,49.286,0.025,,,39.866,128.437,88.66,2232.205
95,qwen25vl7b_additive_ann0p50_sectioned_step100,logs/rlvr/annotation_additive_ann0p50_sectioned_reasoning_qwen25vl7b_h200_100step_20260713T140237Z.log,302.964,831.0,104.0,0.0,1206.047,1953.0,581.0,193153.375,221612.0,169075.0,0.328,0.309,0.353,0.328,1.0,0.991,0.38,0.328,5.812,6.5,0.163,79.141,79.141,14.348,16.312,0.861,47.56,0.023,,,40.065,128.636,88.549,2440.613
96,qwen25vl7b_additive_ann0p50_sectioned_step100,logs/rlvr/annotation_additive_ann0p50_sectioned_reasoning_qwen25vl7b_h200_100step_20260713T140237Z.log,301.076,1031.0,106.0,0.0,1194.047,1912.0,627.0,191375.75,211657.0,176040.0,0.369,0.323,0.378,0.369,0.995,0.984,0.357,0.368,5.938,3.25,0.194,80.165,80.165,15.412,16.252,0.851,47.588,0.023,,,40.098,128.668,88.536,2387.266
97,qwen25vl7b_additive_ann0p50_sectioned_step100,logs/rlvr/annotation_additive_ann0p50_sectioned_reasoning_qwen25vl7b_h200_100step_20260713T140237Z.log,299.005,1390.0,92.0,0.0,1266.641,1961.0,647.0,200402.625,222521.0,181858.0,0.326,0.275,0.335,0.326,0.998,0.991,0.304,0.34,4.0,6.0,0.178,86.874,86.874,19.298,16.806,0.974,49.711,0.024,,,39.434,128.004,88.956,2306.808
98,qwen25vl7b_additive_ann0p50_sectioned_step100,logs/rlvr/annotation_additive_ann0p50_sectioned_reasoning_qwen25vl7b_h200_100step_20260713T140237Z.log,310.898,1391.0,123.0,0.0,1232.586,1920.0,601.0,197566.0,209393.0,179413.0,0.326,0.275,0.335,0.326,0.996,0.994,0.334,0.276,,,0.229,84.372,84.372,17.152,16.942,1.033,49.145,0.025,,,39.679,128.249,88.939,2341.619
99,qwen25vl7b_additive_ann0p50_sectioned_step100,logs/rlvr/annotation_additive_ann0p50_sectioned_reasoning_qwen25vl7b_h200_100step_20260713T140237Z.log,292.937,2048.0,110.0,0.001,1248.086,1954.0,568.0,197250.875,206428.0,179877.0,0.381,0.283,0.365,0.381,0.998,0.997,0.324,0.36,3.344,4.0,0.227,88.749,88.749,21.054,17.078,1.125,49.344,0.025,,,39.868,128.438,89.204,2222.571
100,qwen25vl7b_additive_ann0p50_sectioned_step100,logs/rlvr/annotation_additive_ann0p50_sectioned_reasoning_qwen25vl7b_h200_100step_20260713T140237Z.log,303.514,781.0,111.0,0.0,1254.906,1934.0,627.0,199477.75,220624.0,172574.0,0.338,0.309,0.357,0.338,0.998,0.98,0.374,0.312,4.125,5.0,0.142,266.463,266.463,14.887,17.906,0.977,50.033,0.026,19.349,163.242,40.068,128.639,89.171,748.614
101,qwen25vl7b_additive_ann0p50_sectioned_resume100_to200,logs/rlvr/trace_annotation_additive_ann0p50_sectioned_reasoning_qwen25vl7b_h200_resume100_to200_20260713T173224Z.log,296.562,1423.0,101.0,0.0,1212.578,1917.0,660.0,193169.875,225908.0,168726.0,0.396,0.343,0.401,0.396,0.994,0.986,0.399,0.363,3.083,3.667,0.144,100.429,100.429,32.412,17.924,0.849,49.07,0.026,,,38.719,104.373,77.497,1923.452
102,qwen25vl7b_additive_ann0p50_sectioned_resume100_to200,logs/rlvr/trace_annotation_additive_ann0p50_sectioned_reasoning_qwen25vl7b_h200_resume100_to200_20260713T173224Z.log,309.208,1016.0,100.0,0.0,1269.984,1988.0,603.0,202136.625,224552.0,181994.0,0.38,0.292,0.369,0.38,0.999,0.996,0.336,0.35,3.5,3.333,0.162,84.954,84.954,16.209,17.34,0.88,50.448,0.023,,,38.753,105.823,78.717,2379.359
103,qwen25vl7b_additive_ann0p50_sectioned_resume100_to200,logs/rlvr/trace_annotation_additive_ann0p50_sectioned_reasoning_qwen25vl7b_h200_resume100_to200_20260713T173224Z.log,288.398,1040.0,94.0,0.0,1245.18,1905.0,545.0,196298.0,211571.0,181757.0,0.423,0.327,0.406,0.423,0.999,0.981,0.381,0.363,4.042,3.667,0.177,87.502,87.502,20.96,16.915,0.941,48.532,0.024,,,39.39,115.876,80.618,2243.35
104,qwen25vl7b_additive_ann0p50_sectioned_resume100_to200,logs/rlvr/trace_annotation_additive_ann0p50_sectioned_reasoning_qwen25vl7b_h200_resume100_to200_20260713T173224Z.log,296.531,2002.0,108.0,0.0,1259.289,1917.0,562.0,199145.0,222702.0,186667.0,0.336,0.32,0.361,0.336,0.998,0.998,0.403,0.334,4.0,4.0,0.185,89.806,89.806,21.975,17.405,0.951,49.392,0.023,,,39.203,115.69,81.497,2217.497
105,qwen25vl7b_additive_ann0p50_sectioned_resume100_to200,logs/rlvr/trace_annotation_additive_ann0p50_sectioned_reasoning_qwen25vl7b_h200_resume100_to200_20260713T173224Z.log,306.737,1023.0,104.0,0.0,1231.711,1959.0,564.0,196921.375,209202.0,181340.0,0.391,0.343,0.398,0.391,0.995,0.984,0.403,0.404,,,0.178,83.701,83.701,16.189,17.054,0.939,49.371,0.023,,,39.3,118.191,80.736,2352.676
106,qwen25vl7b_additive_ann0p50_sectioned_resume100_to200,logs/rlvr/trace_annotation_additive_ann0p50_sectioned_reasoning_qwen25vl7b_h200_resume100_to200_20260713T173224Z.log,301.312,2048.0,89.0,0.001,1274.672,1905.0,638.0,201726.0,213783.0,175492.0,0.341,0.311,0.36,0.341,0.996,0.968,0.411,0.295,,,0.164,90.279,90.279,21.206,17.709,0.953,50.262,0.023,,,39.137,118.271,81.196,2234.484
107,qwen25vl7b_additive_ann0p50_sectioned_resume100_to200,logs/rlvr/trace_annotation_additive_ann0p50_sectioned_reasoning_qwen25vl7b_h200_resume100_to200_20260713T173224Z.log,278.298,938.0,98.0,0.0,1276.227,1956.0,560.0,198979.125,207778.0,190065.0,0.385,0.323,0.386,0.385,0.998,0.988,0.407,0.322,3.875,3.0,0.159,84.843,84.843,15.447,17.499,0.949,50.251,0.023,,,39.215,120.089,82.134,2345.264
108,qwen25vl7b_additive_ann0p50_sectioned_resume100_to200,logs/rlvr/trace_annotation_additive_ann0p50_sectioned_reasoning_qwen25vl7b_h200_resume100_to200_20260713T173224Z.log,298.54,2048.0,114.0,0.001,1254.977,1985.0,683.0,198850.125,211354.0,180876.0,0.393,0.328,0.392,0.393,0.996,0.996,0.35,0.394,4.125,4.0,0.163,90.456,90.456,21.186,18.13,0.954,50.12,0.023,,,39.0,119.874,81.993,2198.302
109,qwen25vl7b_additive_ann0p50_sectioned_resume100_to200,logs/rlvr/trace_annotation_additive_ann0p50_sectioned_reasoning_qwen25vl7b_h200_resume100_to200_20260713T173224Z.log,283.585,2048.0,115.0,0.002,1269.875,1901.0,577.0,198842.875,215902.0,183284.0,0.386,0.336,0.393,0.386,0.998,0.99,0.4,0.368,4.438,4.5,0.172,91.42,91.42,23.59,17.206,0.862,49.637,0.021,,,39.398,120.273,82.079,2175.036
110,qwen25vl7b_additive_ann0p50_sectioned_resume100_to200,logs/rlvr/trace_annotation_additive_ann0p50_sectioned_reasoning_qwen25vl7b_h200_resume100_to200_20260713T173224Z.log,271.56,1068.0,92.0,0.0,1293.789,1933.0,590.0,200364.625,226466.0,178901.0,0.396,0.291,0.376,0.396,0.997,0.986,0.34,0.311,4.5,4.0,0.175,85.015,85.015,16.545,17.433,0.878,50.1,0.022,,,39.024,119.899,82.924,2356.816
111,qwen25vl7b_additive_ann0p50_sectioned_resume100_to200,logs/rlvr/trace_annotation_additive_ann0p50_sectioned_reasoning_qwen25vl7b_h200_resume100_to200_20260713T173224Z.log,272.395,857.0,34.0,0.0,1243.898,1982.0,586.0,194085.5,214892.0,180577.0,0.349,0.299,0.357,0.349,0.997,0.985,0.359,0.349,3.542,4.333,0.188,84.046,84.046,17.373,17.046,1.021,48.522,0.022,,,39.55,121.718,83.332,2309.271
112,qwen25vl7b_additive_ann0p50_sectioned_resume100_to200,logs/rlvr/trace_annotation_additive_ann0p50_sectioned_reasoning_qwen25vl7b_h200_resume100_to200_20260713T173224Z.log,288.685,2048.0,78.0,0.001,1230.109,1937.0,573.0,194405.625,220673.0,176968.0,0.378,0.326,0.384,0.378,0.997,0.996,0.39,0.36,,,0.119,87.142,87.142,20.598,16.887,0.879,48.65,0.022,,,39.325,121.493,82.716,2230.899
113,qwen25vl7b_additive_ann0p50_sectioned_resume100_to200,logs/rlvr/trace_annotation_additive_ann0p50_sectioned_reasoning_qwen25vl7b_h200_resume100_to200_20260713T173224Z.log,306.252,873.0,106.0,0.0,1218.297,1914.0,540.0,195142.25,207775.0,181592.0,0.382,0.389,0.416,0.382,0.996,0.984,0.461,0.425,4.875,6.5,0.124,80.37,80.37,15.174,16.843,0.855,47.37,0.021,,,39.324,122.463,83.081,2428.056
114,qwen25vl7b_additive_ann0p50_sectioned_resume100_to200,logs/rlvr/trace_annotation_additive_ann0p50_sectioned_reasoning_qwen25vl7b_h200_resume100_to200_20260713T173224Z.log,270.086,2048.0,92.0,0.001,1249.945,1917.0,601.0,194564.0,209661.0,179889.0,0.387,0.349,0.399,0.387,0.996,0.993,0.376,0.471,4.688,5.0,0.194,88.37,88.37,21.194,17.13,0.861,49.028,0.022,,,39.723,124.592,82.957,2201.704
115,qwen25vl7b_additive_ann0p50_sectioned_resume100_to200,logs/rlvr/trace_annotation_additive_ann0p50_sectioned_reasoning_qwen25vl7b_h200_resume100_to200_20260713T173224Z.log,274.332,1792.0,84.0,0.0,1277.969,1917.0,617.0,198694.5,212924.0,189484.0,0.419,0.339,0.41,0.419,0.999,0.989,0.388,0.377,5.25,5.0,0.159,88.142,88.142,19.16,17.651,0.87,50.319,0.021,,,39.022,123.891,84.018,2254.259
116,qwen25vl7b_additive_ann0p50_sectioned_resume100_to200,logs/rlvr/trace_annotation_additive_ann0p50_sectioned_reasoning_qwen25vl7b_h200_resume100_to200_20260713T173224Z.log,291.688,2048.0,74.0,0.001,1256.664,1907.0,625.0,198189.0,209864.0,188655.0,0.37,0.352,0.393,0.37,0.996,0.991,0.415,0.368,7.312,5.0,0.169,90.67,90.67,22.367,17.566,0.882,49.796,0.022,,,39.109,123.978,83.965,2185.829
117,qwen25vl7b_additive_ann0p50_sectioned_resume100_to200,logs/rlvr/trace_annotation_additive_ann0p50_sectioned_reasoning_qwen25vl7b_h200_resume100_to200_20260713T173224Z.log,292.869,2048.0,80.0,0.001,1198.945,1899.0,560.0,190952.25,207430.0,181345.0,0.433,0.342,0.418,0.433,0.998,0.996,0.364,0.407,3.0,2.0,0.173,87.864,87.864,22.562,16.822,0.848,47.507,0.022,,,39.433,124.59,83.402,2173.271
118,qwen25vl7b_additive_ann0p50_sectioned_resume100_to200,logs/rlvr/trace_annotation_additive_ann0p50_sectioned_reasoning_qwen25vl7b_h200_resume100_to200_20260713T173224Z.log,281.967,2048.0,88.0,0.001,1277.523,1958.0,602.0,199614.75,210351.0,186795.0,0.35,0.312,0.364,0.35,0.999,0.996,0.402,0.331,5.375,6.0,0.166,89.936,89.936,20.709,18.166,0.865,50.068,0.022,,,39.178,124.335,84.184,2219.514
119,qwen25vl7b_additive_ann0p50_sectioned_resume100_to200,logs/rlvr/trace_annotation_additive_ann0p50_sectioned_reasoning_qwen25vl7b_h200_resume100_to200_20260713T173224Z.log,294.026,2048.0,92.0,0.001,1164.805,1906.0,556.0,186730.375,200076.0,174512.0,0.371,0.315,0.375,0.371,0.987,0.965,0.391,0.321,,,0.198,88.165,88.165,23.779,16.637,0.921,46.645,0.033,,,39.478,125.141,84.444,2117.971
120,qwen25vl7b_additive_ann0p50_sectioned_resume100_to200,logs/rlvr/trace_annotation_additive_ann0p50_sectioned_reasoning_qwen25vl7b_h200_resume100_to200_20260713T173224Z.log,256.631,2048.0,89.0,0.001,1234.844,1972.0,566.0,190908.75,205224.0,179733.0,0.354,0.31,0.365,0.354,0.996,0.992,0.334,0.388,3.484,3.677,0.259,87.663,87.663,21.118,17.05,0.942,48.383,0.024,,,39.209,124.872,83.954,2177.759
121,qwen25vl7b_additive_ann0p50_sectioned_resume100_to200,logs/rlvr/trace_annotation_additive_ann0p50_sectioned_reasoning_qwen25vl7b_h200_resume100_to200_20260713T173224Z.log,320.038,2048.0,94.0,0.001,1168.953,1968.0,543.0,190590.875,202122.0,166453.0,0.438,0.411,0.453,0.438,0.994,0.986,0.45,0.483,5.25,6.0,0.114,86.45,86.45,22.767,16.07,0.917,46.545,0.024,,,39.172,124.835,83.763,2204.645
122,qwen25vl7b_additive_ann0p50_sectioned_resume100_to200,logs/rlvr/trace_annotation_additive_ann0p50_sectioned_reasoning_qwen25vl7b_h200_resume100_to200_20260713T173224Z.log,288.779,2048.0,83.0,0.001,1125.922,1908.0,541.0,181081.75,198974.0,165110.0,0.374,0.367,0.401,0.374,0.982,0.98,0.462,0.375,5.042,5.333,0.143,81.262,81.262,20.239,15.504,0.907,44.461,0.024,,,39.276,124.939,83.838,2228.362
123,qwen25vl7b_additive_ann0p50_sectioned_resume100_to200,logs/rlvr/trace_annotation_additive_ann0p50_sectioned_reasoning_qwen25vl7b_h200_resume100_to200_20260713T173224Z.log,285.146,2048.0,99.0,0.001,1249.211,1923.0,543.0,196397.625,211342.0,184356.0,0.412,0.344,0.409,0.412,0.992,0.991,0.427,0.321,3.25,4.0,0.164,88.629,88.629,20.88,17.018,0.939,49.64,0.024,,,39.271,124.934,83.88,2215.952
124,qwen25vl7b_additive_ann0p50_sectioned_resume100_to200,logs/rlvr/trace_annotation_additive_ann0p50_sectioned_reasoning_qwen25vl7b_h200_resume100_to200_20260713T173224Z.log,289.737,2048.0,79.0,0.001,1265.172,1912.0,601.0,199028.375,218072.0,180043.0,0.37,0.362,0.398,0.37,0.993,0.989,0.457,0.344,2.125,2.0,0.132,90.689,90.689,21.81,17.797,0.879,50.128,0.022,,,39.161,126.482,84.02,2194.616
125,qwen25vl7b_additive_ann0p50_sectioned_resume100_to200,logs/rlvr/trace_annotation_additive_ann0p50_sectioned_reasoning_qwen25vl7b_h200_resume100_to200_20260713T173224Z.log,296.256,1023.0,72.0,0.0,1223.758,1915.0,574.0,194561.75,202695.0,187867.0,0.408,0.336,0.403,0.408,0.999,0.992,0.374,0.393,,,0.195,82.575,82.575,17.574,16.272,0.858,47.735,0.021,,,39.474,126.836,84.354,2356.187
126,qwen25vl7b_additive_ann0p50_sectioned_resume100_to200,logs/rlvr/trace_annotation_additive_ann0p50_sectioned_reasoning_qwen25vl7b_h200_resume100_to200_20260713T173224Z.log,298.961,1618.0,100.0,0.0,1240.016,1919.0,542.0,196989.0,217531.0,180975.0,0.461,0.375,0.446,0.461,0.99,0.975,0.391,0.47,2.312,2.0,0.215,86.411,86.411,19.16,16.836,0.875,49.404,0.021,,,39.421,126.782,84.148,2279.665
127,qwen25vl7b_additive_ann0p50_sectioned_resume100_to200,logs/rlvr/trace_annotation_additive_ann0p50_sectioned_reasoning_qwen25vl7b_h200_resume100_to200_20260713T173224Z.log,297.04,959.0,100.0,0.0,1264.242,1955.0,567.0,199844.125,208870.0,189354.0,0.383,0.325,0.386,0.383,0.996,0.992,0.381,0.351,3.75,4.0,0.203,87.626,87.626,18.065,17.793,0.947,50.669,0.024,,,39.05,126.411,85.207,2280.642
128,qwen25vl7b_additive_ann0p50_sectioned_resume100_to200,logs/rlvr/trace_annotation_additive_ann0p50_sectioned_reasoning_qwen25vl7b_h200_resume100_to200_20260713T173224Z.log,288.385,1107.0,95.0,0.0,1248.125,1959.0,591.0,196673.25,221635.0,186890.0,0.427,0.391,0.438,0.427,1.0,0.986,0.444,0.419,2.0,2.0,0.146,84.05,84.05,16.165,17.648,0.95,49.209,0.024,,,39.499,126.861,84.69,2339.959
129,qwen25vl7b_additive_ann0p50_sectioned_resume100_to200,logs/rlvr/trace_annotation_additive_ann0p50_sectioned_reasoning_qwen25vl7b_h200_resume100_to200_20260713T173224Z.log,288.712,2048.0,108.0,0.001,1311.055,1971.0,585.0,204770.125,222201.0,177521.0,0.42,0.353,0.417,0.42,0.998,0.994,0.399,0.399,,,0.182,91.079,91.079,21.295,17.593,0.986,51.122,0.024,,,39.232,126.593,86.266,2248.265
130,qwen25vl7b_additive_ann0p50_sectioned_resume100_to200,logs/rlvr/trace_annotation_additive_ann0p50_sectioned_reasoning_qwen25vl7b_h200_resume100_to200_20260713T173224Z.log,296.896,2048.0,93.0,0.001,1235.891,1982.0,604.0,196196.75,213813.0,182482.0,0.39,0.378,0.415,0.39,0.996,0.979,0.448,0.392,3.0,3.0,0.115,88.956,88.956,21.44,17.355,0.936,49.072,0.024,,,39.727,127.047,86.051,2205.54
131,qwen25vl7b_additive_ann0p50_sectioned_resume100_to200,logs/rlvr/trace_annotation_additive_ann0p50_sectioned_reasoning_qwen25vl7b_h200_resume100_to200_20260713T173224Z.log,281.482,1199.0,74.0,0.0,1240.117,1914.0,565.0,194764.75,216923.0,181454.0,0.471,0.391,0.459,0.471,0.999,0.984,0.449,0.409,6.0,4.0,0.132,84.198,84.198,17.191,17.067,0.949,48.841,0.024,,,39.583,126.986,84.986,2313.168
132,qwen25vl7b_additive_ann0p50_sectioned_resume100_to200,logs/rlvr/trace_annotation_additive_ann0p50_sectioned_reasoning_qwen25vl7b_h200_resume100_to200_20260713T173224Z.log,292.127,1041.0,93.0,0.0,1266.969,1918.0,607.0,199564.25,221606.0,179751.0,0.422,0.42,0.449,0.422,0.99,0.989,0.497,0.466,3.5,4.0,0.106,85.327,85.327,15.899,17.946,0.966,50.362,0.025,,,39.276,126.679,85.06,2338.81
133,qwen25vl7b_additive_ann0p50_sectioned_resume100_to200,logs/rlvr/trace_annotation_additive_ann0p50_sectioned_reasoning_qwen25vl7b_h200_resume100_to200_20260713T173224Z.log,279.308,1600.0,91.0,0.0,1268.586,1915.0,572.0,198130.375,215211.0,181511.0,0.428,0.379,0.433,0.428,0.998,0.983,0.431,0.434,5.062,5.5,0.176,90.299,90.299,22.261,17.141,0.95,49.804,0.023,,,39.341,126.744,85.747,2194.163
134,qwen25vl7b_additive_ann0p50_sectioned_resume100_to200,logs/rlvr/trace_annotation_additive_ann0p50_sectioned_reasoning_qwen25vl7b_h200_resume100_to200_20260713T173224Z.log,304.076,1890.0,99.0,0.0,1196.297,1909.0,599.0,192047.75,200110.0,170367.0,0.425,0.382,0.433,0.425,0.997,0.997,0.429,0.439,4.5,3.667,0.153,86.315,86.315,21.219,16.508,0.93,47.51,0.024,,,39.61,127.299,84.916,2224.965
135,qwen25vl7b_additive_ann0p50_sectioned_resume100_to200,logs/rlvr/trace_annotation_additive_ann0p50_sectioned_reasoning_qwen25vl7b_h200_resume100_to200_20260713T173224Z.log,287.197,2048.0,94.0,0.001,1267.922,1909.0,573.0,199055.25,208783.0,177666.0,0.422,0.362,0.422,0.422,0.993,0.992,0.386,0.446,4.938,5.5,0.185,91.661,91.661,23.291,17.406,0.955,49.849,0.024,,,39.355,127.044,85.737,2171.654
136,qwen25vl7b_additive_ann0p50_sectioned_resume100_to200,logs/rlvr/trace_annotation_additive_ann0p50_sectioned_reasoning_qwen25vl7b_h200_resume100_to200_20260713T173224Z.log,298.339,1009.0,103.0,0.0,1248.492,1968.0,543.0,197994.375,214286.0,186620.0,0.424,0.354,0.419,0.424,0.998,0.985,0.387,0.449,4.0,5.5,0.188,84.66,84.66,16.368,17.493,0.958,49.76,0.025,,,39.079,126.768,86.114,2338.688
137,qwen25vl7b_additive_ann0p50_sectioned_resume100_to200,logs/rlvr/trace_annotation_additive_ann0p50_sectioned_reasoning_qwen25vl7b_h200_resume100_to200_20260713T173224Z.log,287.214,2048.0,109.0,0.001,1205.531,1919.0,565.0,191071.375,201640.0,183651.0,0.331,0.342,0.37,0.331,0.998,0.985,0.395,0.401,5.625,6.0,0.169,85.335,85.335,21.214,16.52,0.908,46.626,0.024,,,39.062,126.752,86.344,2239.078
138,qwen25vl7b_additive_ann0p50_sectioned_resume100_to200,logs/rlvr/trace_annotation_additive_ann0p50_sectioned_reasoning_qwen25vl7b_h200_resume100_to200_20260713T173224Z.log,304.792,1005.0,94.0,0.0,1269.922,1941.0,567.0,201563.375,220054.0,187792.0,0.414,0.383,0.428,0.414,0.998,0.98,0.462,0.413,3.062,3.0,0.175,81.748,81.748,15.395,16.394,0.694,49.196,0.024,,,39.075,126.765,86.361,2465.655
139,qwen25vl7b_additive_ann0p50_sectioned_resume100_to200,logs/rlvr/trace_annotation_additive_ann0p50_sectioned_reasoning_qwen25vl7b_h200_resume100_to200_20260713T173224Z.log,295.06,2048.0,95.0,0.001,1266.477,1970.0,568.0,199876.625,220239.0,177415.0,0.398,0.364,0.412,0.398,0.994,0.981,0.355,0.504,3.25,3.0,0.181,87.349,87.349,21.506,16.047,0.9,48.828,0.023,,,39.52,127.209,86.311,2288.246
140,qwen25vl7b_additive_ann0p50_sectioned_resume100_to200,logs/rlvr/trace_annotation_additive_ann0p50_sectioned_reasoning_qwen25vl7b_h200_resume100_to200_20260713T173224Z.log,283.218,2048.0,81.0,0.001,1284.867,1959.0,586.0,200714.875,221898.0,186379.0,0.396,0.362,0.41,0.396,0.997,0.978,0.408,0.411,5.0,7.0,0.255,87.801,87.801,21.128,16.16,0.677,49.768,0.025,,,39.43,127.226,87.075,2286.009
141,qwen25vl7b_additive_ann0p50_sectioned_resume100_to200,logs/rlvr/trace_annotation_additive_ann0p50_sectioned_reasoning_qwen25vl7b_h200_resume100_to200_20260713T173224Z.log,303.854,2048.0,93.0,0.002,1237.656,1917.0,573.0,197313.25,209180.0,185174.0,0.437,0.405,0.449,0.437,0.995,0.989,0.417,0.507,,,0.207,87.9,87.9,23.31,16.122,0.557,47.85,0.021,,,39.433,127.566,86.967,2244.747
142,qwen25vl7b_additive_ann0p50_sectioned_resume100_to200,logs/rlvr/trace_annotation_additive_ann0p50_sectioned_reasoning_qwen25vl7b_h200_resume100_to200_20260713T173224Z.log,298.929,1303.0,114.0,0.0,1253.914,1980.0,584.0,198763.875,225415.0,166217.0,0.39,0.318,0.386,0.39,0.997,0.996,0.383,0.365,4.75,4.333,0.163,82.553,82.553,17.301,15.968,0.56,48.664,0.021,,,39.517,127.65,87.18,2407.722
143,qwen25vl7b_additive_ann0p50_sectioned_resume100_to200,logs/rlvr/trace_annotation_additive_ann0p50_sectioned_reasoning_qwen25vl7b_h200_resume100_to200_20260713T173224Z.log,288.001,2048.0,93.0,0.003,1296.688,1901.0,587.0,202840.125,234375.0,183739.0,0.355,0.335,0.378,0.355,0.995,0.988,0.403,0.374,,,0.204,93.05,93.05,22.994,17.611,0.879,51.429,0.021,,,39.113,127.298,87.409,2179.902
144,qwen25vl7b_additive_ann0p50_sectioned_resume100_to200,logs/rlvr/trace_annotation_additive_ann0p50_sectioned_reasoning_qwen25vl7b_h200_resume100_to200_20260713T173224Z.log,285.997,1153.0,104.0,0.0,1220.031,1974.0,613.0,192771.625,217170.0,179315.0,0.405,0.367,0.417,0.405,0.996,0.99,0.425,0.421,,,0.157,82.259,82.259,17.383,16.501,0.877,47.419,0.024,,,39.324,127.51,87.321,2343.485
145,qwen25vl7b_additive_ann0p50_sectioned_resume100_to200,logs/rlvr/trace_annotation_additive_ann0p50_sectioned_reasoning_qwen25vl7b_h200_resume100_to200_20260713T173224Z.log,290.473,2048.0,104.0,0.001,1203.141,1907.0,601.0,191182.5,218055.0,171473.0,0.344,0.353,0.38,0.344,0.991,0.99,0.435,0.369,2.0,2.0,0.162,84.613,84.613,19.9,16.228,0.952,47.465,0.024,,,39.189,127.375,86.77,2259.487
146,qwen25vl7b_additive_ann0p50_sectioned_resume100_to200,logs/rlvr/trace_annotation_additive_ann0p50_sectioned_reasoning_qwen25vl7b_h200_resume100_to200_20260713T173224Z.log,296.021,1852.0,85.0,0.0,1209.812,1973.0,582.0,192746.75,206847.0,172538.0,0.387,0.34,0.395,0.387,0.997,0.987,0.372,0.407,,,0.211,86.792,86.792,21.634,16.551,0.934,47.605,0.026,,,39.334,127.519,87.006,2220.78
147,qwen25vl7b_additive_ann0p50_sectioned_resume100_to200,logs/rlvr/trace_annotation_additive_ann0p50_sectioned_reasoning_qwen25vl7b_h200_resume100_to200_20260713T173224Z.log,279.609,883.0,86.0,0.0,1227.383,1917.0,559.0,192895.0,210987.0,175152.0,0.439,0.378,0.438,0.439,0.998,0.993,0.425,0.39,5.5,5.0,0.19,79.907,79.907,14.651,17.056,0.761,47.379,0.022,,,39.462,127.647,86.818,2413.985
148,qwen25vl7b_additive_ann0p50_sectioned_resume100_to200,logs/rlvr/trace_annotation_additive_ann0p50_sectioned_reasoning_qwen25vl7b_h200_resume100_to200_20260713T173224Z.log,304.302,2048.0,96.0,0.001,1301.086,1974.0,636.0,205489.625,211475.0,194683.0,0.419,0.346,0.413,0.419,0.996,0.989,0.449,0.327,4.875,5.0,0.118,91.365,91.365,21.764,18.394,0.757,50.389,0.022,,,39.538,127.723,88.451,2249.117
149,qwen25vl7b_additive_ann0p50_sectioned_resume100_to200,logs/rlvr/trace_annotation_additive_ann0p50_sectioned_reasoning_qwen25vl7b_h200_resume100_to200_20260713T173224Z.log,294.129,2048.0,102.0,0.002,1219.703,1906.0,574.0,193770.5,239587.0,160184.0,0.371,0.393,0.413,0.371,0.992,0.977,0.382,0.492,4.8,3.467,0.175,88.952,88.952,24.175,16.857,0.806,47.053,0.022,,,39.023,127.433,87.371,2178.381
150,qwen25vl7b_additive_ann0p50_sectioned_resume100_to200,logs/rlvr/trace_annotation_additive_ann0p50_sectioned_reasoning_qwen25vl7b_h200_resume100_to200_20260713T173224Z.log,304.757,2048.0,103.0,0.001,1188.711,1917.0,580.0,191163.875,206163.0,174766.0,0.432,0.41,0.45,0.432,0.999,0.979,0.427,0.549,5.25,6.0,0.158,84.772,84.772,21.258,16.48,0.747,46.227,0.022,,,39.223,127.633,86.884,2255.04
151,qwen25vl7b_additive_ann0p50_sectioned_resume100_to200,logs/rlvr/trace_annotation_additive_ann0p50_sectioned_reasoning_qwen25vl7b_h200_resume100_to200_20260713T173224Z.log,299.045,953.0,107.0,0.0,1256.594,1919.0,575.0,199121.75,220203.0,188284.0,0.392,0.334,0.394,0.392,0.998,0.989,0.385,0.381,5.125,6.0,0.211,86.438,86.438,17.922,17.37,0.979,50.089,0.022,,,39.237,127.647,87.112,2303.624
152,qwen25vl7b_additive_ann0p50_sectioned_resume100_to200,logs/rlvr/trace_annotation_additive_ann0p50_sectioned_reasoning_qwen25vl7b_h200_resume100_to200_20260713T173224Z.log,295.937,1957.0,91.0,0.0,1255.297,1942.0,569.0,198557.875,217237.0,186476.0,0.415,0.346,0.411,0.415,0.998,0.988,0.363,0.454,3.875,5.0,0.204,88.175,88.175,21.235,17.243,0.744,48.866,0.032,,,39.002,127.411,88.448,2251.874
153,qwen25vl7b_additive_ann0p50_sectioned_resume100_to200,logs/rlvr/trace_annotation_additive_ann0p50_sectioned_reasoning_qwen25vl7b_h200_resume100_to200_20260713T173224Z.log,289.684,907.0,89.0,0.0,1238.773,1953.0,656.0,195642.5,210126.0,184482.0,0.41,0.383,0.427,0.41,0.998,0.995,0.433,0.409,,,0.186,80.568,80.568,15.298,17.044,0.741,47.359,0.022,,,39.595,128.031,87.332,2428.278
154,qwen25vl7b_additive_ann0p50_sectioned_resume100_to200,logs/rlvr/trace_annotation_additive_ann0p50_sectioned_reasoning_qwen25vl7b_h200_resume100_to200_20260713T173224Z.log,310.546,2048.0,106.0,0.001,1269.867,1912.0,602.0,202292.875,215557.0,189205.0,0.404,0.368,0.417,0.404,0.997,0.996,0.43,0.395,3.625,6.0,0.179,90.435,90.435,21.133,17.802,0.87,50.569,0.023,,,39.32,127.756,87.623,2236.891
155,qwen25vl7b_additive_ann0p50_sectioned_resume100_to200,logs/rlvr/trace_annotation_additive_ann0p50_sectioned_reasoning_qwen25vl7b_h200_resume100_to200_20260713T173224Z.log,306.908,2024.0,114.0,0.0,1263.359,1973.0,567.0,200994.25,220465.0,181481.0,0.417,0.314,0.397,0.417,0.996,0.986,0.368,0.347,3.917,4.333,0.154,88.936,88.936,21.771,17.638,0.757,48.711,0.022,,,39.39,127.826,88.573,2259.987
156,qwen25vl7b_additive_ann0p50_sectioned_resume100_to200,logs/rlvr/trace_annotation_additive_ann0p50_sectioned_reasoning_qwen25vl7b_h200_resume100_to200_20260713T173224Z.log,313.179,1663.0,86.0,0.0,1280.656,1967.0,585.0,204010.875,220127.0,183073.0,0.438,0.418,0.456,0.438,0.995,0.976,0.505,0.485,6.125,4.0,0.126,87.471,87.471,19.758,17.694,0.769,49.188,0.022,,,39.38,127.815,88.474,2332.328
157,qwen25vl7b_additive_ann0p50_sectioned_resume100_to200,logs/rlvr/trace_annotation_additive_ann0p50_sectioned_reasoning_qwen25vl7b_h200_resume100_to200_20260713T173224Z.log,313.408,2048.0,93.0,0.002,1267.016,1981.0,621.0,202294.25,226094.0,176149.0,0.451,0.384,0.446,0.451,0.992,0.99,0.449,0.389,6.25,7.0,0.178,92.542,92.542,23.731,17.392,0.887,50.472,0.022,,,39.211,127.646,88.389,2185.97
158,qwen25vl7b_additive_ann0p50_sectioned_resume100_to200,logs/rlvr/trace_annotation_additive_ann0p50_sectioned_reasoning_qwen25vl7b_h200_resume100_to200_20260713T173224Z.log,308.674,880.0,100.0,0.0,1233.984,1956.0,541.0,197460.25,204232.0,183021.0,0.423,0.407,0.444,0.423,0.995,0.991,0.448,0.446,5.0,5.0,0.188,81.287,81.287,14.989,17.306,0.746,48.185,0.022,,,39.384,127.819,88.818,2429.178
159,qwen25vl7b_additive_ann0p50_sectioned_resume100_to200,logs/rlvr/trace_annotation_additive_ann0p50_sectioned_reasoning_qwen25vl7b_h200_resume100_to200_20260713T173224Z.log,289.318,797.0,105.0,0.0,1260.719,1910.0,569.0,198404.75,220160.0,172480.0,0.414,0.359,0.417,0.414,0.999,0.984,0.406,0.423,5.0,5.0,0.193,84.489,84.489,16.705,17.511,0.868,49.323,0.021,,,38.987,127.423,88.518,2348.301
160,qwen25vl7b_additive_ann0p50_sectioned_resume100_to200,logs/rlvr/trace_annotation_additive_ann0p50_sectioned_reasoning_qwen25vl7b_h200_resume100_to200_20260713T173224Z.log,305.459,1084.0,94.0,0.0,1270.773,1906.0,607.0,201757.75,217113.0,187635.0,0.413,0.319,0.397,0.413,0.998,0.98,0.405,0.322,3.0,4.333,0.169,84.172,84.172,18.092,16.204,0.87,48.927,0.023,,,39.09,127.526,89.221,2396.982
161,qwen25vl7b_additive_ann0p50_sectioned_resume100_to200,logs/rlvr/trace_annotation_additive_ann0p50_sectioned_reasoning_qwen25vl7b_h200_resume100_to200_20260713T173224Z.log,303.163,1037.0,93.0,0.0,1286.742,1917.0,605.0,203507.875,211937.0,187983.0,0.389,0.345,0.398,0.389,0.997,0.991,0.363,0.418,3.25,3.5,0.138,83.636,83.636,15.987,17.646,0.779,49.164,0.021,,,39.502,127.938,89.32,2433.25
162,qwen25vl7b_additive_ann0p50_sectioned_resume100_to200,logs/rlvr/trace_annotation_additive_ann0p50_sectioned_reasoning_qwen25vl7b_h200_resume100_to200_20260713T173224Z.log,299.046,1047.0,97.0,0.0,1207.438,1897.0,578.0,192829.875,206275.0,172586.0,0.479,0.377,0.456,0.479,0.993,0.979,0.451,0.415,3.5,3.0,0.121,82.157,82.157,16.025,16.859,0.851,48.362,0.023,,,39.217,127.653,89.049,2347.079
163,qwen25vl7b_additive_ann0p50_sectioned_resume100_to200,logs/rlvr/trace_annotation_additive_ann0p50_sectioned_reasoning_qwen25vl7b_h200_resume100_to200_20260713T173224Z.log,300.289,1013.0,101.0,0.0,1202.656,1896.0,614.0,192377.0,203962.0,174134.0,0.399,0.421,0.44,0.399,0.997,0.998,0.444,0.542,3.125,2.0,0.177,79.21,79.21,15.902,15.596,0.788,46.864,0.022,,,39.375,127.81,88.061,2428.687
164,qwen25vl7b_additive_ann0p50_sectioned_resume100_to200,logs/rlvr/trace_annotation_additive_ann0p50_sectioned_reasoning_qwen25vl7b_h200_resume100_to200_20260713T173224Z.log,295.077,1013.0,107.0,0.0,1277.922,1959.0,607.0,201343.875,211634.0,186181.0,0.457,0.398,0.456,0.457,0.995,0.994,0.432,0.451,3.75,4.0,0.146,92.656,92.656,24.652,18.069,0.771,49.103,0.022,,,39.381,127.816,88.734,2173.025
165,qwen25vl7b_additive_ann0p50_sectioned_resume100_to200,logs/rlvr/trace_annotation_additive_ann0p50_sectioned_reasoning_qwen25vl7b_h200_resume100_to200_20260713T173224Z.log,286.839,1209.0,109.0,0.0,1253.281,1919.0,578.0,197135.375,212956.0,185859.0,0.405,0.393,0.429,0.405,0.992,0.984,0.415,0.471,5.875,4.5,0.183,84.359,84.359,18.008,16.374,0.81,49.106,0.022,,,39.36,127.796,88.31,2336.856
166,qwen25vl7b_additive_ann0p50_sectioned_resume100_to200,logs/rlvr/trace_annotation_additive_ann0p50_sectioned_reasoning_qwen25vl7b_h200_resume100_to200_20260713T173224Z.log,284.177,796.0,95.0,0.0,1247.578,1911.0,541.0,196064.625,213486.0,181522.0,0.395,0.356,0.406,0.395,0.992,0.982,0.374,0.484,,,0.187,80.338,80.338,14.718,16.848,0.813,47.899,0.022,,,39.352,127.771,89.153,2440.492
167,qwen25vl7b_additive_ann0p50_sectioned_resume100_to200,logs/rlvr/trace_annotation_additive_ann0p50_sectioned_reasoning_qwen25vl7b_h200_resume100_to200_20260713T173224Z.log,286.215,1657.0,104.0,0.0,1247.094,1922.0,581.0,196263.5,219144.0,166640.0,0.431,0.359,0.425,0.431,0.996,0.994,0.414,0.379,4.625,5.0,0.158,87.777,87.777,21.027,16.846,0.873,48.885,0.022,,,39.788,128.207,88.997,2235.926
168,qwen25vl7b_additive_ann0p50_sectioned_resume100_to200,logs/rlvr/trace_annotation_additive_ann0p50_sectioned_reasoning_qwen25vl7b_h200_resume100_to200_20260713T173224Z.log,284.99,894.0,86.0,0.0,1231.898,1981.0,584.0,194161.75,203028.0,174592.0,0.425,0.382,0.433,0.425,0.997,0.993,0.434,0.439,4.0,4.0,0.144,81.5,81.5,15.454,16.608,0.885,48.475,0.023,,,39.144,127.563,89.078,2382.345
169,qwen25vl7b_additive_ann0p50_sectioned_resume100_to200,logs/rlvr/trace_annotation_additive_ann0p50_sectioned_reasoning_qwen25vl7b_h200_resume100_to200_20260713T173224Z.log,289.238,2048.0,112.0,0.001,1258.977,1907.0,578.0,198171.5,214193.0,181255.0,0.415,0.368,0.422,0.415,0.997,0.988,0.414,0.436,4.5,4.333,0.191,89.06,89.06,20.821,17.296,1.018,49.855,0.026,,,39.575,127.994,88.606,2225.156
170,qwen25vl7b_additive_ann0p50_sectioned_resume100_to200,logs/rlvr/trace_annotation_additive_ann0p50_sectioned_reasoning_qwen25vl7b_h200_resume100_to200_20260713T173224Z.log,300.713,2048.0,90.0,0.001,1289.164,1922.0,573.0,203504.25,217961.0,194545.0,0.473,0.404,0.466,0.473,0.999,0.992,0.487,0.4,,,0.125,89.64,89.64,20.72,17.965,0.858,50.027,0.025,,,39.564,127.983,89.382,2270.249
171,qwen25vl7b_additive_ann0p50_sectioned_resume100_to200,logs/rlvr/trace_annotation_additive_ann0p50_sectioned_reasoning_qwen25vl7b_h200_resume100_to200_20260713T173224Z.log,286.247,1329.0,97.0,0.0,1243.992,1968.0,602.0,195870.625,219026.0,169837.0,0.456,0.446,0.478,0.456,0.998,0.997,0.495,0.489,2.5,5.0,0.147,82.787,82.787,17.134,17.213,0.811,47.559,0.025,,,39.304,127.723,89.373,2365.969
172,qwen25vl7b_additive_ann0p50_sectioned_resume100_to200,logs/rlvr/trace_annotation_additive_ann0p50_sectioned_reasoning_qwen25vl7b_h200_resume100_to200_20260713T173224Z.log,276.302,1454.0,95.0,0.0,1264.977,1917.0,574.0,197283.625,207716.0,182062.0,0.438,0.379,0.438,0.438,0.998,0.989,0.39,0.498,4.438,5.0,0.133,84.99,84.99,17.531,17.731,0.854,48.805,0.025,,,39.306,127.725,89.061,2321.263
173,qwen25vl7b_additive_ann0p50_sectioned_resume100_to200,logs/rlvr/trace_annotation_additive_ann0p50_sectioned_reasoning_qwen25vl7b_h200_resume100_to200_20260713T173224Z.log,284.504,929.0,88.0,0.0,1130.93,1911.0,614.0,181175.5,194857.0,161388.0,0.379,0.379,0.41,0.379,0.997,0.989,0.444,0.438,,,0.161,76.439,76.439,15.949,15.707,0.793,43.923,0.024,,,39.718,128.137,89.392,2370.211
174,qwen25vl7b_additive_ann0p50_sectioned_resume100_to200,logs/rlvr/trace_annotation_additive_ann0p50_sectioned_reasoning_qwen25vl7b_h200_resume100_to200_20260713T173224Z.log,301.102,805.0,87.0,0.0,1269.055,1939.0,568.0,200980.0,224691.0,175710.0,0.389,0.361,0.406,0.389,0.999,0.997,0.404,0.42,3.7,4.8,0.181,82.873,82.873,14.679,17.618,0.842,49.666,0.024,,,39.178,127.597,89.422,2425.166
175,qwen25vl7b_additive_ann0p50_sectioned_resume100_to200,logs/rlvr/trace_annotation_additive_ann0p50_sectioned_reasoning_qwen25vl7b_h200_resume100_to200_20260713T173224Z.log,265.817,837.0,86.0,0.0,1226.516,1914.0,625.0,191018.625,201228.0,182845.0,0.391,0.351,0.402,0.391,0.997,0.979,0.369,0.476,6.438,6.5,0.195,83.995,83.995,17.401,16.835,0.916,48.696,0.025,,,39.511,127.93,89.718,2274.165
176,qwen25vl7b_additive_ann0p50_sectioned_resume100_to200,logs/rlvr/trace_annotation_additive_ann0p50_sectioned_reasoning_qwen25vl7b_h200_resume100_to200_20260713T173224Z.log,287.242,2048.0,93.0,0.001,1262.586,1921.0,599.0,198378.0,218203.0,176351.0,0.368,0.344,0.388,0.368,0.998,0.989,0.378,0.413,4.375,5.0,0.247,89.542,89.542,20.765,17.648,0.978,50.07,0.026,,,39.077,127.496,89.867,2215.473
177,qwen25vl7b_additive_ann0p50_sectioned_resume100_to200,logs/rlvr/trace_annotation_additive_ann0p50_sectioned_reasoning_qwen25vl7b_h200_resume100_to200_20260713T173224Z.log,275.927,2048.0,99.0,0.001,1227.883,1935.0,569.0,192487.625,211710.0,180325.0,0.406,0.42,0.442,0.406,0.996,0.996,0.493,0.454,3.688,4.0,0.124,87.568,87.568,20.882,17.119,0.952,48.546,0.026,,,39.481,128.436,89.604,2198.161
178,qwen25vl7b_additive_ann0p50_sectioned_resume100_to200,logs/rlvr/trace_annotation_additive_ann0p50_sectioned_reasoning_qwen25vl7b_h200_resume100_to200_20260713T173224Z.log,284.545,2048.0,87.0,0.002,1263.906,1928.0,616.0,198201.75,209202.0,185668.0,0.393,0.426,0.438,0.393,0.996,0.994,0.492,0.468,4.375,4.0,0.144,88.23,88.23,21.057,17.812,0.852,48.439,0.025,,,39.467,128.422,89.57,2246.432
179,qwen25vl7b_additive_ann0p50_sectioned_resume100_to200,logs/rlvr/trace_annotation_additive_ann0p50_sectioned_reasoning_qwen25vl7b_h200_resume100_to200_20260713T173224Z.log,272.521,1032.0,81.0,0.0,1202.234,1913.0,579.0,188768.625,204528.0,170041.0,0.42,0.412,0.445,0.42,0.998,0.986,0.471,0.428,7.75,6.0,0.141,81.276,81.276,15.803,16.744,0.959,47.699,0.026,,,39.483,128.438,89.934,2322.575
180,qwen25vl7b_additive_ann0p50_sectioned_resume100_to200,logs/rlvr/trace_annotation_additive_ann0p50_sectioned_reasoning_qwen25vl7b_h200_resume100_to200_20260713T173224Z.log,281.526,2048.0,90.0,0.001,1248.359,1973.0,575.0,195825.375,217887.0,174830.0,0.464,0.378,0.45,0.464,0.999,0.988,0.421,0.495,5.375,5.0,0.146,87.658,87.658,20.9,17.624,0.843,48.225,0.024,,,39.386,128.342,89.591,2233.968
181,qwen25vl7b_additive_ann0p50_sectioned_resume100_to200,logs/rlvr/trace_annotation_additive_ann0p50_sectioned_reasoning_qwen25vl7b_h200_resume100_to200_20260713T173224Z.log,285.149,1037.0,105.0,0.0,1305.281,1958.0,585.0,203575.125,228827.0,181089.0,0.422,0.34,0.412,0.422,0.998,0.989,0.383,0.37,3.562,5.0,0.162,87.543,87.543,18.38,18.42,0.84,49.835,0.024,,,39.325,128.28,90.763,2325.424
182,qwen25vl7b_additive_ann0p50_sectioned_resume100_to200,logs/rlvr/trace_annotation_additive_ann0p50_sectioned_reasoning_qwen25vl7b_h200_resume100_to200_20260713T173224Z.log,291.732,1523.0,88.0,0.0,1233.516,1928.0,590.0,195231.75,216035.0,180921.0,0.463,0.412,0.465,0.463,0.993,0.969,0.481,0.407,4.375,6.0,0.166,84.125,84.125,18.553,17.258,0.735,47.517,0.022,,,39.146,128.102,90.034,2320.737
183,qwen25vl7b_additive_ann0p50_sectioned_resume100_to200,logs/rlvr/trace_annotation_additive_ann0p50_sectioned_reasoning_qwen25vl7b_h200_resume100_to200_20260713T173224Z.log,270.803,2048.0,81.0,0.001,1254.445,1905.0,587.0,195231.75,204963.0,181499.0,0.397,0.364,0.412,0.397,0.998,0.998,0.401,0.436,4.25,5.0,0.179,88.925,88.925,22.035,17.0,0.879,48.87,0.022,,,39.461,128.416,89.68,2195.47
184,qwen25vl7b_additive_ann0p50_sectioned_resume100_to200,logs/rlvr/trace_annotation_additive_ann0p50_sectioned_reasoning_qwen25vl7b_h200_resume100_to200_20260713T173224Z.log,296.175,866.0,76.0,0.0,1177.797,1915.0,539.0,188668.375,204379.0,169188.0,0.455,0.421,0.466,0.455,0.997,0.986,0.486,0.462,,,0.124,77.275,77.275,14.428,15.62,0.852,46.299,0.023,,,39.279,128.235,89.976,2441.505
185,qwen25vl7b_additive_ann0p50_sectioned_resume100_to200,logs/rlvr/trace_annotation_additive_ann0p50_sectioned_reasoning_qwen25vl7b_h200_resume100_to200_20260713T173224Z.log,285.048,1355.0,95.0,0.0,1200.695,1975.0,602.0,190175.125,223698.0,164272.0,0.385,0.35,0.399,0.385,0.998,0.983,0.403,0.4,,,0.217,81.519,81.519,17.031,16.067,0.875,47.484,0.023,,,39.405,128.361,89.531,2332.901
186,qwen25vl7b_additive_ann0p50_sectioned_resume100_to200,logs/rlvr/trace_annotation_additive_ann0p50_sectioned_reasoning_qwen25vl7b_h200_resume100_to200_20260713T173224Z.log,280.085,833.0,106.0,0.0,1239.242,1924.0,551.0,194473.875,202448.0,183422.0,0.438,0.378,0.438,0.438,0.996,0.978,0.394,0.488,5.0,5.0,0.178,79.6,79.6,14.291,16.395,0.905,47.948,0.023,,,39.353,128.308,89.539,2443.14
187,qwen25vl7b_additive_ann0p50_sectioned_resume100_to200,logs/rlvr/trace_annotation_additive_ann0p50_sectioned_reasoning_qwen25vl7b_h200_resume100_to200_20260713T173224Z.log,277.376,1006.0,92.0,0.0,1306.125,1948.0,584.0,202688.125,222047.0,183299.0,0.424,0.344,0.415,0.424,1.0,0.982,0.421,0.373,7.125,3.0,0.147,85.433,85.433,15.656,17.785,0.936,50.994,0.023,,,39.387,128.342,90.678,2372.491
188,qwen25vl7b_additive_ann0p50_sectioned_resume100_to200,logs/rlvr/trace_annotation_additive_ann0p50_sectioned_reasoning_qwen25vl7b_h200_resume100_to200_20260713T173224Z.log,276.717,1763.0,89.0,0.0,1246.141,1972.0,576.0,194925.75,220334.0,178206.0,0.396,0.442,0.448,0.396,0.994,0.993,0.481,0.521,4.458,4.667,0.144,85.8,85.8,19.387,16.681,0.863,48.809,0.023,,,39.315,128.27,91.018,2271.849
189,qwen25vl7b_additive_ann0p50_sectioned_resume100_to200,logs/rlvr/trace_annotation_additive_ann0p50_sectioned_reasoning_qwen25vl7b_h200_resume100_to200_20260713T173224Z.log,274.374,701.0,96.0,0.0,1222.875,1972.0,565.0,191647.875,212871.0,172217.0,0.407,0.386,0.427,0.407,0.994,0.982,0.393,0.532,3.625,5.0,0.187,80.513,80.513,16.204,16.067,0.907,47.273,0.022,,,39.454,128.409,89.88,2380.335
190,qwen25vl7b_additive_ann0p50_sectioned_resume100_to200,logs/rlvr/trace_annotation_additive_ann0p50_sectioned_reasoning_qwen25vl7b_h200_resume100_to200_20260713T173224Z.log,270.534,1234.0,87.0,0.0,1244.758,1915.0,570.0,193957.375,202874.0,181025.0,0.399,0.403,0.431,0.399,0.997,0.988,0.42,0.508,6.0,4.0,0.196,84.056,84.056,16.856,17.415,0.916,48.809,0.023,,,39.613,128.568,89.895,2307.468
191,qwen25vl7b_additive_ann0p50_sectioned_resume100_to200,logs/rlvr/trace_annotation_additive_ann0p50_sectioned_reasoning_qwen25vl7b_h200_resume100_to200_20260713T173224Z.log,285.485,774.0,89.0,0.0,1284.586,1919.0,591.0,200969.125,207333.0,185756.0,0.466,0.424,0.473,0.466,0.997,0.996,0.468,0.476,,,0.133,87.182,87.182,18.103,17.612,0.873,50.458,0.022,,,39.529,128.485,90.412,2305.178
192,qwen25vl7b_additive_ann0p50_sectioned_resume100_to200,logs/rlvr/trace_annotation_additive_ann0p50_sectioned_reasoning_qwen25vl7b_h200_resume100_to200_20260713T173224Z.log,288.279,1478.0,98.0,0.0,1185.75,1982.0,573.0,188675.75,197531.0,178593.0,0.479,0.422,0.478,0.479,0.998,0.993,0.463,0.473,2.812,2.0,0.152,81.472,81.472,18.651,16.393,0.728,45.626,0.022,,,39.472,128.427,90.317,2315.825
193,qwen25vl7b_additive_ann0p50_sectioned_resume100_to200,logs/rlvr/trace_annotation_additive_ann0p50_sectioned_reasoning_qwen25vl7b_h200_resume100_to200_20260713T173224Z.log,299.275,2048.0,92.0,0.001,1228.109,1961.0,604.0,195505.25,205868.0,175030.0,0.396,0.383,0.42,0.396,0.993,0.991,0.422,0.445,4.906,5.0,0.193,87.651,87.651,20.631,17.066,0.87,49.022,0.023,,,39.635,128.59,89.802,2230.484
194,qwen25vl7b_additive_ann0p50_sectioned_resume100_to200,logs/rlvr/trace_annotation_additive_ann0p50_sectioned_reasoning_qwen25vl7b_h200_resume100_to200_20260713T173224Z.log,269.812,1528.0,95.0,0.0,1127.328,1912.0,594.0,178833.875,191069.0,165210.0,0.388,0.445,0.445,0.388,0.995,0.989,0.494,0.541,4.0,4.0,0.153,78.208,78.208,17.668,15.248,0.849,44.381,0.022,,,39.652,128.608,89.984,2286.642
195,qwen25vl7b_additive_ann0p50_sectioned_resume100_to200,logs/rlvr/trace_annotation_additive_ann0p50_sectioned_reasoning_qwen25vl7b_h200_resume100_to200_20260713T173224Z.log,271.943,2048.0,99.0,0.002,1230.141,1908.0,541.0,192266.75,204532.0,183348.0,0.447,0.379,0.443,0.447,0.997,0.997,0.385,0.496,4.75,5.0,0.208,86.343,86.343,21.073,17.085,0.758,47.365,0.022,,,39.305,128.26,89.914,2226.785
196,qwen25vl7b_additive_ann0p50_sectioned_resume100_to200,logs/rlvr/trace_annotation_additive_ann0p50_sectioned_reasoning_qwen25vl7b_h200_resume100_to200_20260713T173224Z.log,272.307,1737.0,78.0,0.0,1294.875,1972.0,543.0,200599.25,214671.0,172400.0,0.439,0.35,0.425,0.439,0.994,0.98,0.401,0.411,5.0,4.0,0.132,88.164,88.164,19.479,18.007,0.766,49.852,0.022,,,39.589,128.544,90.474,2275.285
197,qwen25vl7b_additive_ann0p50_sectioned_resume100_to200,logs/rlvr/trace_annotation_additive_ann0p50_sectioned_reasoning_qwen25vl7b_h200_resume100_to200_20260713T173224Z.log,276.765,2048.0,100.0,0.001,1232.523,1932.0,574.0,193188.875,202647.0,183903.0,0.433,0.379,0.435,0.433,0.996,0.995,0.424,0.434,3.875,4.333,0.165,89.925,89.925,22.944,17.338,0.882,48.7,0.022,,,39.621,128.576,90.374,2148.34
198,qwen25vl7b_additive_ann0p50_sectioned_resume100_to200,logs/rlvr/trace_annotation_additive_ann0p50_sectioned_reasoning_qwen25vl7b_h200_resume100_to200_20260713T173224Z.log,276.618,2048.0,98.0,0.001,1194.297,1909.0,542.0,188277.125,207965.0,173314.0,0.432,0.406,0.448,0.432,0.999,0.997,0.422,0.508,4.0,4.0,0.193,84.794,84.794,21.038,16.683,0.727,46.284,0.022,,,39.606,128.562,90.202,2220.419
199,qwen25vl7b_additive_ann0p50_sectioned_resume100_to200,logs/rlvr/trace_annotation_additive_ann0p50_sectioned_reasoning_qwen25vl7b_h200_resume100_to200_20260713T173224Z.log,266.356,1458.0,41.0,0.0,1230.141,1925.0,591.0,191551.625,200018.0,176336.0,0.452,0.395,0.452,0.452,0.996,0.994,0.428,0.46,3.292,3.0,0.147,86.522,86.522,20.721,16.724,0.859,48.072,0.022,,,39.31,128.265,90.399,2213.904
200,qwen25vl7b_additive_ann0p50_sectioned_resume100_to200,logs/rlvr/trace_annotation_additive_ann0p50_sectioned_reasoning_qwen25vl7b_h200_resume100_to200_20260713T173224Z.log,284.38,1014.0,76.0,0.0,1225.188,1969.0,577.0,193224.625,208182.0,172494.0,0.451,0.387,0.448,0.451,0.998,0.997,0.421,0.441,2.625,3.0,0.153,270.819,270.819,16.634,16.74,0.89,48.403,0.023,29.227,158.846,39.353,128.309,90.167,713.484
201,qwen25vl7b_additive_ann0p50_sectioned_resume200_to500,logs/rlvr/trace_annotation_additive_ann0p50_sectioned_reasoning_qwen25vl7b_h200_resume200_to500_20260713T201436Z.log,305.083,2048.0,97.0,0.001,1272.383,1975.0,542.0,201915.625,219112.0,187436.0,0.395,0.392,0.424,0.395,0.997,0.993,0.446,0.396,3.812,4.0,0.139,111.865,111.865,40.693,19.105,0.97,50.942,0.027,,,37.43,70.359,81.102,1804.994
202,qwen25vl7b_additive_ann0p50_sectioned_resume200_to500,logs/rlvr/trace_annotation_additive_ann0p50_sectioned_reasoning_qwen25vl7b_h200_resume200_to500_20260713T201436Z.log,281.747,1086.0,91.0,0.0,1233.516,1919.0,573.0,193953.625,212695.0,176743.0,0.423,0.394,0.438,0.423,0.998,0.993,0.426,0.507,6.625,5.0,0.182,83.931,83.931,17.447,16.944,0.945,48.435,0.025,,,39.045,103.859,81.845,2310.864
203,qwen25vl7b_additive_ann0p50_sectioned_resume200_to500,logs/rlvr/trace_annotation_additive_ann0p50_sectioned_reasoning_qwen25vl7b_h200_resume200_to500_20260713T201436Z.log,281.103,835.0,96.0,0.0,1287.336,1929.0,610.0,200760.125,211129.0,184553.0,0.459,0.415,0.465,0.459,0.999,0.996,0.487,0.445,3.875,6.0,0.131,85.393,85.393,15.137,18.248,0.972,50.949,0.032,,,39.097,106.507,82.389,2351.009
204,qwen25vl7b_additive_ann0p50_sectioned_resume200_to500,logs/rlvr/trace_annotation_additive_ann0p50_sectioned_reasoning_qwen25vl7b_h200_resume200_to500_20260713T201436Z.log,286.193,2048.0,95.0,0.001,1265.719,1941.0,736.0,198644.75,218360.0,178644.0,0.425,0.387,0.435,0.425,0.997,0.996,0.405,0.51,2.375,3.0,0.162,91.566,91.566,22.151,17.853,0.949,50.536,0.024,,,38.921,107.57,83.861,2169.425
205,qwen25vl7b_additive_ann0p50_sectioned_resume200_to500,logs/rlvr/trace_annotation_additive_ann0p50_sectioned_reasoning_qwen25vl7b_h200_resume200_to500_20260713T201436Z.log,282.45,1246.0,84.0,0.0,1290.258,1967.0,625.0,201306.625,220812.0,184220.0,0.451,0.432,0.469,0.451,0.999,0.998,0.456,0.508,3.875,5.0,0.136,87.193,87.193,17.554,17.955,0.98,50.637,0.024,,,38.738,107.435,83.913,2308.753
206,qwen25vl7b_additive_ann0p50_sectioned_resume200_to500,logs/rlvr/trace_annotation_additive_ann0p50_sectioned_reasoning_qwen25vl7b_h200_resume200_to500_20260713T201436Z.log,268.542,768.0,98.0,0.0,1243.625,1944.0,597.0,193557.375,222394.0,175936.0,0.428,0.371,0.429,0.428,0.997,0.994,0.418,0.421,3.938,4.0,0.146,82.658,82.658,14.972,17.326,0.958,48.772,0.023,,,38.742,107.943,84.502,2341.66
207,qwen25vl7b_additive_ann0p50_sectioned_resume200_to500,logs/rlvr/trace_annotation_additive_ann0p50_sectioned_reasoning_qwen25vl7b_h200_resume200_to500_20260713T201436Z.log,272.64,1737.0,74.0,0.0,1222.445,1907.0,559.0,191370.875,203729.0,178999.0,0.479,0.396,0.465,0.479,0.997,0.986,0.457,0.45,,,0.156,85.696,85.696,19.775,16.879,0.946,48.026,0.025,,,38.716,110.065,83.99,2233.147
208,qwen25vl7b_additive_ann0p50_sectioned_resume200_to500,logs/rlvr/trace_annotation_additive_ann0p50_sectioned_reasoning_qwen25vl7b_h200_resume200_to500_20260713T201436Z.log,268.815,933.0,81.0,0.0,1296.836,1948.0,567.0,200403.375,215568.0,187946.0,0.427,0.441,0.462,0.427,0.998,0.996,0.498,0.493,3.5,3.5,0.101,85.833,85.833,14.617,18.568,0.96,51.62,0.024,,,38.721,110.07,84.842,2334.8
209,qwen25vl7b_additive_ann0p50_sectioned_resume200_to500,logs/rlvr/trace_annotation_additive_ann0p50_sectioned_reasoning_qwen25vl7b_h200_resume200_to500_20260713T201436Z.log,266.223,1067.0,85.0,0.0,1219.773,1919.0,572.0,190207.5,202966.0,175006.0,0.422,0.378,0.43,0.422,0.999,0.975,0.406,0.474,4.562,5.0,0.151,86.75,86.75,21.674,16.428,0.849,47.656,0.027,,,38.943,110.52,85.547,2192.593
210,qwen25vl7b_additive_ann0p50_sectioned_resume200_to500,logs/rlvr/trace_annotation_additive_ann0p50_sectioned_reasoning_qwen25vl7b_h200_resume200_to500_20260713T201436Z.log,287.28,2048.0,94.0,0.002,1227.977,1913.0,591.0,193952.875,211716.0,177785.0,0.462,0.453,0.484,0.462,0.996,0.991,0.496,0.524,3.5,3.0,0.119,85.735,85.735,20.971,16.281,0.847,47.559,0.023,,,38.591,110.787,85.496,2262.241
211,qwen25vl7b_additive_ann0p50_sectioned_resume200_to500,logs/rlvr/trace_annotation_additive_ann0p50_sectioned_reasoning_qwen25vl7b_h200_resume200_to500_20260713T201436Z.log,273.169,1079.0,83.0,0.0,1250.484,1898.0,575.0,195027.625,216976.0,171838.0,0.478,0.453,0.492,0.478,0.998,0.997,0.524,0.457,4.5,6.0,0.093,82.186,82.186,15.644,17.068,0.856,48.544,0.022,,,38.776,110.785,85.634,2373.004
212,qwen25vl7b_additive_ann0p50_sectioned_resume200_to500,logs/rlvr/trace_annotation_additive_ann0p50_sectioned_reasoning_qwen25vl7b_h200_resume200_to500_20260713T201436Z.log,273.562,832.0,100.0,0.0,1216.258,1916.0,575.0,190697.0,206825.0,173913.0,0.43,0.408,0.448,0.43,0.996,0.986,0.47,0.46,3.917,4.333,0.101,79.948,79.948,14.674,17.033,0.852,47.31,0.022,,,39.265,111.939,85.425,2385.249
213,qwen25vl7b_additive_ann0p50_sectioned_resume200_to500,logs/rlvr/trace_annotation_additive_ann0p50_sectioned_reasoning_qwen25vl7b_h200_resume200_to500_20260713T201436Z.log,272.159,1388.0,80.0,0.0,1215.172,1928.0,648.0,190378.375,200527.0,181659.0,0.424,0.354,0.419,0.424,0.997,0.994,0.434,0.354,5.625,6.0,0.14,83.403,83.403,17.559,16.373,0.945,48.398,0.022,,,39.157,113.165,84.931,2282.632
214,qwen25vl7b_additive_ann0p50_sectioned_resume200_to500,logs/rlvr/trace_annotation_additive_ann0p50_sectioned_reasoning_qwen25vl7b_h200_resume200_to500_20260713T201436Z.log,302.703,2048.0,55.0,0.001,1244.766,1951.0,574.0,198076.0,213231.0,187121.0,0.46,0.415,0.465,0.46,0.994,0.991,0.445,0.462,5.5,6.0,0.121,88.207,88.207,20.635,17.233,0.871,49.408,0.022,,,38.937,112.945,85.162,2245.581
215,qwen25vl7b_additive_ann0p50_sectioned_resume200_to500,logs/rlvr/trace_annotation_additive_ann0p50_sectioned_reasoning_qwen25vl7b_h200_resume200_to500_20260713T201436Z.log,269.586,1018.0,88.0,0.0,1233.133,1965.0,574.0,192348.0,226709.0,176328.0,0.457,0.404,0.459,0.457,0.996,0.996,0.402,0.529,4.958,4.333,0.174,81.443,81.443,15.668,16.826,0.86,48.03,0.022,,,38.986,112.994,85.111,2361.743
216,qwen25vl7b_additive_ann0p50_sectioned_resume200_to500,logs/rlvr/trace_annotation_additive_ann0p50_sectioned_reasoning_qwen25vl7b_h200_resume200_to500_20260713T201436Z.log,299.663,1113.0,104.0,0.0,1274.766,1917.0,578.0,201526.875,229265.0,190814.0,0.437,0.391,0.443,0.437,0.998,0.99,0.452,0.45,3.875,6.0,0.143,87.819,87.819,18.065,17.554,0.956,51.176,0.025,,,38.879,112.887,86.286,2294.787
217,qwen25vl7b_additive_ann0p50_sectioned_resume200_to500,logs/rlvr/trace_annotation_additive_ann0p50_sectioned_reasoning_qwen25vl7b_h200_resume200_to500_20260713T201436Z.log,289.332,1034.0,95.0,0.0,1229.312,1960.0,572.0,194386.5,212955.0,181056.0,0.399,0.394,0.427,0.399,1.0,0.998,0.451,0.445,5.625,6.0,0.117,86.917,86.917,20.425,16.569,0.911,48.866,0.021,,,39.397,117.638,86.763,2236.467
218,qwen25vl7b_additive_ann0p50_sectioned_resume200_to500,logs/rlvr/trace_annotation_additive_ann0p50_sectioned_reasoning_qwen25vl7b_h200_resume200_to500_20260713T201436Z.log,273.18,1005.0,82.0,0.0,1285.148,1981.0,582.0,199466.0,235384.0,175448.0,0.423,0.396,0.439,0.423,1.0,0.99,0.436,0.456,4.542,5.333,0.147,83.245,83.245,14.808,17.241,0.88,50.24,0.022,,,39.495,117.737,86.915,2396.142
219,qwen25vl7b_additive_ann0p50_sectioned_resume200_to500,logs/rlvr/trace_annotation_additive_ann0p50_sectioned_reasoning_qwen25vl7b_h200_resume200_to500_20260713T201436Z.log,277.249,1685.0,97.0,0.0,1254.062,1957.0,604.0,196007.875,207744.0,186769.0,0.462,0.416,0.467,0.462,0.999,0.996,0.493,0.416,5.75,6.0,0.113,85.987,85.987,19.155,16.963,0.86,48.92,0.022,,,39.314,119.375,86.697,2279.507
220,qwen25vl7b_additive_ann0p50_sectioned_resume200_to500,logs/rlvr/trace_annotation_additive_ann0p50_sectioned_reasoning_qwen25vl7b_h200_resume200_to500_20260713T201436Z.log,279.23,1147.0,101.0,0.0,1229.25,1958.0,581.0,193085.5,220106.0,178240.0,0.392,0.403,0.427,0.392,0.997,0.997,0.428,0.527,4.0,3.0,0.146,82.068,82.068,16.024,17.1,0.855,47.949,0.022,,,39.151,123.722,86.641,2352.748
221,qwen25vl7b_additive_ann0p50_sectioned_resume200_to500,logs/rlvr/trace_annotation_additive_ann0p50_sectioned_reasoning_qwen25vl7b_h200_resume200_to500_20260713T201436Z.log,278.875,980.0,76.0,0.0,1217.68,1903.0,585.0,191559.0,205558.0,177574.0,0.455,0.404,0.458,0.455,0.999,0.998,0.474,0.414,3.375,3.667,0.112,79.965,79.965,14.935,16.477,0.856,47.622,0.022,,,38.943,123.513,86.636,2395.526
222,qwen25vl7b_additive_ann0p50_sectioned_resume200_to500,logs/rlvr/trace_annotation_additive_ann0p50_sectioned_reasoning_qwen25vl7b_h200_resume200_to500_20260713T201436Z.log,267.154,1109.0,79.0,0.0,1233.336,1918.0,569.0,192062.75,207985.0,177711.0,0.473,0.385,0.457,0.473,0.995,0.966,0.405,0.508,4.167,4.667,0.146,80.975,80.975,14.78,16.529,0.854,48.749,0.024,,,39.17,125.482,86.538,2371.891
223,qwen25vl7b_additive_ann0p50_sectioned_resume200_to500,logs/rlvr/trace_annotation_additive_ann0p50_sectioned_reasoning_qwen25vl7b_h200_resume200_to500_20260713T201436Z.log,276.772,868.0,102.0,0.0,1230.008,1959.0,565.0,192867.875,210967.0,160331.0,0.423,0.398,0.44,0.423,0.998,0.99,0.498,0.432,3.938,4.5,0.112,82.571,82.571,15.839,16.987,0.941,48.736,0.025,,,39.294,125.606,87.191,2335.771
224,qwen25vl7b_additive_ann0p50_sectioned_resume200_to500,logs/rlvr/trace_annotation_additive_ann0p50_sectioned_reasoning_qwen25vl7b_h200_resume200_to500_20260713T201436Z.log,288.535,1066.0,88.0,0.0,1258.148,1968.0,557.0,197975.5,212342.0,188175.0,0.411,0.394,0.433,0.411,0.999,0.995,0.468,0.409,3.938,4.5,0.154,84.788,84.788,15.835,17.654,0.957,50.275,0.025,,,39.116,125.428,86.793,2334.935
225,qwen25vl7b_additive_ann0p50_sectioned_resume200_to500,logs/rlvr/trace_annotation_additive_ann0p50_sectioned_reasoning_qwen25vl7b_h200_resume200_to500_20260713T201436Z.log,285.829,2048.0,93.0,0.001,1258.094,1915.0,594.0,197622.125,211286.0,183650.0,0.41,0.387,0.429,0.41,0.995,0.987,0.425,0.479,,,0.169,95.4,95.4,27.12,17.194,0.951,49.982,0.023,,,39.316,125.628,87.196,2071.511
226,qwen25vl7b_additive_ann0p50_sectioned_resume200_to500,logs/rlvr/trace_annotation_additive_ann0p50_sectioned_reasoning_qwen25vl7b_h200_resume200_to500_20260713T201436Z.log,274.344,797.0,104.0,0.0,1213.109,1907.0,542.0,190394.0,212916.0,177177.0,0.383,0.412,0.427,0.383,0.999,0.997,0.407,0.501,,,0.178,81.075,81.075,15.585,16.802,0.948,47.661,0.024,,,39.247,125.559,87.168,2348.368
227,qwen25vl7b_additive_ann0p50_sectioned_resume200_to500,logs/rlvr/trace_annotation_additive_ann0p50_sectioned_reasoning_qwen25vl7b_h200_resume200_to500_20260713T201436Z.log,274.305,807.0,103.0,0.0,1250.547,1929.0,578.0,195181.0,202483.0,189388.0,0.484,0.427,0.483,0.484,1.0,0.991,0.482,0.49,4.458,4.0,0.11,83.641,83.641,15.603,17.693,0.969,49.308,0.024,,,39.014,125.592,87.477,2333.555
228,qwen25vl7b_additive_ann0p50_sectioned_resume200_to500,logs/rlvr/trace_annotation_additive_ann0p50_sectioned_reasoning_qwen25vl7b_h200_resume200_to500_20260713T201436Z.log,281.13,913.0,88.0,0.0,1253.445,1917.0,568.0,196425.625,218664.0,180619.0,0.491,0.406,0.476,0.491,1.0,1.0,0.456,0.446,5.125,3.0,0.176,81.202,81.202,15.494,16.468,1.028,48.144,0.024,,,39.381,125.927,88.118,2418.972
229,qwen25vl7b_additive_ann0p50_sectioned_resume200_to500,logs/rlvr/trace_annotation_additive_ann0p50_sectioned_reasoning_qwen25vl7b_h200_resume200_to500_20260713T201436Z.log,266.65,969.0,80.0,0.0,1254.164,1909.0,603.0,194664.25,211432.0,181141.0,0.463,0.399,0.459,0.463,0.997,0.978,0.437,0.481,5.875,4.0,0.168,80.588,80.588,14.503,17.217,0.811,47.99,0.023,,,39.402,126.477,87.494,2415.558
230,qwen25vl7b_additive_ann0p50_sectioned_resume200_to500,logs/rlvr/trace_annotation_additive_ann0p50_sectioned_reasoning_qwen25vl7b_h200_resume200_to500_20260713T201436Z.log,265.546,710.0,91.0,0.0,1233.25,1953.0,587.0,191845.875,207088.0,169052.0,0.45,0.431,0.469,0.45,0.999,0.991,0.461,0.516,5.875,6.0,0.121,80.648,80.648,15.943,17.113,0.808,46.717,0.024,,,39.281,126.356,87.219,2378.804
231,qwen25vl7b_additive_ann0p50_sectioned_resume200_to500,logs/rlvr/trace_annotation_additive_ann0p50_sectioned_reasoning_qwen25vl7b_h200_resume200_to500_20260713T201436Z.log,290.711,1008.0,88.0,0.0,1247.102,1910.0,545.0,196840.0,219964.0,179953.0,0.404,0.447,0.454,0.404,0.998,0.98,0.46,0.58,,,0.146,83.053,83.053,16.342,17.353,0.823,48.469,0.024,,,38.92,125.995,87.018,2370.04
232,qwen25vl7b_additive_ann0p50_sectioned_resume200_to500,logs/rlvr/trace_annotation_additive_ann0p50_sectioned_reasoning_qwen25vl7b_h200_resume200_to500_20260713T201436Z.log,291.021,1503.0,95.0,0.0,1235.688,1973.0,539.0,195418.75,208498.0,189149.0,0.472,0.457,0.491,0.472,0.998,0.985,0.503,0.516,3.438,3.75,0.118,85.241,85.241,20.254,16.95,0.815,47.155,0.024,,,39.282,126.356,87.703,2292.542
233,qwen25vl7b_additive_ann0p50_sectioned_resume200_to500,logs/rlvr/trace_annotation_additive_ann0p50_sectioned_reasoning_qwen25vl7b_h200_resume200_to500_20260713T201436Z.log,292.29,1087.0,90.0,0.0,1242.32,1991.0,584.0,196430.125,206471.0,183822.0,0.448,0.406,0.455,0.448,0.995,0.965,0.438,0.512,3.0,3.0,0.174,90.391,90.391,23.178,17.05,1.019,48.989,0.023,,,39.267,126.325,88.18,2173.117
234,qwen25vl7b_additive_ann0p50_sectioned_resume200_to500,logs/rlvr/trace_annotation_additive_ann0p50_sectioned_reasoning_qwen25vl7b_h200_resume200_to500_20260713T201436Z.log,284.414,1123.0,96.0,0.0,1306.078,1954.0,579.0,203583.0,218632.0,182851.0,0.381,0.396,0.419,0.381,0.996,0.991,0.405,0.56,3.875,5.0,0.222,86.074,86.074,16.017,17.918,0.965,51.084,0.024,,,39.543,126.724,88.276,2365.198
235,qwen25vl7b_additive_ann0p50_sectioned_resume200_to500,logs/rlvr/trace_annotation_additive_ann0p50_sectioned_reasoning_qwen25vl7b_h200_resume200_to500_20260713T201436Z.log,289.793,1807.0,106.0,0.0,1212.039,1943.0,586.0,192234.5,207291.0,175641.0,0.452,0.449,0.478,0.452,0.998,0.991,0.491,0.534,3.125,3.0,0.134,84.536,84.536,18.976,16.385,0.946,48.15,0.024,,,39.313,126.493,88.476,2273.997
236,qwen25vl7b_additive_ann0p50_sectioned_resume200_to500,logs/rlvr/trace_annotation_additive_ann0p50_sectioned_reasoning_qwen25vl7b_h200_resume200_to500_20260713T201436Z.log,288.255,1192.0,90.0,0.0,1246.977,1953.0,566.0,196509.625,215278.0,176328.0,0.492,0.454,0.499,0.492,0.999,0.99,0.447,0.587,,,0.145,84.855,84.855,17.122,16.951,0.943,49.77,0.025,,,39.172,126.333,88.226,2315.837
237,qwen25vl7b_additive_ann0p50_sectioned_resume200_to500,logs/rlvr/trace_annotation_additive_ann0p50_sectioned_reasoning_qwen25vl7b_h200_resume200_to500_20260713T201436Z.log,298.976,1520.0,104.0,0.0,1274.344,1971.0,540.0,201384.875,233042.0,175631.0,0.414,0.436,0.454,0.414,0.998,0.99,0.498,0.46,4.125,7.0,0.159,86.464,86.464,18.663,17.485,0.834,49.414,0.024,,,39.233,126.394,89.072,2329.111
238,qwen25vl7b_additive_ann0p50_sectioned_resume200_to500,logs/rlvr/trace_annotation_additive_ann0p50_sectioned_reasoning_qwen25vl7b_h200_resume200_to500_20260713T201436Z.log,275.7,1083.0,94.0,0.0,1252.727,1910.0,609.0,195638.625,204593.0,185549.0,0.407,0.387,0.427,0.407,0.999,0.991,0.4,0.498,4.25,4.0,0.206,83.342,83.342,16.678,17.702,0.825,48.069,0.024,,,39.472,126.629,88.597,2347.41
239,qwen25vl7b_additive_ann0p50_sectioned_resume200_to500,logs/rlvr/trace_annotation_additive_ann0p50_sectioned_reasoning_qwen25vl7b_h200_resume200_to500_20260713T201436Z.log,270.769,709.0,76.0,0.0,1298.641,1922.0,609.0,200884.375,219054.0,182287.0,0.428,0.455,0.469,0.428,0.997,0.997,0.492,0.586,4.312,4.5,0.146,83.745,83.745,14.275,18.631,0.836,49.936,0.024,,,39.123,126.28,88.948,2398.756
240,qwen25vl7b_additive_ann0p50_sectioned_resume200_to500,logs/rlvr/trace_annotation_additive_ann0p50_sectioned_reasoning_qwen25vl7b_h200_resume200_to500_20260713T201436Z.log,287.392,1449.0,98.0,0.0,1283.414,1907.0,563.0,201063.125,216775.0,185214.0,0.373,0.388,0.411,0.373,0.995,0.995,0.459,0.436,2.75,2.0,0.177,85.5,85.5,17.669,17.444,0.824,49.494,0.024,,,38.845,126.002,89.004,2351.619
241,qwen25vl7b_additive_ann0p50_sectioned_resume200_to500,logs/rlvr/trace_annotation_additive_ann0p50_sectioned_reasoning_qwen25vl7b_h200_resume200_to500_20260713T201436Z.log,280.76,802.0,85.0,0.0,1278.641,1968.0,603.0,199603.25,209144.0,189714.0,0.468,0.449,0.485,0.468,0.997,0.994,0.45,0.554,5.542,3.333,0.179,89.595,89.595,20.577,17.637,0.95,50.28,0.024,,,39.457,126.614,90.101,2227.834
242,qwen25vl7b_additive_ann0p50_sectioned_resume200_to500,logs/rlvr/trace_annotation_additive_ann0p50_sectioned_reasoning_qwen25vl7b_h200_resume200_to500_20260713T201436Z.log,279.639,1921.0,94.0,0.0,1226.312,1918.0,617.0,192761.75,224905.0,173364.0,0.423,0.395,0.438,0.423,0.998,0.99,0.433,0.498,3.438,3.0,0.168,88.717,88.717,22.024,16.936,1.019,48.658,0.024,,,39.476,126.632,88.755,2172.782
243,qwen25vl7b_additive_ann0p50_sectioned_resume200_to500,logs/rlvr/trace_annotation_additive_ann0p50_sectioned_reasoning_qwen25vl7b_h200_resume200_to500_20260713T201436Z.log,317.695,961.0,121.0,0.0,1229.578,1958.0,585.0,198051.0,220249.0,176530.0,0.438,0.431,0.462,0.438,0.99,0.986,0.492,0.475,4.438,4.5,0.128,83.956,83.956,17.56,17.326,0.813,48.107,0.024,,,39.115,126.271,88.963,2358.977
244,qwen25vl7b_additive_ann0p50_sectioned_resume200_to500,logs/rlvr/trace_annotation_additive_ann0p50_sectioned_reasoning_qwen25vl7b_h200_resume200_to500_20260713T201436Z.log,294.844,806.0,99.0,0.0,1222.977,1932.0,603.0,194281.0,203186.0,180800.0,0.451,0.46,0.483,0.451,0.997,0.996,0.454,0.616,6.75,6.0,0.136,82.322,82.322,15.562,17.819,1.023,47.765,0.026,,,39.233,126.535,87.82,2360.023
245,qwen25vl7b_additive_ann0p50_sectioned_resume200_to500,logs/rlvr/trace_annotation_additive_ann0p50_sectioned_reasoning_qwen25vl7b_h200_resume200_to500_20260713T201436Z.log,308.471,751.0,104.0,0.0,1315.289,1941.0,541.0,207841.25,225689.0,190386.0,0.406,0.396,0.431,0.406,0.999,0.99,0.434,0.485,4.25,5.0,0.154,87.278,87.278,15.509,18.503,0.961,52.245,0.021,,,38.96,126.262,89.708,2381.363
246,qwen25vl7b_additive_ann0p50_sectioned_resume200_to500,logs/rlvr/trace_annotation_additive_ann0p50_sectioned_reasoning_qwen25vl7b_h200_resume200_to500_20260713T201436Z.log,308.944,2048.0,102.0,0.001,1209.984,1882.0,601.0,194422.875,208158.0,182934.0,0.413,0.393,0.433,0.413,0.992,0.968,0.402,0.541,2.625,4.0,0.163,86.61,86.61,22.634,16.44,0.741,46.732,0.023,,,39.016,126.318,89.638,2244.821
247,qwen25vl7b_additive_ann0p50_sectioned_resume200_to500,logs/rlvr/trace_annotation_additive_ann0p50_sectioned_reasoning_qwen25vl7b_h200_resume200_to500_20260713T201436Z.log,301.662,937.0,115.0,0.0,1261.656,1908.0,626.0,200104.75,210826.0,184652.0,0.425,0.406,0.445,0.425,0.997,0.997,0.428,0.473,5.875,5.5,0.173,85.476,85.476,15.997,17.881,0.859,50.679,0.022,,,39.223,127.072,88.797,2341.07
248,qwen25vl7b_additive_ann0p50_sectioned_resume200_to500,logs/rlvr/trace_annotation_additive_ann0p50_sectioned_reasoning_qwen25vl7b_h200_resume200_to500_20260713T201436Z.log,296.444,2048.0,72.0,0.001,1276.18,1934.0,569.0,201295.875,212334.0,188785.0,0.429,0.411,0.449,0.429,0.996,0.972,0.498,0.459,3.0,3.0,0.154,89.866,89.866,21.552,17.913,0.748,49.593,0.021,,,38.9,126.749,89.006,2239.96
249,qwen25vl7b_additive_ann0p50_sectioned_resume200_to500,logs/rlvr/trace_annotation_additive_ann0p50_sectioned_reasoning_qwen25vl7b_h200_resume200_to500_20260713T201436Z.log,297.745,2048.0,109.0,0.001,1267.57,1957.0,567.0,200360.375,212036.0,180823.0,0.396,0.393,0.425,0.396,0.994,0.992,0.425,0.511,,,0.18,96.42,96.42,26.935,17.919,0.943,50.467,0.024,,,39.162,127.313,89.469,2078.003
250,qwen25vl7b_additive_ann0p50_sectioned_resume200_to500,logs/rlvr/trace_annotation_additive_ann0p50_sectioned_reasoning_qwen25vl7b_h200_resume200_to500_20260713T201436Z.log,324.647,2048.0,110.0,0.001,1220.43,1920.0,541.0,197769.875,206564.0,188927.0,0.389,0.393,0.421,0.389,0.991,0.987,0.412,0.476,4.875,5.0,0.139,89.331,89.331,21.72,17.136,0.941,49.433,0.025,,,39.09,127.241,88.769,2213.903
251,qwen25vl7b_additive_ann0p50_sectioned_resume200_to500,logs/rlvr/trace_annotation_additive_ann0p50_sectioned_reasoning_qwen25vl7b_h200_resume200_to500_20260713T201436Z.log,306.387,1987.0,102.0,0.0,1254.523,1908.0,603.0,199796.5,221525.0,184754.0,0.364,0.368,0.398,0.364,0.995,0.995,0.417,0.467,3.438,4.0,0.191,89.373,89.373,21.702,17.506,0.84,49.246,0.023,,,39.091,127.243,89.005,2235.532
252,qwen25vl7b_additive_ann0p50_sectioned_resume200_to500,logs/rlvr/trace_annotation_additive_ann0p50_sectioned_reasoning_qwen25vl7b_h200_resume200_to500_20260713T201436Z.log,311.192,1121.0,116.0,0.0,1252.898,1973.0,599.0,200203.625,222167.0,167989.0,0.424,0.385,0.434,0.424,0.997,0.992,0.458,0.416,4.261,5.043,0.167,85.239,85.239,17.051,17.545,0.866,49.716,0.022,,,39.332,127.484,89.876,2348.734
253,qwen25vl7b_additive_ann0p50_sectioned_resume200_to500,logs/rlvr/trace_annotation_additive_ann0p50_sectioned_reasoning_qwen25vl7b_h200_resume200_to500_20260713T201436Z.log,306.72,1151.0,96.0,0.0,1161.688,1896.0,578.0,187956.125,214186.0,163305.0,0.464,0.449,0.483,0.464,0.997,0.982,0.465,0.574,4.0,4.0,0.142,81.286,81.286,17.16,16.25,0.853,46.962,0.022,,,39.163,127.314,89.392,2312.269
254,qwen25vl7b_additive_ann0p50_sectioned_resume200_to500,logs/rlvr/trace_annotation_additive_ann0p50_sectioned_reasoning_qwen25vl7b_h200_resume200_to500_20260713T201436Z.log,333.173,1026.0,108.0,0.0,1217.469,1920.0,558.0,198482.125,209245.0,186391.0,0.409,0.389,0.429,0.409,0.999,0.996,0.468,0.382,5.0,7.0,0.144,81.839,81.839,16.723,16.426,0.763,47.866,0.022,,,39.125,127.276,88.822,2425.265
255,qwen25vl7b_additive_ann0p50_sectioned_resume200_to500,logs/rlvr/trace_annotation_additive_ann0p50_sectioned_reasoning_qwen25vl7b_h200_resume200_to500_20260713T201436Z.log,332.985,986.0,111.0,0.0,1209.672,1905.0,580.0,197460.125,209221.0,183864.0,0.468,0.406,0.465,0.468,1.0,0.997,0.428,0.526,4.0,3.667,0.174,82.647,82.647,15.819,16.617,0.889,49.261,0.023,,,38.948,127.099,89.055,2389.194
256,qwen25vl7b_additive_ann0p50_sectioned_resume200_to500,logs/rlvr/trace_annotation_additive_ann0p50_sectioned_reasoning_qwen25vl7b_h200_resume200_to500_20260713T201436Z.log,315.17,900.0,110.0,0.0,1284.32,1929.0,601.0,204734.75,226089.0,178575.0,0.45,0.465,0.484,0.45,0.999,0.991,0.477,0.582,,,0.14,84.483,84.483,15.827,18.053,0.769,49.774,0.022,,,39.304,127.456,89.622,2423.387
257,qwen25vl7b_additive_ann0p50_sectioned_resume200_to500,logs/rlvr/trace_annotation_additive_ann0p50_sectioned_reasoning_qwen25vl7b_h200_resume200_to500_20260713T201436Z.log,323.125,1388.0,101.0,0.0,1234.609,1972.0,598.0,199390.0,215489.0,185534.0,0.372,0.409,0.421,0.372,0.994,0.983,0.45,0.501,3.25,3.333,0.139,90.676,90.676,22.872,17.053,0.862,49.748,0.022,,,39.282,127.777,89.684,2198.929
258,qwen25vl7b_additive_ann0p50_sectioned_resume200_to500,logs/rlvr/trace_annotation_additive_ann0p50_sectioned_reasoning_qwen25vl7b_h200_resume200_to500_20260713T201436Z.log,312.277,750.0,113.0,0.0,1212.562,1903.0,588.0,195179.5,220223.0,180060.0,0.416,0.419,0.447,0.416,0.997,0.99,0.415,0.535,,,0.201,81.59,81.59,14.825,16.774,1.037,48.87,0.023,,,39.139,127.634,88.919,2392.205
259,qwen25vl7b_additive_ann0p50_sectioned_resume200_to500,logs/rlvr/trace_annotation_additive_ann0p50_sectioned_reasoning_qwen25vl7b_h200_resume200_to500_20260713T201436Z.log,310.515,1440.0,133.0,0.0,1260.602,1924.0,572.0,201102.875,219370.0,180293.0,0.427,0.424,0.454,0.427,0.997,0.994,0.445,0.516,3.0,5.0,0.134,84.963,84.963,18.378,17.316,0.787,48.403,0.022,,,39.104,127.6,89.072,2366.949
260,qwen25vl7b_additive_ann0p50_sectioned_resume200_to500,logs/rlvr/trace_annotation_additive_ann0p50_sectioned_reasoning_qwen25vl7b_h200_resume200_to500_20260713T201436Z.log,338.84,1249.0,118.0,0.0,1233.305,1925.0,605.0,201234.5,223813.0,192521.0,0.404,0.388,0.426,0.404,0.994,0.967,0.422,0.515,4.625,5.0,0.148,84.458,84.458,18.222,16.717,0.737,48.721,0.022,,,39.445,127.941,89.225,2382.655
261,qwen25vl7b_additive_ann0p50_sectioned_resume200_to500,logs/rlvr/trace_annotation_additive_ann0p50_sectioned_reasoning_qwen25vl7b_h200_resume200_to500_20260713T201436Z.log,341.609,2048.0,111.0,0.001,1176.852,1928.0,545.0,194363.0,208734.0,181466.0,0.511,0.489,0.525,0.511,0.997,0.982,0.508,0.626,2.938,5.0,0.151,85.382,85.382,21.272,16.644,0.74,46.665,0.022,,,38.953,127.449,88.963,2276.392
262,qwen25vl7b_additive_ann0p50_sectioned_resume200_to500,logs/rlvr/trace_annotation_additive_ann0p50_sectioned_reasoning_qwen25vl7b_h200_resume200_to500_20260713T201436Z.log,331.266,1404.0,113.0,0.0,1275.078,1977.0,568.0,205612.0,214516.0,198644.0,0.448,0.426,0.465,0.448,0.997,0.981,0.45,0.544,3.844,4.75,0.147,86.56,86.56,18.455,17.873,0.786,49.385,0.022,,,39.198,127.694,89.714,2375.379
263,qwen25vl7b_additive_ann0p50_sectioned_resume200_to500,logs/rlvr/trace_annotation_additive_ann0p50_sectioned_reasoning_qwen25vl7b_h200_resume200_to500_20260713T201436Z.log,334.23,2048.0,116.0,0.001,1265.898,1972.0,561.0,204816.5,235105.0,189368.0,0.512,0.451,0.507,0.512,0.995,0.976,0.467,0.552,4.275,4.6,0.125,89.62,89.62,21.908,17.771,0.75,49.132,0.022,,,39.113,127.609,90.339,2285.377
264,qwen25vl7b_additive_ann0p50_sectioned_resume200_to500,logs/rlvr/trace_annotation_additive_ann0p50_sectioned_reasoning_qwen25vl7b_h200_resume200_to500_20260713T201436Z.log,324.283,1293.0,111.0,0.0,1265.5,1908.0,574.0,203492.25,215421.0,189952.0,0.456,0.41,0.461,0.456,0.998,0.995,0.46,0.438,3.812,4.5,0.132,86.326,86.326,18.034,18.054,0.766,49.411,0.022,,,39.267,127.763,89.686,2357.251
265,qwen25vl7b_additive_ann0p50_sectioned_resume200_to500,logs/rlvr/trace_annotation_additive_ann0p50_sectioned_reasoning_qwen25vl7b_h200_resume200_to500_20260713T201436Z.log,326.476,1267.0,101.0,0.0,1187.039,1910.0,593.0,193729.875,207998.0,182080.0,0.463,0.423,0.471,0.463,0.998,0.997,0.437,0.519,4.125,5.0,0.147,86.568,86.568,21.451,16.057,0.893,47.988,0.022,,,39.032,127.627,89.958,2237.884
266,qwen25vl7b_additive_ann0p50_sectioned_resume200_to500,logs/rlvr/trace_annotation_additive_ann0p50_sectioned_reasoning_qwen25vl7b_h200_resume200_to500_20260713T201436Z.log,334.214,1928.0,92.0,0.0,1284.688,1973.0,541.0,207219.375,226979.0,183485.0,0.415,0.41,0.442,0.415,0.999,0.998,0.47,0.438,,,0.133,93.875,93.875,23.394,18.025,0.865,51.516,0.022,,,39.32,127.916,90.101,2207.408
267,qwen25vl7b_additive_ann0p50_sectioned_resume200_to500,logs/rlvr/trace_annotation_additive_ann0p50_sectioned_reasoning_qwen25vl7b_h200_resume200_to500_20260713T201436Z.log,325.001,900.0,89.0,0.0,1298.852,1955.0,576.0,207853.125,229456.0,187388.0,0.433,0.398,0.444,0.433,0.999,0.991,0.437,0.463,4.5,5.0,0.176,87.711,87.711,16.323,18.242,0.881,52.203,0.022,,,39.177,127.772,91.104,2369.744
268,qwen25vl7b_additive_ann0p50_sectioned_resume200_to500,logs/rlvr/trace_annotation_additive_ann0p50_sectioned_reasoning_qwen25vl7b_h200_resume200_to500_20260713T201436Z.log,341.054,1277.0,123.0,0.0,1188.531,1971.0,602.0,195786.875,202436.0,185536.0,0.481,0.437,0.486,0.481,0.996,0.979,0.472,0.561,,,0.172,83.014,83.014,17.906,16.4,0.836,47.811,0.022,,,39.045,127.64,90.874,2358.478
269,qwen25vl7b_additive_ann0p50_sectioned_resume200_to500,logs/rlvr/trace_annotation_additive_ann0p50_sectioned_reasoning_qwen25vl7b_h200_resume200_to500_20260713T201436Z.log,337.182,2048.0,109.0,0.001,1241.109,1976.0,575.0,202021.25,209433.0,188576.0,0.417,0.44,0.457,0.417,0.998,0.995,0.485,0.546,3.812,4.0,0.145,90.291,90.291,21.439,17.671,0.861,50.25,0.022,,,39.419,128.014,90.193,2237.44
270,qwen25vl7b_additive_ann0p50_sectioned_resume200_to500,logs/rlvr/trace_annotation_additive_ann0p50_sectioned_reasoning_qwen25vl7b_h200_resume200_to500_20260713T201436Z.log,329.969,872.0,112.0,0.0,1214.227,1971.0,549.0,197657.0,218677.0,174826.0,0.419,0.402,0.44,0.419,0.997,0.996,0.412,0.533,,,0.178,82.708,82.708,16.44,17.119,0.823,48.265,0.022,,,39.381,127.976,90.084,2389.811
271,qwen25vl7b_additive_ann0p50_sectioned_resume200_to500,logs/rlvr/trace_annotation_additive_ann0p50_sectioned_reasoning_qwen25vl7b_h200_resume200_to500_20260713T201436Z.log,324.96,2048.0,107.0,0.001,1235.125,1913.0,543.0,199690.875,214121.0,180484.0,0.473,0.416,0.472,0.473,0.998,0.988,0.46,0.46,4.0,4.0,0.135,90.406,90.406,21.198,18.065,0.878,50.203,0.023,,,39.686,128.281,89.897,2208.83
272,qwen25vl7b_additive_ann0p50_sectioned_resume200_to500,logs/rlvr/trace_annotation_additive_ann0p50_sectioned_reasoning_qwen25vl7b_h200_resume200_to500_20260713T201436Z.log,325.918,1157.0,116.0,0.0,1211.789,1917.0,551.0,196826.5,211059.0,181166.0,0.458,0.405,0.46,0.458,1.0,0.996,0.395,0.514,4.281,5.25,0.138,85.239,85.239,18.143,16.951,0.887,49.197,0.023,,,38.902,127.497,89.883,2309.1
273,qwen25vl7b_additive_ann0p50_sectioned_resume200_to500,logs/rlvr/trace_annotation_additive_ann0p50_sectioned_reasoning_qwen25vl7b_h200_resume200_to500_20260713T201436Z.log,319.438,1140.0,110.0,0.0,1281.039,1969.0,586.0,204861.125,215405.0,182157.0,0.445,0.434,0.467,0.445,0.998,0.987,0.447,0.548,3.625,4.0,0.143,92.798,92.798,23.293,17.313,0.878,51.156,0.022,,,39.314,127.909,91.115,2207.606
274,qwen25vl7b_additive_ann0p50_sectioned_resume200_to500,logs/rlvr/trace_annotation_additive_ann0p50_sectioned_reasoning_qwen25vl7b_h200_resume200_to500_20260713T201436Z.log,343.283,1560.0,100.0,0.0,1228.773,1939.0,596.0,201223.25,213658.0,188945.0,0.453,0.445,0.476,0.453,0.996,0.978,0.482,0.542,3.594,3.25,0.142,85.801,85.801,19.736,16.528,0.751,48.702,0.022,,,39.321,127.916,90.801,2345.226
275,qwen25vl7b_additive_ann0p50_sectioned_resume200_to500,logs/rlvr/trace_annotation_additive_ann0p50_sectioned_reasoning_qwen25vl7b_h200_resume200_to500_20260713T201436Z.log,320.286,2048.0,115.0,0.001,1202.508,1908.0,523.0,194917.625,208979.0,187502.0,0.42,0.379,0.429,0.42,0.997,0.997,0.383,0.521,,,0.187,84.621,84.621,21.419,16.023,0.734,46.384,0.022,,,39.147,127.802,90.556,2303.427
276,qwen25vl7b_additive_ann0p50_sectioned_resume200_to500,logs/rlvr/trace_annotation_additive_ann0p50_sectioned_reasoning_qwen25vl7b_h200_resume200_to500_20260713T201436Z.log,318.398,885.0,119.0,0.0,1237.867,1942.0,569.0,199202.0,204808.0,186205.0,0.435,0.416,0.454,0.435,0.999,0.998,0.416,0.549,3.625,4.0,0.169,81.98,81.98,15.233,16.937,0.872,48.876,0.023,,,39.211,127.866,90.683,2429.896
277,qwen25vl7b_additive_ann0p50_sectioned_resume200_to500,logs/rlvr/trace_annotation_additive_ann0p50_sectioned_reasoning_qwen25vl7b_h200_resume200_to500_20260713T201436Z.log,304.63,772.0,113.0,0.0,1284.172,1904.0,544.0,203366.625,220575.0,184973.0,0.434,0.421,0.456,0.434,1.0,0.998,0.474,0.44,3.438,5.0,0.173,81.765,81.765,14.245,17.566,0.773,49.121,0.022,,,39.144,127.799,91.059,2487.214
278,qwen25vl7b_additive_ann0p50_sectioned_resume200_to500,logs/rlvr/trace_annotation_additive_ann0p50_sectioned_reasoning_qwen25vl7b_h200_resume200_to500_20260713T201436Z.log,338.798,1138.0,117.0,0.0,1218.492,1955.0,578.0,199333.125,222865.0,182999.0,0.428,0.389,0.438,0.428,0.999,0.999,0.4,0.5,3.344,3.75,0.177,81.436,81.436,16.435,16.74,0.736,47.464,0.022,,,39.305,127.96,91.518,2447.716
279,qwen25vl7b_additive_ann0p50_sectioned_resume200_to500,logs/rlvr/trace_annotation_additive_ann0p50_sectioned_reasoning_qwen25vl7b_h200_resume200_to500_20260713T201436Z.log,330.476,1039.0,119.0,0.0,1232.727,1916.0,569.0,200089.875,213555.0,180277.0,0.411,0.4,0.435,0.411,1.0,0.991,0.446,0.464,5.75,6.0,0.185,81.952,81.952,16.574,16.88,0.769,47.668,0.022,,,39.26,127.915,90.533,2441.539
280,qwen25vl7b_additive_ann0p50_sectioned_resume200_to500,logs/rlvr/trace_annotation_additive_ann0p50_sectioned_reasoning_qwen25vl7b_h200_resume200_to500_20260713T201436Z.log,323.137,1687.0,97.0,0.0,1195.227,1916.0,558.0,194350.5,206982.0,185128.0,0.426,0.412,0.448,0.426,0.999,0.998,0.398,0.577,3.688,4.0,0.172,82.912,82.912,19.122,16.523,0.808,46.389,0.025,,,39.2,127.855,90.795,2344.064
281,qwen25vl7b_additive_ann0p50_sectioned_resume200_to500,logs/rlvr/trace_annotation_additive_ann0p50_sectioned_reasoning_qwen25vl7b_h200_resume200_to500_20260713T201436Z.log,329.878,1469.0,113.0,0.0,1260.711,1920.0,587.0,203595.375,222694.0,184663.0,0.457,0.438,0.475,0.457,0.993,0.995,0.456,0.474,4.5,5.0,0.128,93.485,93.485,24.592,17.226,0.957,50.622,0.026,,,38.906,127.561,90.889,2177.832
282,qwen25vl7b_additive_ann0p50_sectioned_resume200_to500,logs/rlvr/trace_annotation_additive_ann0p50_sectioned_reasoning_qwen25vl7b_h200_resume200_to500_20260713T201436Z.log,328.713,1842.0,134.0,0.0,1266.609,1968.0,620.0,204201.25,217904.0,193986.0,0.363,0.364,0.395,0.363,0.997,0.987,0.424,0.457,2.0,3.0,0.184,90.67,90.67,21.557,17.487,0.951,50.591,0.026,,,39.293,127.948,90.557,2252.132
283,qwen25vl7b_additive_ann0p50_sectioned_resume200_to500,logs/rlvr/trace_annotation_additive_ann0p50_sectioned_reasoning_qwen25vl7b_h200_resume200_to500_20260713T201436Z.log,344.194,1024.0,104.0,0.0,1247.109,1971.0,609.0,203686.875,215595.0,192987.0,0.398,0.416,0.437,0.398,0.998,0.992,0.504,0.433,,,0.1,85.497,85.497,16.694,17.334,0.949,50.44,0.025,,,39.507,128.163,90.756,2382.391
284,qwen25vl7b_additive_ann0p50_sectioned_resume200_to500,logs/rlvr/trace_annotation_additive_ann0p50_sectioned_reasoning_qwen25vl7b_h200_resume200_to500_20260713T201436Z.log,349.998,1544.0,123.0,0.0,1273.07,1969.0,567.0,207752.75,225312.0,190486.0,0.442,0.412,0.456,0.442,0.994,0.986,0.44,0.482,4.25,6.0,0.183,90.556,90.556,19.951,17.75,0.972,51.813,0.026,,,39.219,127.874,90.924,2294.185
285,qwen25vl7b_additive_ann0p50_sectioned_resume200_to500,logs/rlvr/trace_annotation_additive_ann0p50_sectioned_reasoning_qwen25vl7b_h200_resume200_to500_20260713T201436Z.log,338.829,1194.0,126.0,0.0,1251.5,1921.0,577.0,203562.125,219286.0,184094.0,0.443,0.389,0.445,0.443,0.996,0.995,0.419,0.441,3.0,2.0,0.22,88.094,88.094,18.059,17.806,0.943,51.218,0.023,,,39.662,128.317,91.958,2310.732
286,qwen25vl7b_additive_ann0p50_sectioned_resume200_to500,logs/rlvr/trace_annotation_additive_ann0p50_sectioned_reasoning_qwen25vl7b_h200_resume200_to500_20260713T201436Z.log,347.744,2025.0,103.0,0.0,1245.82,1981.0,673.0,203976.25,216042.0,191815.0,0.478,0.419,0.475,0.478,0.996,0.974,0.529,0.436,4.225,4.8,0.098,90.271,90.271,21.906,17.453,0.876,49.974,0.023,,,38.991,127.646,90.969,2259.589
287,qwen25vl7b_additive_ann0p50_sectioned_resume200_to500,logs/rlvr/trace_annotation_additive_ann0p50_sectioned_reasoning_qwen25vl7b_h200_resume200_to500_20260713T201436Z.log,362.006,1987.0,121.0,0.0,1247.984,1954.0,728.0,206078.75,224723.0,190255.0,0.469,0.453,0.488,0.469,1.0,0.99,0.483,0.514,5.156,4.25,0.15,91.65,91.65,22.613,17.347,0.888,50.741,0.023,,,39.035,127.69,91.272,2248.541
288,qwen25vl7b_additive_ann0p50_sectioned_resume200_to500,logs/rlvr/trace_annotation_additive_ann0p50_sectioned_reasoning_qwen25vl7b_h200_resume200_to500_20260713T201436Z.log,340.773,993.0,134.0,0.0,1216.016,1911.0,605.0,199269.0,220748.0,183506.0,0.442,0.449,0.473,0.442,1.0,0.997,0.447,0.566,3.167,3.333,0.157,83.936,83.936,16.171,17.139,0.878,49.658,0.024,,,39.291,127.946,90.716,2374.045
289,qwen25vl7b_additive_ann0p50_sectioned_resume200_to500,logs/rlvr/trace_annotation_additive_ann0p50_sectioned_reasoning_qwen25vl7b_h200_resume200_to500_20260713T201436Z.log,328.205,1283.0,120.0,0.0,1232.234,1930.0,568.0,199736.25,216998.0,188073.0,0.461,0.411,0.464,0.461,0.998,0.996,0.453,0.484,4.583,5.0,0.129,91.842,91.842,23.357,17.464,0.951,49.981,0.025,,,38.997,127.653,90.909,2174.784
290,qwen25vl7b_additive_ann0p50_sectioned_resume200_to500,logs/rlvr/trace_annotation_additive_ann0p50_sectioned_reasoning_qwen25vl7b_h200_resume200_to500_20260713T201436Z.log,351.692,1152.0,130.0,0.0,1142.992,1970.0,566.0,191319.625,210448.0,170606.0,0.41,0.413,0.441,0.41,0.998,0.995,0.416,0.541,4.688,4.0,0.167,78.503,78.503,17.427,14.657,0.9,45.435,0.026,,,39.456,128.111,91.536,2437.09
291,qwen25vl7b_additive_ann0p50_sectioned_resume200_to500,logs/rlvr/trace_annotation_additive_ann0p50_sectioned_reasoning_qwen25vl7b_h200_resume200_to500_20260713T201436Z.log,349.367,1149.0,138.0,0.0,1249.914,1913.0,597.0,204708.0,218081.0,180672.0,0.418,0.466,0.469,0.418,0.994,0.979,0.453,0.618,3.0,4.0,0.186,85.596,85.596,17.6,17.026,0.963,49.867,0.025,,,39.219,127.874,90.778,2391.553
292,qwen25vl7b_additive_ann0p50_sectioned_resume200_to500,logs/rlvr/trace_annotation_additive_ann0p50_sectioned_reasoning_qwen25vl7b_h200_resume200_to500_20260713T201436Z.log,351.299,1785.0,141.0,0.0,1267.117,1957.0,541.0,207157.25,220625.0,183495.0,0.434,0.47,0.479,0.434,0.997,0.996,0.463,0.6,3.5,3.5,0.103,92.7,92.7,22.434,17.838,0.961,51.312,0.026,,,39.122,127.777,91.286,2234.717
293,qwen25vl7b_additive_ann0p50_sectioned_resume200_to500,logs/rlvr/trace_annotation_additive_ann0p50_sectioned_reasoning_qwen25vl7b_h200_resume200_to500_20260713T201436Z.log,348.257,989.0,130.0,0.0,1249.148,1971.0,576.0,204467.875,226218.0,181622.0,0.458,0.464,0.488,0.458,1.0,1.0,0.493,0.565,4.188,4.5,0.133,87.573,87.573,17.801,18.13,0.957,50.605,0.025,,,39.486,128.141,91.563,2334.841
294,qwen25vl7b_additive_ann0p50_sectioned_resume200_to500,logs/rlvr/trace_annotation_additive_ann0p50_sectioned_reasoning_qwen25vl7b_h200_resume200_to500_20260713T201436Z.log,366.9,2048.0,143.0,0.001,1210.547,1902.0,544.0,201913.25,229512.0,183764.0,0.432,0.45,0.469,0.432,0.999,0.998,0.456,0.493,4.375,5.0,0.144,89.782,89.782,21.832,17.262,0.938,49.669,0.026,,,39.267,127.922,91.059,2248.93
295,qwen25vl7b_additive_ann0p50_sectioned_resume200_to500,logs/rlvr/trace_annotation_additive_ann0p50_sectioned_reasoning_qwen25vl7b_h200_resume200_to500_20260713T201436Z.log,357.332,1249.0,125.0,0.0,1197.688,1908.0,542.0,199042.5,218272.0,180527.0,0.454,0.468,0.488,0.454,0.996,0.987,0.511,0.544,4.125,4.0,0.119,85.579,85.579,18.213,17.128,0.978,49.107,0.027,,,39.31,127.965,91.219,2325.842
296,qwen25vl7b_additive_ann0p50_sectioned_resume200_to500,logs/rlvr/trace_annotation_additive_ann0p50_sectioned_reasoning_qwen25vl7b_h200_resume200_to500_20260713T201436Z.log,355.477,2048.0,104.0,0.001,1257.508,1931.0,569.0,206462.0,228360.0,180301.0,0.486,0.442,0.491,0.486,0.996,0.994,0.415,0.577,,,0.118,93.008,93.008,22.118,18.376,0.944,51.429,0.026,,,38.911,127.566,91.66,2219.829
297,qwen25vl7b_additive_ann0p50_sectioned_resume200_to500,logs/rlvr/trace_annotation_additive_ann0p50_sectioned_reasoning_qwen25vl7b_h200_resume200_to500_20260713T201436Z.log,382.174,2048.0,135.0,0.002,1235.438,1971.0,601.0,207054.25,223033.0,189990.0,0.435,0.403,0.448,0.435,0.997,0.984,0.469,0.468,4.438,4.0,0.15,98.756,98.756,28.615,17.859,0.935,51.189,0.024,,,39.334,127.989,91.813,2096.622
298,qwen25vl7b_additive_ann0p50_sectioned_resume200_to500,logs/rlvr/trace_annotation_additive_ann0p50_sectioned_reasoning_qwen25vl7b_h200_resume200_to500_20260713T201436Z.log,356.449,1799.0,136.0,0.0,1227.461,1952.0,551.0,202740.5,226597.0,184634.0,0.504,0.444,0.5,0.504,0.99,0.99,0.505,0.5,,,0.091,91.29,91.29,22.357,17.442,0.925,50.413,0.023,,,39.405,128.06,91.841,2220.835
299,qwen25vl7b_additive_ann0p50_sectioned_resume200_to500,logs/rlvr/trace_annotation_additive_ann0p50_sectioned_reasoning_qwen25vl7b_h200_resume200_to500_20260713T201436Z.log,371.615,1033.0,116.0,0.0,1204.695,1940.0,606.0,201767.75,212796.0,194094.0,0.482,0.451,0.493,0.482,0.996,0.984,0.486,0.51,4.625,7.0,0.136,86.478,86.478,18.758,17.11,0.856,49.691,0.023,,,39.203,127.858,91.302,2333.167
300,qwen25vl7b_additive_ann0p50_sectioned_resume200_to500,logs/rlvr/trace_annotation_additive_ann0p50_sectioned_reasoning_qwen25vl7b_h200_resume200_to500_20260713T201436Z.log,363.745,1871.0,146.0,0.0,1249.578,1958.0,545.0,206505.375,224821.0,186516.0,0.396,0.386,0.421,0.396,0.999,0.994,0.427,0.457,4.188,4.0,0.122,279.769,279.769,21.046,17.937,1.082,51.299,0.027,29.316,159.018,39.314,127.969,91.601,738.128
301,qwen25vl7b_additive_ann0p50_sectioned_resume200_to500,logs/rlvr/trace_annotation_additive_ann0p50_sectioned_reasoning_qwen25vl7b_h200_resume200_to500_20260713T201436Z.log,359.834,1612.0,104.0,0.0,1226.672,1938.0,575.0,203072.75,219576.0,188817.0,0.438,0.44,0.467,0.438,0.994,0.986,0.484,0.579,,,0.139,86.259,86.259,19.671,16.97,0.386,49.095,0.029,,,39.117,127.772,137.759,2354.23
302,qwen25vl7b_additive_ann0p50_sectioned_resume200_to500,logs/rlvr/trace_annotation_additive_ann0p50_sectioned_reasoning_qwen25vl7b_h200_resume200_to500_20260713T201436Z.log,369.464,1605.0,116.0,0.0,1255.602,1907.0,567.0,208008.375,226149.0,184803.0,0.443,0.432,0.466,0.443,0.996,0.986,0.449,0.566,,,0.173,88.902,88.902,20.237,17.087,0.356,51.15,0.027,,,39.211,127.866,137.807,2339.76
303,qwen25vl7b_additive_ann0p50_sectioned_resume200_to500,logs/rlvr/trace_annotation_additive_ann0p50_sectioned_reasoning_qwen25vl7b_h200_resume200_to500_20260713T201436Z.log,350.647,1206.0,143.0,0.0,1238.914,1972.0,610.0,203463.875,214422.0,190372.0,0.423,0.388,0.435,0.423,0.998,0.989,0.384,0.515,,,0.155,84.622,84.622,17.652,16.593,0.355,49.953,0.025,,,39.299,127.954,137.791,2404.374
304,qwen25vl7b_additive_ann0p50_sectioned_resume200_to500,logs/rlvr/trace_annotation_additive_ann0p50_sectioned_reasoning_qwen25vl7b_h200_resume200_to500_20260713T201436Z.log,336.882,883.0,125.0,0.0,1175.406,1910.0,602.0,193572.875,208117.0,164960.0,0.42,0.412,0.445,0.42,0.999,0.993,0.468,0.473,4.188,5.5,0.169,78.295,78.295,15.616,15.874,0.344,46.391,0.025,,,39.513,128.168,137.653,2472.359
305,qwen25vl7b_additive_ann0p50_sectioned_resume200_to500,logs/rlvr/trace_annotation_additive_ann0p50_sectioned_reasoning_qwen25vl7b_h200_resume200_to500_20260713T201436Z.log,338.164,1494.0,114.0,0.0,1267.828,1916.0,597.0,205567.0,218698.0,192571.0,0.466,0.418,0.47,0.466,0.998,0.991,0.478,0.45,4.0,4.0,0.195,91.916,91.916,24.378,17.092,0.33,50.049,0.024,,,39.374,128.029,137.627,2236.461
306,qwen25vl7b_additive_ann0p50_sectioned_resume200_to500,logs/rlvr/trace_annotation_additive_ann0p50_sectioned_reasoning_qwen25vl7b_h200_resume200_to500_20260713T201436Z.log,338.308,2048.0,133.0,0.002,1251.258,1928.0,599.0,203464.375,213773.0,189599.0,0.443,0.456,0.477,0.443,0.991,0.98,0.512,0.538,6.25,3.5,0.142,88.645,88.645,22.076,16.88,0.327,49.294,0.024,,,39.293,127.948,137.666,2295.277
307,qwen25vl7b_additive_ann0p50_sectioned_resume200_to500,logs/rlvr/trace_annotation_additive_ann0p50_sectioned_reasoning_qwen25vl7b_h200_resume200_to500_20260713T201436Z.log,367.339,2004.0,113.0,0.0,1213.828,1922.0,629.0,202389.375,220583.0,176683.0,0.516,0.459,0.513,0.516,0.998,0.99,0.519,0.532,5.35,5.2,0.093,88.322,88.322,22.811,16.453,0.321,48.67,0.025,,,39.123,127.778,137.668,2291.502
308,qwen25vl7b_additive_ann0p50_sectioned_resume200_to500,logs/rlvr/trace_annotation_additive_ann0p50_sectioned_reasoning_qwen25vl7b_h200_resume200_to500_20260713T201436Z.log,356.272,1641.0,115.0,0.0,1310.602,1924.0,641.0,213359.875,231010.0,175252.0,0.442,0.397,0.449,0.442,0.997,0.981,0.478,0.464,4.0,3.0,0.127,88.329,88.329,18.944,17.534,0.33,51.454,0.025,,,39.127,127.782,137.744,2415.502
309,qwen25vl7b_additive_ann0p50_sectioned_resume200_to500,logs/rlvr/trace_annotation_additive_ann0p50_sectioned_reasoning_qwen25vl7b_h200_resume200_to500_20260713T201436Z.log,334.312,1590.0,117.0,0.0,1201.57,1900.0,559.0,196592.875,206720.0,181503.0,0.432,0.424,0.456,0.432,0.997,0.996,0.471,0.481,,,0.135,83.978,83.978,19.216,16.53,0.321,47.844,0.024,,,39.583,128.238,137.784,2340.995
310,qwen25vl7b_additive_ann0p50_sectioned_resume200_to500,logs/rlvr/trace_annotation_additive_ann0p50_sectioned_reasoning_qwen25vl7b_h200_resume200_to500_20260713T201436Z.log,362.267,1952.0,110.0,0.0,1232.5,1911.0,604.0,204130.125,219249.0,186947.0,0.453,0.457,0.482,0.453,0.998,0.988,0.473,0.526,4.625,7.0,0.172,87.601,87.601,21.742,16.679,0.328,48.784,0.025,,,38.902,127.557,137.778,2330.228
311,qwen25vl7b_additive_ann0p50_sectioned_resume200_to500,logs/rlvr/trace_annotation_additive_ann0p50_sectioned_reasoning_qwen25vl7b_h200_resume200_to500_20260713T201436Z.log,345.952,1390.0,112.0,0.0,1275.367,1932.0,550.0,207528.875,234764.0,184216.0,0.436,0.437,0.464,0.436,0.994,0.985,0.503,0.484,3.583,3.333,0.141,87.964,87.964,18.379,17.551,0.331,51.634,0.025,,,39.008,127.914,137.766,2359.246
312,qwen25vl7b_additive_ann0p50_sectioned_resume200_to500,logs/rlvr/trace_annotation_additive_ann0p50_sectioned_reasoning_qwen25vl7b_h200_resume200_to500_20260713T201436Z.log,350.252,1135.0,98.0,0.0,1244.406,1925.0,545.0,204116.25,219236.0,186017.0,0.382,0.447,0.443,0.382,0.999,0.981,0.524,0.498,5.188,3.0,0.147,84.272,84.272,16.891,17.092,0.326,49.895,0.025,,,39.239,128.145,137.85,2422.103
313,qwen25vl7b_additive_ann0p50_sectioned_resume200_to500,logs/rlvr/trace_annotation_additive_ann0p50_sectioned_reasoning_qwen25vl7b_h200_resume200_to500_20260713T201436Z.log,357.247,1478.0,129.0,0.0,1290.258,1950.0,736.0,210880.625,232445.0,191537.0,0.424,0.426,0.454,0.424,0.998,0.995,0.474,0.502,4.625,4.0,0.181,93.287,93.287,24.011,17.705,0.301,51.205,0.024,,,39.131,128.036,137.528,2260.567
314,qwen25vl7b_additive_ann0p50_sectioned_resume200_to500,logs/rlvr/trace_annotation_additive_ann0p50_sectioned_reasoning_qwen25vl7b_h200_resume200_to500_20260713T201436Z.log,374.289,1383.0,116.0,0.0,1259.742,1961.0,567.0,209156.0,230651.0,193003.0,0.416,0.391,0.433,0.416,0.999,0.98,0.406,0.499,,,0.188,87.773,87.773,18.863,17.54,0.323,50.979,0.024,,,39.358,128.264,137.48,2382.926
315,qwen25vl7b_additive_ann0p50_sectioned_resume200_to500,logs/rlvr/trace_annotation_additive_ann0p50_sectioned_reasoning_qwen25vl7b_h200_resume200_to500_20260713T201436Z.log,350.474,1164.0,131.0,0.0,1255.305,1917.0,569.0,205539.625,221850.0,193193.0,0.505,0.463,0.509,0.505,0.997,0.993,0.504,0.508,3.833,5.0,0.15,84.934,84.934,17.606,17.308,0.325,49.628,0.024,,,39.047,127.953,137.592,2420.001
316,qwen25vl7b_additive_ann0p50_sectioned_resume200_to500,logs/rlvr/trace_annotation_additive_ann0p50_sectioned_reasoning_qwen25vl7b_h200_resume200_to500_20260713T201436Z.log,347.982,2002.0,119.0,0.0,1231.906,1901.0,692.0,202225.75,214487.0,197196.0,0.415,0.427,0.45,0.415,0.994,0.991,0.487,0.517,3.625,3.0,0.146,87.843,87.843,22.379,16.859,0.325,48.213,0.025,,,39.319,128.225,137.609,2302.126
317,qwen25vl7b_additive_ann0p50_sectioned_resume200_to500,logs/rlvr/trace_annotation_additive_ann0p50_sectioned_reasoning_qwen25vl7b_h200_resume200_to500_20260713T201436Z.log,326.939,1035.0,112.0,0.0,1200.453,1924.0,588.0,195506.25,211864.0,178869.0,0.433,0.44,0.465,0.433,0.999,0.999,0.444,0.568,3.688,3.5,0.137,80.975,80.975,16.244,16.4,0.323,47.94,0.024,,,39.195,128.112,137.71,2414.416
318,qwen25vl7b_additive_ann0p50_sectioned_resume200_to500,logs/rlvr/trace_annotation_additive_ann0p50_sectioned_reasoning_qwen25vl7b_h200_resume200_to500_20260713T201436Z.log,375.522,2048.0,124.0,0.001,1261.055,1975.0,586.0,209481.875,225152.0,194010.0,0.443,0.415,0.457,0.443,0.995,0.992,0.473,0.436,,,0.177,91.252,91.252,22.293,17.134,0.328,51.43,0.025,,,39.01,127.955,137.681,2295.645
319,qwen25vl7b_additive_ann0p50_sectioned_resume200_to500,logs/rlvr/trace_annotation_additive_ann0p50_sectioned_reasoning_qwen25vl7b_h200_resume200_to500_20260713T201436Z.log,349.346,1595.0,135.0,0.0,1278.914,1933.0,583.0,208417.25,221210.0,197779.0,0.41,0.48,0.473,0.41,0.995,0.994,0.501,0.589,,,0.122,88.371,88.371,19.728,17.211,0.329,51.034,0.025,,,39.299,128.243,137.76,2358.426
320,qwen25vl7b_additive_ann0p50_sectioned_resume200_to500,logs/rlvr/trace_annotation_additive_ann0p50_sectioned_reasoning_qwen25vl7b_h200_resume200_to500_20260713T201436Z.log,361.436,1993.0,115.0,0.0,1247.828,1963.0,579.0,205985.75,217136.0,191605.0,0.445,0.429,0.465,0.445,0.998,0.995,0.465,0.517,,,0.152,90.099,90.099,22.938,16.47,0.302,50.321,0.025,,,39.524,128.468,137.719,2286.208
321,qwen25vl7b_additive_ann0p50_sectioned_resume200_to500,logs/rlvr/trace_annotation_additive_ann0p50_sectioned_reasoning_qwen25vl7b_h200_resume200_to500_20260713T201436Z.log,344.477,2048.0,117.0,0.001,1274.117,1913.0,583.0,207180.0,226443.0,194811.0,0.403,0.42,0.441,0.403,0.998,0.991,0.444,0.556,3.812,5.5,0.176,92.929,92.929,25.456,16.785,0.3,50.321,0.023,,,38.883,127.828,137.516,2229.45
322,qwen25vl7b_additive_ann0p50_sectioned_resume200_to500,logs/rlvr/trace_annotation_additive_ann0p50_sectioned_reasoning_qwen25vl7b_h200_resume200_to500_20260713T201436Z.log,368.842,2048.0,127.0,0.002,1204.117,1906.0,596.0,201338.75,217393.0,191143.0,0.433,0.416,0.453,0.433,0.992,0.969,0.455,0.52,3.688,3.5,0.177,86.604,86.604,22.559,15.783,0.289,47.904,0.024,,,39.174,128.119,137.587,2324.821
323,qwen25vl7b_additive_ann0p50_sectioned_resume200_to500,logs/rlvr/trace_annotation_additive_ann0p50_sectioned_reasoning_qwen25vl7b_h200_resume200_to500_20260713T201436Z.log,359.766,2048.0,125.0,0.001,1265.758,1929.0,617.0,208067.0,231744.0,174031.0,0.428,0.463,0.473,0.428,0.997,0.98,0.469,0.589,,,0.194,89.496,89.496,21.483,16.541,0.296,51.109,0.024,,,39.215,128.159,137.638,2324.88
324,qwen25vl7b_additive_ann0p50_sectioned_resume200_to500,logs/rlvr/trace_annotation_additive_ann0p50_sectioned_reasoning_qwen25vl7b_h200_resume200_to500_20260713T201436Z.log,377.269,1531.0,145.0,0.0,1294.062,1912.0,611.0,213930.375,235392.0,196316.0,0.478,0.431,0.481,0.478,0.996,0.986,0.498,0.49,4.625,6.0,0.166,88.429,88.429,19.044,17.982,0.299,51.037,0.025,,,39.09,128.035,137.64,2419.223
325,qwen25vl7b_additive_ann0p50_sectioned_resume200_to500,logs/rlvr/trace_annotation_additive_ann0p50_sectioned_reasoning_qwen25vl7b_h200_resume200_to500_20260713T201436Z.log,356.402,1514.0,104.0,0.0,1248.492,1904.0,575.0,205426.5,220662.0,184181.0,0.408,0.473,0.469,0.408,0.996,0.993,0.506,0.576,3.833,5.333,0.148,86.033,86.033,18.726,17.455,0.295,49.488,0.024,,,39.261,128.206,137.702,2387.764
326,qwen25vl7b_additive_ann0p50_sectioned_resume200_to500,logs/rlvr/trace_annotation_additive_ann0p50_sectioned_reasoning_qwen25vl7b_h200_resume200_to500_20260713T201436Z.log,375.217,2048.0,128.0,0.001,1245.5,1886.0,595.0,207451.75,223546.0,186821.0,0.438,0.448,0.47,0.438,0.988,0.977,0.528,0.504,,,0.097,90.593,90.593,22.324,16.968,0.3,50.934,0.024,,,39.236,128.181,137.664,2289.921
327,qwen25vl7b_additive_ann0p50_sectioned_resume200_to500,logs/rlvr/trace_annotation_additive_ann0p50_sectioned_reasoning_qwen25vl7b_h200_resume200_to500_20260713T201436Z.log,360.785,1352.0,95.0,0.0,1226.734,1910.0,539.0,203202.5,229312.0,191420.0,0.464,0.428,0.473,0.464,0.992,0.993,0.457,0.509,3.875,4.0,0.183,83.594,83.594,18.029,16.496,0.267,48.739,0.023,,,39.488,128.433,137.7,2430.84
328,qwen25vl7b_additive_ann0p50_sectioned_resume200_to500,logs/rlvr/trace_annotation_additive_ann0p50_sectioned_reasoning_qwen25vl7b_h200_resume200_to500_20260713T201436Z.log,371.595,1177.0,133.0,0.0,1297.75,1940.0,522.0,213676.125,240794.0,197822.0,0.41,0.443,0.455,0.41,0.999,0.989,0.518,0.516,2.625,4.0,0.151,87.16,87.16,18.046,17.454,0.273,51.322,0.023,,,39.479,128.423,137.747,2451.549
329,qwen25vl7b_additive_ann0p50_sectioned_resume200_to500,logs/rlvr/trace_annotation_additive_ann0p50_sectioned_reasoning_qwen25vl7b_h200_resume200_to500_20260713T201436Z.log,360.985,2048.0,111.0,0.001,1251.922,1911.0,542.0,206452.125,224765.0,190522.0,0.457,0.478,0.494,0.457,0.992,0.982,0.492,0.598,7.125,3.0,0.141,93.444,93.444,26.736,16.591,0.299,49.752,0.023,,,39.237,128.182,137.642,2209.359
330,qwen25vl7b_additive_ann0p50_sectioned_resume200_to500,logs/rlvr/trace_annotation_additive_ann0p50_sectioned_reasoning_qwen25vl7b_h200_resume200_to500_20260713T201436Z.log,347.822,1280.0,114.0,0.0,1286.711,1918.0,602.0,209220.25,222761.0,198147.0,0.432,0.441,0.464,0.432,0.995,0.984,0.504,0.512,3.875,4.0,0.135,87.288,87.288,18.376,16.995,0.302,51.543,0.025,,,39.39,128.335,137.589,2396.886
331,qwen25vl7b_additive_ann0p50_sectioned_resume200_to500,logs/rlvr/trace_annotation_additive_ann0p50_sectioned_reasoning_qwen25vl7b_h200_resume200_to500_20260713T201436Z.log,375.044,1224.0,131.0,0.0,1201.719,1918.0,577.0,201825.625,237852.0,181152.0,0.432,0.44,0.464,0.432,0.996,0.991,0.49,0.541,4.688,5.25,0.078,83.114,83.114,18.696,15.841,0.295,48.213,0.024,,,39.422,128.367,137.623,2428.29
332,qwen25vl7b_additive_ann0p50_sectioned_resume200_to500,logs/rlvr/trace_annotation_additive_ann0p50_sectioned_reasoning_qwen25vl7b_h200_resume200_to500_20260713T201436Z.log,358.027,1290.0,139.0,0.0,1313.281,1913.0,568.0,213927.5,230392.0,197246.0,0.43,0.443,0.464,0.43,0.994,0.987,0.497,0.524,3.0,3.0,0.153,87.723,87.723,18.332,17.54,0.306,51.477,0.025,,,38.876,127.821,137.624,2438.683
333,qwen25vl7b_additive_ann0p50_sectioned_resume200_to500,logs/rlvr/trace_annotation_additive_ann0p50_sectioned_reasoning_qwen25vl7b_h200_resume200_to500_20260713T201436Z.log,371.075,1332.0,100.0,0.0,1257.539,1957.0,630.0,208462.625,223990.0,186956.0,0.43,0.447,0.466,0.43,0.997,0.983,0.443,0.632,,,0.147,88.489,88.489,18.33,16.821,0.295,52.969,0.03,,,39.133,128.077,130.82,2355.806
334,qwen25vl7b_additive_ann0p50_sectioned_resume200_to500,logs/rlvr/trace_annotation_additive_ann0p50_sectioned_reasoning_qwen25vl7b_h200_resume200_to500_20260713T201436Z.log,366.007,2048.0,130.0,0.001,1271.969,1955.0,640.0,209660.875,239046.0,187996.0,0.378,0.441,0.439,0.378,0.995,0.978,0.498,0.553,4.156,4.25,0.177,91.254,91.254,22.369,17.102,0.921,50.786,0.029,,,39.327,128.271,133.529,2297.563
335,qwen25vl7b_additive_ann0p50_sectioned_resume200_to500,logs/rlvr/trace_annotation_additive_ann0p50_sectioned_reasoning_qwen25vl7b_h200_resume200_to500_20260713T201436Z.log,386.886,2002.0,144.0,0.0,1241.797,1914.0,592.0,208471.375,228700.0,196690.0,0.427,0.366,0.427,0.427,0.999,0.991,0.394,0.545,,,0.186,90.037,90.037,22.631,16.631,0.317,50.389,0.025,,,39.122,128.067,134.307,2315.398
336,qwen25vl7b_additive_ann0p50_sectioned_resume200_to500,logs/rlvr/trace_annotation_additive_ann0p50_sectioned_reasoning_qwen25vl7b_h200_resume200_to500_20260713T201436Z.log,356.764,2048.0,142.0,0.001,1269.336,1909.0,605.0,208140.75,215171.0,194656.0,0.396,0.42,0.437,0.396,0.991,0.988,0.473,0.535,4.062,4.5,0.155,90.332,90.332,22.188,17.332,0.315,50.427,0.025,,,39.356,128.301,134.734,2304.176
337,qwen25vl7b_additive_ann0p50_sectioned_resume200_to500,logs/rlvr/trace_annotation_additive_ann0p50_sectioned_reasoning_qwen25vl7b_h200_resume200_to500_20260713T201436Z.log,365.523,1363.0,107.0,0.0,1226.758,1891.0,563.0,203812.0,215175.0,175111.0,0.419,0.417,0.447,0.419,0.999,0.99,0.459,0.502,4.478,3.348,0.165,90.654,90.654,23.805,16.683,0.31,49.787,0.024,,,38.926,127.87,135.953,2248.239
338,qwen25vl7b_additive_ann0p50_sectioned_resume200_to500,logs/rlvr/trace_annotation_additive_ann0p50_sectioned_reasoning_qwen25vl7b_h200_resume200_to500_20260713T201436Z.log,382.01,1355.0,109.0,0.0,1259.195,1981.0,567.0,210074.25,227343.0,191525.0,0.427,0.456,0.469,0.427,0.996,0.994,0.473,0.559,4.875,6.0,0.14,88.506,88.506,18.556,17.435,0.312,52.135,0.024,,,39.315,128.26,136.057,2373.547
339,qwen25vl7b_additive_ann0p50_sectioned_resume200_to500,logs/rlvr/trace_annotation_additive_ann0p50_sectioned_reasoning_qwen25vl7b_h200_resume200_to500_20260713T201436Z.log,386.819,1407.0,146.0,0.0,1220.891,1928.0,541.0,205786.875,216681.0,192917.0,0.392,0.408,0.429,0.392,0.995,0.991,0.453,0.508,3.031,3.0,0.16,86.459,86.459,19.25,16.964,0.302,49.875,0.024,,,39.483,128.427,136.118,2380.171
340,qwen25vl7b_additive_ann0p50_sectioned_resume200_to500,logs/rlvr/trace_annotation_additive_ann0p50_sectioned_reasoning_qwen25vl7b_h200_resume200_to500_20260713T201436Z.log,395.414,1188.0,127.0,0.0,1233.164,1918.0,578.0,208458.0,226877.0,198170.0,0.483,0.45,0.493,0.483,0.994,0.995,0.472,0.549,2.875,2.0,0.183,84.261,84.261,18.223,16.532,0.31,49.127,0.026,,,39.107,128.051,136.286,2473.968
341,qwen25vl7b_additive_ann0p50_sectioned_resume200_to500,logs/rlvr/trace_annotation_additive_ann0p50_sectioned_reasoning_qwen25vl7b_h200_resume200_to500_20260713T201436Z.log,396.801,1205.0,127.0,0.0,1264.422,1911.0,581.0,212636.5,227651.0,197844.0,0.451,0.429,0.468,0.451,0.999,0.976,0.447,0.557,3.75,3.0,0.151,86.605,86.605,18.111,17.107,0.315,51.005,0.025,,,39.023,127.967,136.343,2455.239
342,qwen25vl7b_additive_ann0p50_sectioned_resume200_to500,logs/rlvr/trace_annotation_additive_ann0p50_sectioned_reasoning_qwen25vl7b_h200_resume200_to500_20260713T201436Z.log,375.166,1080.0,107.0,0.0,1257.523,1973.0,566.0,208984.25,238283.0,192820.0,0.469,0.46,0.491,0.469,1.0,0.991,0.506,0.568,,,0.083,85.956,85.956,18.13,16.795,0.312,50.651,0.025,,,39.679,128.623,136.348,2431.283
343,qwen25vl7b_additive_ann0p50_sectioned_resume200_to500,logs/rlvr/trace_annotation_additive_ann0p50_sectioned_reasoning_qwen25vl7b_h200_resume200_to500_20260713T201436Z.log,375.503,1269.0,119.0,0.0,1238.258,1912.0,567.0,206561.375,216387.0,194618.0,0.449,0.438,0.471,0.449,0.992,0.991,0.504,0.477,5.875,5.0,0.14,85.896,85.896,18.16,16.616,0.312,50.739,0.025,,,39.006,127.95,136.401,2404.786
344,qwen25vl7b_additive_ann0p50_sectioned_resume200_to500,logs/rlvr/trace_annotation_additive_ann0p50_sectioned_reasoning_qwen25vl7b_h200_resume200_to500_20260713T201436Z.log,384.735,2048.0,120.0,0.003,1216.359,1907.0,607.0,204940.125,220022.0,195831.0,0.432,0.452,0.469,0.432,0.993,0.984,0.493,0.545,,,0.158,88.226,88.226,22.905,16.527,0.302,48.423,0.025,,,39.219,128.163,136.485,2322.908
345,qwen25vl7b_additive_ann0p50_sectioned_resume200_to500,logs/rlvr/trace_annotation_additive_ann0p50_sectioned_reasoning_qwen25vl7b_h200_resume200_to500_20260713T201436Z.log,402.725,1665.0,106.0,0.0,1244.578,1912.0,551.0,210854.75,226236.0,193552.0,0.494,0.461,0.503,0.494,0.998,0.995,0.471,0.601,3.125,6.0,0.13,92.332,92.332,24.933,16.313,0.259,50.764,0.022,,,39.132,128.076,136.617,2283.664
346,qwen25vl7b_additive_ann0p50_sectioned_resume200_to500,logs/rlvr/trace_annotation_additive_ann0p50_sectioned_reasoning_qwen25vl7b_h200_resume200_to500_20260713T201436Z.log,399.376,1493.0,137.0,0.0,1194.594,1951.0,543.0,204028.125,225027.0,190528.0,0.466,0.419,0.47,0.466,0.995,0.99,0.408,0.544,4.594,3.5,0.179,83.824,83.824,19.961,15.641,0.26,47.9,0.023,,,39.096,128.04,136.44,2433.996
347,qwen25vl7b_additive_ann0p50_sectioned_resume200_to500,logs/rlvr/trace_annotation_additive_ann0p50_sectioned_reasoning_qwen25vl7b_h200_resume200_to500_20260713T201436Z.log,408.113,1207.0,135.0,0.0,1272.555,1911.0,547.0,215125.5,235729.0,202483.0,0.448,0.439,0.472,0.448,0.999,0.995,0.478,0.544,4.0,4.0,0.169,88.816,88.816,21.01,16.761,0.267,50.716,0.023,,,39.191,128.136,136.525,2422.149
348,qwen25vl7b_additive_ann0p50_sectioned_resume200_to500,logs/rlvr/trace_annotation_additive_ann0p50_sectioned_reasoning_qwen25vl7b_h200_resume200_to500_20260713T201436Z.log,392.519,1874.0,149.0,0.0,1243.68,1920.0,606.0,209433.375,235747.0,189441.0,0.465,0.446,0.482,0.465,0.996,0.989,0.451,0.581,3.562,3.0,0.164,86.991,86.991,20.639,16.562,0.264,49.463,0.023,,,39.177,128.121,136.645,2407.523
349,qwen25vl7b_additive_ann0p50_sectioned_resume200_to500,logs/rlvr/trace_annotation_additive_ann0p50_sectioned_reasoning_qwen25vl7b_h200_resume200_to500_20260713T201436Z.log,382.597,1025.0,43.0,0.0,1302.484,1959.0,594.0,215690.375,240372.0,197753.0,0.483,0.478,0.506,0.483,0.997,0.994,0.516,0.56,6.625,2.0,0.103,87.363,87.363,18.275,17.2,0.272,51.554,0.023,,,39.263,128.207,136.635,2468.898
350,qwen25vl7b_additive_ann0p50_sectioned_resume200_to500,logs/rlvr/trace_annotation_additive_ann0p50_sectioned_reasoning_qwen25vl7b_h200_resume200_to500_20260713T201436Z.log,413.45,1389.0,146.0,0.0,1226.438,1914.0,604.0,209905.625,223345.0,201413.0,0.374,0.429,0.431,0.374,0.998,0.995,0.506,0.485,4.0,4.0,0.119,85.237,85.237,19.816,16.137,0.263,48.957,0.023,,,39.269,128.214,136.655,2462.621
351,qwen25vl7b_additive_ann0p50_sectioned_resume200_to500,logs/rlvr/trace_annotation_additive_ann0p50_sectioned_reasoning_qwen25vl7b_h200_resume200_to500_20260713T201436Z.log,400.888,1116.0,130.0,0.0,1245.07,1992.0,602.0,210682.625,225362.0,201624.0,0.503,0.437,0.496,0.503,0.997,0.987,0.466,0.525,,,0.134,84.955,84.955,18.363,16.324,0.264,49.94,0.023,,,39.059,128.003,136.721,2479.943
352,qwen25vl7b_additive_ann0p50_sectioned_resume200_to500,logs/rlvr/trace_annotation_additive_ann0p50_sectioned_reasoning_qwen25vl7b_h200_resume200_to500_20260713T201436Z.log,399.709,1923.0,131.0,0.0,1253.289,1961.0,604.0,211583.75,236776.0,189923.0,0.472,0.448,0.486,0.472,0.99,0.986,0.45,0.585,2.812,3.0,0.165,89.627,89.627,22.775,16.471,0.266,50.053,0.024,,,38.895,127.84,136.767,2360.704
353,qwen25vl7b_additive_ann0p50_sectioned_resume200_to500,logs/rlvr/trace_annotation_additive_ann0p50_sectioned_reasoning_qwen25vl7b_h200_resume200_to500_20260713T201436Z.log,407.682,2048.0,117.0,0.002,1177.719,1920.0,566.0,202931.25,217593.0,190474.0,0.39,0.43,0.439,0.39,0.997,0.981,0.481,0.525,4.938,6.0,0.172,90.502,90.502,27.01,16.278,0.254,46.898,0.023,,,39.108,128.052,136.759,2242.287
354,qwen25vl7b_additive_ann0p50_sectioned_resume200_to500,logs/rlvr/trace_annotation_additive_ann0p50_sectioned_reasoning_qwen25vl7b_h200_resume200_to500_20260713T201436Z.log,422.685,2048.0,134.0,0.001,1206.336,1969.0,575.0,208514.625,231576.0,182693.0,0.411,0.447,0.457,0.411,0.997,0.98,0.515,0.528,5.938,5.5,0.155,89.188,89.188,23.552,15.915,0.258,49.4,0.023,,,39.445,128.389,136.741,2337.915
355,qwen25vl7b_additive_ann0p50_sectioned_resume200_to500,logs/rlvr/trace_annotation_additive_ann0p50_sectioned_reasoning_qwen25vl7b_h200_resume200_to500_20260713T201436Z.log,413.548,1449.0,151.0,0.0,1242.156,1928.0,565.0,211930.125,240025.0,194161.0,0.463,0.434,0.476,0.463,0.998,0.99,0.435,0.557,5.25,3.0,0.156,88.541,88.541,21.644,16.433,0.263,50.138,0.023,,,39.105,128.05,136.789,2393.581
356,qwen25vl7b_additive_ann0p50_sectioned_resume200_to500,logs/rlvr/trace_annotation_additive_ann0p50_sectioned_reasoning_qwen25vl7b_h200_resume200_to500_20260713T201436Z.log,385.747,1637.0,147.0,0.0,1250.789,1918.0,618.0,209476.625,237483.0,194939.0,0.473,0.435,0.481,0.473,1.0,1.0,0.445,0.543,7.375,3.0,0.14,86.916,86.916,19.979,16.51,0.26,50.103,0.023,,,38.972,127.916,136.735,2410.093
357,qwen25vl7b_additive_ann0p50_sectioned_resume200_to500,logs/rlvr/trace_annotation_additive_ann0p50_sectioned_reasoning_qwen25vl7b_h200_resume200_to500_20260713T201436Z.log,381.469,1447.0,135.0,0.0,1231.766,1918.0,584.0,206494.0,219481.0,189009.0,0.421,0.43,0.454,0.421,1.0,0.997,0.473,0.491,,,0.126,84.613,84.613,18.741,16.116,0.26,49.434,0.023,,,39.08,128.024,136.732,2440.439
358,qwen25vl7b_additive_ann0p50_sectioned_resume200_to500,logs/rlvr/trace_annotation_additive_ann0p50_sectioned_reasoning_qwen25vl7b_h200_resume200_to500_20260713T201436Z.log,418.863,2048.0,139.0,0.001,1240.844,1903.0,580.0,212442.5,230089.0,195325.0,0.374,0.416,0.425,0.374,0.999,0.998,0.465,0.518,2.875,4.0,0.165,90.417,90.417,23.288,16.771,0.263,50.033,0.022,,,39.401,128.396,136.733,2349.583
359,qwen25vl7b_additive_ann0p50_sectioned_resume200_to500,logs/rlvr/trace_annotation_additive_ann0p50_sectioned_reasoning_qwen25vl7b_h200_resume200_to500_20260713T201436Z.log,378.654,1081.0,144.0,0.0,1211.398,1906.0,589.0,203526.75,218321.0,185091.0,0.454,0.442,0.475,0.454,1.0,1.0,0.424,0.577,5.208,5.667,0.134,81.754,81.754,16.385,16.219,0.258,48.829,0.024,,,39.151,128.145,136.734,2489.508
360,qwen25vl7b_additive_ann0p50_sectioned_resume200_to500,logs/rlvr/trace_annotation_additive_ann0p50_sectioned_reasoning_qwen25vl7b_h200_resume200_to500_20260713T201436Z.log,430.724,1541.0,148.0,0.0,1236.219,1903.0,566.0,213368.625,230154.0,204229.0,0.439,0.426,0.461,0.439,0.998,0.99,0.478,0.444,4.375,4.75,0.153,89.266,89.266,21.589,16.502,0.261,50.852,0.023,,,38.947,127.941,136.742,2390.247
361,qwen25vl7b_additive_ann0p50_sectioned_resume200_to500,logs/rlvr/trace_annotation_additive_ann0p50_sectioned_reasoning_qwen25vl7b_h200_resume200_to500_20260713T201436Z.log,418.382,2048.0,136.0,0.001,1224.609,1971.0,538.0,210302.875,221942.0,194334.0,0.5,0.49,0.52,0.5,0.993,0.977,0.541,0.596,4.0,5.0,0.108,95.663,95.663,29.351,16.158,0.258,49.835,0.022,,,39.275,128.27,136.697,2198.373
362,qwen25vl7b_additive_ann0p50_sectioned_resume200_to500,logs/rlvr/trace_annotation_additive_ann0p50_sectioned_reasoning_qwen25vl7b_h200_resume200_to500_20260713T201436Z.log,424.793,1762.0,143.0,0.0,1303.75,1908.0,663.0,221253.5,233596.0,197923.0,0.452,0.416,0.462,0.452,0.999,0.997,0.459,0.514,,,0.166,94.639,94.639,24.963,17.41,0.266,51.938,0.023,,,39.218,128.212,136.691,2337.875
363,qwen25vl7b_additive_ann0p50_sectioned_resume200_to500,logs/rlvr/trace_annotation_additive_ann0p50_sectioned_reasoning_qwen25vl7b_h200_resume200_to500_20260713T201436Z.log,409.444,1379.0,110.0,0.0,1224.25,1979.0,597.0,209112.875,245008.0,179885.0,0.411,0.405,0.438,0.411,0.998,0.989,0.449,0.439,4.425,3.8,0.157,85.537,85.537,20.029,16.152,0.259,49.034,0.023,,,39.273,128.267,136.67,2444.714
364,qwen25vl7b_additive_ann0p50_sectioned_resume200_to500,logs/rlvr/trace_annotation_additive_ann0p50_sectioned_reasoning_qwen25vl7b_h200_resume200_to500_20260713T201436Z.log,399.054,1120.0,114.0,0.0,1263.469,1919.0,579.0,212802.875,232828.0,186904.0,0.472,0.464,0.494,0.472,0.998,0.989,0.509,0.504,3.0,3.0,0.152,88.045,88.045,19.733,16.79,0.264,51.196,0.023,,,39.023,128.018,136.738,2416.969
365,qwen25vl7b_additive_ann0p50_sectioned_resume200_to500,logs/rlvr/trace_annotation_additive_ann0p50_sectioned_reasoning_qwen25vl7b_h200_resume200_to500_20260713T201436Z.log,413.725,1779.0,149.0,0.0,1249.18,1897.0,605.0,212851.75,226366.0,199373.0,0.458,0.453,0.482,0.458,0.998,0.983,0.504,0.573,5.125,5.0,0.127,89.129,89.129,22.013,16.531,0.261,50.261,0.024,,,39.145,128.139,136.707,2388.134
366,qwen25vl7b_additive_ann0p50_sectioned_resume200_to500,logs/rlvr/trace_annotation_additive_ann0p50_sectioned_reasoning_qwen25vl7b_h200_resume200_to500_20260713T201436Z.log,390.197,1521.0,109.0,0.0,1265.859,1926.0,611.0,211975.25,240096.0,194191.0,0.461,0.486,0.5,0.461,0.999,0.997,0.501,0.602,,,0.124,87.493,87.493,19.677,16.514,0.263,50.976,0.023,,,39.2,128.195,136.965,2422.774
367,qwen25vl7b_additive_ann0p50_sectioned_resume200_to500,logs/rlvr/trace_annotation_additive_ann0p50_sectioned_reasoning_qwen25vl7b_h200_resume200_to500_20260713T201436Z.log,398.551,1383.0,140.0,0.0,1266.523,1918.0,543.0,213129.5,225602.0,198581.0,0.403,0.441,0.451,0.403,0.999,0.99,0.488,0.527,,,0.183,89.423,89.423,21.033,17.273,0.263,50.791,0.023,,,39.315,128.31,137.416,2383.391
368,qwen25vl7b_additive_ann0p50_sectioned_resume200_to500,logs/rlvr/trace_annotation_additive_ann0p50_sectioned_reasoning_qwen25vl7b_h200_resume200_to500_20260713T201436Z.log,417.424,2048.0,151.0,0.002,1239.07,1978.0,577.0,212031.25,237442.0,177771.0,0.391,0.387,0.419,0.391,0.993,0.97,0.439,0.501,,,0.207,91.063,91.063,24.171,16.148,0.262,50.418,0.023,,,39.265,128.259,137.501,2328.391
369,qwen25vl7b_additive_ann0p50_sectioned_resume200_to500,logs/rlvr/trace_annotation_additive_ann0p50_sectioned_reasoning_qwen25vl7b_h200_resume200_to500_20260713T201436Z.log,409.901,1146.0,117.0,0.0,1183.109,1954.0,611.0,203905.375,212693.0,186913.0,0.446,0.455,0.478,0.446,0.994,0.997,0.465,0.624,5.875,6.0,0.145,86.319,86.319,22.775,16.076,0.258,47.147,0.022,,,39.21,128.204,137.768,2362.237
370,qwen25vl7b_additive_ann0p50_sectioned_resume200_to500,logs/rlvr/trace_annotation_additive_ann0p50_sectioned_reasoning_qwen25vl7b_h200_resume200_to500_20260713T201436Z.log,424.563,1957.0,117.0,0.0,1256.398,1936.0,540.0,215163.125,222132.0,210120.0,0.423,0.409,0.445,0.423,0.998,0.975,0.471,0.521,4.438,4.5,0.137,90.08,90.08,22.399,17.168,0.264,50.186,0.023,,,39.232,128.226,137.938,2388.576
371,qwen25vl7b_additive_ann0p50_sectioned_resume200_to500,logs/rlvr/trace_annotation_additive_ann0p50_sectioned_reasoning_qwen25vl7b_h200_resume200_to500_20260713T201436Z.log,425.752,2048.0,130.0,0.001,1207.82,1917.0,620.0,209097.25,233978.0,193996.0,0.444,0.407,0.455,0.444,0.999,0.999,0.484,0.462,5.075,4.8,0.16,88.225,88.225,23.004,16.348,0.257,48.553,0.023,,,39.352,128.346,137.997,2370.045
372,qwen25vl7b_additive_ann0p50_sectioned_resume200_to500,logs/rlvr/trace_annotation_additive_ann0p50_sectioned_reasoning_qwen25vl7b_h200_resume200_to500_20260713T201436Z.log,395.831,2048.0,133.0,0.003,1269.344,1958.0,605.0,213142.375,227203.0,185250.0,0.474,0.426,0.477,0.474,0.994,0.987,0.466,0.501,2.125,2.0,0.147,90.446,90.446,22.712,17.252,0.264,50.156,0.023,,,38.935,127.93,138.223,2356.562
373,qwen25vl7b_additive_ann0p50_sectioned_resume200_to500,logs/rlvr/trace_annotation_additive_ann0p50_sectioned_reasoning_qwen25vl7b_h200_resume200_to500_20260713T201436Z.log,404.799,2048.0,98.0,0.001,1263.891,1960.0,613.0,213592.25,226698.0,202968.0,0.424,0.434,0.457,0.424,0.993,0.976,0.453,0.579,,,0.147,89.059,89.059,21.85,16.874,0.264,50.01,0.023,,,39.281,128.275,137.89,2398.315
374,qwen25vl7b_additive_ann0p50_sectioned_resume200_to500,logs/rlvr/trace_annotation_additive_ann0p50_sectioned_reasoning_qwen25vl7b_h200_resume200_to500_20260713T201436Z.log,435.296,2048.0,114.0,0.001,1211.469,1896.0,588.0,210785.875,235329.0,196586.0,0.441,0.427,0.463,0.441,0.999,0.981,0.519,0.493,4.25,5.0,0.144,88.492,88.492,22.749,16.597,0.26,48.822,0.024,,,39.58,128.58,137.906,2381.974
375,qwen25vl7b_additive_ann0p50_sectioned_resume200_to500,logs/rlvr/trace_annotation_additive_ann0p50_sectioned_reasoning_qwen25vl7b_h200_resume200_to500_20260713T201436Z.log,410.848,1668.0,154.0,0.0,1215.922,1912.0,549.0,208226.5,220409.0,197091.0,0.407,0.436,0.45,0.407,0.995,0.994,0.458,0.539,4.562,4.5,0.118,87.027,87.027,20.83,16.898,0.255,48.98,0.023,,,39.218,128.218,137.881,2392.662
376,qwen25vl7b_additive_ann0p50_sectioned_resume200_to500,logs/rlvr/trace_annotation_additive_ann0p50_sectioned_reasoning_qwen25vl7b_h200_resume200_to500_20260713T201436Z.log,405.003,1890.0,141.0,0.0,1204.156,1968.0,602.0,205972.375,224198.0,189374.0,0.502,0.447,0.5,0.502,0.99,0.982,0.5,0.505,4.75,4.0,0.126,88.594,88.594,23.02,16.926,0.262,48.322,0.023,,,39.087,128.087,137.876,2324.899
377,qwen25vl7b_additive_ann0p50_sectioned_resume200_to500,logs/rlvr/trace_annotation_additive_ann0p50_sectioned_reasoning_qwen25vl7b_h200_resume200_to500_20260713T201436Z.log,417.163,1467.0,172.0,0.0,1201.281,1921.0,583.0,207160.875,223970.0,197366.0,0.371,0.415,0.423,0.371,0.996,0.988,0.457,0.571,3.0,3.0,0.18,90.589,90.589,24.109,16.348,0.257,49.813,0.022,,,39.228,128.229,137.771,2286.816
378,qwen25vl7b_additive_ann0p50_sectioned_resume200_to500,logs/rlvr/trace_annotation_additive_ann0p50_sectioned_reasoning_qwen25vl7b_h200_resume200_to500_20260713T201436Z.log,424.46,1405.0,173.0,0.0,1290.859,1971.0,559.0,219560.875,230757.0,207182.0,0.412,0.454,0.461,0.412,0.997,0.988,0.487,0.585,4.938,3.0,0.163,90.975,90.975,20.032,18.541,0.266,52.074,0.023,,,39.587,128.587,137.81,2413.424
379,qwen25vl7b_additive_ann0p50_sectioned_resume200_to500,logs/rlvr/trace_annotation_additive_ann0p50_sectioned_reasoning_qwen25vl7b_h200_resume200_to500_20260713T201436Z.log,419.01,2048.0,132.0,0.001,1294.211,1908.0,616.0,219292.25,247237.0,198816.0,0.411,0.427,0.448,0.411,0.997,0.997,0.466,0.531,6.0,5.5,0.145,93.1,93.1,22.045,17.637,0.265,53.092,0.023,,,39.533,128.69,133.418,2355.443
380,qwen25vl7b_additive_ann0p50_sectioned_resume200_to500,logs/rlvr/trace_annotation_additive_ann0p50_sectioned_reasoning_qwen25vl7b_h200_resume200_to500_20260713T201436Z.log,430.856,1529.0,164.0,0.0,1235.367,1982.0,545.0,213276.625,228166.0,191898.0,0.479,0.447,0.489,0.479,0.991,0.98,0.503,0.541,6.625,6.0,0.165,91.181,91.181,21.798,17.833,1.11,50.376,0.024,,,39.026,128.183,135.129,2339.053
381,qwen25vl7b_additive_ann0p50_sectioned_resume200_to500,logs/rlvr/trace_annotation_additive_ann0p50_sectioned_reasoning_qwen25vl7b_h200_resume200_to500_20260713T201436Z.log,446.698,2048.0,104.0,0.001,1262.531,1917.0,581.0,218781.375,247798.0,195353.0,0.48,0.447,0.49,0.48,0.994,0.986,0.454,0.571,3.688,3.0,0.167,92.907,92.907,23.392,17.227,0.274,51.952,0.024,,,39.353,128.666,135.815,2354.837
382,qwen25vl7b_additive_ann0p50_sectioned_resume200_to500,logs/rlvr/trace_annotation_additive_ann0p50_sectioned_reasoning_qwen25vl7b_h200_resume200_to500_20260713T201436Z.log,414.164,1624.0,140.0,0.0,1223.289,1898.0,565.0,209594.0,236129.0,189951.0,0.435,0.44,0.465,0.435,0.997,0.989,0.523,0.498,,,0.127,87.305,87.305,21.069,16.72,0.264,49.19,0.023,,,39.398,128.711,136.168,2400.706
383,qwen25vl7b_additive_ann0p50_sectioned_resume200_to500,logs/rlvr/trace_annotation_additive_ann0p50_sectioned_reasoning_qwen25vl7b_h200_resume200_to500_20260713T201436Z.log,408.62,1599.0,159.0,0.0,1244.859,1960.0,571.0,211645.375,235409.0,185335.0,0.437,0.414,0.454,0.437,0.994,0.992,0.49,0.442,,,0.118,89.068,89.068,20.571,17.498,0.266,50.671,0.023,,,39.316,128.629,136.52,2376.211
384,qwen25vl7b_additive_ann0p50_sectioned_resume200_to500,logs/rlvr/trace_annotation_additive_ann0p50_sectioned_reasoning_qwen25vl7b_h200_resume200_to500_20260713T201436Z.log,400.983,2048.0,126.0,0.002,1220.625,1913.0,603.0,207565.875,215542.0,197616.0,0.414,0.486,0.477,0.414,0.997,0.981,0.539,0.627,3.375,4.0,0.11,89.845,89.845,23.68,16.381,0.266,49.454,0.023,,,39.228,128.542,136.585,2310.274
385,qwen25vl7b_additive_ann0p50_sectioned_resume200_to500,logs/rlvr/trace_annotation_additive_ann0p50_sectioned_reasoning_qwen25vl7b_h200_resume200_to500_20260713T201436Z.log,410.321,2048.0,128.0,0.001,1256.844,1930.0,602.0,213397.125,230419.0,180828.0,0.431,0.427,0.457,0.431,0.995,0.99,0.463,0.514,3.0,2.5,0.141,94.099,94.099,27.385,16.532,0.263,49.856,0.023,,,39.149,128.462,137.255,2267.786
386,qwen25vl7b_additive_ann0p50_sectioned_resume200_to500,logs/rlvr/trace_annotation_additive_ann0p50_sectioned_reasoning_qwen25vl7b_h200_resume200_to500_20260713T201436Z.log,399.137,2048.0,139.0,0.001,1194.031,1906.0,572.0,203925.5,218104.0,189685.0,0.486,0.495,0.516,0.486,0.997,0.982,0.552,0.589,3.625,3.0,0.117,87.412,87.412,22.513,16.094,0.301,48.435,0.025,,,39.224,128.537,137.35,2332.918
387,qwen25vl7b_additive_ann0p50_sectioned_resume200_to500,logs/rlvr/trace_annotation_additive_ann0p50_sectioned_reasoning_qwen25vl7b_h200_resume200_to500_20260713T201436Z.log,397.163,1150.0,149.0,0.0,1242.922,1916.0,558.0,209930.875,221009.0,189702.0,0.411,0.471,0.469,0.411,0.999,0.999,0.49,0.594,4.625,4.75,0.112,87.619,87.619,18.935,17.446,0.313,50.857,0.025,,,39.152,128.516,137.364,2395.95
388,qwen25vl7b_additive_ann0p50_sectioned_resume200_to500,logs/rlvr/trace_annotation_additive_ann0p50_sectioned_reasoning_qwen25vl7b_h200_resume200_to500_20260713T201436Z.log,397.987,1440.0,142.0,0.0,1222.633,1904.0,574.0,207439.375,221905.0,196622.0,0.458,0.479,0.495,0.458,0.998,0.99,0.523,0.589,,,0.125,87.315,87.315,19.705,17.053,0.309,50.18,0.025,,,39.223,128.587,137.419,2375.759
389,qwen25vl7b_additive_ann0p50_sectioned_resume200_to500,logs/rlvr/trace_annotation_additive_ann0p50_sectioned_reasoning_qwen25vl7b_h200_resume200_to500_20260713T201436Z.log,423.763,2048.0,153.0,0.001,1216.438,1958.0,569.0,209945.625,228266.0,196614.0,0.467,0.478,0.499,0.467,0.995,0.986,0.491,0.585,5.75,6.333,0.125,89.317,89.317,23.042,16.567,0.261,49.384,0.023,,,39.283,128.647,137.472,2350.56
390,qwen25vl7b_additive_ann0p50_sectioned_resume200_to500,logs/rlvr/trace_annotation_additive_ann0p50_sectioned_reasoning_qwen25vl7b_h200_resume200_to500_20260713T201436Z.log,388.7,1675.0,132.0,0.0,1256.258,1913.0,601.0,210554.625,219216.0,191095.0,0.496,0.472,0.51,0.496,0.992,0.985,0.494,0.601,4.0,4.0,0.133,88.749,88.749,21.219,16.904,0.262,50.302,0.023,,,39.095,128.46,137.533,2372.482
391,qwen25vl7b_additive_ann0p50_sectioned_resume200_to500,logs/rlvr/trace_annotation_additive_ann0p50_sectioned_reasoning_qwen25vl7b_h200_resume200_to500_20260713T201436Z.log,384.697,1076.0,112.0,0.0,1247.969,1916.0,544.0,208981.25,224342.0,189635.0,0.424,0.461,0.47,0.424,0.999,0.998,0.514,0.523,4.5,4.0,0.129,85.811,85.811,18.784,17.247,0.263,49.454,0.023,,,39.028,128.393,137.633,2435.368
392,qwen25vl7b_additive_ann0p50_sectioned_resume200_to500,logs/rlvr/trace_annotation_additive_ann0p50_sectioned_reasoning_qwen25vl7b_h200_resume200_to500_20260713T201436Z.log,425.291,1442.0,157.0,0.0,1258.297,1915.0,610.0,215499.25,230771.0,189667.0,0.428,0.403,0.444,0.428,0.997,0.986,0.468,0.47,,,0.148,87.953,87.953,20.632,16.982,0.263,50.014,0.023,,,38.928,128.292,137.653,2450.156
393,qwen25vl7b_additive_ann0p50_sectioned_resume200_to500,logs/rlvr/trace_annotation_additive_ann0p50_sectioned_reasoning_qwen25vl7b_h200_resume200_to500_20260713T201436Z.log,405.835,2048.0,125.0,0.001,1273.734,1972.0,617.0,214984.875,235059.0,191453.0,0.43,0.479,0.481,0.43,0.994,0.983,0.507,0.574,3.375,4.0,0.141,95.581,95.581,27.314,16.903,0.27,51.033,0.022,,,39.352,128.717,137.663,2249.239
394,qwen25vl7b_additive_ann0p50_sectioned_resume200_to500,logs/rlvr/trace_annotation_additive_ann0p50_sectioned_reasoning_qwen25vl7b_h200_resume200_to500_20260713T201436Z.log,387.495,2048.0,59.0,0.001,1236.922,1958.0,556.0,207925.375,232870.0,191888.0,0.427,0.414,0.449,0.427,0.993,0.993,0.486,0.421,5.25,3.0,0.159,90.585,90.585,24.581,16.595,0.261,49.085,0.023,,,39.149,128.513,137.682,2295.359
395,qwen25vl7b_additive_ann0p50_sectioned_resume200_to500,logs/rlvr/trace_annotation_additive_ann0p50_sectioned_reasoning_qwen25vl7b_h200_resume200_to500_20260713T201436Z.log,397.681,1165.0,128.0,0.0,1215.562,1922.0,568.0,206495.125,215757.0,193668.0,0.422,0.459,0.468,0.422,0.998,0.985,0.519,0.567,4.042,4.0,0.116,84.258,84.258,18.663,16.276,0.257,49.001,0.023,,,38.951,128.315,137.737,2450.736
396,qwen25vl7b_additive_ann0p50_sectioned_resume200_to500,logs/rlvr/trace_annotation_additive_ann0p50_sectioned_reasoning_qwen25vl7b_h200_resume200_to500_20260713T201436Z.log,419.8,2048.0,123.0,0.001,1215.5,1916.0,575.0,209318.375,230511.0,192112.0,0.416,0.442,0.457,0.416,0.991,0.982,0.486,0.524,,,0.139,87.641,87.641,22.435,16.344,0.227,48.572,0.024,,,39.089,128.453,137.809,2388.366
397,qwen25vl7b_additive_ann0p50_sectioned_resume200_to500,logs/rlvr/trace_annotation_additive_ann0p50_sectioned_reasoning_qwen25vl7b_h200_resume200_to500_20260713T201436Z.log,395.816,1496.0,119.0,0.0,1272.219,1964.0,596.0,213508.5,245027.0,187378.0,0.448,0.411,0.458,0.448,0.995,0.985,0.467,0.487,3.875,4.0,0.135,89.339,89.339,20.302,17.135,0.262,51.578,0.023,,,39.166,128.531,137.798,2389.865
398,qwen25vl7b_additive_ann0p50_sectioned_resume200_to500,logs/rlvr/trace_annotation_additive_ann0p50_sectioned_reasoning_qwen25vl7b_h200_resume200_to500_20260713T201436Z.log,406.698,1378.0,149.0,0.0,1271.188,1918.0,622.0,214769.375,226026.0,197065.0,0.457,0.419,0.466,0.457,0.999,0.998,0.45,0.536,3.875,4.0,0.194,89.299,89.299,19.497,17.807,0.263,51.669,0.023,,,39.345,128.709,137.881,2405.066
399,qwen25vl7b_additive_ann0p50_sectioned_resume200_to500,logs/rlvr/trace_annotation_additive_ann0p50_sectioned_reasoning_qwen25vl7b_h200_resume200_to500_20260713T201436Z.log,408.191,2048.0,70.0,0.003,1216.797,1954.0,643.0,207998.5,236452.0,189476.0,0.508,0.483,0.52,0.508,0.982,0.981,0.506,0.586,,,0.128,88.917,88.917,22.753,16.408,0.264,49.43,0.023,,,38.913,128.277,137.903,2339.249
400,qwen25vl7b_additive_ann0p50_sectioned_resume200_to500,logs/rlvr/trace_annotation_additive_ann0p50_sectioned_reasoning_qwen25vl7b_h200_resume200_to500_20260713T201436Z.log,393.312,1293.0,123.0,0.0,1330.328,1945.0,608.0,220626.0,234387.0,206671.0,0.385,0.438,0.441,0.385,0.995,0.993,0.516,0.526,4.0,5.0,0.137,272.755,272.755,19.76,18.126,0.28,53.969,0.024,26.387,154.17,39.07,128.434,137.866,808.88
401,qwen25vl7b_additive_ann0p50_sectioned_resume200_to500,logs/rlvr/trace_annotation_additive_ann0p50_sectioned_reasoning_qwen25vl7b_h200_resume200_to500_20260713T201436Z.log,404.567,2048.0,143.0,0.001,1272.875,1963.0,623.0,214712.625,238033.0,204243.0,0.417,0.44,0.457,0.417,0.994,0.993,0.473,0.519,6.75,5.0,0.145,98.087,98.087,27.526,17.711,0.338,52.409,0.026,,,39.189,128.554,139.253,2188.999
402,qwen25vl7b_additive_ann0p50_sectioned_resume200_to500,logs/rlvr/trace_annotation_additive_ann0p50_sectioned_reasoning_qwen25vl7b_h200_resume200_to500_20260713T201436Z.log,429.091,1721.0,133.0,0.0,1276.547,1973.0,551.0,218321.625,238679.0,200332.0,0.46,0.423,0.469,0.46,0.997,0.996,0.45,0.521,4.188,4.0,0.167,92.142,92.142,22.168,18.332,0.27,51.309,0.023,,,38.9,128.264,139.245,2369.41
403,qwen25vl7b_additive_ann0p50_sectioned_resume200_to500,logs/rlvr/trace_annotation_additive_ann0p50_sectioned_reasoning_qwen25vl7b_h200_resume200_to500_20260713T201436Z.log,399.391,1035.0,132.0,0.0,1206.625,1960.0,599.0,205570.0,224854.0,190465.0,0.451,0.463,0.484,0.451,0.998,0.997,0.496,0.538,4.875,5.0,0.176,82.637,82.637,17.051,17.061,0.267,48.195,0.023,,,39.154,128.519,139.314,2487.633
404,qwen25vl7b_additive_ann0p50_sectioned_resume200_to500,logs/rlvr/trace_annotation_additive_ann0p50_sectioned_reasoning_qwen25vl7b_h200_resume200_to500_20260713T201436Z.log,421.33,1299.0,131.0,0.0,1228.086,1948.0,595.0,211125.25,224823.0,201777.0,0.47,0.464,0.493,0.47,0.995,0.995,0.507,0.568,,,0.13,87.378,87.378,18.951,17.107,0.27,50.987,0.023,,,39.056,128.42,139.35,2416.229
405,qwen25vl7b_additive_ann0p50_sectioned_resume200_to500,logs/rlvr/trace_annotation_additive_ann0p50_sectioned_reasoning_qwen25vl7b_h200_resume200_to500_20260713T201436Z.log,408.961,2048.0,133.0,0.001,1257.211,1907.0,600.0,213270.0,231062.0,183776.0,0.423,0.453,0.466,0.423,0.997,0.996,0.491,0.515,3.75,3.333,0.165,91.624,91.624,23.301,17.66,0.268,50.331,0.023,,,39.43,128.794,139.325,2327.666
406,qwen25vl7b_additive_ann0p50_sectioned_resume200_to500,logs/rlvr/trace_annotation_additive_ann0p50_sectioned_reasoning_qwen25vl7b_h200_resume200_to500_20260713T201436Z.log,422.066,2048.0,123.0,0.001,1236.266,1958.0,586.0,212266.5,235705.0,194765.0,0.454,0.449,0.479,0.454,0.998,0.996,0.463,0.524,5.438,4.0,0.122,92.122,92.122,23.543,17.297,0.272,50.947,0.023,,,39.234,128.599,139.354,2304.2
407,qwen25vl7b_additive_ann0p50_sectioned_resume200_to500,logs/rlvr/trace_annotation_additive_ann0p50_sectioned_reasoning_qwen25vl7b_h200_resume200_to500_20260713T201436Z.log,394.891,1847.0,139.0,0.0,1228.375,1926.0,542.0,207778.0,221959.0,180708.0,0.433,0.432,0.46,0.433,0.996,0.995,0.421,0.56,4.125,5.0,0.18,89.038,89.038,21.902,16.736,0.27,50.068,0.023,,,39.085,128.449,139.377,2333.597
408,qwen25vl7b_additive_ann0p50_sectioned_resume200_to500,logs/rlvr/trace_annotation_additive_ann0p50_sectioned_reasoning_qwen25vl7b_h200_resume200_to500_20260713T201436Z.log,427.764,1302.0,121.0,0.0,1298.344,1935.0,591.0,220941.75,243019.0,201923.0,0.532,0.524,0.551,0.532,0.999,0.999,0.534,0.623,3.625,4.667,0.101,90.884,90.884,19.558,18.156,0.306,52.794,0.025,,,39.476,128.84,139.476,2431.036
409,qwen25vl7b_additive_ann0p50_sectioned_resume200_to500,logs/rlvr/trace_annotation_additive_ann0p50_sectioned_reasoning_qwen25vl7b_h200_resume200_to500_20260713T201436Z.log,378.66,2048.0,129.0,0.001,1283.445,1934.0,568.0,212749.5,232979.0,194327.0,0.464,0.491,0.503,0.464,0.997,0.989,0.465,0.697,3.062,3.0,0.173,96.823,96.823,27.715,17.53,0.302,51.207,0.024,,,39.053,128.418,139.307,2197.302
410,qwen25vl7b_additive_ann0p50_sectioned_resume200_to500,logs/rlvr/trace_annotation_additive_ann0p50_sectioned_reasoning_qwen25vl7b_h200_resume200_to500_20260713T201436Z.log,383.61,1085.0,142.0,0.0,1251.984,1906.0,579.0,209356.125,228302.0,189472.0,0.406,0.408,0.437,0.406,0.997,0.994,0.415,0.51,5.938,5.5,0.195,86.888,86.888,17.767,17.735,0.295,51.025,0.024,,,39.395,128.76,139.375,2409.482
411,qwen25vl7b_additive_ann0p50_sectioned_resume200_to500,logs/rlvr/trace_annotation_additive_ann0p50_sectioned_reasoning_qwen25vl7b_h200_resume200_to500_20260713T201436Z.log,396.165,1287.0,135.0,0.0,1222.188,1908.0,542.0,207149.125,223747.0,187447.0,0.403,0.433,0.447,0.403,0.995,0.986,0.465,0.547,,,0.179,88.782,88.782,21.047,17.604,0.296,49.767,0.025,,,39.227,128.592,139.368,2333.224
412,qwen25vl7b_additive_ann0p50_sectioned_resume200_to500,logs/rlvr/trace_annotation_additive_ann0p50_sectioned_reasoning_qwen25vl7b_h200_resume200_to500_20260713T201436Z.log,404.769,1355.0,136.0,0.0,1242.914,1954.0,576.0,210903.375,228393.0,197301.0,0.421,0.44,0.459,0.421,0.998,0.989,0.474,0.538,4.708,3.333,0.123,89.275,89.275,19.99,17.652,0.294,51.272,0.025,,,39.225,128.59,138.954,2362.388
413,qwen25vl7b_additive_ann0p50_sectioned_resume200_to500,logs/rlvr/trace_annotation_additive_ann0p50_sectioned_reasoning_qwen25vl7b_h200_resume200_to500_20260713T201436Z.log,416.079,1830.0,152.0,0.0,1247.094,1971.0,618.0,212886.125,229884.0,197885.0,0.427,0.445,0.464,0.427,0.994,0.992,0.525,0.43,5.5,7.0,0.107,90.446,90.446,21.794,17.513,0.296,50.774,0.025,,,39.192,128.556,138.969,2353.747
414,qwen25vl7b_additive_ann0p50_sectioned_resume200_to500,logs/rlvr/trace_annotation_additive_ann0p50_sectioned_reasoning_qwen25vl7b_h200_resume200_to500_20260713T201436Z.log,401.855,2048.0,127.0,0.001,1291.672,1986.0,630.0,216771.5,239296.0,202100.0,0.513,0.423,0.494,0.513,0.995,0.995,0.469,0.486,5.25,2.0,0.136,94.203,94.203,22.848,18.231,0.299,52.757,0.025,,,39.45,128.814,138.923,2301.117
415,qwen25vl7b_additive_ann0p50_sectioned_resume200_to500,logs/rlvr/trace_annotation_additive_ann0p50_sectioned_reasoning_qwen25vl7b_h200_resume200_to500_20260713T201436Z.log,398.643,2048.0,142.0,0.002,1260.547,1922.0,576.0,212376.25,222891.0,188096.0,0.485,0.434,0.487,0.485,0.993,0.995,0.471,0.519,2.625,2.0,0.163,92.675,92.675,23.451,17.693,0.3,51.161,0.026,,,39.028,128.393,138.973,2291.619
416,qwen25vl7b_additive_ann0p50_sectioned_resume200_to500,logs/rlvr/trace_annotation_additive_ann0p50_sectioned_reasoning_qwen25vl7b_h200_resume200_to500_20260713T201436Z.log,398.059,2048.0,121.0,0.003,1253.531,1906.0,566.0,211403.5,229181.0,198186.0,0.415,0.409,0.441,0.415,0.996,0.996,0.453,0.49,3.375,4.0,0.153,91.969,91.969,23.154,17.763,0.3,50.683,0.025,,,39.102,128.467,139.015,2298.637
417,qwen25vl7b_additive_ann0p50_sectioned_resume200_to500,logs/rlvr/trace_annotation_additive_ann0p50_sectioned_reasoning_qwen25vl7b_h200_resume200_to500_20260713T201436Z.log,413.049,1830.0,152.0,0.0,1258.273,1921.0,594.0,213929.25,227209.0,197219.0,0.534,0.513,0.547,0.534,0.995,0.995,0.539,0.596,3.0,3.0,0.097,95.97,95.97,26.323,17.725,0.295,51.559,0.024,,,39.23,128.595,139.088,2229.135
418,qwen25vl7b_additive_ann0p50_sectioned_resume200_to500,logs/rlvr/trace_annotation_additive_ann0p50_sectioned_reasoning_qwen25vl7b_h200_resume200_to500_20260713T201436Z.log,442.198,2048.0,108.0,0.001,1292.695,1975.0,577.0,222066.375,232096.0,212131.0,0.452,0.436,0.472,0.452,0.996,0.996,0.475,0.492,3.75,4.0,0.162,94.631,94.631,23.534,18.039,0.295,52.694,0.025,,,39.073,128.438,139.132,2346.662
419,qwen25vl7b_additive_ann0p50_sectioned_resume200_to500,logs/rlvr/trace_annotation_additive_ann0p50_sectioned_reasoning_qwen25vl7b_h200_resume200_to500_20260713T201436Z.log,413.218,2048.0,142.0,0.002,1274.281,1975.0,641.0,215999.875,233511.0,207554.0,0.495,0.464,0.506,0.495,0.995,0.979,0.535,0.517,3.375,4.333,0.142,92.455,92.455,23.614,17.358,0.293,51.122,0.025,,,39.088,128.453,139.08,2336.277
420,qwen25vl7b_additive_ann0p50_sectioned_resume200_to500,logs/rlvr/trace_annotation_additive_ann0p50_sectioned_reasoning_qwen25vl7b_h200_resume200_to500_20260713T201436Z.log,398.72,1316.0,143.0,0.0,1273.016,1971.0,598.0,213982.125,229076.0,199397.0,0.488,0.473,0.506,0.488,0.998,0.989,0.499,0.559,4.875,5.0,0.137,87.397,87.397,19.067,17.083,0.295,50.884,0.025,,,39.208,128.573,139.133,2448.393
421,qwen25vl7b_additive_ann0p50_sectioned_resume200_to500,logs/rlvr/trace_annotation_additive_ann0p50_sectioned_reasoning_qwen25vl7b_h200_resume200_to500_20260713T201436Z.log,372.29,933.0,126.0,0.0,1252.703,1954.0,579.0,207999.125,229983.0,192701.0,0.453,0.438,0.473,0.453,0.999,0.997,0.508,0.5,5.0,3.0,0.141,84.769,84.769,17.41,16.638,0.294,50.359,0.025,,,39.554,128.918,139.284,2453.717
422,qwen25vl7b_additive_ann0p50_sectioned_resume200_to500,logs/rlvr/trace_annotation_additive_ann0p50_sectioned_reasoning_qwen25vl7b_h200_resume200_to500_20260713T201436Z.log,395.082,2048.0,124.0,0.001,1287.617,1909.0,625.0,215385.5,233345.0,203090.0,0.424,0.471,0.475,0.424,0.998,0.997,0.515,0.613,4.625,5.0,0.114,93.52,93.52,22.692,17.574,0.3,52.888,0.023,,,38.934,128.298,139.097,2303.097
423,qwen25vl7b_additive_ann0p50_sectioned_resume200_to500,logs/rlvr/trace_annotation_additive_ann0p50_sectioned_reasoning_qwen25vl7b_h200_resume200_to500_20260713T201436Z.log,385.765,1378.0,133.0,0.0,1271.914,1929.0,642.0,212182.875,228439.0,192188.0,0.499,0.483,0.517,0.499,0.998,0.997,0.478,0.584,3.688,5.5,0.142,87.493,87.493,19.292,17.116,0.273,50.749,0.023,,,39.199,128.563,139.139,2425.145
424,qwen25vl7b_additive_ann0p50_sectioned_resume200_to500,logs/rlvr/trace_annotation_additive_ann0p50_sectioned_reasoning_qwen25vl7b_h200_resume200_to500_20260713T201436Z.log,384.775,2048.0,118.0,0.001,1253.031,1909.0,613.0,209639.25,242514.0,194851.0,0.508,0.468,0.513,0.508,0.998,0.998,0.485,0.542,4.0,4.0,0.128,93.435,93.435,23.517,17.461,1.096,51.234,0.023,,,39.369,128.734,134.475,2243.688
425,qwen25vl7b_additive_ann0p50_sectioned_resume200_to500,logs/rlvr/trace_annotation_additive_ann0p50_sectioned_reasoning_qwen25vl7b_h200_resume200_to500_20260713T201436Z.log,383.917,2048.0,132.0,0.001,1197.57,1907.0,527.0,202430.375,218962.0,185155.0,0.433,0.446,0.467,0.433,0.994,0.993,0.468,0.548,,,0.144,91.912,91.912,27.876,15.974,0.264,47.736,0.023,,,39.293,128.658,137.246,2202.428
426,qwen25vl7b_additive_ann0p50_sectioned_resume200_to500,logs/rlvr/trace_annotation_additive_ann0p50_sectioned_reasoning_qwen25vl7b_h200_resume200_to500_20260713T201436Z.log,400.805,2048.0,143.0,0.002,1284.398,1933.0,598.0,215706.0,233036.0,183569.0,0.434,0.418,0.454,0.434,0.992,0.978,0.445,0.493,4.0,4.5,0.153,94.12,94.12,24.37,17.319,0.275,52.095,0.023,,,39.165,128.53,137.227,2291.809
427,qwen25vl7b_additive_ann0p50_sectioned_resume200_to500,logs/rlvr/trace_annotation_additive_ann0p50_sectioned_reasoning_qwen25vl7b_h200_resume200_to500_20260713T201436Z.log,377.404,1359.0,132.0,0.0,1217.93,1994.0,542.0,204202.75,220413.0,190573.0,0.429,0.444,0.464,0.429,0.994,0.97,0.473,0.57,4.5,4.5,0.168,85.008,85.008,19.59,16.427,0.262,48.665,0.024,,,39.39,128.754,137.496,2402.172
428,qwen25vl7b_additive_ann0p50_sectioned_resume200_to500,logs/rlvr/trace_annotation_additive_ann0p50_sectioned_reasoning_qwen25vl7b_h200_resume200_to500_20260713T201436Z.log,398.619,1663.0,122.0,0.0,1291.125,1905.0,588.0,216287.25,238855.0,187239.0,0.421,0.437,0.457,0.421,0.996,0.978,0.487,0.523,5.0,6.0,0.144,91.196,91.196,20.735,17.971,0.315,52.106,0.025,,,39.202,128.566,137.754,2371.672
429,qwen25vl7b_additive_ann0p50_sectioned_resume200_to500,logs/rlvr/trace_annotation_additive_ann0p50_sectioned_reasoning_qwen25vl7b_h200_resume200_to500_20260713T201436Z.log,405.559,2048.0,106.0,0.001,1235.977,1922.0,574.0,210116.5,225021.0,192297.0,0.441,0.44,0.468,0.441,0.997,0.995,0.468,0.516,,,0.153,90.691,90.691,22.989,17.227,0.302,50.103,0.025,,,39.564,128.928,137.674,2316.831
430,qwen25vl7b_additive_ann0p50_sectioned_resume200_to500,logs/rlvr/trace_annotation_additive_ann0p50_sectioned_reasoning_qwen25vl7b_h200_resume200_to500_20260713T201436Z.log,390.533,2048.0,165.0,0.001,1197.5,1915.0,604.0,203268.25,213386.0,191908.0,0.457,0.432,0.472,0.457,0.996,0.988,0.447,0.552,3.25,4.0,0.147,88.842,88.842,23.207,16.7,0.306,48.56,0.025,,,39.195,128.559,137.735,2287.977
431,qwen25vl7b_additive_ann0p50_sectioned_resume200_to500,logs/rlvr/trace_annotation_additive_ann0p50_sectioned_reasoning_qwen25vl7b_h200_resume200_to500_20260713T201436Z.log,376.848,1226.0,133.0,0.0,1256.68,1925.0,592.0,209091.5,222987.0,184898.0,0.455,0.435,0.473,0.455,0.997,0.997,0.489,0.479,3.938,4.0,0.161,87.79,87.79,18.596,17.551,0.311,51.264,0.025,,,38.905,128.27,137.771,2381.717
432,qwen25vl7b_additive_ann0p50_sectioned_resume200_to500,logs/rlvr/trace_annotation_additive_ann0p50_sectioned_reasoning_qwen25vl7b_h200_resume200_to500_20260713T201436Z.log,386.27,1409.0,115.0,0.0,1241.805,1939.0,583.0,208393.5,223712.0,195300.0,0.449,0.469,0.486,0.449,0.997,0.995,0.495,0.551,3.75,4.0,0.152,88.444,88.444,20.37,17.381,0.306,50.319,0.025,,,39.399,128.764,137.914,2356.206
433,qwen25vl7b_additive_ann0p50_sectioned_resume200_to500,logs/rlvr/trace_annotation_additive_ann0p50_sectioned_reasoning_qwen25vl7b_h200_resume200_to500_20260713T201436Z.log,384.153,2048.0,127.0,0.001,1194.633,1930.0,539.0,202084.625,219497.0,182897.0,0.443,0.47,0.484,0.443,0.997,0.989,0.514,0.542,4.125,6.0,0.14,92.144,92.144,27.925,16.38,0.295,47.477,0.024,,,39.052,128.417,137.752,2193.136
434,qwen25vl7b_additive_ann0p50_sectioned_resume200_to500,logs/rlvr/trace_annotation_additive_ann0p50_sectioned_reasoning_qwen25vl7b_h200_resume200_to500_20260713T201436Z.log,399.211,2048.0,122.0,0.002,1232.523,1974.0,543.0,208862.0,227365.0,193948.0,0.402,0.398,0.43,0.402,0.996,0.979,0.44,0.478,4.083,5.0,0.2,91.144,91.144,22.874,17.363,0.299,50.541,0.024,,,39.249,128.614,137.816,2291.554
435,qwen25vl7b_additive_ann0p50_sectioned_resume200_to500,logs/rlvr/trace_annotation_additive_ann0p50_sectioned_reasoning_qwen25vl7b_h200_resume200_to500_20260713T201436Z.log,379.25,1284.0,126.0,0.0,1248.797,1949.0,568.0,208390.0,222797.0,194862.0,0.467,0.472,0.496,0.467,0.996,0.989,0.532,0.49,4.688,4.0,0.138,87.764,87.764,18.868,17.637,0.303,50.889,0.024,,,39.439,128.804,137.908,2374.43
436,qwen25vl7b_additive_ann0p50_sectioned_resume200_to500,logs/rlvr/trace_annotation_additive_ann0p50_sectioned_reasoning_qwen25vl7b_h200_resume200_to500_20260713T201436Z.log,375.112,1674.0,125.0,0.0,1233.477,1972.0,577.0,205899.375,232918.0,188056.0,0.475,0.469,0.498,0.475,0.997,0.989,0.498,0.559,4.0,4.0,0.098,87.612,87.612,21.12,17.024,0.307,49.092,0.025,,,39.334,128.699,137.962,2350.118
437,qwen25vl7b_additive_ann0p50_sectioned_resume200_to500,logs/rlvr/trace_annotation_additive_ann0p50_sectioned_reasoning_qwen25vl7b_h200_resume200_to500_20260713T201436Z.log,364.006,978.0,130.0,0.0,1246.594,1942.0,574.0,206156.75,218862.0,198713.0,0.46,0.461,0.487,0.46,0.997,0.996,0.515,0.537,2.0,2.0,0.098,87.124,87.124,18.596,17.391,0.303,50.766,0.025,,,39.005,128.369,137.973,2366.237
438,qwen25vl7b_additive_ann0p50_sectioned_resume200_to500,logs/rlvr/trace_annotation_additive_ann0p50_sectioned_reasoning_qwen25vl7b_h200_resume200_to500_20260713T201436Z.log,392.1,1906.0,116.0,0.0,1276.383,1967.0,591.0,213565.75,235314.0,190453.0,0.436,0.438,0.465,0.436,0.997,0.99,0.496,0.512,,,0.135,92.459,92.459,22.221,17.27,0.308,52.59,0.025,,,39.119,128.483,138.069,2309.853
439,qwen25vl7b_additive_ann0p50_sectioned_resume200_to500,logs/rlvr/trace_annotation_additive_ann0p50_sectioned_reasoning_qwen25vl7b_h200_resume200_to500_20260713T201436Z.log,401.979,2048.0,123.0,0.001,1300.703,1969.0,639.0,217943.375,248006.0,201173.0,0.479,0.458,0.495,0.479,0.995,0.982,0.5,0.519,3.742,3.742,0.146,94.646,94.646,22.819,18.118,0.316,53.324,0.025,,,38.907,128.272,138.159,2302.727
440,qwen25vl7b_additive_ann0p50_sectioned_resume200_to500,logs/rlvr/trace_annotation_additive_ann0p50_sectioned_reasoning_qwen25vl7b_h200_resume200_to500_20260713T201436Z.log,373.848,2048.0,99.0,0.001,1245.328,1958.0,566.0,207254.5,218690.0,192878.0,0.451,0.461,0.483,0.451,0.996,0.989,0.477,0.571,3.0,3.0,0.148,92.189,92.189,23.125,17.659,0.309,51.028,0.025,,,39.238,128.603,138.261,2248.157
441,qwen25vl7b_additive_ann0p50_sectioned_resume200_to500,logs/rlvr/trace_annotation_additive_ann0p50_sectioned_reasoning_qwen25vl7b_h200_resume200_to500_20260713T201436Z.log,392.358,1280.0,121.0,0.0,1209.828,1961.0,568.0,205079.875,229535.0,179738.0,0.445,0.47,0.484,0.445,0.997,0.986,0.507,0.573,5.875,2.0,0.152,90.607,90.607,24.107,17.203,0.301,48.928,0.024,,,39.466,128.83,138.168,2263.396
442,qwen25vl7b_additive_ann0p50_sectioned_resume200_to500,logs/rlvr/trace_annotation_additive_ann0p50_sectioned_reasoning_qwen25vl7b_h200_resume200_to500_20260713T201436Z.log,388.939,1327.0,141.0,0.0,1264.359,1907.0,588.0,211622.25,234599.0,193696.0,0.382,0.427,0.434,0.382,0.998,0.996,0.529,0.431,4.25,4.667,0.117,88.421,88.421,20.079,16.92,0.263,51.096,0.023,,,39.324,128.688,138.161,2393.359
443,qwen25vl7b_additive_ann0p50_sectioned_resume200_to500,logs/rlvr/trace_annotation_additive_ann0p50_sectioned_reasoning_qwen25vl7b_h200_resume200_to500_20260713T201436Z.log,407.449,1122.0,125.0,0.0,1228.578,1903.0,739.0,209411.5,229264.0,202245.0,0.407,0.451,0.457,0.407,0.995,0.986,0.507,0.502,3.458,4.333,0.149,85.633,85.633,18.314,17.024,0.261,49.972,0.023,,,39.112,128.477,138.244,2445.446
444,qwen25vl7b_additive_ann0p50_sectioned_resume200_to500,logs/rlvr/trace_annotation_additive_ann0p50_sectioned_reasoning_qwen25vl7b_h200_resume200_to500_20260713T201436Z.log,396.145,1682.0,106.0,0.0,1279.758,1917.0,582.0,214515.5,230279.0,205857.0,0.462,0.486,0.5,0.462,0.998,0.997,0.492,0.606,4.438,4.0,0.168,91.878,91.878,22.134,17.488,0.269,51.924,0.023,,,39.24,128.605,138.249,2334.782
445,qwen25vl7b_additive_ann0p50_sectioned_resume200_to500,logs/rlvr/trace_annotation_additive_ann0p50_sectioned_reasoning_qwen25vl7b_h200_resume200_to500_20260713T201436Z.log,401.947,2048.0,116.0,0.001,1285.375,1912.0,574.0,215977.25,231633.0,203439.0,0.527,0.518,0.546,0.527,0.992,0.989,0.533,0.565,,,0.117,94.661,94.661,24.87,17.399,0.269,52.06,0.023,,,39.288,128.684,138.262,2281.593
446,qwen25vl7b_additive_ann0p50_sectioned_resume200_to500,logs/rlvr/trace_annotation_additive_ann0p50_sectioned_reasoning_qwen25vl7b_h200_resume200_to500_20260713T201436Z.log,387.526,2048.0,130.0,0.002,1238.625,1957.0,543.0,208147.375,234415.0,192671.0,0.456,0.479,0.494,0.456,0.993,0.988,0.518,0.582,4.0,4.0,0.122,92.197,92.197,24.818,16.5,0.264,50.552,0.023,,,39.317,128.712,138.473,2257.628
447,qwen25vl7b_additive_ann0p50_sectioned_resume200_to500,logs/rlvr/trace_annotation_additive_ann0p50_sectioned_reasoning_qwen25vl7b_h200_resume200_to500_20260713T201436Z.log,404.976,2048.0,156.0,0.001,1235.891,1908.0,597.0,210030.875,223546.0,200136.0,0.38,0.437,0.438,0.38,0.997,0.989,0.444,0.548,4.375,4.667,0.163,89.613,89.613,22.632,16.852,0.307,49.754,0.025,,,39.065,128.46,138.715,2343.745
448,qwen25vl7b_additive_ann0p50_sectioned_resume200_to500,logs/rlvr/trace_annotation_additive_ann0p50_sectioned_reasoning_qwen25vl7b_h200_resume200_to500_20260713T201436Z.log,433.593,1538.0,100.0,0.0,1268.773,1980.0,659.0,217902.875,247871.0,192338.0,0.464,0.451,0.484,0.464,0.996,0.985,0.501,0.519,3.375,3.0,0.147,89.354,89.354,20.615,17.438,0.309,50.923,0.025,,,38.955,128.351,138.734,2438.639
449,qwen25vl7b_additive_ann0p50_sectioned_resume200_to500,logs/rlvr/trace_annotation_additive_ann0p50_sectioned_reasoning_qwen25vl7b_h200_resume200_to500_20260713T201436Z.log,410.42,2048.0,119.0,0.001,1209.117,1962.0,592.0,207300.75,237958.0,181075.0,0.421,0.429,0.454,0.421,0.995,0.996,0.494,0.486,4.562,3.5,0.136,94.162,94.162,28.484,16.322,0.304,48.982,0.024,,,38.941,128.337,138.364,2201.541
450,qwen25vl7b_additive_ann0p50_sectioned_resume200_to500,logs/rlvr/trace_annotation_additive_ann0p50_sectioned_reasoning_qwen25vl7b_h200_resume200_to500_20260713T201436Z.log,405.125,2048.0,130.0,0.001,1236.195,1973.0,636.0,210089.0,223591.0,202987.0,0.475,0.459,0.493,0.475,0.996,0.995,0.48,0.519,3.188,3.0,0.14,90.493,90.493,23.1,16.696,0.306,50.323,0.024,,,39.307,128.703,138.443,2321.613
451,qwen25vl7b_additive_ann0p50_sectioned_resume200_to500,logs/rlvr/trace_annotation_additive_ann0p50_sectioned_reasoning_qwen25vl7b_h200_resume200_to500_20260713T201436Z.log,380.024,2048.0,120.0,0.002,1249.18,1929.0,603.0,208538.125,222636.0,189751.0,0.508,0.48,0.519,0.508,0.991,0.989,0.543,0.551,4.083,5.333,0.123,90.007,90.007,23.073,16.81,0.303,49.753,0.024,,,39.044,128.439,138.78,2316.909
452,qwen25vl7b_additive_ann0p50_sectioned_resume200_to500,logs/rlvr/trace_annotation_additive_ann0p50_sectioned_reasoning_qwen25vl7b_h200_resume200_to500_20260713T201436Z.log,416.705,1338.0,116.0,0.0,1244.453,1910.0,567.0,212628.25,240433.0,189948.0,0.476,0.436,0.483,0.476,0.999,0.99,0.472,0.5,3.969,3.5,0.142,88.512,88.512,20.426,16.946,0.305,50.767,0.025,,,39.256,128.651,138.411,2402.253
453,qwen25vl7b_additive_ann0p50_sectioned_resume200_to500,logs/rlvr/trace_annotation_additive_ann0p50_sectioned_reasoning_qwen25vl7b_h200_resume200_to500_20260713T201436Z.log,385.524,1179.0,130.0,0.0,1283.758,1951.0,573.0,213668.125,232393.0,198845.0,0.48,0.439,0.487,0.48,0.999,0.996,0.435,0.567,2.125,3.0,0.136,88.974,88.974,18.481,17.422,0.316,52.686,0.025,,,38.977,128.373,138.43,2401.459
454,qwen25vl7b_additive_ann0p50_sectioned_resume200_to500,logs/rlvr/trace_annotation_additive_ann0p50_sectioned_reasoning_qwen25vl7b_h200_resume200_to500_20260713T201436Z.log,372.735,2048.0,95.0,0.001,1255.164,1956.0,644.0,208371.125,231252.0,191580.0,0.444,0.462,0.48,0.444,0.997,0.996,0.48,0.551,3.875,3.667,0.141,90.832,90.832,22.595,17.307,0.312,50.55,0.025,,,38.875,128.27,138.444,2294.017
455,qwen25vl7b_additive_ann0p50_sectioned_resume200_to500,logs/rlvr/trace_annotation_additive_ann0p50_sectioned_reasoning_qwen25vl7b_h200_resume200_to500_20260713T201436Z.log,388.994,2048.0,44.0,0.001,1252.516,1955.0,613.0,210113.25,221417.0,203219.0,0.453,0.401,0.455,0.453,0.996,0.986,0.43,0.481,3.25,4.0,0.194,93.855,93.855,24.671,17.061,0.313,51.738,0.025,,,39.306,128.702,138.449,2238.71
456,qwen25vl7b_additive_ann0p50_sectioned_resume200_to500,logs/rlvr/trace_annotation_additive_ann0p50_sectioned_reasoning_qwen25vl7b_h200_resume200_to500_20260713T201436Z.log,384.587,1699.0,110.0,0.0,1215.117,1927.0,604.0,204762.125,221952.0,194134.0,0.451,0.471,0.488,0.451,0.998,0.99,0.495,0.582,5.562,4.5,0.124,85.958,85.958,20.298,16.702,0.309,48.578,0.025,,,39.381,128.777,138.416,2382.113
457,qwen25vl7b_additive_ann0p50_sectioned_resume200_to500,logs/rlvr/trace_annotation_additive_ann0p50_sectioned_reasoning_qwen25vl7b_h200_resume200_to500_20260713T201436Z.log,407.042,2048.0,114.0,0.002,1205.125,1913.0,607.0,206357.375,220817.0,191398.0,0.438,0.46,0.477,0.438,0.996,0.993,0.467,0.574,4.625,4.0,0.144,93.954,93.954,27.479,16.403,0.304,49.699,0.024,,,38.95,128.346,138.834,2196.357
458,qwen25vl7b_additive_ann0p50_sectioned_resume200_to500,logs/rlvr/trace_annotation_additive_ann0p50_sectioned_reasoning_qwen25vl7b_h200_resume200_to500_20260713T201436Z.log,390.074,1581.0,114.0,0.0,1213.484,1977.0,569.0,205255.5,213947.0,188498.0,0.426,0.434,0.458,0.426,0.999,0.999,0.464,0.472,5.75,5.0,0.152,87.58,87.58,20.205,16.358,0.303,50.646,0.024,,,39.107,128.502,138.866,2343.635
459,qwen25vl7b_additive_ann0p50_sectioned_resume200_to500,logs/rlvr/trace_annotation_additive_ann0p50_sectioned_reasoning_qwen25vl7b_h200_resume200_to500_20260713T201436Z.log,418.839,2048.0,161.0,0.001,1320.273,1932.0,594.0,222606.375,245860.0,198302.0,0.416,0.457,0.464,0.416,0.997,0.99,0.493,0.532,3.0,3.0,0.129,96.159,96.159,23.168,18.796,0.317,53.81,0.025,,,39.112,128.507,138.847,2314.98
460,qwen25vl7b_additive_ann0p50_sectioned_resume200_to500,logs/rlvr/trace_annotation_additive_ann0p50_sectioned_reasoning_qwen25vl7b_h200_resume200_to500_20260713T201436Z.log,403.893,2048.0,90.0,0.001,1242.453,1980.0,601.0,210732.25,224140.0,199266.0,0.459,0.454,0.484,0.459,0.995,0.967,0.46,0.577,4.0,5.0,0.163,93.788,93.788,25.371,17.586,0.309,50.453,0.025,,,39.356,128.751,138.622,2246.899
461,qwen25vl7b_additive_ann0p50_sectioned_resume200_to500,logs/rlvr/trace_annotation_additive_ann0p50_sectioned_reasoning_qwen25vl7b_h200_resume200_to500_20260713T201436Z.log,406.882,2048.0,144.0,0.001,1308.734,1982.0,648.0,219598.875,227356.0,212066.0,0.431,0.387,0.438,0.431,0.992,0.977,0.403,0.53,3.312,5.5,0.179,95.942,95.942,23.481,18.338,0.314,53.74,0.025,,,39.327,128.723,139.017,2288.874
462,qwen25vl7b_additive_ann0p50_sectioned_resume200_to500,logs/rlvr/trace_annotation_additive_ann0p50_sectioned_reasoning_qwen25vl7b_h200_resume200_to500_20260713T201436Z.log,381.884,2048.0,108.0,0.003,1278.242,1920.0,578.0,212496.125,238891.0,194467.0,0.443,0.496,0.496,0.443,0.993,0.985,0.508,0.628,,,0.175,93.072,93.072,22.594,18.434,0.316,51.66,0.025,,,38.831,128.227,139.021,2283.137
463,qwen25vl7b_additive_ann0p50_sectioned_resume200_to500,logs/rlvr/trace_annotation_additive_ann0p50_sectioned_reasoning_qwen25vl7b_h200_resume200_to500_20260713T201436Z.log,400.634,1657.0,151.0,0.0,1232.992,1963.0,560.0,209104.125,227404.0,195127.0,0.403,0.423,0.442,0.403,0.999,0.998,0.478,0.484,,,0.149,88.906,88.906,21.325,17.188,0.267,50.063,0.023,,,38.983,128.378,138.519,2351.973
464,qwen25vl7b_additive_ann0p50_sectioned_resume200_to500,logs/rlvr/trace_annotation_additive_ann0p50_sectioned_reasoning_qwen25vl7b_h200_resume200_to500_20260713T201436Z.log,403.935,2048.0,125.0,0.001,1221.758,1918.0,589.0,208088.625,222639.0,195019.0,0.436,0.476,0.483,0.436,0.996,0.988,0.516,0.607,5.875,6.0,0.135,91.675,91.675,23.052,17.291,0.309,50.957,0.025,,,39.233,128.628,138.882,2269.854
465,qwen25vl7b_additive_ann0p50_sectioned_resume200_to500,logs/rlvr/trace_annotation_additive_ann0p50_sectioned_reasoning_qwen25vl7b_h200_resume200_to500_20260713T201436Z.log,374.854,2048.0,158.0,0.001,1298.156,1961.0,578.0,214145.25,225876.0,202978.0,0.484,0.477,0.506,0.484,0.992,0.987,0.472,0.65,4.094,4.25,0.176,99.607,99.607,27.93,18.316,0.308,52.986,0.024,,,39.409,128.805,138.818,2149.897
466,qwen25vl7b_additive_ann0p50_sectioned_resume200_to500,logs/rlvr/trace_annotation_additive_ann0p50_sectioned_reasoning_qwen25vl7b_h200_resume200_to500_20260713T201436Z.log,387.9,2048.0,122.0,0.003,1259.031,1920.0,597.0,210807.25,236159.0,189632.0,0.497,0.525,0.535,0.497,0.99,0.989,0.514,0.639,5.0,5.0,0.154,96.322,96.322,27.188,17.425,0.308,51.333,0.025,,,39.231,128.626,139.065,2188.577
467,qwen25vl7b_additive_ann0p50_sectioned_resume200_to500,logs/rlvr/trace_annotation_additive_ann0p50_sectioned_reasoning_qwen25vl7b_h200_resume200_to500_20260713T201436Z.log,380.49,2048.0,128.0,0.001,1243.203,1898.0,578.0,207832.75,222134.0,197188.0,0.446,0.438,0.47,0.446,0.993,0.993,0.474,0.528,,,0.177,93.988,93.988,25.379,17.213,0.305,51.023,0.024,,,39.216,128.611,138.393,2211.271
468,qwen25vl7b_additive_ann0p50_sectioned_resume200_to500,logs/rlvr/trace_annotation_additive_ann0p50_sectioned_reasoning_qwen25vl7b_h200_resume200_to500_20260713T201436Z.log,373.629,2048.0,122.0,0.003,1263.0,1922.0,664.0,209488.5,223976.0,198270.0,0.493,0.457,0.501,0.493,0.995,0.986,0.46,0.552,4.188,4.0,0.162,91.795,91.795,22.304,17.428,0.303,51.692,0.025,,,39.071,128.467,138.461,2282.131
469,qwen25vl7b_additive_ann0p50_sectioned_resume200_to500,logs/rlvr/trace_annotation_additive_ann0p50_sectioned_reasoning_qwen25vl7b_h200_resume200_to500_20260713T201436Z.log,388.149,2048.0,94.0,0.001,1235.852,1971.0,577.0,207872.125,224683.0,194810.0,0.521,0.478,0.525,0.521,0.997,0.997,0.507,0.508,5.0,5.0,0.122,93.678,93.678,22.339,19.547,0.304,51.407,0.036,,,39.306,128.701,132.676,2218.998
470,qwen25vl7b_additive_ann0p50_sectioned_resume200_to500,logs/rlvr/trace_annotation_additive_ann0p50_sectioned_reasoning_qwen25vl7b_h200_resume200_to500_20260713T201436Z.log,373.271,2048.0,130.0,0.001,1249.211,1927.0,618.0,207677.625,232102.0,192299.0,0.473,0.506,0.515,0.473,0.995,0.995,0.557,0.565,5.125,6.0,0.151,93.566,93.566,24.329,17.807,0.903,50.456,0.025,,,39.29,128.686,135.112,2219.579
471,qwen25vl7b_additive_ann0p50_sectioned_resume200_to500,logs/rlvr/trace_annotation_additive_ann0p50_sectioned_reasoning_qwen25vl7b_h200_resume200_to500_20260713T201436Z.log,360.047,991.0,128.0,0.0,1268.93,1929.0,560.0,208509.0,236030.0,177559.0,0.381,0.443,0.441,0.381,0.997,0.989,0.521,0.477,4.5,3.0,0.164,87.623,87.623,18.25,17.776,0.32,51.205,0.03,,,39.063,128.458,135.89,2379.624
472,qwen25vl7b_additive_ann0p50_sectioned_resume200_to500,logs/rlvr/trace_annotation_additive_ann0p50_sectioned_reasoning_qwen25vl7b_h200_resume200_to500_20260713T201436Z.log,381.078,2048.0,123.0,0.001,1224.805,1905.0,594.0,205553.0,226826.0,183487.0,0.454,0.519,0.512,0.454,0.994,0.994,0.565,0.579,4.125,5.0,0.101,90.003,90.003,22.387,17.57,0.313,49.664,0.026,,,39.076,128.472,136.137,2283.851
473,qwen25vl7b_additive_ann0p50_sectioned_resume200_to500,logs/rlvr/trace_annotation_additive_ann0p50_sectioned_reasoning_qwen25vl7b_h200_resume200_to500_20260713T201436Z.log,355.962,1219.0,96.0,0.0,1185.07,1913.0,577.0,197252.125,211287.0,180370.0,0.494,0.47,0.508,0.494,0.998,0.987,0.503,0.598,5.625,5.0,0.143,86.263,86.263,22.872,16.344,0.251,46.733,0.022,,,39.356,128.752,137.407,2286.64
474,qwen25vl7b_additive_ann0p50_sectioned_resume200_to500,logs/rlvr/trace_annotation_additive_ann0p50_sectioned_reasoning_qwen25vl7b_h200_resume200_to500_20260713T201436Z.log,354.121,1451.0,113.0,0.0,1221.391,1907.0,586.0,201665.5,222348.0,175087.0,0.404,0.419,0.441,0.404,0.994,0.994,0.408,0.57,4.679,4.571,0.181,84.117,84.117,19.198,16.187,0.259,48.411,0.023,,,39.454,128.849,137.608,2397.441
475,qwen25vl7b_additive_ann0p50_sectioned_resume200_to500,logs/rlvr/trace_annotation_additive_ann0p50_sectioned_reasoning_qwen25vl7b_h200_resume200_to500_20260713T201436Z.log,369.184,1825.0,123.0,0.0,1272.82,1969.0,603.0,210176.5,223408.0,185385.0,0.439,0.482,0.487,0.439,0.995,0.986,0.462,0.664,3.438,5.0,0.133,90.596,90.596,21.553,17.727,0.26,50.994,0.022,,,39.339,128.734,137.747,2319.942
476,qwen25vl7b_additive_ann0p50_sectioned_resume200_to500,logs/rlvr/trace_annotation_additive_ann0p50_sectioned_reasoning_qwen25vl7b_h200_resume200_to500_20260713T201436Z.log,370.556,2048.0,107.0,0.001,1246.703,1908.0,604.0,207009.125,228773.0,182080.0,0.462,0.482,0.498,0.462,0.995,0.986,0.521,0.576,,,0.156,91.562,91.562,22.961,16.745,0.258,51.536,0.023,,,39.333,128.729,137.863,2260.863
477,qwen25vl7b_additive_ann0p50_sectioned_resume200_to500,logs/rlvr/trace_annotation_additive_ann0p50_sectioned_reasoning_qwen25vl7b_h200_resume200_to500_20260713T201436Z.log,370.688,1162.0,119.0,0.0,1239.055,1971.0,602.0,206047.0,216313.0,193459.0,0.442,0.439,0.469,0.442,0.997,0.99,0.461,0.568,5.5,6.0,0.165,87.087,87.087,19.472,16.766,0.259,50.527,0.023,,,39.085,128.481,137.903,2366.0
478,qwen25vl7b_additive_ann0p50_sectioned_resume200_to500,logs/rlvr/trace_annotation_additive_ann0p50_sectioned_reasoning_qwen25vl7b_h200_resume200_to500_20260713T201436Z.log,376.813,2048.0,116.0,0.001,1245.094,1911.0,542.0,207604.125,224858.0,196644.0,0.477,0.454,0.492,0.477,0.997,0.979,0.48,0.556,,,0.161,92.59,92.59,25.619,16.922,0.263,49.725,0.023,,,39.463,128.858,137.964,2242.18
479,qwen25vl7b_additive_ann0p50_sectioned_resume200_to500,logs/rlvr/trace_annotation_additive_ann0p50_sectioned_reasoning_qwen25vl7b_h200_resume200_to500_20260713T201436Z.log,356.485,2029.0,104.0,0.0,1247.461,1906.0,602.0,205305.125,220726.0,179075.0,0.466,0.496,0.507,0.466,0.997,0.995,0.499,0.614,,,0.149,90.521,90.521,22.929,17.552,0.287,49.691,0.023,,,39.282,128.678,137.906,2268.027
480,qwen25vl7b_additive_ann0p50_sectioned_resume200_to500,logs/rlvr/trace_annotation_additive_ann0p50_sectioned_reasoning_qwen25vl7b_h200_resume200_to500_20260713T201436Z.log,344.638,1178.0,98.0,0.0,1257.695,1921.0,604.0,205098.625,216752.0,190559.0,0.455,0.454,0.482,0.455,0.996,0.987,0.473,0.56,,,0.163,86.201,86.201,18.268,17.494,0.261,50.116,0.023,,,39.116,128.512,137.93,2379.32
481,qwen25vl7b_additive_ann0p50_sectioned_resume200_to500,logs/rlvr/trace_annotation_additive_ann0p50_sectioned_reasoning_qwen25vl7b_h200_resume200_to500_20260713T201436Z.log,358.339,2048.0,109.0,0.001,1264.047,1909.0,606.0,207665.375,231641.0,185899.0,0.454,0.437,0.473,0.454,0.998,0.993,0.432,0.563,3.375,3.5,0.156,94.994,94.994,26.699,17.748,0.262,50.225,0.022,,,38.941,128.337,137.995,2186.084
482,qwen25vl7b_additive_ann0p50_sectioned_resume200_to500,logs/rlvr/trace_annotation_additive_ann0p50_sectioned_reasoning_qwen25vl7b_h200_resume200_to500_20260713T201436Z.log,358.917,1212.0,115.0,0.0,1254.602,1943.0,567.0,206530.375,213917.0,196600.0,0.409,0.44,0.453,0.409,0.996,0.995,0.467,0.555,2.625,5.0,0.178,86.567,86.567,18.653,17.471,0.259,50.123,0.023,,,39.11,128.505,138.095,2385.775
483,qwen25vl7b_additive_ann0p50_sectioned_resume200_to500,logs/rlvr/trace_annotation_additive_ann0p50_sectioned_reasoning_qwen25vl7b_h200_resume200_to500_20260713T201436Z.log,332.675,1021.0,113.0,0.0,1188.891,1959.0,561.0,194760.375,220246.0,179038.0,0.414,0.48,0.475,0.414,0.994,0.986,0.487,0.611,,,0.123,80.028,80.028,16.617,16.306,0.257,46.784,0.023,,,39.26,128.655,138.118,2433.665
484,qwen25vl7b_additive_ann0p50_sectioned_resume200_to500,logs/rlvr/trace_annotation_additive_ann0p50_sectioned_reasoning_qwen25vl7b_h200_resume200_to500_20260713T201436Z.log,370.337,1315.0,118.0,0.0,1234.312,1963.0,576.0,205395.125,225919.0,192406.0,0.486,0.456,0.497,0.486,0.998,0.988,0.485,0.499,,,0.15,85.481,85.481,19.103,17.023,0.259,49.032,0.023,,,39.389,128.785,138.126,2402.828
485,qwen25vl7b_additive_ann0p50_sectioned_resume200_to500,logs/rlvr/trace_annotation_additive_ann0p50_sectioned_reasoning_qwen25vl7b_h200_resume200_to500_20260713T201436Z.log,339.611,1271.0,92.0,0.0,1251.906,1918.0,596.0,203714.25,218857.0,189450.0,0.506,0.482,0.519,0.506,0.999,1.0,0.495,0.592,4.0,5.0,0.174,84.678,84.678,17.991,16.914,0.265,49.444,0.024,,,39.461,128.856,138.235,2405.759
486,qwen25vl7b_additive_ann0p50_sectioned_resume200_to500,logs/rlvr/trace_annotation_additive_ann0p50_sectioned_reasoning_qwen25vl7b_h200_resume200_to500_20260713T201436Z.log,343.01,1708.0,124.0,0.0,1221.273,1914.0,541.0,200228.25,216910.0,181892.0,0.438,0.471,0.482,0.438,0.995,0.997,0.453,0.623,3.583,4.667,0.172,86.251,86.251,20.477,16.356,0.26,49.093,0.023,,,39.151,128.547,138.242,2321.47
487,qwen25vl7b_additive_ann0p50_sectioned_resume200_to500,logs/rlvr/trace_annotation_additive_ann0p50_sectioned_reasoning_qwen25vl7b_h200_resume200_to500_20260713T201436Z.log,358.519,2048.0,91.0,0.002,1232.07,1911.0,576.0,203595.375,234592.0,180901.0,0.436,0.437,0.464,0.436,0.992,0.981,0.429,0.563,4.0,4.0,0.179,90.755,90.755,23.737,16.871,0.265,49.819,0.023,,,39.341,128.736,138.275,2243.354
488,qwen25vl7b_additive_ann0p50_sectioned_resume200_to500,logs/rlvr/trace_annotation_additive_ann0p50_sectioned_reasoning_qwen25vl7b_h200_resume200_to500_20260713T201436Z.log,355.551,1554.0,85.0,0.0,1260.094,1922.0,656.0,206802.5,219524.0,196965.0,0.454,0.46,0.484,0.454,0.997,0.977,0.535,0.552,5.375,5.0,0.172,86.679,86.679,19.533,17.097,0.265,49.721,0.023,,,39.206,128.602,138.302,2385.831
489,qwen25vl7b_additive_ann0p50_sectioned_resume200_to500,logs/rlvr/trace_annotation_additive_ann0p50_sectioned_reasoning_qwen25vl7b_h200_resume200_to500_20260713T201436Z.log,343.165,1340.0,101.0,0.0,1219.117,1912.0,557.0,199972.125,212059.0,178261.0,0.449,0.422,0.464,0.449,0.998,0.99,0.45,0.504,5.042,5.333,0.163,86.15,86.15,21.906,16.255,0.26,47.666,0.022,,,39.004,128.399,138.318,2321.203
490,qwen25vl7b_additive_ann0p50_sectioned_resume200_to500,logs/rlvr/trace_annotation_additive_ann0p50_sectioned_reasoning_qwen25vl7b_h200_resume200_to500_20260713T201436Z.log,349.399,1530.0,109.0,0.0,1279.07,1976.0,587.0,208444.125,222824.0,199397.0,0.412,0.458,0.463,0.412,0.995,0.995,0.473,0.562,3.125,3.5,0.174,87.646,87.646,18.84,16.652,0.266,51.828,0.023,,,39.235,128.63,138.294,2378.237
491,qwen25vl7b_additive_ann0p50_sectioned_resume200_to500,logs/rlvr/trace_annotation_additive_ann0p50_sectioned_reasoning_qwen25vl7b_h200_resume200_to500_20260713T201436Z.log,333.981,1712.0,103.0,0.0,1234.359,1954.0,607.0,200747.625,216160.0,185667.0,0.467,0.43,0.476,0.467,0.994,0.987,0.478,0.482,3.25,4.0,0.141,87.215,87.215,20.485,16.545,0.258,49.865,0.023,,,38.913,128.309,138.357,2301.744
492,qwen25vl7b_additive_ann0p50_sectioned_resume200_to500,logs/rlvr/trace_annotation_additive_ann0p50_sectioned_reasoning_qwen25vl7b_h200_resume200_to500_20260713T201436Z.log,362.517,1082.0,122.0,0.0,1200.25,1971.0,604.0,200034.125,217487.0,170473.0,0.438,0.465,0.479,0.438,0.999,0.999,0.452,0.598,3.719,4.75,0.12,82.654,82.654,18.182,16.33,0.256,47.824,0.023,,,38.936,128.332,138.499,2420.126
493,qwen25vl7b_additive_ann0p50_sectioned_resume200_to500,logs/rlvr/trace_annotation_additive_ann0p50_sectioned_reasoning_qwen25vl7b_h200_resume200_to500_20260713T201436Z.log,332.479,1887.0,116.0,0.0,1249.352,1921.0,582.0,202474.375,215663.0,186409.0,0.414,0.466,0.468,0.414,0.999,0.998,0.471,0.593,,,0.168,86.706,86.706,21.099,16.264,0.266,49.014,0.023,,,39.256,128.651,139.185,2335.184
494,qwen25vl7b_additive_ann0p50_sectioned_resume200_to500,logs/rlvr/trace_annotation_additive_ann0p50_sectioned_reasoning_qwen25vl7b_h200_resume200_to500_20260713T201436Z.log,347.83,2048.0,105.0,0.002,1235.484,1913.0,575.0,202664.25,226130.0,176853.0,0.412,0.453,0.461,0.412,0.992,0.992,0.483,0.546,5.125,2.0,0.146,88.038,88.038,22.417,16.114,0.263,49.18,0.024,,,39.205,128.601,139.003,2302.007
495,qwen25vl7b_additive_ann0p50_sectioned_resume200_to500,logs/rlvr/trace_annotation_additive_ann0p50_sectioned_reasoning_qwen25vl7b_h200_resume200_to500_20260713T201436Z.log,333.35,2048.0,113.0,0.001,1319.93,1940.0,586.0,211619.75,219284.0,200862.0,0.477,0.482,0.505,0.477,0.997,0.998,0.518,0.573,4.208,2.667,0.131,91.549,91.549,21.36,17.329,0.278,52.518,0.023,,,39.32,128.718,138.518,2311.559
496,qwen25vl7b_additive_ann0p50_sectioned_resume200_to500,logs/rlvr/trace_annotation_additive_ann0p50_sectioned_reasoning_qwen25vl7b_h200_resume200_to500_20260713T201436Z.log,331.646,1009.0,103.0,0.0,1180.195,1960.0,601.0,193515.75,208957.0,178156.0,0.498,0.502,0.525,0.498,0.998,0.997,0.476,0.649,4.438,4.5,0.171,81.175,81.175,16.89,15.88,0.26,48.081,0.023,,,39.171,128.569,138.528,2383.926
497,qwen25vl7b_additive_ann0p50_sectioned_resume200_to500,logs/rlvr/trace_annotation_additive_ann0p50_sectioned_reasoning_qwen25vl7b_h200_resume200_to500_20260713T201436Z.log,335.39,2048.0,107.0,0.001,1255.07,1914.0,597.0,203578.875,221683.0,192835.0,0.478,0.471,0.5,0.478,0.989,0.982,0.537,0.551,3.188,3.5,0.133,90.474,90.474,24.325,16.504,0.264,49.317,0.023,,,39.365,128.763,138.486,2250.135
498,qwen25vl7b_additive_ann0p50_sectioned_resume200_to500,logs/rlvr/trace_annotation_additive_ann0p50_sectioned_reasoning_qwen25vl7b_h200_resume200_to500_20260713T201436Z.log,338.011,2048.0,105.0,0.001,1268.539,1973.0,602.0,205638.375,221308.0,187768.0,0.428,0.489,0.486,0.428,0.998,0.997,0.519,0.599,3.5,2.5,0.145,91.716,91.716,22.519,16.969,0.265,51.9,0.023,,,39.3,128.698,138.459,2242.112
499,qwen25vl7b_additive_ann0p50_sectioned_resume200_to500,logs/rlvr/trace_annotation_additive_ann0p50_sectioned_reasoning_qwen25vl7b_h200_resume200_to500_20260713T201436Z.log,335.576,1088.0,105.0,0.0,1232.961,1913.0,565.0,200772.75,212559.0,186821.0,0.528,0.491,0.534,0.528,0.996,0.985,0.518,0.591,,,0.133,82.86,82.86,17.658,16.538,0.263,48.338,0.023,,,38.919,128.317,138.481,2423.037
