task_id,domain,scene_id,task_slug,task_group,source_domain,source_task_group,module,class_name,source_file,doc_path,query_ids,answer_types,annotation_types,generation_failures,query_id
task_charts__annotated_series__callout_endpoint_change_value,charts,annotated_series,callout_endpoint_change_value,annotated_series,charts,annotated_series,trace.tasks.charts.annotated_series.event_window_query,ChartsAnnotatedSeriesCalloutEndpointChangeValueTask,trace/tasks/charts/annotated_series/event_window_query.py,docs/tasks/task_charts__annotated_series__callout_endpoint_change_value.md,callout_endpoint_change_value,integer,keyed_point_map,,callout_endpoint_change_value
task_charts__annotated_series__event_window_extremum_label,charts,annotated_series,event_window_extremum_label,annotated_series,charts,annotated_series,trace.tasks.charts.annotated_series.event_window_query,ChartsAnnotatedSeriesEventWindowExtremumLabelTask,trace/tasks/charts/annotated_series/event_window_query.py,docs/tasks/task_charts__annotated_series__event_window_extremum_label.md,event_window_extremum_label,string,point_set,,event_window_extremum_label
task_charts__annotated_series__event_window_threshold_count,charts,annotated_series,event_window_threshold_count,annotated_series,charts,annotated_series,trace.tasks.charts.annotated_series.event_window_query,ChartsAnnotatedSeriesEventWindowThresholdCountTask,trace/tasks/charts/annotated_series/event_window_query.py,docs/tasks/task_charts__annotated_series__event_window_threshold_count.md,event_window_threshold_count,integer,point_set,,event_window_threshold_count
task_charts__area__interval_area_value,charts,area,interval_area_value,area,charts,area,trace.tasks.charts.area.panel_query,ChartsAreaIntervalAreaValueTask,trace/tasks/charts/area/panel_query.py,docs/tasks/task_charts__area__interval_area_value.md,interval_area_value,,,,interval_area_value
task_charts__area__stacked_band_dominance_label,charts,area,stacked_band_dominance_label,area,charts,area,trace.tasks.charts.area.panel_query,ChartsAreaStackedDominanceLabelTask,trace/tasks/charts/area/panel_query.py,docs/tasks/task_charts__area__stacked_band_dominance_label.md,stacked_dominance_label,string,point_set,,stacked_dominance_label
task_charts__area__stacked_band_interval_sum_value,charts,area,stacked_band_interval_sum_value,area,charts,area,trace.tasks.charts.area.panel_query,ChartsAreaStackedBandIntervalSumValueTask,trace/tasks/charts/area/panel_query.py,docs/tasks/task_charts__area__stacked_band_interval_sum_value.md,stacked_band_interval_sum_value,,,,stacked_band_interval_sum_value
task_charts__bar_3d__category_extremum_gap_value,charts,bar_3d,category_extremum_gap_value,three_d_bar,charts,three_d_bar,trace.tasks.charts.three_d_bar.grid_query,ChartsThreeDBarCategoryExtremumGapValueTask,trace/tasks/charts/three_d_bar/grid_query.py,docs/tasks/task_charts__bar_3d__category_extremum_gap_value.md,category_extremum_gap_value,,,,category_extremum_gap_value
task_charts__bar_3d__category_threshold_count,charts,bar_3d,category_threshold_count,three_d_bar,charts,three_d_bar,trace.tasks.charts.three_d_bar.grid_query,ChartsThreeDBarCategoryThresholdCountTask,trace/tasks/charts/three_d_bar/grid_query.py,docs/tasks/task_charts__bar_3d__category_threshold_count.md,category_threshold_count,,,,category_threshold_count
task_charts__bar_3d__category_total_gap_value,charts,bar_3d,category_total_gap_value,three_d_bar,charts,three_d_bar,trace.tasks.charts.three_d_bar.grid_query,ChartsThreeDBarCategoryTotalGapValueTask,trace/tasks/charts/three_d_bar/grid_query.py,docs/tasks/task_charts__bar_3d__category_total_gap_value.md,category_total_gap_value,,,,category_total_gap_value
task_charts__bar_3d__category_total_value,charts,bar_3d,category_total_value,three_d_bar,charts,three_d_bar,trace.tasks.charts.three_d_bar.grid_query,ChartsThreeDBarCategoryTotalValueTask,trace/tasks/charts/three_d_bar/grid_query.py,docs/tasks/task_charts__bar_3d__category_total_value.md,category_total_value,,,,category_total_value
task_charts__bar_3d__pairwise_comparison_count,charts,bar_3d,pairwise_comparison_count,three_d_bar,charts,three_d_bar,trace.tasks.charts.three_d_bar.grid_query,ChartsThreeDBarPairwiseComparisonCountTask,trace/tasks/charts/three_d_bar/grid_query.py,docs/tasks/task_charts__bar_3d__pairwise_comparison_count.md,series_comparison_count,integer,point_set,,series_comparison_count
task_charts__bar_3d__series_category_scope_total_value,charts,bar_3d,series_category_scope_total_value,three_d_bar,charts,three_d_bar,trace.tasks.charts.three_d_bar.grid_query,ChartsThreeDBarSeriesCategoryScopeTotalValueTask,trace/tasks/charts/three_d_bar/grid_query.py,docs/tasks/task_charts__bar_3d__series_category_scope_total_value.md,series_category_scope_total_value,,,,series_category_scope_total_value
task_charts__bar_3d__series_threshold_count,charts,bar_3d,series_threshold_count,three_d_bar,charts,three_d_bar,trace.tasks.charts.three_d_bar.grid_query,ChartsThreeDBarSeriesThresholdCountTask,trace/tasks/charts/three_d_bar/grid_query.py,docs/tasks/task_charts__bar_3d__series_threshold_count.md,series_threshold_count,,,,series_threshold_count
task_charts__bar_3d__series_total_gap_value,charts,bar_3d,series_total_gap_value,three_d_bar,charts,three_d_bar,trace.tasks.charts.three_d_bar.grid_query,ChartsThreeDBarSeriesTotalGapValueTask,trace/tasks/charts/three_d_bar/grid_query.py,docs/tasks/task_charts__bar_3d__series_total_gap_value.md,series_total_gap_value,,,,series_total_gap_value
task_charts__boxplot__iqr_extremum_label,charts,boxplot,iqr_extremum_label,distribution,charts,distribution,trace.tasks.charts.distribution.boxplot_label,ChartsDistributionBoxplotIqrExtremumLabelTask,trace/tasks/charts/distribution/boxplot_label.py,docs/tasks/task_charts__boxplot__iqr_extremum_label.md,iqr_extremum_label,,,,iqr_extremum_label
task_charts__boxplot__median_rank_difference_value,charts,boxplot,median_rank_difference_value,distribution,charts,distribution,trace.tasks.charts.distribution.boxplot_label,ChartsDistributionBoxplotMedianRankDifferenceValueTask,trace/tasks/charts/distribution/boxplot_label.py,docs/tasks/task_charts__boxplot__median_rank_difference_value.md,median_top_bottom_difference_value|median_top_second_difference_value|median_top_third_difference_value,integer,keyed_point_map,,median_top_bottom_difference_value
task_charts__boxplot__median_rank_difference_value,charts,boxplot,median_rank_difference_value,distribution,charts,distribution,trace.tasks.charts.distribution.boxplot_label,ChartsDistributionBoxplotMedianRankDifferenceValueTask,trace/tasks/charts/distribution/boxplot_label.py,docs/tasks/task_charts__boxplot__median_rank_difference_value.md,median_top_bottom_difference_value|median_top_second_difference_value|median_top_third_difference_value,integer,keyed_point_map,,median_top_second_difference_value
task_charts__boxplot__median_rank_difference_value,charts,boxplot,median_rank_difference_value,distribution,charts,distribution,trace.tasks.charts.distribution.boxplot_label,ChartsDistributionBoxplotMedianRankDifferenceValueTask,trace/tasks/charts/distribution/boxplot_label.py,docs/tasks/task_charts__boxplot__median_rank_difference_value.md,median_top_bottom_difference_value|median_top_second_difference_value|median_top_third_difference_value,integer,keyed_point_map,,median_top_third_difference_value
task_charts__boxplot__median_reference_label,charts,boxplot,median_reference_label,distribution,charts,distribution,trace.tasks.charts.distribution.boxplot_label,ChartsDistributionBoxplotMedianReferenceLabelTask,trace/tasks/charts/distribution/boxplot_label.py,docs/tasks/task_charts__boxplot__median_reference_label.md,median_reference_label,,,,median_reference_label
task_charts__boxplot__paired_median_shift_label,charts,boxplot,paired_median_shift_label,distribution,charts,distribution,trace.tasks.charts.distribution.boxplot_label,ChartsDistributionBoxplotPairedMedianShiftLabelTask,trace/tasks/charts/distribution/boxplot_label.py,docs/tasks/task_charts__boxplot__paired_median_shift_label.md,paired_median_greatest_absolute_change_label|paired_median_greatest_decrease_label|paired_median_greatest_increase_label,string,keyed_point_map,,paired_median_greatest_absolute_change_label
task_charts__boxplot__paired_median_shift_label,charts,boxplot,paired_median_shift_label,distribution,charts,distribution,trace.tasks.charts.distribution.boxplot_label,ChartsDistributionBoxplotPairedMedianShiftLabelTask,trace/tasks/charts/distribution/boxplot_label.py,docs/tasks/task_charts__boxplot__paired_median_shift_label.md,paired_median_greatest_absolute_change_label|paired_median_greatest_decrease_label|paired_median_greatest_increase_label,string,keyed_point_map,,paired_median_greatest_decrease_label
task_charts__boxplot__paired_median_shift_label,charts,boxplot,paired_median_shift_label,distribution,charts,distribution,trace.tasks.charts.distribution.boxplot_label,ChartsDistributionBoxplotPairedMedianShiftLabelTask,trace/tasks/charts/distribution/boxplot_label.py,docs/tasks/task_charts__boxplot__paired_median_shift_label.md,paired_median_greatest_absolute_change_label|paired_median_greatest_decrease_label|paired_median_greatest_increase_label,string,keyed_point_map,,paired_median_greatest_increase_label
task_charts__candlestick__counterfactual_close_value,charts,candlestick,counterfactual_close_value,candlestick,charts,candlestick,trace.tasks.charts.candlestick.ohlc_query,ChartsCandlestickCounterfactualCloseValueTask,trace/tasks/charts/candlestick/ohlc_query.py,docs/tasks/task_charts__candlestick__counterfactual_close_value.md,close_after_body_change_value,integer,bbox_set,,close_after_body_change_value
task_charts__candlestick__range_extremum_label,charts,candlestick,range_extremum_label,candlestick,charts,candlestick,trace.tasks.charts.candlestick.ohlc_query,ChartsCandlestickRangeExtremumLabelTask,trace/tasks/charts/candlestick/ohlc_query.py,docs/tasks/task_charts__candlestick__range_extremum_label.md,body_range_extremum_label|wick_range_extremum_label,string,bbox_set|point_set,,body_range_extremum_label
task_charts__candlestick__range_extremum_label,charts,candlestick,range_extremum_label,candlestick,charts,candlestick,trace.tasks.charts.candlestick.ohlc_query,ChartsCandlestickRangeExtremumLabelTask,trace/tasks/charts/candlestick/ohlc_query.py,docs/tasks/task_charts__candlestick__range_extremum_label.md,body_range_extremum_label|wick_range_extremum_label,string,bbox_set|point_set,,wick_range_extremum_label
task_charts__combo_mark__absolute_gap_extremum_label,charts,combo_mark,absolute_gap_extremum_label,combo,charts,combo,trace.tasks.charts.combo.panel_query,ChartsComboAbsoluteGapExtremumLabelTask,trace/tasks/charts/combo/panel_query.py,docs/tasks/task_charts__combo_mark__absolute_gap_extremum_label.md,absolute_gap_extremum_label,,,,absolute_gap_extremum_label
task_charts__combo_mark__conditioned_line_extremum_label,charts,combo_mark,conditioned_line_extremum_label,combo,charts,combo,trace.tasks.charts.combo.panel_query,ChartsComboConditionedLineExtremumLabelTask,trace/tasks/charts/combo/panel_query.py,docs/tasks/task_charts__combo_mark__conditioned_line_extremum_label.md,conditioned_line_extremum_label,,,,conditioned_line_extremum_label
task_charts__combo_mark__conditioned_primary_extremum_label,charts,combo_mark,conditioned_primary_extremum_label,combo,charts,combo,trace.tasks.charts.combo.panel_query,ChartsComboConditionedPrimaryExtremumLabelTask,trace/tasks/charts/combo/panel_query.py,docs/tasks/task_charts__combo_mark__conditioned_primary_extremum_label.md,conditioned_primary_extremum_label,,,,conditioned_primary_extremum_label
task_charts__combo_mark__cross_mark_difference_value,charts,combo_mark,cross_mark_difference_value,combo,charts,combo,trace.tasks.charts.combo.panel_query,ChartsComboCrossMarkDifferenceValueTask,trace/tasks/charts/combo/panel_query.py,docs/tasks/task_charts__combo_mark__cross_mark_difference_value.md,line_minus_primary_at_label|primary_minus_line_at_label,integer,keyed_point_map,,line_minus_primary_at_label
task_charts__combo_mark__cross_mark_difference_value,charts,combo_mark,cross_mark_difference_value,combo,charts,combo,trace.tasks.charts.combo.panel_query,ChartsComboCrossMarkDifferenceValueTask,trace/tasks/charts/combo/panel_query.py,docs/tasks/task_charts__combo_mark__cross_mark_difference_value.md,line_minus_primary_at_label|primary_minus_line_at_label,integer,keyed_point_map,,primary_minus_line_at_label
task_charts__combo_mark__directional_gap_extremum_label,charts,combo_mark,directional_gap_extremum_label,combo,charts,combo,trace.tasks.charts.combo.panel_query,ChartsComboDirectionalGapExtremumLabelTask,trace/tasks/charts/combo/panel_query.py,docs/tasks/task_charts__combo_mark__directional_gap_extremum_label.md,directional_gap_extremum_label,,,,directional_gap_extremum_label
task_charts__combo_mark__dual_threshold_condition_count,charts,combo_mark,dual_threshold_condition_count,combo,charts,combo,trace.tasks.charts.combo.panel_query,ChartsComboDualThresholdConditionCountTask,trace/tasks/charts/combo/panel_query.py,docs/tasks/task_charts__combo_mark__dual_threshold_condition_count.md,dual_threshold_condition_count,,,,dual_threshold_condition_count
task_charts__combo_mark__interval_threshold_condition_count,charts,combo_mark,interval_threshold_condition_count,combo,charts,combo,trace.tasks.charts.combo.panel_query,ChartsComboIntervalThresholdConditionCountTask,trace/tasks/charts/combo/panel_query.py,docs/tasks/task_charts__combo_mark__interval_threshold_condition_count.md,interval_threshold_condition_count,,,,interval_threshold_condition_count
task_charts__combo_mark__series_threshold_crossing_label,charts,combo_mark,series_threshold_crossing_label,combo,charts,combo,trace.tasks.charts.combo.panel_query,ChartsComboSeriesThresholdCrossingLabelTask,trace/tasks/charts/combo/panel_query.py,docs/tasks/task_charts__combo_mark__series_threshold_crossing_label.md,series_threshold_crossing_label,,,,series_threshold_crossing_label
task_charts__contour_density__density_extremum_region_label,charts,contour_density,density_extremum_region_label,contour_density,charts,contour_density,trace.tasks.charts.contour_density.field_query,ChartsContourDensityDensityExtremumRegionLabelTask,trace/tasks/charts/contour_density/field_query.py,docs/tasks/task_charts__contour_density__density_extremum_region_label.md,density_extremum_region_label,,,,density_extremum_region_label
task_charts__contour_density__density_threshold_region_count,charts,contour_density,density_threshold_region_count,contour_density,charts,contour_density,trace.tasks.charts.contour_density.field_query,ChartsContourDensityDensityThresholdRegionCountTask,trace/tasks/charts/contour_density/field_query.py,docs/tasks/task_charts__contour_density__density_threshold_region_count.md,density_threshold_region_count,,,,density_threshold_region_count
task_charts__contour_density__nearest_region_option_label,charts,contour_density,nearest_region_option_label,contour_density,charts,contour_density,trace.tasks.charts.contour_density.field_query,ChartsContourDensityNearestRegionOptionLabelTask,trace/tasks/charts/contour_density/field_query.py,docs/tasks/task_charts__contour_density__nearest_region_option_label.md,nearest_region_option_label,,,,nearest_region_option_label
task_charts__contour_density__reference_distance_extremum_label,charts,contour_density,reference_distance_extremum_label,contour_density,charts,contour_density,trace.tasks.charts.contour_density.field_query,ChartsContourDensityReferenceDistanceExtremumLabelTask,trace/tasks/charts/contour_density/field_query.py,docs/tasks/task_charts__contour_density__reference_distance_extremum_label.md,reference_distance_extremum_label,,,,reference_distance_extremum_label
task_charts__contour_density__spread_extremum_region_label,charts,contour_density,spread_extremum_region_label,contour_density,charts,contour_density,trace.tasks.charts.contour_density.field_query,ChartsContourDensitySpreadExtremumRegionLabelTask,trace/tasks/charts/contour_density/field_query.py,docs/tasks/task_charts__contour_density__spread_extremum_region_label.md,spread_extremum_region_label,,,,spread_extremum_region_label
task_charts__curve_panels__cross_panel_delta_extremum_label,charts,curve_panels,cross_panel_delta_extremum_label,scientific,charts,scientific,trace.tasks.charts.scientific.multipanel_subplot_query,ChartsScientificCrossPanelDeltaExtremumLabelTask,trace/tasks/charts/scientific/multipanel_subplot_query.py,docs/tasks/task_charts__curve_panels__cross_panel_delta_extremum_label.md,cross_panel_delta_extremum_label,string,point_set,,cross_panel_delta_extremum_label
task_charts__curve_panels__cross_panel_threshold_earliest_label,charts,curve_panels,cross_panel_threshold_earliest_label,scientific,charts,scientific,trace.tasks.charts.scientific.multipanel_subplot_query,ChartsScientificCrossPanelThresholdEarliestLabelTask,trace/tasks/charts/scientific/multipanel_subplot_query.py,docs/tasks/task_charts__curve_panels__cross_panel_threshold_earliest_label.md,cross_panel_threshold_earliest_label,,,,cross_panel_threshold_earliest_label
task_charts__curve_panels__curve_at_x_extremum_label,charts,curve_panels,curve_at_x_extremum_label,scientific,charts,scientific,trace.tasks.charts.scientific.multipanel_subplot_query,ChartsScientificCurveAtXExtremumLabelTask,trace/tasks/charts/scientific/multipanel_subplot_query.py,docs/tasks/task_charts__curve_panels__curve_at_x_extremum_label.md,curve_at_x_extremum_label,string,point_set,,curve_at_x_extremum_label
task_charts__curve_panels__curve_intersection_count,charts,curve_panels,curve_intersection_count,scientific,charts,scientific,trace.tasks.charts.scientific.multipanel_subplot_query,ChartsScientificCurveIntersectionCountTask,trace/tasks/charts/scientific/multipanel_subplot_query.py,docs/tasks/task_charts__curve_panels__curve_intersection_count.md,curve_intersection_count,integer,point_set,,curve_intersection_count
task_charts__curve_panels__earliest_maximum_panel_label,charts,curve_panels,earliest_maximum_panel_label,scientific,charts,scientific,trace.tasks.charts.scientific.multipanel_subplot_query,ChartsScientificEarliestMaximumPanelLabelTask,trace/tasks/charts/scientific/multipanel_subplot_query.py,docs/tasks/task_charts__curve_panels__earliest_maximum_panel_label.md,earliest_maximum_panel_label,string,point_set,,earliest_maximum_panel_label
task_charts__curve_panels__panel_curve_threshold_crossing_count,charts,curve_panels,panel_curve_threshold_crossing_count,scientific,charts,scientific,trace.tasks.charts.scientific.multipanel_subplot_query,ChartsScientificPanelCurveThresholdCrossingCountTask,trace/tasks/charts/scientific/multipanel_subplot_query.py,docs/tasks/task_charts__curve_panels__panel_curve_threshold_crossing_count.md,panel_curve_threshold_crossing_count,,,,panel_curve_threshold_crossing_count
task_charts__curve_panels__panel_point_threshold_count,charts,curve_panels,panel_point_threshold_count,scientific,charts,scientific,trace.tasks.charts.scientific.multipanel_subplot_query,ChartsScientificPanelPointThresholdCountTask,trace/tasks/charts/scientific/multipanel_subplot_query.py,docs/tasks/task_charts__curve_panels__panel_point_threshold_count.md,panel_point_threshold_count,,,,panel_point_threshold_count
task_charts__curve_panels__threshold_series_count,charts,curve_panels,threshold_series_count,scientific,charts,scientific,trace.tasks.charts.scientific.multipanel_subplot_query,ChartsScientificThresholdSeriesCountTask,trace/tasks/charts/scientific/multipanel_subplot_query.py,docs/tasks/task_charts__curve_panels__threshold_series_count.md,threshold_series_count,integer,point_set,,threshold_series_count
task_charts__dashboard__category_panel_condition_count,charts,dashboard,category_panel_condition_count,dashboard,charts,dashboard,trace.tasks.charts.dashboard.cross_panel_query,ChartsDashboardCategoryPanelConditionCountTask,trace/tasks/charts/dashboard/cross_panel_query.py,docs/tasks/task_charts__dashboard__category_panel_condition_count.md,category_panel_condition_count,integer,point_set,,category_panel_condition_count
task_charts__dashboard__dual_condition_count,charts,dashboard,dual_condition_count,dashboard,charts,dashboard,trace.tasks.charts.dashboard.cross_panel_query,ChartsDashboardDualConditionCountTask,trace/tasks/charts/dashboard/cross_panel_query.py,docs/tasks/task_charts__dashboard__dual_condition_count.md,dual_condition_count,integer,point_set,,dual_condition_count
task_charts__dashboard__dual_source_target_sum_value,charts,dashboard,dual_source_target_sum_value,dashboard,charts,dashboard,trace.tasks.charts.dashboard.cross_panel_query,ChartsDashboardDualSourceTargetSumValueTask,trace/tasks/charts/dashboard/cross_panel_query.py,docs/tasks/task_charts__dashboard__dual_source_target_sum_value.md,dual_source_target_sum_value,integer,keyed_point_map,,dual_source_target_sum_value
task_charts__dashboard__panel_gap_extremum_category_label,charts,dashboard,panel_gap_extremum_category_label,dashboard,charts,dashboard,trace.tasks.charts.dashboard.cross_panel_query,ChartsDashboardPanelGapExtremumCategoryLabelTask,trace/tasks/charts/dashboard/cross_panel_query.py,docs/tasks/task_charts__dashboard__panel_gap_extremum_category_label.md,panel_gap_extremum_category_label,string,keyed_point_map,,panel_gap_extremum_category_label
task_charts__dashboard__shared_label_rank_gap_extremum,charts,dashboard,shared_label_rank_gap_extremum,dashboard,charts,dashboard,trace.tasks.charts.dashboard.cross_panel_query,ChartsDashboardSharedLabelRankGapExtremumTask,trace/tasks/charts/dashboard/cross_panel_query.py,docs/tasks/task_charts__dashboard__shared_label_rank_gap_extremum.md,shared_label_rank_gap_extremum,,,,shared_label_rank_gap_extremum
task_charts__dashboard__source_rank_difference_value,charts,dashboard,source_rank_difference_value,dashboard,charts,dashboard,trace.tasks.charts.dashboard.cross_panel_query,ChartsDashboardSourceRankDifferenceValueTask,trace/tasks/charts/dashboard/cross_panel_query.py,docs/tasks/task_charts__dashboard__source_rank_difference_value.md,source_rank_difference_value,,,,source_rank_difference_value
task_charts__dashboard__source_rank_target_value,charts,dashboard,source_rank_target_value,dashboard,charts,dashboard,trace.tasks.charts.dashboard.cross_panel_query,ChartsDashboardSourceRankTargetValueTask,trace/tasks/charts/dashboard/cross_panel_query.py,docs/tasks/task_charts__dashboard__source_rank_target_value.md,source_rank_target_value,,,,source_rank_target_value
task_charts__dashboard__statement_option_selection_label,charts,dashboard,statement_option_selection_label,dashboard,charts,dashboard,trace.tasks.charts.dashboard.cross_panel_query,ChartsDashboardStatementOptionSelectionLabelTask,trace/tasks/charts/dashboard/cross_panel_query.py,docs/tasks/task_charts__dashboard__statement_option_selection_label.md,statement_option_selection_label,,,,statement_option_selection_label
task_charts__dashboard__top_k_overlap_count,charts,dashboard,top_k_overlap_count,dashboard,charts,dashboard,trace.tasks.charts.dashboard.cross_panel_query,ChartsDashboardTopKOverlapCountTask,trace/tasks/charts/dashboard/cross_panel_query.py,docs/tasks/task_charts__dashboard__top_k_overlap_count.md,top_k_overlap_count,integer,point_set,,top_k_overlap_count
task_charts__density_curve__density_at_x_extremum_label,charts,density_curve,density_at_x_extremum_label,distribution,charts,distribution,trace.tasks.charts.distribution.density_curve,ChartsDistributionDensityCurveDensityAtXExtremumLabelTask,trace/tasks/charts/distribution/density_curve.py,docs/tasks/task_charts__density_curve__density_at_x_extremum_label.md,highest_density_at_x_label|lowest_density_at_x_label,string,keyed_point_map,,highest_density_at_x_label
task_charts__density_curve__density_at_x_extremum_label,charts,density_curve,density_at_x_extremum_label,distribution,charts,distribution,trace.tasks.charts.distribution.density_curve,ChartsDistributionDensityCurveDensityAtXExtremumLabelTask,trace/tasks/charts/distribution/density_curve.py,docs/tasks/task_charts__density_curve__density_at_x_extremum_label.md,highest_density_at_x_label|lowest_density_at_x_label,string,keyed_point_map,,lowest_density_at_x_label
task_charts__density_curve__interval_mass_extremum_label,charts,density_curve,interval_mass_extremum_label,distribution,charts,distribution,trace.tasks.charts.distribution.density_curve,ChartsDistributionDensityCurveIntervalMassExtremumLabelTask,trace/tasks/charts/distribution/density_curve.py,docs/tasks/task_charts__density_curve__interval_mass_extremum_label.md,greatest_interval_mass_label|least_interval_mass_label,string,keyed_bbox_map,,greatest_interval_mass_label
task_charts__density_curve__interval_mass_extremum_label,charts,density_curve,interval_mass_extremum_label,distribution,charts,distribution,trace.tasks.charts.distribution.density_curve,ChartsDistributionDensityCurveIntervalMassExtremumLabelTask,trace/tasks/charts/distribution/density_curve.py,docs/tasks/task_charts__density_curve__interval_mass_extremum_label.md,greatest_interval_mass_label|least_interval_mass_label,string,keyed_bbox_map,,least_interval_mass_label
task_charts__density_curve__mean_extremum_label,charts,density_curve,mean_extremum_label,distribution,charts,distribution,trace.tasks.charts.distribution.density_curve,ChartsDistributionDensityCurveMeanExtremumLabelTask,trace/tasks/charts/distribution/density_curve.py,docs/tasks/task_charts__density_curve__mean_extremum_label.md,highest_mean_label|lowest_mean_label,string,keyed_bbox_map,,highest_mean_label
task_charts__density_curve__mean_extremum_label,charts,density_curve,mean_extremum_label,distribution,charts,distribution,trace.tasks.charts.distribution.density_curve,ChartsDistributionDensityCurveMeanExtremumLabelTask,trace/tasks/charts/distribution/density_curve.py,docs/tasks/task_charts__density_curve__mean_extremum_label.md,highest_mean_label|lowest_mean_label,string,keyed_bbox_map,,lowest_mean_label
task_charts__density_curve__mode_location_extremum_label,charts,density_curve,mode_location_extremum_label,distribution,charts,distribution,trace.tasks.charts.distribution.density_curve,ChartsDistributionDensityCurveModeLocationExtremumLabelTask,trace/tasks/charts/distribution/density_curve.py,docs/tasks/task_charts__density_curve__mode_location_extremum_label.md,leftmost_mode_label|rightmost_mode_label,string,keyed_bbox_map,,leftmost_mode_label
task_charts__density_curve__mode_location_extremum_label,charts,density_curve,mode_location_extremum_label,distribution,charts,distribution,trace.tasks.charts.distribution.density_curve,ChartsDistributionDensityCurveModeLocationExtremumLabelTask,trace/tasks/charts/distribution/density_curve.py,docs/tasks/task_charts__density_curve__mode_location_extremum_label.md,leftmost_mode_label|rightmost_mode_label,string,keyed_bbox_map,,rightmost_mode_label
task_charts__dumbbell__absolute_gap_threshold_count,charts,dumbbell,absolute_gap_threshold_count,dumbbell,charts,dumbbell,trace.tasks.charts.dumbbell.pairwise_comparison_query,ChartsDumbbellAbsoluteGapThresholdCountTask,trace/tasks/charts/dumbbell/pairwise_comparison_query.py,docs/tasks/task_charts__dumbbell__absolute_gap_threshold_count.md,absolute_gap_threshold_count,,,,absolute_gap_threshold_count
task_charts__dumbbell__gap_rank_row_label,charts,dumbbell,gap_rank_row_label,dumbbell,charts,dumbbell,trace.tasks.charts.dumbbell.pairwise_comparison_query,ChartsDumbbellGapRankRowLabelTask,trace/tasks/charts/dumbbell/pairwise_comparison_query.py,docs/tasks/task_charts__dumbbell__gap_rank_row_label.md,gap_rank_row_label,string,bbox_set,,gap_rank_row_label
task_charts__dumbbell__side_winner_count,charts,dumbbell,side_winner_count,dumbbell,charts,dumbbell,trace.tasks.charts.dumbbell.pairwise_comparison_query,ChartsDumbbellSideWinnerCountTask,trace/tasks/charts/dumbbell/pairwise_comparison_query.py,docs/tasks/task_charts__dumbbell__side_winner_count.md,side_winner_count,,,,side_winner_count
task_charts__error_interval__interval_width_rank_label,charts,error_interval,interval_width_rank_label,error_interval,charts,error_interval,trace.tasks.charts.error_interval.interval_chart,ChartsErrorIntervalRelationLabelTask,trace/tasks/charts/error_interval/interval_chart.py,docs/tasks/task_charts__error_interval__interval_width_rank_label.md,narrowest_interval_label|second_narrowest_interval_label|second_widest_interval_label|widest_interval_label,string,bbox_set,,narrowest_interval_label
task_charts__error_interval__interval_width_rank_label,charts,error_interval,interval_width_rank_label,error_interval,charts,error_interval,trace.tasks.charts.error_interval.interval_chart,ChartsErrorIntervalRelationLabelTask,trace/tasks/charts/error_interval/interval_chart.py,docs/tasks/task_charts__error_interval__interval_width_rank_label.md,narrowest_interval_label|second_narrowest_interval_label|second_widest_interval_label|widest_interval_label,string,bbox_set,,second_narrowest_interval_label
task_charts__error_interval__interval_width_rank_label,charts,error_interval,interval_width_rank_label,error_interval,charts,error_interval,trace.tasks.charts.error_interval.interval_chart,ChartsErrorIntervalRelationLabelTask,trace/tasks/charts/error_interval/interval_chart.py,docs/tasks/task_charts__error_interval__interval_width_rank_label.md,narrowest_interval_label|second_narrowest_interval_label|second_widest_interval_label|widest_interval_label,string,bbox_set,,second_widest_interval_label
task_charts__error_interval__interval_width_rank_label,charts,error_interval,interval_width_rank_label,error_interval,charts,error_interval,trace.tasks.charts.error_interval.interval_chart,ChartsErrorIntervalRelationLabelTask,trace/tasks/charts/error_interval/interval_chart.py,docs/tasks/task_charts__error_interval__interval_width_rank_label.md,narrowest_interval_label|second_narrowest_interval_label|second_widest_interval_label|widest_interval_label,string,bbox_set,,widest_interval_label
task_charts__error_interval__reference_containment_count,charts,error_interval,reference_containment_count,error_interval,charts,error_interval,trace.tasks.charts.error_interval.interval_chart,ChartsErrorIntervalReferenceContainmentCountTask,trace/tasks/charts/error_interval/interval_chart.py,docs/tasks/task_charts__error_interval__reference_containment_count.md,reference_containment_count,,,,reference_containment_count
task_charts__error_interval__reference_exclusion_side_count,charts,error_interval,reference_exclusion_side_count,error_interval,charts,error_interval,trace.tasks.charts.error_interval.interval_chart,ChartsErrorIntervalReferenceExclusionSideCountTask,trace/tasks/charts/error_interval/interval_chart.py,docs/tasks/task_charts__error_interval__reference_exclusion_side_count.md,reference_exclusion_side_count,,,,reference_exclusion_side_count
task_charts__errorbar_series__bound_extremum_x_label,charts,errorbar_series,bound_extremum_x_label,errorbar_series,charts,errorbar_series,trace.tasks.charts.errorbar_series.series_query,ChartsErrorbarSeriesBoundExtremumXLabelTask,trace/tasks/charts/errorbar_series/series_query.py,docs/tasks/task_charts__errorbar_series__bound_extremum_x_label.md,bound_extremum_x_label,,,,bound_extremum_x_label
task_charts__errorbar_series__same_x_interval_overlap_count,charts,errorbar_series,same_x_interval_overlap_count,errorbar_series,charts,errorbar_series,trace.tasks.charts.errorbar_series.series_query,ChartsErrorbarSeriesSameXIntervalOverlapCountTask,trace/tasks/charts/errorbar_series/series_query.py,docs/tasks/task_charts__errorbar_series__same_x_interval_overlap_count.md,same_x_interval_overlap_count,,,,same_x_interval_overlap_count
task_charts__errorbar_series__threshold_support_count,charts,errorbar_series,threshold_support_count,errorbar_series,charts,errorbar_series,trace.tasks.charts.errorbar_series.series_query,ChartsErrorbarSeriesThresholdSupportCountTask,trace/tasks/charts/errorbar_series/series_query.py,docs/tasks/task_charts__errorbar_series__threshold_support_count.md,threshold_support_count,,,,threshold_support_count
task_charts__heatmap__axis_cell_extremum_label,charts,heatmap,axis_cell_extremum_label,heatmap,charts,heatmap,trace.tasks.charts.heatmap.grid_query,ChartsHeatmapAxisCellExtremumLabelTask,trace/tasks/charts/heatmap/grid_query.py,docs/tasks/task_charts__heatmap__axis_cell_extremum_label.md,axis_cell_extremum_label,string,bbox_set,,axis_cell_extremum_label
task_charts__heatmap__axis_condition_extremum_label,charts,heatmap,axis_condition_extremum_label,heatmap,charts,heatmap,trace.tasks.charts.heatmap.grid_query,ChartsHeatmapAxisConditionExtremumLabelTask,trace/tasks/charts/heatmap/grid_query.py,docs/tasks/task_charts__heatmap__axis_condition_extremum_label.md,axis_condition_extremum_label,string,bbox_set,,axis_condition_extremum_label
task_charts__heatmap__colorbar_interval_cell_count,charts,heatmap,colorbar_interval_cell_count,heatmap,charts,heatmap,trace.tasks.charts.heatmap.grid_query,ChartsHeatmapColorbarIntervalCellCountTask,trace/tasks/charts/heatmap/grid_query.py,docs/tasks/task_charts__heatmap__colorbar_interval_cell_count.md,colorbar_interval_cell_count,,,,colorbar_interval_cell_count
task_charts__heatmap__colorbar_threshold_cell_count,charts,heatmap,colorbar_threshold_cell_count,heatmap,charts,heatmap,trace.tasks.charts.heatmap.grid_query,ChartsHeatmapColorbarThresholdCellCountTask,trace/tasks/charts/heatmap/grid_query.py,docs/tasks/task_charts__heatmap__colorbar_threshold_cell_count.md,colorbar_threshold_cell_count,,,,colorbar_threshold_cell_count
task_charts__heatmap__condition_run_extremum_label,charts,heatmap,condition_run_extremum_label,heatmap,charts,heatmap,trace.tasks.charts.heatmap.grid_query,ChartsHeatmapConditionRunExtremumLabelTask,trace/tasks/charts/heatmap/grid_query.py,docs/tasks/task_charts__heatmap__condition_run_extremum_label.md,condition_run_extremum_label,string,bbox_set,,condition_run_extremum_label
task_charts__hexbin_density__threshold_bin_count,charts,hexbin_density,threshold_bin_count,hexbin_density,charts,hexbin_density,trace.tasks.charts.hexbin_density.hexbin_query,ChartsHexbinDensityThresholdBinCountTask,trace/tasks/charts/hexbin_density/hexbin_query.py,docs/tasks/task_charts__hexbin_density__threshold_bin_count.md,threshold_bin_count,,,,threshold_bin_count
task_charts__histogram__bin_count_between_values,charts,histogram,bin_count_between_values,distribution,charts,distribution,trace.tasks.charts.distribution.histogram_count,ChartsDistributionHistogramBinCountBetweenValuesTask,trace/tasks/charts/distribution/histogram_count.py,docs/tasks/task_charts__histogram__bin_count_between_values.md,bin_count_between_values,,,,bin_count_between_values
task_charts__histogram__cumulative_rank_bin_label,charts,histogram,cumulative_rank_bin_label,distribution,charts,distribution,trace.tasks.charts.distribution.histogram_count,ChartsDistributionHistogramCumulativeRankLabelTask,trace/tasks/charts/distribution/histogram_count.py,docs/tasks/task_charts__histogram__cumulative_rank_bin_label.md,rank_item_bin_label,integer,bbox_set,,rank_item_bin_label
task_charts__histogram__interval_mass,charts,histogram,interval_mass,distribution,charts,distribution,trace.tasks.charts.distribution.histogram_count,ChartsDistributionHistogramIntervalMassTask,trace/tasks/charts/distribution/histogram_count.py,docs/tasks/task_charts__histogram__interval_mass.md,interval_mass,,,,interval_mass
task_charts__marker_map__marker_region_extremum_label,charts,marker_map,marker_region_extremum_label,map,charts,map,trace.tasks.charts.map.choropleth_region_label,ChartsMapMarkerRegionExtremumLabelTask,trace/tasks/charts/map/choropleth_region_label.py,docs/tasks/task_charts__marker_map__marker_region_extremum_label.md,marker_region_extremum_label,string,bbox_set,,marker_region_extremum_label
task_charts__marker_map__marker_region_threshold_count,charts,marker_map,marker_region_threshold_count,map,charts,map,trace.tasks.charts.map.choropleth_region_label,ChartsMapMarkerRegionThresholdCountTask,trace/tasks/charts/map/choropleth_region_label.py,docs/tasks/task_charts__marker_map__marker_region_threshold_count.md,marker_region_threshold_count,integer,bbox_set,,marker_region_threshold_count
task_charts__matrix__axis_extremum_label,charts,matrix,axis_extremum_label,matrix,charts,matrix,trace.tasks.charts.matrix.cell_query,ChartsMatrixAxisExtremumLabelTask,trace/tasks/charts/matrix/cell_query.py,docs/tasks/task_charts__matrix__axis_extremum_label.md,axis_extremum_label,string,bbox_set,,axis_extremum_label
task_charts__matrix__off_diagonal_confusion_label,charts,matrix,off_diagonal_confusion_label,matrix,charts,matrix,trace.tasks.charts.matrix.cell_query,ChartsMatrixOffDiagonalConfusionLabelTask,trace/tasks/charts/matrix/cell_query.py,docs/tasks/task_charts__matrix__off_diagonal_confusion_label.md,off_diagonal_confusion_label,,,,off_diagonal_confusion_label
task_charts__matrix__threshold_cell_count,charts,matrix,threshold_cell_count,matrix,charts,matrix,trace.tasks.charts.matrix.cell_query,ChartsMatrixThresholdCellCountTask,trace/tasks/charts/matrix/cell_query.py,docs/tasks/task_charts__matrix__threshold_cell_count.md,threshold_cell_count,integer,bbox_set,,threshold_cell_count
task_charts__multiseries__category_total_extremum_label,charts,multiseries,category_total_extremum_label,multiseries,charts,multiseries,trace.tasks.charts.multiseries.comparison_query,ChartsMultiseriesCategoryTotalExtremumLabelTask,trace/tasks/charts/multiseries/comparison_query.py,docs/tasks/task_charts__multiseries__category_total_extremum_label.md,category_total_extremum_label,option_letter,keyed_point_map,,category_total_extremum_label
task_charts__multiseries__pair_equality_label,charts,multiseries,pair_equality_label,multiseries,charts,multiseries,trace.tasks.charts.multiseries.comparison_query,ChartsMultiseriesPairEqualityLabelTask,trace/tasks/charts/multiseries/comparison_query.py,docs/tasks/task_charts__multiseries__pair_equality_label.md,pair_equality_label,,,,pair_equality_label
task_charts__multiseries__ranked_change_extremum_label,charts,multiseries,ranked_change_extremum_label,multiseries,charts,multiseries,trace.tasks.charts.multiseries.comparison_query,ChartsMultiseriesRankedChangeExtremumTask,trace/tasks/charts/multiseries/comparison_query.py,docs/tasks/task_charts__multiseries__ranked_change_extremum_label.md,ranked_change_extremum_label,,,,ranked_change_extremum_label
task_charts__multiseries__ranked_pair_ratio_extremum_label,charts,multiseries,ranked_pair_ratio_extremum_label,multiseries,charts,multiseries,trace.tasks.charts.multiseries.comparison_query,ChartsMultiseriesRankedPairRatioExtremumTask,trace/tasks/charts/multiseries/comparison_query.py,docs/tasks/task_charts__multiseries__ranked_pair_ratio_extremum_label.md,ranked_pair_ratio_extremum_label,,,,ranked_pair_ratio_extremum_label
task_charts__multiseries__ranked_series_share_extremum_label,charts,multiseries,ranked_series_share_extremum_label,multiseries,charts,multiseries,trace.tasks.charts.multiseries.comparison_query,ChartsMultiseriesRankedSeriesShareExtremumTask,trace/tasks/charts/multiseries/comparison_query.py,docs/tasks/task_charts__multiseries__ranked_series_share_extremum_label.md,ranked_series_share_extremum_label,,,,ranked_series_share_extremum_label
task_charts__multiseries__series_comparison_count,charts,multiseries,series_comparison_count,multiseries,charts,multiseries,trace.tasks.charts.multiseries.comparison_query,ChartsMultiseriesSeriesComparisonCountTask,trace/tasks/charts/multiseries/comparison_query.py,docs/tasks/task_charts__multiseries__series_comparison_count.md,series_comparison_count,integer,keyed_point_map,,series_comparison_count
task_charts__multiseries__series_rank_at_category_label,charts,multiseries,series_rank_at_category_label,multiseries,charts,multiseries,trace.tasks.charts.multiseries.comparison_query,ChartsMultiseriesSeriesRankAtCategoryLabelTask,trace/tasks/charts/multiseries/comparison_query.py,docs/tasks/task_charts__multiseries__series_rank_at_category_label.md,series_rank_at_category_label,,,,series_rank_at_category_label
task_charts__parallel_coords__all_crossings_between_adjacent_axes,charts,parallel_coords,all_crossings_between_adjacent_axes,parallel_coordinates,charts,parallel_coordinates,trace.tasks.charts.parallel_coordinates.profile_query,ChartsParallelCoordinatesAllCrossingsBetweenAdjacentAxesTask,trace/tasks/charts/parallel_coordinates/profile_query.py,docs/tasks/task_charts__parallel_coords__all_crossings_between_adjacent_axes.md,all_crossings_between_adjacent_axes,,,,all_crossings_between_adjacent_axes
task_charts__parallel_coords__axis_condition_count,charts,parallel_coords,axis_condition_count,parallel_coordinates,charts,parallel_coordinates,trace.tasks.charts.parallel_coordinates.profile_query,ChartsParallelCoordinatesAxisConditionCountTask,trace/tasks/charts/parallel_coordinates/profile_query.py,docs/tasks/task_charts__parallel_coords__axis_condition_count.md,above_on_both_axes|above_on_one_below_on_other|below_on_both_axes,integer,keyed_point_map,,above_on_both_axes
task_charts__parallel_coords__axis_condition_count,charts,parallel_coords,axis_condition_count,parallel_coordinates,charts,parallel_coordinates,trace.tasks.charts.parallel_coordinates.profile_query,ChartsParallelCoordinatesAxisConditionCountTask,trace/tasks/charts/parallel_coordinates/profile_query.py,docs/tasks/task_charts__parallel_coords__axis_condition_count.md,above_on_both_axes|above_on_one_below_on_other|below_on_both_axes,integer,keyed_point_map,,above_on_one_below_on_other
task_charts__parallel_coords__axis_condition_count,charts,parallel_coords,axis_condition_count,parallel_coordinates,charts,parallel_coordinates,trace.tasks.charts.parallel_coordinates.profile_query,ChartsParallelCoordinatesAxisConditionCountTask,trace/tasks/charts/parallel_coordinates/profile_query.py,docs/tasks/task_charts__parallel_coords__axis_condition_count.md,above_on_both_axes|above_on_one_below_on_other|below_on_both_axes,integer,keyed_point_map,,below_on_both_axes
task_charts__parallel_coords__axis_delta_extremum_label,charts,parallel_coords,axis_delta_extremum_label,parallel_coordinates,charts,parallel_coordinates,trace.tasks.charts.parallel_coordinates.profile_query,ChartsParallelCoordinatesAxisDeltaExtremumLabelTask,trace/tasks/charts/parallel_coordinates/profile_query.py,docs/tasks/task_charts__parallel_coords__axis_delta_extremum_label.md,largest_absolute_change_between_axes|largest_decrease_between_axes|largest_increase_between_axes,string,keyed_point_map,,largest_absolute_change_between_axes
task_charts__parallel_coords__axis_delta_extremum_label,charts,parallel_coords,axis_delta_extremum_label,parallel_coordinates,charts,parallel_coordinates,trace.tasks.charts.parallel_coordinates.profile_query,ChartsParallelCoordinatesAxisDeltaExtremumLabelTask,trace/tasks/charts/parallel_coordinates/profile_query.py,docs/tasks/task_charts__parallel_coords__axis_delta_extremum_label.md,largest_absolute_change_between_axes|largest_decrease_between_axes|largest_increase_between_axes,string,keyed_point_map,,largest_decrease_between_axes
task_charts__parallel_coords__axis_delta_extremum_label,charts,parallel_coords,axis_delta_extremum_label,parallel_coordinates,charts,parallel_coordinates,trace.tasks.charts.parallel_coordinates.profile_query,ChartsParallelCoordinatesAxisDeltaExtremumLabelTask,trace/tasks/charts/parallel_coordinates/profile_query.py,docs/tasks/task_charts__parallel_coords__axis_delta_extremum_label.md,largest_absolute_change_between_axes|largest_decrease_between_axes|largest_increase_between_axes,string,keyed_point_map,,largest_increase_between_axes
task_charts__parallel_coords__crossings_involving_profile_between_axes,charts,parallel_coords,crossings_involving_profile_between_axes,parallel_coordinates,charts,parallel_coordinates,trace.tasks.charts.parallel_coordinates.profile_query,ChartsParallelCoordinatesCrossingsInvolvingProfileBetweenAxesTask,trace/tasks/charts/parallel_coordinates/profile_query.py,docs/tasks/task_charts__parallel_coords__crossings_involving_profile_between_axes.md,crossings_involving_profile_between_axes,,,,crossings_involving_profile_between_axes
task_charts__part_whole__adjacent_transfer_gap_value,charts,part_whole,adjacent_transfer_gap_value,composition,charts,composition,trace.tasks.charts.composition.share_arithmetic_value,ChartsCompositionChartAdjacentTransferGapValueTask,trace/tasks/charts/composition/share_arithmetic_value.py,docs/tasks/task_charts__part_whole__adjacent_transfer_gap_value.md,chart_order_adjacent_transfer_gap,integer,keyed_point_map,,chart_order_adjacent_transfer_gap
task_charts__part_whole__chart_order_share_to_count,charts,part_whole,chart_order_share_to_count,composition,charts,composition,trace.tasks.charts.composition.share_arithmetic_value,ChartsCompositionChartOrderShareToCountTask,trace/tasks/charts/composition/share_arithmetic_value.py,docs/tasks/task_charts__part_whole__chart_order_share_to_count.md,chart_order_share_to_count,,,,chart_order_share_to_count
task_charts__part_whole__contiguous_chart_order_sum,charts,part_whole,contiguous_chart_order_sum,composition,charts,composition,trace.tasks.charts.composition.share_arithmetic_value,ChartsCompositionChartContiguousOrderSumTask,trace/tasks/charts/composition/share_arithmetic_value.py,docs/tasks/task_charts__part_whole__contiguous_chart_order_sum.md,contiguous_chart_order_sum,,,,contiguous_chart_order_sum
task_charts__part_whole__positional_segment_share_sum,charts,part_whole,positional_segment_share_sum,composition,charts,composition,trace.tasks.charts.composition.share_arithmetic_value,ChartsCompositionChartPositionalSegmentShareSumTask,trace/tasks/charts/composition/share_arithmetic_value.py,docs/tasks/task_charts__part_whole__positional_segment_share_sum.md,positional_segment_share_sum,,,,positional_segment_share_sum
task_charts__part_whole__sector_share_to_angle,charts,part_whole,sector_share_to_angle,composition,charts,composition,trace.tasks.charts.composition.share_arithmetic_value,ChartsCompositionChartSectorShareToAngleTask,trace/tasks/charts/composition/share_arithmetic_value.py,docs/tasks/task_charts__part_whole__sector_share_to_angle.md,sector_share_to_angle,,,,sector_share_to_angle
task_charts__part_whole__subset_denominator_share_value,charts,part_whole,subset_denominator_share_value,composition,charts,composition,trace.tasks.charts.composition.share_arithmetic_value,ChartsCompositionSubsetDenominatorShareValueTask,trace/tasks/charts/composition/share_arithmetic_value.py,docs/tasks/task_charts__part_whole__subset_denominator_share_value.md,subset_denominator_share_value,,,,subset_denominator_share_value
task_charts__pictogram__category_total_value,charts,pictogram,category_total_value,pictogram,charts,pictogram,trace.tasks.charts.pictogram.waffle_chart,ChartsPictogramCategoryTotalValueTask,trace/tasks/charts/pictogram/waffle_chart.py,docs/tasks/task_charts__pictogram__category_total_value.md,category_total_value,,,,category_total_value
task_charts__pictogram__group_difference_value,charts,pictogram,group_difference_value,pictogram,charts,pictogram,trace.tasks.charts.pictogram.waffle_chart,ChartsPictogramGroupDifferenceValueTask,trace/tasks/charts/pictogram/waffle_chart.py,docs/tasks/task_charts__pictogram__group_difference_value.md,group_difference_value,,,,group_difference_value
task_charts__pictogram__threshold_count,charts,pictogram,threshold_count,pictogram,charts,pictogram,trace.tasks.charts.pictogram.waffle_chart,ChartsPictogramThresholdCountTask,trace/tasks/charts/pictogram/waffle_chart.py,docs/tasks/task_charts__pictogram__threshold_count.md,threshold_count,integer,bbox_set,,threshold_count
task_charts__population_pyramid__age_group_threshold_count,charts,population_pyramid,age_group_threshold_count,population_pyramid,charts,population_pyramid,trace.tasks.charts.population_pyramid.pyramid_query,ChartsPopulationPyramidAgeGroupThresholdCountTask,trace/tasks/charts/population_pyramid/pyramid_query.py,docs/tasks/task_charts__population_pyramid__age_group_threshold_count.md,age_group_threshold_count,,,,age_group_threshold_count
task_charts__population_pyramid__side_gap_extremum_label,charts,population_pyramid,side_gap_extremum_label,population_pyramid,charts,population_pyramid,trace.tasks.charts.population_pyramid.pyramid_query,ChartsPopulationPyramidSideGapExtremumLabelTask,trace/tasks/charts/population_pyramid/pyramid_query.py,docs/tasks/task_charts__population_pyramid__side_gap_extremum_label.md,side_gap_extremum_label,,,,side_gap_extremum_label
task_charts__radar__highlighted_metric_threshold_panel_count,charts,radar,highlighted_metric_threshold_panel_count,radar,charts,radar,trace.tasks.charts.radar.profile_query,ChartsRadarHighlightedMetricThresholdPanelCountTask,trace/tasks/charts/radar/profile_query.py,docs/tasks/task_charts__radar__highlighted_metric_threshold_panel_count.md,highlighted_metric_threshold_panel_count,,,,highlighted_metric_threshold_panel_count
task_charts__radar__matching_condition_panel_count,charts,radar,matching_condition_panel_count,radar,charts,radar,trace.tasks.charts.radar.profile_query,ChartsRadarMatchingConditionPanelCountTask,trace/tasks/charts/radar/profile_query.py,docs/tasks/task_charts__radar__matching_condition_panel_count.md,matching_condition_panel_count,,,,matching_condition_panel_count
task_charts__radar__profile_advantage_count,charts,radar,profile_advantage_count,radar,charts,radar,trace.tasks.charts.radar.profile_query,ChartsRadarProfileAdvantageCountTask,trace/tasks/charts/radar/profile_query.py,docs/tasks/task_charts__radar__profile_advantage_count.md,profile_advantage_count,integer,point_pair_set,,profile_advantage_count
task_charts__radar__threshold_metric_count_for_panel,charts,radar,threshold_metric_count_for_panel,radar,charts,radar,trace.tasks.charts.radar.profile_query,ChartsRadarThresholdMetricCountForPanelTask,trace/tasks/charts/radar/profile_query.py,docs/tasks/task_charts__radar__threshold_metric_count_for_panel.md,threshold_metric_count_for_panel,integer,point_set,,threshold_metric_count_for_panel
task_charts__radial_progress__extremum_remaining_label,charts,radial_progress,extremum_remaining_label,radial_progress,charts,radial_progress,trace.tasks.charts.radial_progress.progress_chart,ChartsRadialProgressExtremumRemainingLabelTask,trace/tasks/charts/radial_progress/progress_chart.py,docs/tasks/task_charts__radial_progress__extremum_remaining_label.md,highest_remaining_label|lowest_remaining_label,string,bbox_set,,highest_remaining_label
task_charts__radial_progress__extremum_remaining_label,charts,radial_progress,extremum_remaining_label,radial_progress,charts,radial_progress,trace.tasks.charts.radial_progress.progress_chart,ChartsRadialProgressExtremumRemainingLabelTask,trace/tasks/charts/radial_progress/progress_chart.py,docs/tasks/task_charts__radial_progress__extremum_remaining_label.md,highest_remaining_label|lowest_remaining_label,string,bbox_set,,lowest_remaining_label
task_charts__radial_progress__progress_interval_count,charts,radial_progress,progress_interval_count,radial_progress,charts,radial_progress,trace.tasks.charts.radial_progress.progress_chart,ChartsRadialProgressIntervalCountTask,trace/tasks/charts/radial_progress/progress_chart.py,docs/tasks/task_charts__radial_progress__progress_interval_count.md,progress_interval_count,,,,progress_interval_count
task_charts__radial_progress__progress_threshold_count,charts,radial_progress,progress_threshold_count,radial_progress,charts,radial_progress,trace.tasks.charts.radial_progress.progress_chart,ChartsRadialProgressThresholdCountTask,trace/tasks/charts/radial_progress/progress_chart.py,docs/tasks/task_charts__radial_progress__progress_threshold_count.md,progress_threshold_count,,,,progress_threshold_count
task_charts__radial_progress__remaining_threshold_count,charts,radial_progress,remaining_threshold_count,radial_progress,charts,radial_progress,trace.tasks.charts.radial_progress.progress_chart,ChartsRadialProgressRemainingThresholdCountTask,trace/tasks/charts/radial_progress/progress_chart.py,docs/tasks/task_charts__radial_progress__remaining_threshold_count.md,remaining_threshold_count,,,,remaining_threshold_count
task_charts__radial_sankey__dominant_endpoint_label,charts,radial_sankey,dominant_endpoint_label,flow,charts,flow,trace.tasks.charts.flow.radial_sankey,ChartsFlowRadialSankeyDominantEndpointLabelPublicTask,trace/tasks/charts/flow/radial_sankey.py,docs/tasks/task_charts__radial_sankey__dominant_endpoint_label.md,largest_source_for_target|largest_target_for_source,string,bbox_set,,largest_source_for_target
task_charts__radial_sankey__dominant_endpoint_label,charts,radial_sankey,dominant_endpoint_label,flow,charts,flow,trace.tasks.charts.flow.radial_sankey,ChartsFlowRadialSankeyDominantEndpointLabelPublicTask,trace/tasks/charts/flow/radial_sankey.py,docs/tasks/task_charts__radial_sankey__dominant_endpoint_label.md,largest_source_for_target|largest_target_for_source,string,bbox_set,,largest_target_for_source
task_charts__radial_sankey__transfer_total_value,charts,radial_sankey,transfer_total_value,flow,charts,flow,trace.tasks.charts.flow.radial_sankey,ChartsFlowRadialSankeyTransferTotalValuePublicTask,trace/tasks/charts/flow/radial_sankey.py,docs/tasks/task_charts__radial_sankey__transfer_total_value.md,source_to_targets_total|sources_to_target_total,integer,bbox_set,,source_to_targets_total
task_charts__radial_sankey__transfer_total_value,charts,radial_sankey,transfer_total_value,flow,charts,flow,trace.tasks.charts.flow.radial_sankey,ChartsFlowRadialSankeyTransferTotalValuePublicTask,trace/tasks/charts/flow/radial_sankey.py,docs/tasks/task_charts__radial_sankey__transfer_total_value.md,source_to_targets_total|sources_to_target_total,integer,bbox_set,,sources_to_target_total
task_charts__region_map__adjacent_category_count,charts,region_map,adjacent_category_count,map,charts,map,trace.tasks.charts.map.choropleth_region_label,ChartsMapAdjacentCategoryCountTask,trace/tasks/charts/map/choropleth_region_label.py,docs/tasks/task_charts__region_map__adjacent_category_count.md,adjacent_category_count,,,,adjacent_category_count
task_charts__region_map__adjacent_numeric_threshold_count,charts,region_map,adjacent_numeric_threshold_count,map,charts,map,trace.tasks.charts.map.choropleth_region_label,ChartsMapAdjacentNumericThresholdCountTask,trace/tasks/charts/map/choropleth_region_label.py,docs/tasks/task_charts__region_map__adjacent_numeric_threshold_count.md,adjacent_numeric_threshold_count,,,,adjacent_numeric_threshold_count
task_charts__region_map__adjacent_same_category_count,charts,region_map,adjacent_same_category_count,map,charts,map,trace.tasks.charts.map.choropleth_region_label,ChartsMapAdjacentSameCategoryCountTask,trace/tasks/charts/map/choropleth_region_label.py,docs/tasks/task_charts__region_map__adjacent_same_category_count.md,adjacent_same_category_count,,,,adjacent_same_category_count
task_charts__region_map__categorical_region_count,charts,region_map,categorical_region_count,map,charts,map,trace.tasks.charts.map.choropleth_region_label,ChartsMapCategoricalRegionCountTask,trace/tasks/charts/map/choropleth_region_label.py,docs/tasks/task_charts__region_map__categorical_region_count.md,categorical_region_count,,,,categorical_region_count
task_charts__region_map__continent_category_region_count,charts,region_map,continent_category_region_count,map,charts,map,trace.tasks.charts.map.choropleth_region_label,ChartsMapContinentCategoryRegionCountTask,trace/tasks/charts/map/choropleth_region_label.py,docs/tasks/task_charts__region_map__continent_category_region_count.md,continent_category_region_count,,,,continent_category_region_count
task_charts__region_map__continent_region_count,charts,region_map,continent_region_count,map,charts,map,trace.tasks.charts.map.choropleth_region_label,ChartsMapContinentRegionCountTask,trace/tasks/charts/map/choropleth_region_label.py,docs/tasks/task_charts__region_map__continent_region_count.md,continent_region_count,,,,continent_region_count
task_charts__region_map__continent_threshold_region_count,charts,region_map,continent_threshold_region_count,map,charts,map,trace.tasks.charts.map.choropleth_region_label,ChartsMapContinentThresholdRegionCountTask,trace/tasks/charts/map/choropleth_region_label.py,docs/tasks/task_charts__region_map__continent_threshold_region_count.md,continent_threshold_region_count,,,,continent_threshold_region_count
task_charts__region_map__group_filtered_region_value,charts,region_map,group_filtered_region_value,map,charts,map,trace.tasks.charts.map.choropleth_region_label,ChartsMapGroupFilteredRegionValueTask,trace/tasks/charts/map/choropleth_region_label.py,docs/tasks/task_charts__region_map__group_filtered_region_value.md,group_filtered_region_value,integer,bbox_set,,group_filtered_region_value
task_charts__region_map__named_region_set_total_value,charts,region_map,named_region_set_total_value,map,charts,map,trace.tasks.charts.map.choropleth_region_label,ChartsMapNamedRegionSetTotalValueTask,trace/tasks/charts/map/choropleth_region_label.py,docs/tasks/task_charts__region_map__named_region_set_total_value.md,named_region_set_total_value,integer,bbox_set,,named_region_set_total_value
task_charts__region_map__numeric_interval_region_count,charts,region_map,numeric_interval_region_count,map,charts,map,trace.tasks.charts.map.choropleth_region_label,ChartsMapNumericIntervalRegionCountTask,trace/tasks/charts/map/choropleth_region_label.py,docs/tasks/task_charts__region_map__numeric_interval_region_count.md,numeric_interval_region_count,,,,numeric_interval_region_count
task_charts__region_map__numeric_threshold_region_count,charts,region_map,numeric_threshold_region_count,map,charts,map,trace.tasks.charts.map.choropleth_region_label,ChartsMapNumericThresholdRegionCountTask,trace/tasks/charts/map/choropleth_region_label.py,docs/tasks/task_charts__region_map__numeric_threshold_region_count.md,numeric_threshold_region_count,,,,numeric_threshold_region_count
task_charts__sankey__node_side_total_value,charts,sankey,node_side_total_value,flow,charts,flow,trace.tasks.charts.flow.sankey_path_value,ChartsFlowSankeyNodeSideTotalValuePublicTask,trace/tasks/charts/flow/sankey_path_value.py,docs/tasks/task_charts__sankey__node_side_total_value.md,source_outgoing_total_flow|target_incoming_total_flow,integer,bbox_set,,source_outgoing_total_flow
task_charts__sankey__node_side_total_value,charts,sankey,node_side_total_value,flow,charts,flow,trace.tasks.charts.flow.sankey_path_value,ChartsFlowSankeyNodeSideTotalValuePublicTask,trace/tasks/charts/flow/sankey_path_value.py,docs/tasks/task_charts__sankey__node_side_total_value.md,source_outgoing_total_flow|target_incoming_total_flow,integer,bbox_set,,target_incoming_total_flow
task_charts__sankey__path_bottleneck_value,charts,sankey,path_bottleneck_value,flow,charts,flow,trace.tasks.charts.flow.sankey_path_value,ChartsFlowSankeyPathBottleneckValuePublicTask,trace/tasks/charts/flow/sankey_path_value.py,docs/tasks/task_charts__sankey__path_bottleneck_value.md,path_bottleneck_value,,,,path_bottleneck_value
task_charts__sankey__path_flow_difference,charts,sankey,path_flow_difference,flow,charts,flow,trace.tasks.charts.flow.sankey_path_value,ChartsFlowSankeyPathFlowDifferencePublicTask,trace/tasks/charts/flow/sankey_path_value.py,docs/tasks/task_charts__sankey__path_flow_difference.md,path_flow_difference,,,,path_flow_difference
task_charts__sankey__source_to_target_total_flow,charts,sankey,source_to_target_total_flow,flow,charts,flow,trace.tasks.charts.flow.sankey_path_value,ChartsFlowSankeySourceToTargetTotalFlowPublicTask,trace/tasks/charts/flow/sankey_path_value.py,docs/tasks/task_charts__sankey__source_to_target_total_flow.md,source_to_target_total_flow,,,,source_to_target_total_flow
task_charts__scatter_cluster__centroid_option_selection_label,charts,scatter_cluster,centroid_option_selection_label,scatter,charts,scatter,trace.tasks.charts.scatter.cluster_query,ChartsScatterClusterCentroidOptionSelectionLabelTask,trace/tasks/charts/scatter/cluster_query.py,docs/tasks/task_charts__scatter_cluster__centroid_option_selection_label.md,centroid_option_selection_label,,,,centroid_option_selection_label
task_charts__scatter_cluster__cluster_area_rank_label,charts,scatter_cluster,cluster_area_rank_label,scatter,charts,scatter,trace.tasks.charts.scatter.cluster_query,ChartsScatterClusterAreaRankLabelTask,trace/tasks/charts/scatter/cluster_query.py,docs/tasks/task_charts__scatter_cluster__cluster_area_rank_label.md,largest_cluster_area_label|second_largest_cluster_area_label|smallest_cluster_area_label,string,keyed_bbox_map,,largest_cluster_area_label
task_charts__scatter_cluster__cluster_area_rank_label,charts,scatter_cluster,cluster_area_rank_label,scatter,charts,scatter,trace.tasks.charts.scatter.cluster_query,ChartsScatterClusterAreaRankLabelTask,trace/tasks/charts/scatter/cluster_query.py,docs/tasks/task_charts__scatter_cluster__cluster_area_rank_label.md,largest_cluster_area_label|second_largest_cluster_area_label|smallest_cluster_area_label,string,keyed_bbox_map,,second_largest_cluster_area_label
task_charts__scatter_cluster__cluster_area_rank_label,charts,scatter_cluster,cluster_area_rank_label,scatter,charts,scatter,trace.tasks.charts.scatter.cluster_query,ChartsScatterClusterAreaRankLabelTask,trace/tasks/charts/scatter/cluster_query.py,docs/tasks/task_charts__scatter_cluster__cluster_area_rank_label.md,largest_cluster_area_label|second_largest_cluster_area_label|smallest_cluster_area_label,string,keyed_bbox_map,,smallest_cluster_area_label
task_charts__scatter_cluster__cluster_separation_extremum_label,charts,scatter_cluster,cluster_separation_extremum_label,scatter,charts,scatter,trace.tasks.charts.scatter.cluster_query,ChartsScatterClusterSeparationExtremumLabelTask,trace/tasks/charts/scatter/cluster_query.py,docs/tasks/task_charts__scatter_cluster__cluster_separation_extremum_label.md,cluster_separation_extremum_label,,,,cluster_separation_extremum_label
task_charts__scatter_cluster__cluster_spread_extremum_label,charts,scatter_cluster,cluster_spread_extremum_label,scatter,charts,scatter,trace.tasks.charts.scatter.cluster_query,ChartsScatterClusterSpreadExtremumLabelTask,trace/tasks/charts/scatter/cluster_query.py,docs/tasks/task_charts__scatter_cluster__cluster_spread_extremum_label.md,cluster_spread_extremum_label,,,,cluster_spread_extremum_label
task_charts__scatter_cluster__cluster_trend_direction_label,charts,scatter_cluster,cluster_trend_direction_label,scatter,charts,scatter,trace.tasks.charts.scatter.cluster_query,ChartsScatterClusterTrendDirectionLabelTask,trace/tasks/charts/scatter/cluster_query.py,docs/tasks/task_charts__scatter_cluster__cluster_trend_direction_label.md,cluster_trend_direction_label,string,keyed_bbox_map,,cluster_trend_direction_label
task_charts__scatter_facet_grid__region_density_extremum_label,charts,scatter_facet_grid,region_density_extremum_label,scatter,charts,scatter,trace.tasks.charts.scatter.facet_grid_query,ChartsScatterFacetGridRegionDensityExtremumLabelTask,trace/tasks/charts/scatter/facet_grid_query.py,docs/tasks/task_charts__scatter_facet_grid__region_density_extremum_label.md,upper_right_density_extremum_label|upper_left_density_extremum_label|lower_right_density_extremum_label|lower_left_density_extremum_label,string,keyed_bbox_map,,upper_right_density_extremum_label
task_charts__scatter_facet_grid__region_density_extremum_label,charts,scatter_facet_grid,region_density_extremum_label,scatter,charts,scatter,trace.tasks.charts.scatter.facet_grid_query,ChartsScatterFacetGridRegionDensityExtremumLabelTask,trace/tasks/charts/scatter/facet_grid_query.py,docs/tasks/task_charts__scatter_facet_grid__region_density_extremum_label.md,upper_right_density_extremum_label|upper_left_density_extremum_label|lower_right_density_extremum_label|lower_left_density_extremum_label,string,keyed_bbox_map,,upper_left_density_extremum_label
task_charts__scatter_facet_grid__region_density_extremum_label,charts,scatter_facet_grid,region_density_extremum_label,scatter,charts,scatter,trace.tasks.charts.scatter.facet_grid_query,ChartsScatterFacetGridRegionDensityExtremumLabelTask,trace/tasks/charts/scatter/facet_grid_query.py,docs/tasks/task_charts__scatter_facet_grid__region_density_extremum_label.md,upper_right_density_extremum_label|upper_left_density_extremum_label|lower_right_density_extremum_label|lower_left_density_extremum_label,string,keyed_bbox_map,,lower_right_density_extremum_label
task_charts__scatter_facet_grid__region_density_extremum_label,charts,scatter_facet_grid,region_density_extremum_label,scatter,charts,scatter,trace.tasks.charts.scatter.facet_grid_query,ChartsScatterFacetGridRegionDensityExtremumLabelTask,trace/tasks/charts/scatter/facet_grid_query.py,docs/tasks/task_charts__scatter_facet_grid__region_density_extremum_label.md,upper_right_density_extremum_label|upper_left_density_extremum_label|lower_right_density_extremum_label|lower_left_density_extremum_label,string,keyed_bbox_map,,lower_left_density_extremum_label
task_charts__scatter_points__axis_threshold_point_count,charts,scatter_points,axis_threshold_point_count,scatter,charts,scatter,trace.tasks.charts.scatter.points_query,ChartsScatterPointsAxisThresholdPointCountTask,trace/tasks/charts/scatter/points_query.py,docs/tasks/task_charts__scatter_points__axis_threshold_point_count.md,axis_threshold_point_count,,,,axis_threshold_point_count
task_charts__scatter_points__category_axis_mean_extremum_label,charts,scatter_points,category_axis_mean_extremum_label,scatter,charts,scatter,trace.tasks.charts.scatter.points_query,ChartsScatterPointsCategoryAxisMeanExtremumLabelTask,trace/tasks/charts/scatter/points_query.py,docs/tasks/task_charts__scatter_points__category_axis_mean_extremum_label.md,category_axis_mean_extremum_label,,,,category_axis_mean_extremum_label
task_charts__scatter_points__category_threshold_point_count,charts,scatter_points,category_threshold_point_count,scatter,charts,scatter,trace.tasks.charts.scatter.points_query,ChartsScatterPointsCategoryThresholdPointCountTask,trace/tasks/charts/scatter/points_query.py,docs/tasks/task_charts__scatter_points__category_threshold_point_count.md,category_threshold_point_count,,,,category_threshold_point_count
task_charts__scatter_readout__series_pair_value_gap_at_x,charts,scatter_readout,series_pair_value_gap_at_x,scatter,charts,scatter,trace.tasks.charts.scatter.series_readout,ChartsScatterSeriesPairValueGapAtXTask,trace/tasks/charts/scatter/series_readout.py,docs/tasks/task_charts__scatter_readout__series_pair_value_gap_at_x.md,series_pair_value_gap_at_x,,,,series_pair_value_gap_at_x
task_charts__scatter_readout__series_x_extremum_label,charts,scatter_readout,series_x_extremum_label,scatter,charts,scatter,trace.tasks.charts.scatter.series_readout,ChartsScatterSeriesExtremumXLabelTask,trace/tasks/charts/scatter/series_readout.py,docs/tasks/task_charts__scatter_readout__series_x_extremum_label.md,series_highest_x_label|series_lowest_x_label,string,keyed_bbox_map,,series_highest_x_label
task_charts__scatter_readout__series_x_extremum_label,charts,scatter_readout,series_x_extremum_label,scatter,charts,scatter,trace.tasks.charts.scatter.series_readout,ChartsScatterSeriesExtremumXLabelTask,trace/tasks/charts/scatter/series_readout.py,docs/tasks/task_charts__scatter_readout__series_x_extremum_label.md,series_highest_x_label|series_lowest_x_label,string,keyed_bbox_map,,series_lowest_x_label
task_charts__scatter_readout__series_y_anchor_other_series_value,charts,scatter_readout,series_y_anchor_other_series_value,scatter,charts,scatter,trace.tasks.charts.scatter.series_readout,ChartsScatterSeriesYAnchorOtherSeriesValueTask,trace/tasks/charts/scatter/series_readout.py,docs/tasks/task_charts__scatter_readout__series_y_anchor_other_series_value.md,series_y_anchor_other_series_value,,,,series_y_anchor_other_series_value
task_charts__scientific_axis_frame__axis_span_value,charts,scientific_axis_frame,axis_span_value,scientific,charts,scientific,trace.tasks.charts.scientific.axis_frame_query,ChartsScientificAxisFrameAxisSpanValueTask,trace/tasks/charts/scientific/axis_frame_query.py,docs/tasks/task_charts__scientific_axis_frame__axis_span_value.md,axis_span_value,,,,axis_span_value
task_charts__scientific_axis_frame__tick_spacing_value,charts,scientific_axis_frame,tick_spacing_value,scientific,charts,scientific,trace.tasks.charts.scientific.axis_frame_query,ChartsScientificAxisFrameTickSpacingValueTask,trace/tasks/charts/scientific/axis_frame_query.py,docs/tasks/task_charts__scientific_axis_frame__tick_spacing_value.md,tick_spacing_value,,,,tick_spacing_value
task_charts__single_series__baseline_from_aggregate_percent_change,charts,single_series,baseline_from_aggregate_percent_change,hypothetical,charts,hypothetical,trace.tasks.charts.hypothetical.counterfactual_value,ChartsHypotheticalBaselineFromAggregatePercentChangePublicTask,trace/tasks/charts/hypothetical/counterfactual_value.py,docs/tasks/task_charts__single_series__baseline_from_aggregate_percent_change.md,baseline_from_aggregate_percent_change,,,,baseline_from_aggregate_percent_change
task_charts__single_series__endpoint_change_value,charts,single_series,endpoint_change_value,trend,charts,trend,trace.tasks.charts.trend.value,ChartsTrendEndpointChangeValueTask,trace/tasks/charts/trend/value.py,docs/tasks/task_charts__single_series__endpoint_change_value.md,endpoint_change_value,,,,endpoint_change_value
task_charts__single_series__interval_rate_value,charts,single_series,interval_rate_value,trend,charts,trend,trace.tasks.charts.trend.value,ChartsTrendIntervalRateValueTask,trace/tasks/charts/trend/value.py,docs/tasks/task_charts__single_series__interval_rate_value.md,interval_rate_value,,,,interval_rate_value
task_charts__single_series__interval_value_count,charts,single_series,interval_value_count,counting,charts,counting,trace.tasks.charts.counting.value_count,ChartsCountingIntervalValueCountTask,trace/tasks/charts/counting/value_count.py,docs/tasks/task_charts__single_series__interval_value_count.md,interval_value_count,,,,interval_value_count
task_charts__single_series__monotone_streak_length,charts,single_series,monotone_streak_length,trend,charts,trend,trace.tasks.charts.trend.value,ChartsTrendMonotoneStreakLengthTask,trace/tasks/charts/trend/value.py,docs/tasks/task_charts__single_series__monotone_streak_length.md,longest_monotone_streak,integer,point_set,,longest_monotone_streak
task_charts__single_series__observed_threshold_crossing_label,charts,single_series,observed_threshold_crossing_label,trend,charts,trend,trace.tasks.charts.trend.value,ChartsTrendObservedThresholdCrossingLabelTask,trace/tasks/charts/trend/value.py,docs/tasks/task_charts__single_series__observed_threshold_crossing_label.md,threshold_crossing,option_letter,point_set,,threshold_crossing
task_charts__single_series__order_statistic_label,charts,single_series,order_statistic_label,statistics,charts,statistics,trace.tasks.charts.statistics.summary_query,ChartsSingleSeriesOrderStatisticLabelTask,trace/tasks/charts/statistics/summary_query.py,docs/tasks/task_charts__single_series__order_statistic_label.md,order_statistic_label,option_letter,point_set,,order_statistic_label
task_charts__single_series__order_statistic_value,charts,single_series,order_statistic_value,statistics,charts,statistics,trace.tasks.charts.statistics.summary_query,ChartsSingleSeriesOrderStatisticValueTask,trace/tasks/charts/statistics/summary_query.py,docs/tasks/task_charts__single_series__order_statistic_value.md,order_statistic_value,integer,point_set,,order_statistic_value
task_charts__single_series__projected_threshold_crossing_label,charts,single_series,projected_threshold_crossing_label,trend,charts,trend,trace.tasks.charts.trend.value,ChartsTrendProjectedThresholdCrossingLabelTask,trace/tasks/charts/trend/value.py,docs/tasks/task_charts__single_series__projected_threshold_crossing_label.md,threshold_crossing,option_letter,point_set,,threshold_crossing
task_charts__single_series__remaining_mean_after_removal,charts,single_series,remaining_mean_after_removal,hypothetical,charts,hypothetical,trace.tasks.charts.hypothetical.counterfactual_value,ChartsHypotheticalRemainingMeanAfterRemovalPublicTask,trace/tasks/charts/hypothetical/counterfactual_value.py,docs/tasks/task_charts__single_series__remaining_mean_after_removal.md,remaining_mean_after_removal,,,,remaining_mean_after_removal
task_charts__single_series__target_share_after_removal,charts,single_series,target_share_after_removal,hypothetical,charts,hypothetical,trace.tasks.charts.hypothetical.counterfactual_value,ChartsHypotheticalTargetShareAfterRemovalPublicTask,trace/tasks/charts/hypothetical/counterfactual_value.py,docs/tasks/task_charts__single_series__target_share_after_removal.md,target_share_after_removal,,,,target_share_after_removal
task_charts__single_series__threshold_value_count,charts,single_series,threshold_value_count,counting,charts,counting,trace.tasks.charts.counting.value_count,ChartsCountingThresholdValueCountTask,trace/tasks/charts/counting/value_count.py,docs/tasks/task_charts__single_series__threshold_value_count.md,threshold_value_count,,,,threshold_value_count
task_charts__single_series__turning_point_count,charts,single_series,turning_point_count,trend,charts,trend,trace.tasks.charts.trend.value,ChartsTrendTurningPointCountTask,trace/tasks/charts/trend/value.py,docs/tasks/task_charts__single_series__turning_point_count.md,turning_point_count,integer,point_set,,turning_point_count
task_charts__size_encoding__category_total_extremum_label,charts,size_encoding,category_total_extremum_label,size_encoding,charts,size_encoding,trace.tasks.charts.size_encoding.comparison_label,ChartsSizeEncodingCategoryTotalExtremumLabelTask,trace/tasks/charts/size_encoding/comparison_label.py,docs/tasks/task_charts__size_encoding__category_total_extremum_label.md,category_total_extremum_label,string,bbox_set,,category_total_extremum_label
task_charts__size_encoding__filtered_item_extremum_label,charts,size_encoding,filtered_item_extremum_label,size_encoding,charts,size_encoding,trace.tasks.charts.size_encoding.comparison_label,ChartsSizeEncodingFilteredItemExtremumLabelTask,trace/tasks/charts/size_encoding/comparison_label.py,docs/tasks/task_charts__size_encoding__filtered_item_extremum_label.md,filtered_item_extremum_label,string,bbox_set,,filtered_item_extremum_label
task_charts__size_encoding__reference_size_neighbor_label,charts,size_encoding,reference_size_neighbor_label,size_encoding,charts,size_encoding,trace.tasks.charts.size_encoding.comparison_label,ChartsSizeEncodingReferenceSizeNeighborLabelTask,trace/tasks/charts/size_encoding/comparison_label.py,docs/tasks/task_charts__size_encoding__reference_size_neighbor_label.md,reference_size_neighbor_label,string,keyed_bbox_map,,reference_size_neighbor_label
task_charts__small_multiple__average_top_k_minus_average_bottom_k,charts,small_multiple,average_top_k_minus_average_bottom_k,composition,charts,composition,trace.tasks.charts.composition.small_multiples_aggregate_value,ChartsCompositionSmallMultiplesAverageTopKMinusAverageBottomKTask,trace/tasks/charts/composition/small_multiples_aggregate_value.py,docs/tasks/task_charts__small_multiple__average_top_k_minus_average_bottom_k.md,average_top_k_minus_average_bottom_k,,,,average_top_k_minus_average_bottom_k
task_charts__small_multiple__composition_shift_l1_distance,charts,small_multiple,composition_shift_l1_distance,composition,charts,composition,trace.tasks.charts.composition.small_multiples_aggregate_value,ChartsCompositionSmallMultiplesCompositionShiftL1DistanceTask,trace/tasks/charts/composition/small_multiples_aggregate_value.py,docs/tasks/task_charts__small_multiple__composition_shift_l1_distance.md,composition_shift_l1_distance,,,,composition_shift_l1_distance
task_charts__small_multiple__conditioned_panel_sum_from_percent,charts,small_multiple,conditioned_panel_sum_from_percent,composition,charts,composition,trace.tasks.charts.composition.small_multiples_aggregate_value,ChartsCompositionSmallMultiplesConditionedPanelSumFromPercentTask,trace/tasks/charts/composition/small_multiples_aggregate_value.py,docs/tasks/task_charts__small_multiple__conditioned_panel_sum_from_percent.md,conditioned_panel_sum_from_percent,,,,conditioned_panel_sum_from_percent
task_charts__small_multiple__top_k_by_segment_then_sum_other_segment_count,charts,small_multiple,top_k_by_segment_then_sum_other_segment_count,composition,charts,composition,trace.tasks.charts.composition.small_multiples_aggregate_value,ChartsCompositionSmallMultiplesTopKBySegmentThenSumOtherSegmentCountTask,trace/tasks/charts/composition/small_multiples_aggregate_value.py,docs/tasks/task_charts__small_multiple__top_k_by_segment_then_sum_other_segment_count.md,top_k_by_segment_then_sum_other_segment_count,,,,top_k_by_segment_then_sum_other_segment_count
task_charts__style_legend__pairwise_gap_value,charts,style_legend,pairwise_gap_value,scientific,charts,scientific,trace.tasks.charts.scientific.style_legend_query,ChartsStyleLegendPairwiseGapValueTask,trace/tasks/charts/scientific/style_legend_query.py,docs/tasks/task_charts__style_legend__pairwise_gap_value.md,pairwise_gap_value,,,,pairwise_gap_value
task_charts__style_legend__threshold_series_count,charts,style_legend,threshold_series_count,scientific,charts,scientific,trace.tasks.charts.scientific.style_legend_query,ChartsStyleLegendThresholdSeriesCountTask,trace/tasks/charts/scientific/style_legend_query.py,docs/tasks/task_charts__style_legend__threshold_series_count.md,threshold_series_count,,,,threshold_series_count
task_charts__style_legend__x_position_extremum_series_label,charts,style_legend,x_position_extremum_series_label,scientific,charts,scientific,trace.tasks.charts.scientific.style_legend_query,ChartsStyleLegendXPositionExtremumSeriesLabelTask,trace/tasks/charts/scientific/style_legend_query.py,docs/tasks/task_charts__style_legend__x_position_extremum_series_label.md,x_position_extremum_series_label,,,,x_position_extremum_series_label
task_charts__sunburst__leaf_range_count_under_parent,charts,sunburst,leaf_range_count_under_parent,composition,charts,composition,trace.tasks.charts.composition.sunburst_hierarchy,ChartsCompositionSunburstLeafRangeCountUnderParentTask,trace/tasks/charts/composition/sunburst_hierarchy.py,docs/tasks/task_charts__sunburst__leaf_range_count_under_parent.md,leaf_range_count_under_parent,,,,leaf_range_count_under_parent
task_charts__sunburst__leaf_threshold_count_under_parent,charts,sunburst,leaf_threshold_count_under_parent,composition,charts,composition,trace.tasks.charts.composition.sunburst_hierarchy,ChartsCompositionSunburstLeafThresholdCountUnderParentTask,trace/tasks/charts/composition/sunburst_hierarchy.py,docs/tasks/task_charts__sunburst__leaf_threshold_count_under_parent.md,leaf_threshold_count_under_parent,,,,leaf_threshold_count_under_parent
task_charts__sunburst__parent_total_extremum_label,charts,sunburst,parent_total_extremum_label,composition,charts,composition,trace.tasks.charts.composition.sunburst_hierarchy,ChartsCompositionSunburstParentTotalExtremumLabelTask,trace/tasks/charts/composition/sunburst_hierarchy.py,docs/tasks/task_charts__sunburst__parent_total_extremum_label.md,highest_parent_total_label|lowest_parent_total_label,string,bbox_set,,highest_parent_total_label
task_charts__sunburst__parent_total_extremum_label,charts,sunburst,parent_total_extremum_label,composition,charts,composition,trace.tasks.charts.composition.sunburst_hierarchy,ChartsCompositionSunburstParentTotalExtremumLabelTask,trace/tasks/charts/composition/sunburst_hierarchy.py,docs/tasks/task_charts__sunburst__parent_total_extremum_label.md,highest_parent_total_label|lowest_parent_total_label,string,bbox_set,,lowest_parent_total_label
task_charts__sunburst__parent_total_value,charts,sunburst,parent_total_value,composition,charts,composition,trace.tasks.charts.composition.sunburst_hierarchy,ChartsCompositionSunburstParentTotalValueTask,trace/tasks/charts/composition/sunburst_hierarchy.py,docs/tasks/task_charts__sunburst__parent_total_value.md,parent_total_from_leaves_value,integer,bbox_set,,parent_total_from_leaves_value
task_charts__surface_3d__panel_variation_label,charts,surface_3d,panel_variation_label,three_d,charts,three_d,trace.tasks.charts.three_d.panel_query,ChartsThreeDPanelVariationLabelTask,trace/tasks/charts/three_d/panel_query.py,docs/tasks/task_charts__surface_3d__panel_variation_label.md,panel_variation_label,string,bbox_set,,panel_variation_label
task_charts__surface_3d__reference_nearest_label,charts,surface_3d,reference_nearest_label,three_d,charts,three_d,trace.tasks.charts.three_d.panel_query,ChartsThreeDReferenceNearestLabelTask,trace/tasks/charts/three_d/panel_query.py,docs/tasks/task_charts__surface_3d__reference_nearest_label.md,reference_nearest_label,string,bbox_set,,reference_nearest_label
task_charts__surface_3d__series_trend_label,charts,surface_3d,series_trend_label,three_d,charts,three_d,trace.tasks.charts.three_d.panel_query,ChartsThreeDSeriesTrendLabelTask,trace/tasks/charts/three_d/panel_query.py,docs/tasks/task_charts__surface_3d__series_trend_label.md,series_trend_label,string,bbox_set,,series_trend_label
task_charts__surface_3d__surface_extremum_label,charts,surface_3d,surface_extremum_label,three_d,charts,three_d,trace.tasks.charts.three_d.panel_query,ChartsThreeDSurfaceExtremumLabelTask,trace/tasks/charts/three_d/panel_query.py,docs/tasks/task_charts__surface_3d__surface_extremum_label.md,surface_extremum_label,string,bbox_set,,surface_extremum_label
task_charts__table__absolute_difference_between_rows_over_year_interval,charts,table,absolute_difference_between_rows_over_year_interval,table_temporal,charts,table_temporal,trace.tasks.charts.table.temporal.value,ChartsTableAbsoluteDifferenceBetweenRowsOverYearIntervalTask,trace/tasks/charts/table/temporal/value.py,docs/tasks/task_charts__table__absolute_difference_between_rows_over_year_interval.md,absolute_difference_between_rows_over_year_interval,,,,absolute_difference_between_rows_over_year_interval
task_charts__table__categorical_value_count,charts,table,categorical_value_count,table_counting,charts,table_counting,trace.tasks.charts.table.counting.value_count,ChartsTableCategoricalValueCountTask,trace/tasks/charts/table/counting/value_count.py,docs/tasks/task_charts__table__categorical_value_count.md,categorical_value_count,,,,categorical_value_count
task_charts__table__column_rank_label,charts,table,column_rank_label,table_ranking,charts,table_ranking,trace.tasks.charts.table.ranking.label,ChartsTableKthRankInColumnLabelTask,trace/tasks/charts/table/ranking/label.py,docs/tasks/task_charts__table__column_rank_label.md,kth_rank_in_column,string,bbox_set,,kth_rank_in_column
task_charts__table__column_summary_value,charts,table,column_summary_value,table_statistics,charts,table_statistics,trace.tasks.charts.table.statistics.column_summary_value,ChartsTableColumnSummaryValueTask,trace/tasks/charts/table/statistics/column_summary_value.py,docs/tasks/task_charts__table__column_summary_value.md,column_mean|column_median|column_sum,integer,bbox_set,,column_mean
task_charts__table__column_summary_value,charts,table,column_summary_value,table_statistics,charts,table_statistics,trace.tasks.charts.table.statistics.column_summary_value,ChartsTableColumnSummaryValueTask,trace/tasks/charts/table/statistics/column_summary_value.py,docs/tasks/task_charts__table__column_summary_value.md,column_mean|column_median|column_sum,integer,bbox_set,,column_median
task_charts__table__column_summary_value,charts,table,column_summary_value,table_statistics,charts,table_statistics,trace.tasks.charts.table.statistics.column_summary_value,ChartsTableColumnSummaryValueTask,trace/tasks/charts/table/statistics/column_summary_value.py,docs/tasks/task_charts__table__column_summary_value.md,column_mean|column_median|column_sum,integer,bbox_set,,column_sum
task_charts__table__filtered_column_mean,charts,table,filtered_column_mean,table_statistics,charts,table_statistics,trace.tasks.charts.table.statistics.column_summary_value,ChartsTableFilteredColumnMeanTask,trace/tasks/charts/table/statistics/column_summary_value.py,docs/tasks/task_charts__table__filtered_column_mean.md,filtered_column_mean,,,,filtered_column_mean
task_charts__table__interval_value_count,charts,table,interval_value_count,table_counting,charts,table_counting,trace.tasks.charts.table.counting.value_count,ChartsTableIntervalValueCountTask,trace/tasks/charts/table/counting/value_count.py,docs/tasks/task_charts__table__interval_value_count.md,interval_value_count,,,,interval_value_count
task_charts__table__sum_absolute_differences_between_rows_over_year_interval,charts,table,sum_absolute_differences_between_rows_over_year_interval,table_temporal,charts,table_temporal,trace.tasks.charts.table.temporal.value,ChartsTableSumAbsoluteDifferencesBetweenRowsOverYearIntervalTask,trace/tasks/charts/table/temporal/value.py,docs/tasks/task_charts__table__sum_absolute_differences_between_rows_over_year_interval.md,sum_absolute_differences_between_rows_over_year_interval,,,,sum_absolute_differences_between_rows_over_year_interval
task_charts__table__threshold_count,charts,table,threshold_count,table_counting,charts,table_counting,trace.tasks.charts.table.counting.value_count,ChartsTableThresholdCountTask,trace/tasks/charts/table/counting/value_count.py,docs/tasks/task_charts__table__threshold_count.md,threshold_count,,,,threshold_count
task_charts__treemap__group_total_value,charts,treemap,group_total_value,composition,charts,composition,trace.tasks.charts.composition.treemap_composition,ChartsCompositionTreemapGroupTotalValueTask,trace/tasks/charts/composition/treemap_composition.py,docs/tasks/task_charts__treemap__group_total_value.md,treemap_group_total_value,integer,bbox_set,,treemap_group_total_value
task_charts__treemap__repeated_leaf_aggregate_value,charts,treemap,repeated_leaf_aggregate_value,composition,charts,composition,trace.tasks.charts.composition.treemap_composition,ChartsCompositionTreemapRepeatedLeafAggregateValueTask,trace/tasks/charts/composition/treemap_composition.py,docs/tasks/task_charts__treemap__repeated_leaf_aggregate_value.md,treemap_repeated_leaf_average_value|treemap_repeated_leaf_sum_value,integer,bbox_set,,treemap_repeated_leaf_average_value
task_charts__treemap__repeated_leaf_aggregate_value,charts,treemap,repeated_leaf_aggregate_value,composition,charts,composition,trace.tasks.charts.composition.treemap_composition,ChartsCompositionTreemapRepeatedLeafAggregateValueTask,trace/tasks/charts/composition/treemap_composition.py,docs/tasks/task_charts__treemap__repeated_leaf_aggregate_value.md,treemap_repeated_leaf_average_value|treemap_repeated_leaf_sum_value,integer,bbox_set,,treemap_repeated_leaf_sum_value
task_charts__uncertainty_band__band_overlap_count,charts,uncertainty_band,band_overlap_count,uncertainty_band,charts,uncertainty_band,trace.tasks.charts.uncertainty_band.band_query,ChartsUncertaintyBandOverlapCountTask,trace/tasks/charts/uncertainty_band/band_query.py,docs/tasks/task_charts__uncertainty_band__band_overlap_count.md,band_overlap_count,,,,band_overlap_count
task_charts__uncertainty_band__band_width_extremum_x_label,charts,uncertainty_band,band_width_extremum_x_label,uncertainty_band,charts,uncertainty_band,trace.tasks.charts.uncertainty_band.band_query,ChartsUncertaintyBandWidthExtremumXLabelTask,trace/tasks/charts/uncertainty_band/band_query.py,docs/tasks/task_charts__uncertainty_band__band_width_extremum_x_label.md,band_width_extremum_x_label,,,,band_width_extremum_x_label
task_charts__violin__modality_label,charts,violin,modality_label,distribution,charts,distribution,trace.tasks.charts.distribution.violin_label,ChartsDistributionViolinModalityLabelTask,trace/tasks/charts/distribution/violin_label.py,docs/tasks/task_charts__violin__modality_label.md,modality_label,,,,modality_label
task_charts__violin__mode_extremum_label,charts,violin,mode_extremum_label,distribution,charts,distribution,trace.tasks.charts.distribution.violin_label,ChartsDistributionViolinModeExtremumLabelTask,trace/tasks/charts/distribution/violin_label.py,docs/tasks/task_charts__violin__mode_extremum_label.md,mode_extremum_label,,,,mode_extremum_label
task_charts__violin__support_width_extremum_label,charts,violin,support_width_extremum_label,distribution,charts,distribution,trace.tasks.charts.distribution.violin_label,ChartsDistributionViolinSupportWidthExtremumLabelTask,trace/tasks/charts/distribution/violin_label.py,docs/tasks/task_charts__violin__support_width_extremum_label.md,support_width_extremum_label,,,,support_width_extremum_label
task_charts__waterfall__remove_step_final_total,charts,waterfall,remove_step_final_total,waterfall,charts,waterfall,trace.tasks.charts.waterfall.panel_query,ChartsWaterfallRemoveStepFinalTotalTask,trace/tasks/charts/waterfall/panel_query.py,docs/tasks/task_charts__waterfall__remove_step_final_total.md,remove_step_final_total,,,,remove_step_final_total
task_charts__waterfall__reverse_step_final_total,charts,waterfall,reverse_step_final_total,waterfall,charts,waterfall,trace.tasks.charts.waterfall.panel_query,ChartsWaterfallReverseStepFinalTotalTask,trace/tasks/charts/waterfall/panel_query.py,docs/tasks/task_charts__waterfall__reverse_step_final_total.md,reverse_step_final_total,,,,reverse_step_final_total
task_charts__waterfall__running_total_value,charts,waterfall,running_total_value,waterfall,charts,waterfall,trace.tasks.charts.waterfall.panel_query,ChartsWaterfallRunningTotalValueTask,trace/tasks/charts/waterfall/panel_query.py,docs/tasks/task_charts__waterfall__running_total_value.md,running_total_after_step,integer,bbox_set,,running_total_after_step
task_charts__waterfall__threshold_crossing_label,charts,waterfall,threshold_crossing_label,waterfall,charts,waterfall,trace.tasks.charts.waterfall.panel_query,ChartsWaterfallThresholdCrossingLabelTask,trace/tasks/charts/waterfall/panel_query.py,docs/tasks/task_charts__waterfall__threshold_crossing_label.md,first_total_at_least_threshold|first_total_at_most_threshold,string,bbox_set,,first_total_at_least_threshold
task_charts__waterfall__threshold_crossing_label,charts,waterfall,threshold_crossing_label,waterfall,charts,waterfall,trace.tasks.charts.waterfall.panel_query,ChartsWaterfallThresholdCrossingLabelTask,trace/tasks/charts/waterfall/panel_query.py,docs/tasks/task_charts__waterfall__threshold_crossing_label.md,first_total_at_least_threshold|first_total_at_most_threshold,string,bbox_set,,first_total_at_most_threshold
task_games__2048__max_tile_value,games,2048,max_tile_value,2048,games,2048,trace.tasks.games.twenty_forty_eight.board_tasks,Games2048MaxTileValueTask,trace/tasks/games/twenty_forty_eight/board_tasks.py,docs/tasks/task_games__2048__max_tile_value.md,max_tile_value,,,,max_tile_value
task_games__2048__merge_count,games,2048,merge_count,2048,games,2048,trace.tasks.games.twenty_forty_eight.board_tasks,Games2048MergeCountTask,trace/tasks/games/twenty_forty_eight/board_tasks.py,docs/tasks/task_games__2048__merge_count.md,merge_count,,,,merge_count
task_games__2048__move_result_board_label,games,2048,move_result_board_label,2048,games,2048,trace.tasks.games.twenty_forty_eight.board_tasks,Games2048MoveResultBoardLabelTask,trace/tasks/games/twenty_forty_eight/board_tasks.py,docs/tasks/task_games__2048__move_result_board_label.md,move_result_board_label,string,bbox_set,,move_result_board_label
task_games__2048__score_value,games,2048,score_value,2048,games,2048,trace.tasks.games.twenty_forty_eight.board_tasks,Games2048ScoreValueTask,trace/tasks/games/twenty_forty_eight/board_tasks.py,docs/tasks/task_games__2048__score_value.md,score_value,,,,score_value
task_games__backgammon__blocked_destination_count,games,backgammon,blocked_destination_count,backgammon,games,backgammon,trace.tasks.games.backgammon.board_tasks,GamesBackgammonBlockedDestinationCountTask,trace/tasks/games/backgammon/board_tasks.py,docs/tasks/task_games__backgammon__blocked_destination_count.md,blocked_destination_count,,,,blocked_destination_count
task_games__backgammon__legal_move_count,games,backgammon,legal_move_count,backgammon,games,backgammon,trace.tasks.games.backgammon.board_tasks,GamesBackgammonLegalMoveCountTask,trace/tasks/games/backgammon/board_tasks.py,docs/tasks/task_games__backgammon__legal_move_count.md,legal_move_count,,,,legal_move_count
task_games__backgammon__point_state_count,games,backgammon,point_state_count,backgammon,games,backgammon,trace.tasks.games.backgammon.board_tasks,GamesBackgammonPointStateCountTask,trace/tasks/games/backgammon/board_tasks.py,docs/tasks/task_games__backgammon__point_state_count.md,point_state_count,,,,point_state_count
task_games__battleship__last_ship_cell_label,games,battleship,last_ship_cell_label,battleship,games,battleship,trace.tasks.games.battleship.sunk_ship_count,GamesBattleshipLastShipCellLabelTask,trace/tasks/games/battleship/sunk_ship_count.py,docs/tasks/task_games__battleship__last_ship_cell_label.md,last_ship_cell_label,,,,last_ship_cell_label
task_games__battleship__ship_cell_status_count,games,battleship,ship_cell_status_count,battleship,games,battleship,trace.tasks.games.battleship.sunk_ship_count,GamesBattleshipShipCellStatusCountTask,trace/tasks/games/battleship/sunk_ship_count.py,docs/tasks/task_games__battleship__ship_cell_status_count.md,ship_cell_status_count,,,,ship_cell_status_count
task_games__battleship__ship_status_count,games,battleship,ship_status_count,battleship,games,battleship,trace.tasks.games.battleship.sunk_ship_count,GamesBattleshipShipStatusCountTask,trace/tasks/games/battleship/sunk_ship_count.py,docs/tasks/task_games__battleship__ship_status_count.md,partial_ship_count|sunk_ship_count,integer,keyed_point_set_map,,partial_ship_count
task_games__battleship__ship_status_count,games,battleship,ship_status_count,battleship,games,battleship,trace.tasks.games.battleship.sunk_ship_count,GamesBattleshipShipStatusCountTask,trace/tasks/games/battleship/sunk_ship_count.py,docs/tasks/task_games__battleship__ship_status_count.md,partial_ship_count|sunk_ship_count,integer,keyed_point_set_map,,sunk_ship_count
task_games__bingo__called_number_mark_count,games,bingo,called_number_mark_count,bingo,games,bingo,trace.tasks.games.bingo.completed_line_count,GamesBingoCalledNumberMarkCountTask,trace/tasks/games/bingo/completed_line_count.py,docs/tasks/task_games__bingo__called_number_mark_count.md,called_number_mark_count,,,,called_number_mark_count
task_games__bingo__completed_line_count,games,bingo,completed_line_count,bingo,games,bingo,trace.tasks.games.bingo.completed_line_count,GamesBingoAxisCompletedLineCountTask,trace/tasks/games/bingo/completed_line_count.py,docs/tasks/task_games__bingo__completed_line_count.md,completed_axis_line_count,integer,bbox_set,,completed_axis_line_count
task_games__bingo__line_sum_extremum_value,games,bingo,line_sum_extremum_value,bingo,games,bingo,trace.tasks.games.bingo.completed_line_count,GamesBingoLineSumExtremumValueTask,trace/tasks/games/bingo/completed_line_count.py,docs/tasks/task_games__bingo__line_sum_extremum_value.md,line_sum_extremum_value,integer,bbox_set,,line_sum_extremum_value
task_games__bingo__near_complete_line_count,games,bingo,near_complete_line_count,bingo,games,bingo,trace.tasks.games.bingo.completed_line_count,GamesBingoNearCompleteLineCountTask,trace/tasks/games/bingo/completed_line_count.py,docs/tasks/task_games__bingo__near_complete_line_count.md,near_complete_line_count,,,,near_complete_line_count
task_games__bowling__first_pin_hit_label,games,bowling,first_pin_hit_label,bowling,games,bowling,trace.tasks.games.bowling.lane_tasks,GamesBowlingFirstPinHitLabelTask,trace/tasks/games/bowling/lane_tasks.py,docs/tasks/task_games__bowling__first_pin_hit_label.md,first_pin_hit_label,string,bbox_set,,first_pin_hit_label
task_games__bowling__spare_path_label,games,bowling,spare_path_label,bowling,games,bowling,trace.tasks.games.bowling.lane_tasks,GamesBowlingSparePathLabelTask,trace/tasks/games/bowling/lane_tasks.py,docs/tasks/task_games__bowling__spare_path_label.md,spare_path_label,string,point_pair_set,,spare_path_label
task_games__brick_breaker__hit_row_remaining_count,games,brick_breaker,hit_row_remaining_count,brick_breaker,games,brick_breaker,trace.tasks.games.brick_breaker.playfield_tasks,GamesBrickBreakerHitRowRemainingCountTask,trace/tasks/games/brick_breaker/playfield_tasks.py,docs/tasks/task_games__brick_breaker__hit_row_remaining_count.md,hit_row_remaining_count,integer,bbox_set,,hit_row_remaining_count
task_games__brick_breaker__next_hit_label,games,brick_breaker,next_hit_label,brick_breaker,games,brick_breaker,trace.tasks.games.brick_breaker.playfield_tasks,GamesBrickBreakerNextHitLabelTask,trace/tasks/games/brick_breaker/playfield_tasks.py,docs/tasks/task_games__brick_breaker__next_hit_label.md,next_hit_label,,,,next_hit_label
task_games__brick_breaker__paddle_catch_label,games,brick_breaker,paddle_catch_label,brick_breaker,games,brick_breaker,trace.tasks.games.brick_breaker.playfield_tasks,GamesBrickBreakerPaddleCatchLabelTask,trace/tasks/games/brick_breaker/playfield_tasks.py,docs/tasks/task_games__brick_breaker__paddle_catch_label.md,paddle_catch_label,,,,paddle_catch_label
task_games__bubble_shooter__drop_count,games,bubble_shooter,drop_count,bubble_shooter,games,bubble_shooter,trace.tasks.games.bubble_shooter.board_tasks,GamesBubbleShooterDropCountTask,trace/tasks/games/bubble_shooter/board_tasks.py,docs/tasks/task_games__bubble_shooter__drop_count.md,drop_count,,,,drop_count
task_games__bubble_shooter__pop_color_label,games,bubble_shooter,pop_color_label,bubble_shooter,games,bubble_shooter,trace.tasks.games.bubble_shooter.board_tasks,GamesBubbleShooterPopColorLabelTask,trace/tasks/games/bubble_shooter/board_tasks.py,docs/tasks/task_games__bubble_shooter__pop_color_label.md,pop_color_label,string,point_set,,pop_color_label
task_games__bubble_shooter__pop_count,games,bubble_shooter,pop_count,bubble_shooter,games,bubble_shooter,trace.tasks.games.bubble_shooter.board_tasks,GamesBubbleShooterPopCountTask,trace/tasks/games/bubble_shooter/board_tasks.py,docs/tasks/task_games__bubble_shooter__pop_count.md,pop_count,,,,pop_count
task_games__cards__blackjack_best_hand_label,games,cards,blackjack_best_hand_label,cards,games,cards,trace.tasks.games.cards.hand_count,GamesCardsBlackjackBestHandLabelTask,trace/tasks/games/cards/hand_count.py,docs/tasks/task_games__cards__blackjack_best_hand_label.md,blackjack_best_hand_label,string,bbox_set,,blackjack_best_hand_label
task_games__cards__exact_triple_count,games,cards,exact_triple_count,cards,games,cards,trace.tasks.games.cards.hand_count,GamesCardsExactTripleCountTask,trace/tasks/games/cards/hand_count.py,docs/tasks/task_games__cards__exact_triple_count.md,exact_triple_count,integer,keyed_bbox_set_map,,exact_triple_count
task_games__cards__higher_than_reference_count,games,cards,higher_than_reference_count,cards,games,cards,trace.tasks.games.cards.hand_count,GamesCardsHigherThanReferenceCountTask,trace/tasks/games/cards/hand_count.py,docs/tasks/task_games__cards__higher_than_reference_count.md,higher_than_reference_count,,,,higher_than_reference_count
task_games__cards__longest_run_length,games,cards,longest_run_length,cards,games,cards,trace.tasks.games.cards.hand_count,GamesCardsLongestRunLengthTask,trace/tasks/games/cards/hand_count.py,docs/tasks/task_games__cards__longest_run_length.md,longest_run_length,integer,bbox_set,,longest_run_length
task_games__cards__missing_card_to_complete_hand_label,games,cards,missing_card_to_complete_hand_label,cards,games,cards,trace.tasks.games.cards.hand_count,GamesCardsMissingCardToCompleteHandLabelTask,trace/tasks/games/cards/hand_count.py,docs/tasks/task_games__cards__missing_card_to_complete_hand_label.md,missing_card_to_complete_hand_label,,,,missing_card_to_complete_hand_label
task_games__cards__poker_best_hand_label,games,cards,poker_best_hand_label,cards,games,cards,trace.tasks.games.cards.hand_count,GamesCardsPokerBestHandLabelTask,trace/tasks/games/cards/hand_count.py,docs/tasks/task_games__cards__poker_best_hand_label.md,poker_best_hand_label,string,bbox_set,,poker_best_hand_label
task_games__cards__poker_draw_card_label,games,cards,poker_draw_card_label,cards,games,cards,trace.tasks.games.cards.hand_count,GamesCardsPokerDrawCardLabelTask,trace/tasks/games/cards/hand_count.py,docs/tasks/task_games__cards__poker_draw_card_label.md,poker_draw_card_label,,,,poker_draw_card_label
task_games__cards__same_suit_as_reference_count,games,cards,same_suit_as_reference_count,cards,games,cards,trace.tasks.games.cards.hand_count,GamesCardsSameSuitAsReferenceCountTask,trace/tasks/games/cards/hand_count.py,docs/tasks/task_games__cards__same_suit_as_reference_count.md,same_suit_as_reference_count,,,,same_suit_as_reference_count
task_games__cards__trick_taking_winner_label,games,cards,trick_taking_winner_label,cards,games,cards,trace.tasks.games.cards.hand_count,GamesCardsTrickTakingWinnerLabelTask,trace/tasks/games/cards/hand_count.py,docs/tasks/task_games__cards__trick_taking_winner_label.md,trick_taking_winner_label,string,bbox_set,,trick_taking_winner_label
task_games__cards__trick_winning_play_label,games,cards,trick_winning_play_label,cards,games,cards,trace.tasks.games.cards.hand_count,GamesCardsTrickWinningPlayLabelTask,trace/tasks/games/cards/hand_count.py,docs/tasks/task_games__cards__trick_winning_play_label.md,trick_winning_play_label,,,,trick_winning_play_label
task_games__checkers__max_capture_chain_length,games,checkers,max_capture_chain_length,checkers,games,checkers,trace.tasks.games.checkers.move_count,GamesCheckersMaxCaptureChainLengthTask,trace/tasks/games/checkers/move_count.py,docs/tasks/task_games__checkers__max_capture_chain_length.md,max_capture_chain_length,integer,bbox_set,,max_capture_chain_length
task_games__checkers__move_count,games,checkers,move_count,checkers,games,checkers,trace.tasks.games.checkers.move_count,GamesCheckersMoveCountPublicTask,trace/tasks/games/checkers/move_count.py,docs/tasks/task_games__checkers__move_count.md,capture_move_count|legal_move_count,integer,bbox_set,,capture_move_count
task_games__checkers__move_count,games,checkers,move_count,checkers,games,checkers,trace.tasks.games.checkers.move_count,GamesCheckersMoveCountPublicTask,trace/tasks/games/checkers/move_count.py,docs/tasks/task_games__checkers__move_count.md,capture_move_count|legal_move_count,integer,bbox_set,,legal_move_count
task_games__checkers__piece_mobility_count,games,checkers,piece_mobility_count,checkers,games,checkers,trace.tasks.games.checkers.move_count,GamesCheckersPieceMobilityCountTask,trace/tasks/games/checkers/move_count.py,docs/tasks/task_games__checkers__piece_mobility_count.md,piece_mobility_count,,,,piece_mobility_count
task_games__checkers__piece_state_count,games,checkers,piece_state_count,checkers,games,checkers,trace.tasks.games.checkers.move_count,GamesCheckersPieceStateCountTask,trace/tasks/games/checkers/move_count.py,docs/tasks/task_games__checkers__piece_state_count.md,piece_state_count,,,,piece_state_count
task_games__chess__checkmate_move_label,games,chess,checkmate_move_label,chess,games,chess,trace.tasks.games.chess.board_tasks,GamesChessCheckmateMoveLabelTask,trace/tasks/games/chess/board_tasks.py,docs/tasks/task_games__chess__checkmate_move_label.md,checkmate_move_label,,,,checkmate_move_label
task_games__chess__colored_piece_kind_count,games,chess,colored_piece_kind_count,chess,games,chess,trace.tasks.games.chess.board_tasks,GamesChessColoredPieceKindCountTask,trace/tasks/games/chess/board_tasks.py,docs/tasks/task_games__chess__colored_piece_kind_count.md,colored_piece_kind_count,,,,colored_piece_kind_count
task_games__chess__king_escape_square_count,games,chess,king_escape_square_count,chess,games,chess,trace.tasks.games.chess.board_tasks,GamesChessKingEscapeSquareCountTask,trace/tasks/games/chess/board_tasks.py,docs/tasks/task_games__chess__king_escape_square_count.md,king_escape_square_count,integer,bbox_set,,king_escape_square_count
task_games__chess__marked_piece_blocker_count,games,chess,marked_piece_blocker_count,chess,games,chess,trace.tasks.games.chess.board_tasks,GamesChessMarkedPieceBlockerCountTask,trace/tasks/games/chess/board_tasks.py,docs/tasks/task_games__chess__marked_piece_blocker_count.md,marked_piece_blocker_count,,,,marked_piece_blocker_count
task_games__chess__marked_piece_destination_count,games,chess,marked_piece_destination_count,chess,games,chess,trace.tasks.games.chess.board_tasks,GamesChessMarkedPieceDestinationCountTask,trace/tasks/games/chess/board_tasks.py,docs/tasks/task_games__chess__marked_piece_destination_count.md,marked_piece_capture_count|marked_piece_move_count,integer,bbox_set,,marked_piece_capture_count
task_games__chess__marked_piece_destination_count,games,chess,marked_piece_destination_count,chess,games,chess,trace.tasks.games.chess.board_tasks,GamesChessMarkedPieceDestinationCountTask,trace/tasks/games/chess/board_tasks.py,docs/tasks/task_games__chess__marked_piece_destination_count.md,marked_piece_capture_count|marked_piece_move_count,integer,bbox_set,,marked_piece_move_count
task_games__chess__piece_kind_count,games,chess,piece_kind_count,chess,games,chess,trace.tasks.games.chess.board_tasks,GamesChessPieceKindCountTask,trace/tasks/games/chess/board_tasks.py,docs/tasks/task_games__chess__piece_kind_count.md,piece_kind_count,,,,piece_kind_count
task_games__chess__player_capture_piece_count,games,chess,player_capture_piece_count,chess,games,chess,trace.tasks.games.chess.board_tasks,GamesChessPlayerCapturePieceCountTask,trace/tasks/games/chess/board_tasks.py,docs/tasks/task_games__chess__player_capture_piece_count.md,player_capture_piece_count,integer,bbox_set,,player_capture_piece_count
task_games__chess__target_square_attacker_count,games,chess,target_square_attacker_count,chess,games,chess,trace.tasks.games.chess.board_tasks,GamesChessTargetSquareAttackerCountTask,trace/tasks/games/chess/board_tasks.py,docs/tasks/task_games__chess__target_square_attacker_count.md,target_square_attacker_count,,,,target_square_attacker_count
task_games__chess_variant__marked_piece_destination_count,games,chess_variant,marked_piece_destination_count,chess_variant,games,chess_variant,trace.tasks.games.chess_variant.board_tasks,GamesChessVariantMarkedPieceDestinationCountTask,trace/tasks/games/chess_variant/board_tasks.py,docs/tasks/task_games__chess_variant__marked_piece_destination_count.md,marked_piece_capture_count|marked_piece_move_count,integer,bbox_set,,marked_piece_capture_count
task_games__chess_variant__marked_piece_destination_count,games,chess_variant,marked_piece_destination_count,chess_variant,games,chess_variant,trace.tasks.games.chess_variant.board_tasks,GamesChessVariantMarkedPieceDestinationCountTask,trace/tasks/games/chess_variant/board_tasks.py,docs/tasks/task_games__chess_variant__marked_piece_destination_count.md,marked_piece_capture_count|marked_piece_move_count,integer,bbox_set,,marked_piece_move_count
task_games__chess_variant__target_square_reacher_count,games,chess_variant,target_square_reacher_count,chess_variant,games,chess_variant,trace.tasks.games.chess_variant.board_tasks,GamesChessVariantTargetSquareReacherCountTask,trace/tasks/games/chess_variant/board_tasks.py,docs/tasks/task_games__chess_variant__target_square_reacher_count.md,target_square_reacher_count,,,,target_square_reacher_count
task_games__circular_chess__marked_piece_destination_count,games,circular_chess,marked_piece_destination_count,circular_chess,games,circular_chess,trace.tasks.games.circular_chess.board_tasks,GamesCircularChessMarkedPieceDestinationCountTask,trace/tasks/games/circular_chess/board_tasks.py,docs/tasks/task_games__circular_chess__marked_piece_destination_count.md,marked_piece_destination_count,,,,marked_piece_destination_count
task_games__circular_chess__target_cell_reacher_count,games,circular_chess,target_cell_reacher_count,circular_chess,games,circular_chess,trace.tasks.games.circular_chess.board_tasks,GamesCircularChessTargetCellReacherCountTask,trace/tasks/games/circular_chess/board_tasks.py,docs/tasks/task_games__circular_chess__target_cell_reacher_count.md,target_cell_reacher_count,,,,target_cell_reacher_count
task_games__connect_four__safe_move_count,games,connect_four,safe_move_count,connect_four,games,connect_four,trace.tasks.games.connect_four.move_count,GamesConnectFourSafeMoveCountTask,trace/tasks/games/connect_four/move_count.py,docs/tasks/task_games__connect_four__safe_move_count.md,safe_move_count,,,,safe_move_count
task_games__connect_four__winning_move_column_label,games,connect_four,winning_move_column_label,connect_four,games,connect_four,trace.tasks.games.connect_four.move_count,GamesConnectFourWinningMoveColumnLabelTask,trace/tasks/games/connect_four/move_count.py,docs/tasks/task_games__connect_four__winning_move_column_label.md,winning_move_column_label,,,,winning_move_column_label
task_games__connect_four__winning_move_count,games,connect_four,winning_move_count,connect_four,games,connect_four,trace.tasks.games.connect_four.move_count,GamesConnectFourWinningMoveCountTask,trace/tasks/games/connect_four/move_count.py,docs/tasks/task_games__connect_four__winning_move_count.md,winning_move_count,,,,winning_move_count
task_games__crossing__moving_object_count,games,crossing,moving_object_count,crossing,games,crossing,trace.tasks.games.crossing.lane_tasks,GamesCrossingMovingObjectCountTask,trace/tasks/games/crossing/lane_tasks.py,docs/tasks/task_games__crossing__moving_object_count.md,moving_object_count,integer,bbox_set,,moving_object_count
task_games__crossing__moving_object_direction_count,games,crossing,moving_object_direction_count,crossing,games,crossing,trace.tasks.games.crossing.lane_tasks,GamesCrossingMovingObjectDirectionCountTask,trace/tasks/games/crossing/lane_tasks.py,docs/tasks/task_games__crossing__moving_object_direction_count.md,moving_object_direction_count,,,,moving_object_direction_count
task_games__darts__ring_count,games,darts,ring_count,darts,games,darts,trace.tasks.games.darts.score_count,GamesDartsRingCountTask,trace/tasks/games/darts/score_count.py,docs/tasks/task_games__darts__ring_count.md,ring_count,,,,ring_count
task_games__darts__threshold_score_count,games,darts,threshold_score_count,darts,games,darts,trace.tasks.games.darts.score_count,GamesDartsThresholdScoreCountTask,trace/tasks/games/darts/score_count.py,docs/tasks/task_games__darts__threshold_score_count.md,threshold_score_count,,,,threshold_score_count
task_games__darts__total_score_option_label,games,darts,total_score_option_label,darts,games,darts,trace.tasks.games.darts.score_count,GamesDartsTotalScoreTask,trace/tasks/games/darts/score_count.py,docs/tasks/task_games__darts__total_score_option_label.md,total_score,string,point_set,,total_score
task_games__dominoes__double_count,games,dominoes,double_count,dominoes,games,dominoes,trace.tasks.games.dominoes.chain_count,GamesDominoesDoubleCountTask,trace/tasks/games/dominoes/chain_count.py,docs/tasks/task_games__dominoes__double_count.md,double_count,,,,double_count
task_games__dominoes__extendable_first_play_count,games,dominoes,extendable_first_play_count,dominoes,games,dominoes,trace.tasks.games.dominoes.chain_count,GamesDominoesExtendableFirstPlayCountTask,trace/tasks/games/dominoes/chain_count.py,docs/tasks/task_games__dominoes__extendable_first_play_count.md,extendable_first_play_count,,,,extendable_first_play_count
task_games__dominoes__higher_sum_than_reference_count,games,dominoes,higher_sum_than_reference_count,dominoes,games,dominoes,trace.tasks.games.dominoes.chain_count,GamesDominoesHigherSumThanReferenceCountTask,trace/tasks/games/dominoes/chain_count.py,docs/tasks/task_games__dominoes__higher_sum_than_reference_count.md,higher_sum_than_reference_count,,,,higher_sum_than_reference_count
task_games__dominoes__matching_end_count,games,dominoes,matching_end_count,dominoes,games,dominoes,trace.tasks.games.dominoes.chain_count,GamesDominoesMatchingEndCountTask,trace/tasks/games/dominoes/chain_count.py,docs/tasks/task_games__dominoes__matching_end_count.md,matching_end_count,,,,matching_end_count
task_games__dominoes__second_play_candidate_count,games,dominoes,second_play_candidate_count,dominoes,games,dominoes,trace.tasks.games.dominoes.chain_count,GamesDominoesSecondPlayCandidateCountTask,trace/tasks/games/dominoes/chain_count.py,docs/tasks/task_games__dominoes__second_play_candidate_count.md,second_play_candidate_count,,,,second_play_candidate_count
task_games__dominoes__sum_to_target_count,games,dominoes,sum_to_target_count,dominoes,games,dominoes,trace.tasks.games.dominoes.chain_count,GamesDominoesSumToTargetCountTask,trace/tasks/games/dominoes/chain_count.py,docs/tasks/task_games__dominoes__sum_to_target_count.md,sum_to_target_count,,,,sum_to_target_count
task_games__dots_and_boxes__capture_move_count,games,dots_and_boxes,capture_move_count,dots_and_boxes,games,dots_and_boxes,trace.tasks.games.dots_and_boxes.capture_count,GamesDotsAndBoxesCaptureMoveCountTask,trace/tasks/games/dots_and_boxes/capture_count.py,docs/tasks/task_games__dots_and_boxes__capture_move_count.md,capture_move_count|highlighted_candidate_capture_count,integer,point_pair_set,,capture_move_count
task_games__dots_and_boxes__capture_move_count,games,dots_and_boxes,capture_move_count,dots_and_boxes,games,dots_and_boxes,trace.tasks.games.dots_and_boxes.capture_count,GamesDotsAndBoxesCaptureMoveCountTask,trace/tasks/games/dots_and_boxes/capture_count.py,docs/tasks/task_games__dots_and_boxes__capture_move_count.md,capture_move_count|highlighted_candidate_capture_count,integer,point_pair_set,,highlighted_candidate_capture_count
task_games__dots_and_boxes__owned_box_count,games,dots_and_boxes,owned_box_count,dots_and_boxes,games,dots_and_boxes,trace.tasks.games.dots_and_boxes.capture_count,GamesDotsAndBoxesOwnedBoxCountTask,trace/tasks/games/dots_and_boxes/capture_count.py,docs/tasks/task_games__dots_and_boxes__owned_box_count.md,owned_box_count,,,,owned_box_count
task_games__dots_and_boxes__three_sided_box_count,games,dots_and_boxes,three_sided_box_count,dots_and_boxes,games,dots_and_boxes,trace.tasks.games.dots_and_boxes.capture_count,GamesDotsAndBoxesThreeSidedBoxCountTask,trace/tasks/games/dots_and_boxes/capture_count.py,docs/tasks/task_games__dots_and_boxes__three_sided_box_count.md,three_sided_box_count,integer,bbox_set,,three_sided_box_count
task_games__go__group_adjacent_enemy_count,games,go,group_adjacent_enemy_count,go,games,go,trace.tasks.games.go.group_property_count,GamesGoGroupAdjacentEnemyCountTask,trace/tasks/games/go/group_property_count.py,docs/tasks/task_games__go__group_adjacent_enemy_count.md,marked_group_adjacent_enemy_count,integer,point_set,,marked_group_adjacent_enemy_count
task_games__go__group_liberty_count,games,go,group_liberty_count,go,games,go,trace.tasks.games.go.group_property_count,GamesGoGroupLibertyConditionCountTask,trace/tasks/games/go/group_property_count.py,docs/tasks/task_games__go__group_liberty_count.md,marked_group_liberty_count|marked_group_shared_liberty_count,integer,point_set,,marked_group_liberty_count
task_games__go__group_liberty_count,games,go,group_liberty_count,go,games,go,trace.tasks.games.go.group_property_count,GamesGoGroupLibertyConditionCountTask,trace/tasks/games/go/group_property_count.py,docs/tasks/task_games__go__group_liberty_count.md,marked_group_liberty_count|marked_group_shared_liberty_count,integer,point_set,,marked_group_shared_liberty_count
task_games__go__stone_group_count,games,go,stone_group_count,go,games,go,trace.tasks.games.go.group_property_count,GamesGoStoneGroupCountTask,trace/tasks/games/go/group_property_count.py,docs/tasks/task_games__go__stone_group_count.md,stone_group_count,,,,stone_group_count
task_games__hex__candidate_neighbor_count,games,hex,candidate_neighbor_count,hex,games,hex,trace.tasks.games.hex.connection_tasks,GamesHexCandidateNeighborCountTask,trace/tasks/games/hex/connection_tasks.py,docs/tasks/task_games__hex__candidate_neighbor_count.md,candidate_neighbor_count,,,,candidate_neighbor_count
task_games__hex__connection_gap_count,games,hex,connection_gap_count,hex,games,hex,trace.tasks.games.hex.connection_tasks,GamesHexConnectionGapCountTask,trace/tasks/games/hex/connection_tasks.py,docs/tasks/task_games__hex__connection_gap_count.md,connection_gap_count,integer,point_set,,connection_gap_count
task_games__hex__winning_move_cell_label,games,hex,winning_move_cell_label,hex,games,hex,trace.tasks.games.hex.connection_tasks,GamesHexWinningMoveCellLabelTask,trace/tasks/games/hex/connection_tasks.py,docs/tasks/task_games__hex__winning_move_cell_label.md,winning_move_cell_label,string,point_set,,winning_move_cell_label
task_games__irregular_link_board__capture_move_count,games,irregular_link_board,capture_move_count,irregular_link_board,games,irregular_link_board,trace.tasks.games.irregular_link_board.board_tasks,GamesIrregularLinkBoardCaptureMoveCountTask,trace/tasks/games/irregular_link_board/board_tasks.py,docs/tasks/task_games__irregular_link_board__capture_move_count.md,capture_move_count,,,,capture_move_count
task_games__irregular_link_board__marked_piece_destination_count,games,irregular_link_board,marked_piece_destination_count,irregular_link_board,games,irregular_link_board,trace.tasks.games.irregular_link_board.board_tasks,GamesIrregularLinkBoardMarkedPieceDestinationCountTask,trace/tasks/games/irregular_link_board/board_tasks.py,docs/tasks/task_games__irregular_link_board__marked_piece_destination_count.md,marked_piece_destination_count,,,,marked_piece_destination_count
task_games__lane_runner__path_coin_count,games,lane_runner,path_coin_count,lane_runner,games,lane_runner,trace.tasks.games.lane_runner.route_tasks,GamesLaneRunnerPathCoinCountTask,trace/tasks/games/lane_runner/route_tasks.py,docs/tasks/task_games__lane_runner__path_coin_count.md,path_coin_count,,,,path_coin_count
task_games__lane_runner__safe_path_label,games,lane_runner,safe_path_label,lane_runner,games,lane_runner,trace.tasks.games.lane_runner.safe_path_tasks,GamesLaneRunnerSafePathLabelTask,trace/tasks/games/lane_runner/safe_path_tasks.py,docs/tasks/task_games__lane_runner__safe_path_label.md,safe_path_label,,,,safe_path_label
task_games__ludo_board__capture_roll_option_label,games,ludo_board,capture_roll_option_label,ludo_board,games,ludo_board,trace.tasks.games.ludo_board.board_tasks,GamesLudoBoardCaptureRollOptionLabelTask,trace/tasks/games/ludo_board/board_tasks.py,docs/tasks/task_games__ludo_board__capture_roll_option_label.md,capture_roll_option_label,,,,capture_roll_option_label
task_games__ludo_board__move_result_option_label,games,ludo_board,move_result_option_label,ludo_board,games,ludo_board,trace.tasks.games.ludo_board.board_tasks,GamesLudoBoardMoveResultOptionLabelTask,trace/tasks/games/ludo_board/board_tasks.py,docs/tasks/task_games__ludo_board__move_result_option_label.md,move_result_option_label,,,,move_result_option_label
task_games__ludo_board__winning_roll_value,games,ludo_board,winning_roll_value,ludo_board,games,ludo_board,trace.tasks.games.ludo_board.board_tasks,GamesLudoBoardWinningRollValueTask,trace/tasks/games/ludo_board/board_tasks.py,docs/tasks/task_games__ludo_board__winning_roll_value.md,winning_roll_value,,,,winning_roll_value
task_games__mancala_pit_board__post_sow_pit_count_value,games,mancala_pit_board,post_sow_pit_count_value,mancala_pit_board,games,mancala_pit_board,trace.tasks.games.mancala_pit_board.board_tasks,GamesMancalaPitBoardPostSowPitCountTask,trace/tasks/games/mancala_pit_board/board_tasks.py,docs/tasks/task_games__mancala_pit_board__post_sow_pit_count_value.md,post_sow_pit_count_value,,,,post_sow_pit_count_value
task_games__mancala_pit_board__sowing_landing_pit_label,games,mancala_pit_board,sowing_landing_pit_label,mancala_pit_board,games,mancala_pit_board,trace.tasks.games.mancala_pit_board.board_tasks,GamesMancalaPitBoardSowingLandingPitLabelTask,trace/tasks/games/mancala_pit_board/board_tasks.py,docs/tasks/task_games__mancala_pit_board__sowing_landing_pit_label.md,sowing_landing_pit_label,,,,sowing_landing_pit_label
task_games__marble_chain__max_pop_direction_label,games,marble_chain,max_pop_direction_label,marble_chain,games,marble_chain,trace.tasks.games.marble_chain.chain_tasks,GamesMarbleChainMaxPopDirectionLabelTask,trace/tasks/games/marble_chain/chain_tasks.py,docs/tasks/task_games__marble_chain__max_pop_direction_label.md,max_pop_direction_label,,,,max_pop_direction_label
task_games__marble_chain__shot_effect_value,games,marble_chain,shot_effect_value,marble_chain,games,marble_chain,trace.tasks.games.marble_chain.chain_tasks,GamesMarbleChainShotEffectValueTask,trace/tasks/games/marble_chain/chain_tasks.py,docs/tasks/task_games__marble_chain__shot_effect_value.md,pop_count_after_marked_shot,integer,point_set,,pop_count_after_marked_shot
task_games__marble_chain__target_pop_direction_label,games,marble_chain,target_pop_direction_label,marble_chain,games,marble_chain,trace.tasks.games.marble_chain.chain_tasks,GamesMarbleChainTargetPopDirectionLabelTask,trace/tasks/games/marble_chain/chain_tasks.py,docs/tasks/task_games__marble_chain__target_pop_direction_label.md,target_pop_direction_label,,,,target_pop_direction_label
task_games__match3__gem_count,games,match3,gem_count,match3,games,match3,trace.tasks.games.match3.grid_tasks,GamesMatch3GemCountTask,trace/tasks/games/match3/grid_tasks.py,docs/tasks/task_games__match3__gem_count.md,gem_count,,,,gem_count
task_games__match3__max_clear_swap_label,games,match3,max_clear_swap_label,match3,games,match3,trace.tasks.games.match3.grid_tasks,GamesMatch3MaxClearSwapLabelTask,trace/tasks/games/match3/grid_tasks.py,docs/tasks/task_games__match3__max_clear_swap_label.md,max_clear_swap_label,,,,max_clear_swap_label
task_games__match3__target_clear_swap_label,games,match3,target_clear_swap_label,match3,games,match3,trace.tasks.games.match3.grid_tasks,GamesMatch3TargetClearSwapLabelTask,trace/tasks/games/match3/grid_tasks.py,docs/tasks/task_games__match3__target_clear_swap_label.md,target_clear_swap_label,,,,target_clear_swap_label
task_games__minecraft__reachable_ore_stack_count,games,minecraft,reachable_ore_stack_count,minecraft,games,minecraft,trace.tasks.games.minecraft.block_world_tasks,GamesMinecraftReachableOreStackCountTask,trace/tasks/games/minecraft/block_world_tasks.py,docs/tasks/task_games__minecraft__reachable_ore_stack_count.md,reachable_ore_stack_count,,,,reachable_ore_stack_count
task_games__minecraft__resource_route_cost,games,minecraft,resource_route_cost,minecraft,games,minecraft,trace.tasks.games.minecraft.block_world_tasks,GamesMinecraftResourceRouteCostTask,trace/tasks/games/minecraft/block_world_tasks.py,docs/tasks/task_games__minecraft__resource_route_cost.md,resource_route_cost,integer,bbox_set,,resource_route_cost
task_games__minecraft__stack_height_condition_count,games,minecraft,stack_height_condition_count,minecraft,games,minecraft,trace.tasks.games.minecraft.block_world_tasks,GamesMinecraftStackHeightConditionCountTask,trace/tasks/games/minecraft/block_world_tasks.py,docs/tasks/task_games__minecraft__stack_height_condition_count.md,stack_height_condition_count,,,,stack_height_condition_count
task_games__minecraft__top_ore_stack_count,games,minecraft,top_ore_stack_count,minecraft,games,minecraft,trace.tasks.games.minecraft.block_world_tasks,GamesMinecraftTopOreStackCountTask,trace/tasks/games/minecraft/block_world_tasks.py,docs/tasks/task_games__minecraft__top_ore_stack_count.md,top_ore_stack_count,,,,top_ore_stack_count
task_games__minesweeper__forced_cell_count,games,minesweeper,forced_cell_count,minesweeper,games,minesweeper,trace.tasks.games.minesweeper.grid_tasks,GamesMinesweeperForcedCellCountTask,trace/tasks/games/minesweeper/grid_tasks.py,docs/tasks/task_games__minesweeper__forced_cell_count.md,forced_mine_count|forced_safe_count,integer,bbox_set,,forced_mine_count
task_games__minesweeper__forced_cell_count,games,minesweeper,forced_cell_count,minesweeper,games,minesweeper,trace.tasks.games.minesweeper.grid_tasks,GamesMinesweeperForcedCellCountTask,trace/tasks/games/minesweeper/grid_tasks.py,docs/tasks/task_games__minesweeper__forced_cell_count.md,forced_mine_count|forced_safe_count,integer,bbox_set,,forced_safe_count
task_games__minesweeper__remaining_mine_count_value,games,minesweeper,remaining_mine_count_value,minesweeper,games,minesweeper,trace.tasks.games.minesweeper.grid_tasks,GamesMinesweeperRemainingMineCountValueTask,trace/tasks/games/minesweeper/grid_tasks.py,docs/tasks/task_games__minesweeper__remaining_mine_count_value.md,remaining_mine_count_value,,,,remaining_mine_count_value
task_games__minesweeper__reveal_outcome_label,games,minesweeper,reveal_outcome_label,minesweeper,games,minesweeper,trace.tasks.games.minesweeper.grid_tasks,GamesMinesweeperRevealOutcomeLabelTask,trace/tasks/games/minesweeper/grid_tasks.py,docs/tasks/task_games__minesweeper__reveal_outcome_label.md,reveal_outcome_label,,,,reveal_outcome_label
task_games__minesweeper__satisfied_clue_count,games,minesweeper,satisfied_clue_count,minesweeper,games,minesweeper,trace.tasks.games.minesweeper.grid_tasks,GamesMinesweeperSatisfiedClueCountTask,trace/tasks/games/minesweeper/grid_tasks.py,docs/tasks/task_games__minesweeper__satisfied_clue_count.md,satisfied_clue_count,integer,bbox_set,,satisfied_clue_count
task_games__minigolf__first_obstacle_label,games,minigolf,first_obstacle_label,minigolf,games,minigolf,trace.tasks.games.minigolf.course_tasks,GamesMinigolfFirstObstacleLabelTask,trace/tasks/games/minigolf/course_tasks.py,docs/tasks/task_games__minigolf__first_obstacle_label.md,first_obstacle_label,string,point_set,,first_obstacle_label
task_games__minigolf__shot_path_label,games,minigolf,shot_path_label,minigolf,games,minigolf,trace.tasks.games.minigolf.course_tasks,GamesMinigolfShotPathLabelTask,trace/tasks/games/minigolf/course_tasks.py,docs/tasks/task_games__minigolf__shot_path_label.md,shot_path_label,string,point_pair_set,,shot_path_label
task_games__nine_mens_morris__mill_completion_point_count,games,nine_mens_morris,mill_completion_point_count,nine_mens_morris,games,nine_mens_morris,trace.tasks.games.nine_mens_morris.pieces_in_mill_count,GamesNineMensMorrisMillCompletionPointCountTask,trace/tasks/games/nine_mens_morris/pieces_in_mill_count.py,docs/tasks/task_games__nine_mens_morris__mill_completion_point_count.md,mill_completion_point_count,,,,mill_completion_point_count
task_games__nine_mens_morris__pieces_in_mill_count,games,nine_mens_morris,pieces_in_mill_count,nine_mens_morris,games,nine_mens_morris,trace.tasks.games.nine_mens_morris.pieces_in_mill_count,GamesNineMensMorrisAllPiecesInMillCountTask,trace/tasks/games/nine_mens_morris/pieces_in_mill_count.py,docs/tasks/task_games__nine_mens_morris__pieces_in_mill_count.md,all_pieces_in_mill_count,integer,point_set,,all_pieces_in_mill_count
task_games__pacman__next_item_label,games,pacman,next_item_label,pacman,games,pacman,trace.tasks.games.pacman.maze_tasks,GamesPacmanNextItemLabelTask,trace/tasks/games/pacman/maze_tasks.py,docs/tasks/task_games__pacman__next_item_label.md,next_item_label,string,point_set,,next_item_label
task_games__pacman__path_pellet_count,games,pacman,path_pellet_count,pacman,games,pacman,trace.tasks.games.pacman.maze_tasks,GamesPacmanPathPelletCountTask,trace/tasks/games/pacman/maze_tasks.py,docs/tasks/task_games__pacman__path_pellet_count.md,path_pellet_count,,,,path_pellet_count
task_games__pacman__pellet_count_before_ghost,games,pacman,pellet_count_before_ghost,pacman,games,pacman,trace.tasks.games.pacman.maze_tasks,GamesPacmanPelletCountBeforeGhostTask,trace/tasks/games/pacman/maze_tasks.py,docs/tasks/task_games__pacman__pellet_count_before_ghost.md,pellet_count_before_ghost,,,,pellet_count_before_ghost
task_games__pacman__route_score_value,games,pacman,route_score_value,pacman,games,pacman,trace.tasks.games.pacman.maze_tasks,GamesPacmanRouteScoreValueTask,trace/tasks/games/pacman/maze_tasks.py,docs/tasks/task_games__pacman__route_score_value.md,route_score_value,,,,route_score_value
task_games__pinball_table__first_hit_object_label,games,pinball_table,first_hit_object_label,pinball_table,games,pinball_table,trace.tasks.games.pinball_table.table_tasks,GamesPinballFirstHitObjectLabelTask,trace/tasks/games/pinball_table/table_tasks.py,docs/tasks/task_games__pinball_table__first_hit_object_label.md,first_hit_object_label,,,,first_hit_object_label
task_games__pinball_table__path_score_value,games,pinball_table,path_score_value,pinball_table,games,pinball_table,trace.tasks.games.pinball_table.table_tasks,GamesPinballPathScoreValueTask,trace/tasks/games/pinball_table/table_tasks.py,docs/tasks/task_games__pinball_table__path_score_value.md,path_score_value,,,,path_score_value
task_games__platformer__collectible_count,games,platformer,collectible_count,platformer,games,platformer,trace.tasks.games.platformer.level_tasks,GamesPlatformerCollectibleCountTask,trace/tasks/games/platformer/level_tasks.py,docs/tasks/task_games__platformer__collectible_count.md,collectible_count,integer,point_set,,collectible_count
task_games__platformer__jump_collectible_score_value,games,platformer,jump_collectible_score_value,platformer,games,platformer,trace.tasks.games.platformer.level_tasks,GamesPlatformerJumpCollectibleScoreValueTask,trace/tasks/games/platformer/level_tasks.py,docs/tasks/task_games__platformer__jump_collectible_score_value.md,jump_collectible_score_value,,,,jump_collectible_score_value
task_games__platformer__jump_landing_label,games,platformer,jump_landing_label,platformer,games,platformer,trace.tasks.games.platformer.level_tasks,GamesPlatformerJumpLandingLabelTask,trace/tasks/games/platformer/level_tasks.py,docs/tasks/task_games__platformer__jump_landing_label.md,jump_landing_label,string,bbox_set,,jump_landing_label
task_games__pool__blocking_ball_count,games,pool,blocking_ball_count,pool,games,pool,trace.tasks.games.pool.table_tasks,GamesPoolBlockingBallCountTask,trace/tasks/games/pool/table_tasks.py,docs/tasks/task_games__pool__blocking_ball_count.md,blocking_ball_count,integer,point_set,,blocking_ball_count
task_games__pool__group_ball_count,games,pool,group_ball_count,pool,games,pool,trace.tasks.games.pool.table_tasks,GamesPoolGroupBallCountTask,trace/tasks/games/pool/table_tasks.py,docs/tasks/task_games__pool__group_ball_count.md,current_group_ball_count,integer,point_set,,current_group_ball_count
task_games__racing_track__ahead_object_count,games,racing_track,ahead_object_count,racing_track,games,racing_track,trace.tasks.games.racing_track.ahead_tasks,GamesRacingTrackAheadObjectCountTask,trace/tasks/games/racing_track/ahead_tasks.py,docs/tasks/task_games__racing_track__ahead_object_count.md,ahead_object_count,,,,ahead_object_count
task_games__racing_track__finish_distance_extremum_label,games,racing_track,finish_distance_extremum_label,racing_track,games,racing_track,trace.tasks.games.racing_track.distance_tasks,GamesRacingTrackFinishDistanceExtremumTask,trace/tasks/games/racing_track/distance_tasks.py,docs/tasks/task_games__racing_track__finish_distance_extremum_label.md,finish_distance_extremum_label,,,,finish_distance_extremum_label
task_games__radial_hunt_board__capture_move_count,games,radial_hunt_board,capture_move_count,radial_hunt_board,games,radial_hunt_board,trace.tasks.games.radial_hunt_board.board_tasks,GamesRadialHuntBoardCaptureMoveCountTask,trace/tasks/games/radial_hunt_board/board_tasks.py,docs/tasks/task_games__radial_hunt_board__capture_move_count.md,capture_move_count,,,,capture_move_count
task_games__radial_hunt_board__marked_piece_destination_count,games,radial_hunt_board,marked_piece_destination_count,radial_hunt_board,games,radial_hunt_board,trace.tasks.games.radial_hunt_board.board_tasks,GamesRadialHuntBoardMarkedPieceDestinationCountTask,trace/tasks/games/radial_hunt_board/board_tasks.py,docs/tasks/task_games__radial_hunt_board__marked_piece_destination_count.md,marked_piece_destination_count,,,,marked_piece_destination_count
task_games__reversi__frontier_disc_count,games,reversi,frontier_disc_count,reversi,games,reversi,trace.tasks.games.reversi.move_count,GamesReversiFrontierDiscCountTask,trace/tasks/games/reversi/move_count.py,docs/tasks/task_games__reversi__frontier_disc_count.md,frontier_disc_count,,,,frontier_disc_count
task_games__reversi__legal_destination_count,games,reversi,legal_destination_count,reversi,games,reversi,trace.tasks.games.reversi.move_count,GamesReversiLegalDestinationCountTask,trace/tasks/games/reversi/move_count.py,docs/tasks/task_games__reversi__legal_destination_count.md,corner_move_count|legal_move_count,integer,bbox_set,,corner_move_count
task_games__reversi__legal_destination_count,games,reversi,legal_destination_count,reversi,games,reversi,trace.tasks.games.reversi.move_count,GamesReversiLegalDestinationCountTask,trace/tasks/games/reversi/move_count.py,docs/tasks/task_games__reversi__legal_destination_count.md,corner_move_count|legal_move_count,integer,bbox_set,,legal_move_count
task_games__reversi__marked_move_flip_count,games,reversi,marked_move_flip_count,reversi,games,reversi,trace.tasks.games.reversi.move_count,GamesReversiFlipCountForMarkedMoveTask,trace/tasks/games/reversi/move_count.py,docs/tasks/task_games__reversi__marked_move_flip_count.md,flip_count_for_marked_move,integer,point_set,,flip_count_for_marked_move
task_games__rhythm__earliest_hit_lane_label,games,rhythm,earliest_hit_lane_label,rhythm,games,rhythm,trace.tasks.games.rhythm.lane_tasks,GamesRhythmEarliestHitLaneLabelTask,trace/tasks/games/rhythm/lane_tasks.py,docs/tasks/task_games__rhythm__earliest_hit_lane_label.md,earliest_hit_lane_label,,,,earliest_hit_lane_label
task_games__rhythm__lane_color_hit_count,games,rhythm,lane_color_hit_count,rhythm,games,rhythm,trace.tasks.games.rhythm.lane_tasks,GamesRhythmLaneColorHitCountTask,trace/tasks/games/rhythm/lane_tasks.py,docs/tasks/task_games__rhythm__lane_color_hit_count.md,lane_color_hit_count,,,,lane_color_hit_count
task_games__rhythm__lane_hit_count,games,rhythm,lane_hit_count,rhythm,games,rhythm,trace.tasks.games.rhythm.lane_tasks,GamesRhythmLaneHitCountTask,trace/tasks/games/rhythm/lane_tasks.py,docs/tasks/task_games__rhythm__lane_hit_count.md,lane_hit_count,,,,lane_hit_count
task_games__rhythm__most_hits_lane_label,games,rhythm,most_hits_lane_label,rhythm,games,rhythm,trace.tasks.games.rhythm.lane_tasks,GamesRhythmMostHitsLaneLabelTask,trace/tasks/games/rhythm/lane_tasks.py,docs/tasks/task_games__rhythm__most_hits_lane_label.md,most_hits_lane_label,,,,most_hits_lane_label
task_games__rule_override_board__line_result_count,games,rule_override_board,line_result_count,rule_override_board,games,rule_override_board,trace.tasks.games.rule_override_board.board_tasks,GamesRuleOverrideLineResultCountTask,trace/tasks/games/rule_override_board/board_tasks.py,docs/tasks/task_games__rule_override_board__line_result_count.md,line_override_loss_count|line_override_win_count,integer,bbox_set,,line_override_loss_count
task_games__rule_override_board__line_result_count,games,rule_override_board,line_result_count,rule_override_board,games,rule_override_board,trace.tasks.games.rule_override_board.board_tasks,GamesRuleOverrideLineResultCountTask,trace/tasks/games/rule_override_board/board_tasks.py,docs/tasks/task_games__rule_override_board__line_result_count.md,line_override_loss_count|line_override_win_count,integer,bbox_set,,line_override_win_count
task_games__rule_override_board__piece_result_count,games,rule_override_board,piece_result_count,rule_override_board,games,rule_override_board,trace.tasks.games.rule_override_board.board_tasks,GamesRuleOverridePieceResultCountTask,trace/tasks/games/rule_override_board/board_tasks.py,docs/tasks/task_games__rule_override_board__piece_result_count.md,piece_override_loss_count|piece_override_win_count,integer,bbox_set,,piece_override_loss_count
task_games__rule_override_board__piece_result_count,games,rule_override_board,piece_result_count,rule_override_board,games,rule_override_board,trace.tasks.games.rule_override_board.board_tasks,GamesRuleOverridePieceResultCountTask,trace/tasks/games/rule_override_board/board_tasks.py,docs/tasks/task_games__rule_override_board__piece_result_count.md,piece_override_loss_count|piece_override_win_count,integer,bbox_set,,piece_override_win_count
task_games__sixteen_soldiers__marked_piece_capture_count,games,sixteen_soldiers,marked_piece_capture_count,sixteen_soldiers,games,sixteen_soldiers,trace.tasks.games.sixteen_soldiers.board_tasks,GamesSixteenSoldiersMarkedPieceCaptureCountTask,trace/tasks/games/sixteen_soldiers/board_tasks.py,docs/tasks/task_games__sixteen_soldiers__marked_piece_capture_count.md,marked_piece_capture_count,,,,marked_piece_capture_count
task_games__sixteen_soldiers__marked_piece_destination_count,games,sixteen_soldiers,marked_piece_destination_count,sixteen_soldiers,games,sixteen_soldiers,trace.tasks.games.sixteen_soldiers.board_tasks,GamesSixteenSoldiersMarkedPieceDestinationCountTask,trace/tasks/games/sixteen_soldiers/board_tasks.py,docs/tasks/task_games__sixteen_soldiers__marked_piece_destination_count.md,marked_piece_destination_count,,,,marked_piece_destination_count
task_games__sliding_block__movable_block_count,games,sliding_block,movable_block_count,sliding_block,games,sliding_block,trace.tasks.games.sliding_block.grid_tasks,GamesSlidingBlockMovableBlockCountTask,trace/tasks/games/sliding_block/grid_tasks.py,docs/tasks/task_games__sliding_block__movable_block_count.md,movable_block_count,,,,movable_block_count
task_games__sliding_block__sliding_block_blocker_count,games,sliding_block,sliding_block_blocker_count,sliding_block,games,sliding_block,trace.tasks.games.sliding_block.grid_tasks,GamesSlidingBlockBlockerCountTask,trace/tasks/games/sliding_block/grid_tasks.py,docs/tasks/task_games__sliding_block__sliding_block_blocker_count.md,sliding_block_blocker_count,,,,sliding_block_blocker_count
task_games__sliding_block__sliding_block_move_result_label,games,sliding_block,sliding_block_move_result_label,sliding_block,games,sliding_block,trace.tasks.games.sliding_block.grid_tasks,GamesSlidingBlockMoveResultLabelTask,trace/tasks/games/sliding_block/grid_tasks.py,docs/tasks/task_games__sliding_block__sliding_block_move_result_label.md,sliding_block_move_result_label,,,,sliding_block_move_result_label
task_games__snake__path_outcome_option_label,games,snake,path_outcome_option_label,snake,games,snake,trace.tasks.games.snake.grid_tasks,GamesSnakePathOutcomeTask,trace/tasks/games/snake/grid_tasks.py,docs/tasks/task_games__snake__path_outcome_option_label.md,path_result_option_label,option_letter,bbox_set,,path_result_option_label
task_games__snake__safe_direction_count,games,snake,safe_direction_count,snake,games,snake,trace.tasks.games.snake.grid_tasks,GamesSnakeMoveSafetyTask,trace/tasks/games/snake/grid_tasks.py,docs/tasks/task_games__snake__safe_direction_count.md,safe_direction_count,integer,bbox_set,,safe_direction_count
task_games__snake__shortest_food_path_length,games,snake,shortest_food_path_length,snake,games,snake,trace.tasks.games.snake.grid_tasks,GamesSnakeShortestFoodPathLengthTask,trace/tasks/games/snake/grid_tasks.py,docs/tasks/task_games__snake__shortest_food_path_length.md,shortest_food_path_length,,,,shortest_food_path_length
task_games__snakes_ladders__best_roll_value,games,snakes_ladders,best_roll_value,snakes_ladders,games,snakes_ladders,trace.tasks.games.snakes_ladders.board_tasks,GamesSnakesLaddersBestRollValueTask,trace/tasks/games/snakes_ladders/board_tasks.py,docs/tasks/task_games__snakes_ladders__best_roll_value.md,best_roll_value,integer,bbox_set,,best_roll_value
task_games__snakes_ladders__move_outcome_value,games,snakes_ladders,move_outcome_value,snakes_ladders,games,snakes_ladders,trace.tasks.games.snakes_ladders.board_tasks,GamesSnakesLaddersMoveOutcomeValueTask,trace/tasks/games/snakes_ladders/board_tasks.py,docs/tasks/task_games__snakes_ladders__move_outcome_value.md,move_outcome_value,integer,keyed_bbox_map,,move_outcome_value
task_games__snakes_ladders__special_square_count,games,snakes_ladders,special_square_count,snakes_ladders,games,snakes_ladders,trace.tasks.games.snakes_ladders.board_tasks,GamesSnakesLaddersSpecialSquareCountTask,trace/tasks/games/snakes_ladders/board_tasks.py,docs/tasks/task_games__snakes_ladders__special_square_count.md,special_square_count,,,,special_square_count
task_games__sokoban__box_target_manhattan_rank_label,games,sokoban,box_target_manhattan_rank_label,sokoban,games,sokoban,trace.tasks.games.sokoban.grid_tasks,GamesSokobanBoxTargetManhattanRankLabelTask,trace/tasks/games/sokoban/grid_tasks.py,docs/tasks/task_games__sokoban__box_target_manhattan_rank_label.md,box_target_manhattan_rank_label,,,,box_target_manhattan_rank_label
task_games__sokoban__nearest_counterpart_label,games,sokoban,nearest_counterpart_label,sokoban,games,sokoban,trace.tasks.games.sokoban.grid_tasks,GamesSokobanNearestCounterpartLabelTask,trace/tasks/games/sokoban/grid_tasks.py,docs/tasks/task_games__sokoban__nearest_counterpart_label.md,nearest_counterpart_label,,,,nearest_counterpart_label
task_games__sokoban__path_validity_sequence_label,games,sokoban,path_validity_sequence_label,sokoban,games,sokoban,trace.tasks.games.sokoban.grid_tasks,GamesSokobanPathValiditySequenceLabelTask,trace/tasks/games/sokoban/grid_tasks.py,docs/tasks/task_games__sokoban__path_validity_sequence_label.md,path_validity_sequence_label,,,,path_validity_sequence_label
task_games__sokoban__shortest_path_sequence_label,games,sokoban,shortest_path_sequence_label,sokoban,games,sokoban,trace.tasks.games.sokoban.grid_tasks,GamesSokobanShortestPathSequenceLabelTask,trace/tasks/games/sokoban/grid_tasks.py,docs/tasks/task_games__sokoban__shortest_path_sequence_label.md,shortest_path_sequence_label,,,,shortest_path_sequence_label
task_games__solitaire__foundation_ready_count,games,solitaire,foundation_ready_count,solitaire,games,solitaire,trace.tasks.games.solitaire.tableau_tasks,GamesSolitaireFoundationReadyCountTask,trace/tasks/games/solitaire/tableau_tasks.py,docs/tasks/task_games__solitaire__foundation_ready_count.md,foundation_ready_count,integer,bbox_set,,foundation_ready_count
task_games__solitaire__move_legality_label,games,solitaire,move_legality_label,solitaire,games,solitaire,trace.tasks.games.solitaire.tableau_tasks,GamesSolitaireMoveLegalityLabelTask,trace/tasks/games/solitaire/tableau_tasks.py,docs/tasks/task_games__solitaire__move_legality_label.md,move_legality_label,string,keyed_bbox_map,,move_legality_label
task_games__solitaire__same_suit_run_length_value,games,solitaire,same_suit_run_length_value,solitaire,games,solitaire,trace.tasks.games.solitaire.tableau_tasks,GamesSolitaireSameSuitRunLengthValueTask,trace/tasks/games/solitaire/tableau_tasks.py,docs/tasks/task_games__solitaire__same_suit_run_length_value.md,same_suit_run_length_value,,,,same_suit_run_length_value
task_games__solitaire__tableau_sequence_count,games,solitaire,tableau_sequence_count,solitaire,games,solitaire,trace.tasks.games.solitaire.tableau_tasks,GamesSolitaireTableauSequenceCountTask,trace/tasks/games/solitaire/tableau_tasks.py,docs/tasks/task_games__solitaire__tableau_sequence_count.md,tableau_sequence_count,integer,bbox_set,,tableau_sequence_count
task_games__space_shooter__clear_shot_count,games,space_shooter,clear_shot_count,space_shooter,games,space_shooter,trace.tasks.games.space_shooter.playfield_tasks,GamesSpaceShooterClearShotCountTask,trace/tasks/games/space_shooter/playfield_tasks.py,docs/tasks/task_games__space_shooter__clear_shot_count.md,clear_shot_count,integer,bbox_set,,clear_shot_count
task_games__space_shooter__clear_shot_score_value,games,space_shooter,clear_shot_score_value,space_shooter,games,space_shooter,trace.tasks.games.space_shooter.playfield_tasks,GamesSpaceShooterClearShotScoreValueTask,trace/tasks/games/space_shooter/playfield_tasks.py,docs/tasks/task_games__space_shooter__clear_shot_score_value.md,clear_shot_score_value,,,,clear_shot_score_value
task_games__space_shooter__highest_threat_label,games,space_shooter,highest_threat_label,space_shooter,games,space_shooter,trace.tasks.games.space_shooter.playfield_tasks,GamesSpaceShooterHighestThreatLabelTask,trace/tasks/games/space_shooter/playfield_tasks.py,docs/tasks/task_games__space_shooter__highest_threat_label.md,highest_threat_label,string,bbox_set,,highest_threat_label
task_games__space_shooter__projectile_intercept_count,games,space_shooter,projectile_intercept_count,space_shooter,games,space_shooter,trace.tasks.games.space_shooter.playfield_tasks,GamesSpaceShooterProjectileInterceptCountTask,trace/tasks/games/space_shooter/playfield_tasks.py,docs/tasks/task_games__space_shooter__projectile_intercept_count.md,projectile_intercept_count,integer,bbox_set,,projectile_intercept_count
task_games__space_shooter__safe_lane_count,games,space_shooter,safe_lane_count,space_shooter,games,space_shooter,trace.tasks.games.space_shooter.playfield_tasks,GamesSpaceShooterSafeLaneCountTask,trace/tasks/games/space_shooter/playfield_tasks.py,docs/tasks/task_games__space_shooter__safe_lane_count.md,safe_lane_count,integer,bbox_set,,safe_lane_count
task_games__tetris__drop_collision_time_value,games,tetris,drop_collision_time_value,tetris,games,tetris,trace.tasks.games.tetris.board_tasks,GamesTetrisDropCollisionTimeValueTask,trace/tasks/games/tetris/board_tasks.py,docs/tasks/task_games__tetris__drop_collision_time_value.md,drop_collision_time_value,,,,drop_collision_time_value
task_games__tetris__drop_result_label,games,tetris,drop_result_label,tetris,games,tetris,trace.tasks.games.tetris.board_tasks,GamesTetrisDropResultLabelTask,trace/tasks/games/tetris/board_tasks.py,docs/tasks/task_games__tetris__drop_result_label.md,multi_clear_result|no_clear_result|single_clear_result,string,bbox_set,,multi_clear_result
task_games__tetris__drop_result_label,games,tetris,drop_result_label,tetris,games,tetris,trace.tasks.games.tetris.board_tasks,GamesTetrisDropResultLabelTask,trace/tasks/games/tetris/board_tasks.py,docs/tasks/task_games__tetris__drop_result_label.md,multi_clear_result|no_clear_result|single_clear_result,string,bbox_set,,no_clear_result
task_games__tetris__drop_result_label,games,tetris,drop_result_label,tetris,games,tetris,trace.tasks.games.tetris.board_tasks,GamesTetrisDropResultLabelTask,trace/tasks/games/tetris/board_tasks.py,docs/tasks/task_games__tetris__drop_result_label.md,multi_clear_result|no_clear_result|single_clear_result,string,bbox_set,,single_clear_result
task_games__tetris__edge_occupied_row_cell_count,games,tetris,edge_occupied_row_cell_count,tetris,games,tetris,trace.tasks.games.tetris.board_tasks,GamesTetrisEdgeOccupiedRowCellCountTask,trace/tasks/games/tetris/board_tasks.py,docs/tasks/task_games__tetris__edge_occupied_row_cell_count.md,edge_occupied_row_cell_count,,,,edge_occupied_row_cell_count
task_games__tetris__line_clear_count,games,tetris,line_clear_count,tetris,games,tetris,trace.tasks.games.tetris.board_tasks,GamesTetrisLineClearCountTask,trace/tasks/games/tetris/board_tasks.py,docs/tasks/task_games__tetris__line_clear_count.md,max_clear_with_next_piece,integer,keyed_bbox_map,,max_clear_with_next_piece
task_games__tetris__row_occupancy_status_count,games,tetris,row_occupancy_status_count,tetris,games,tetris,trace.tasks.games.tetris.board_tasks,GamesTetrisRowOccupancyStatusCountTask,trace/tasks/games/tetris/board_tasks.py,docs/tasks/task_games__tetris__row_occupancy_status_count.md,row_occupancy_status_count,,,,row_occupancy_status_count
task_games__tic_tac_toe_3d__layer_piece_count,games,tic_tac_toe_3d,layer_piece_count,tic_tac_toe_3d,games,tic_tac_toe_3d,trace.tasks.games.tic_tac_toe_3d.board_tasks,GamesTicTacToe3DLayerPieceCountTask,trace/tasks/games/tic_tac_toe_3d/board_tasks.py,docs/tasks/task_games__tic_tac_toe_3d__layer_piece_count.md,layer_piece_count,,,,layer_piece_count
task_games__tic_tac_toe_3d__winning_move_cell_label,games,tic_tac_toe_3d,winning_move_cell_label,tic_tac_toe_3d,games,tic_tac_toe_3d,trace.tasks.games.tic_tac_toe_3d.board_tasks,GamesTicTacToe3DWinningMoveCellLabelTask,trace/tasks/games/tic_tac_toe_3d/board_tasks.py,docs/tasks/task_games__tic_tac_toe_3d__winning_move_cell_label.md,winning_move_cell_label,,,,winning_move_cell_label
task_games__tower_defense__covered_path_segment_count,games,tower_defense,covered_path_segment_count,tower_defense,games,tower_defense,trace.tasks.games.tower_defense.coverage_tasks,GamesTowerDefenseCoveredPathSegmentCountTask,trace/tasks/games/tower_defense/coverage_tasks.py,docs/tasks/task_games__tower_defense__covered_path_segment_count.md,covered_path_segment_count,,,,covered_path_segment_count
task_games__tower_defense__tower_coverage_count,games,tower_defense,tower_coverage_count,tower_defense,games,tower_defense,trace.tasks.games.tower_defense.coverage_tasks,GamesTowerDefenseCoverageCountTask,trace/tasks/games/tower_defense/coverage_tasks.py,docs/tasks/task_games__tower_defense__tower_coverage_count.md,tower_coverage_count,,,,tower_coverage_count
task_games__tower_draughts_board__controlled_stack_count,games,tower_draughts_board,controlled_stack_count,tower_draughts_board,games,tower_draughts_board,trace.tasks.games.tower_draughts_board.board_tasks,GamesTowerDraughtsBoardControlledStackCountTask,trace/tasks/games/tower_draughts_board/board_tasks.py,docs/tasks/task_games__tower_draughts_board__controlled_stack_count.md,controlled_stack_count,,,,controlled_stack_count
task_games__tower_draughts_board__marked_stack_capture_count,games,tower_draughts_board,marked_stack_capture_count,tower_draughts_board,games,tower_draughts_board,trace.tasks.games.tower_draughts_board.board_tasks,GamesTowerDraughtsBoardMarkedStackCaptureCountTask,trace/tasks/games/tower_draughts_board/board_tasks.py,docs/tasks/task_games__tower_draughts_board__marked_stack_capture_count.md,marked_stack_capture_count,,,,marked_stack_capture_count
task_games__tower_draughts_board__marked_stack_destination_count,games,tower_draughts_board,marked_stack_destination_count,tower_draughts_board,games,tower_draughts_board,trace.tasks.games.tower_draughts_board.board_tasks,GamesTowerDraughtsBoardMarkedStackDestinationCountTask,trace/tasks/games/tower_draughts_board/board_tasks.py,docs/tasks/task_games__tower_draughts_board__marked_stack_destination_count.md,marked_stack_destination_count,,,,marked_stack_destination_count
task_games__ultimate_tictactoe__line_completion_move_label,games,ultimate_tictactoe,line_completion_move_label,ultimate_tictactoe,games,ultimate_tictactoe,trace.tasks.games.ultimate_tictactoe.board_tasks,GamesUltimateTicTacToeLineCompletionMoveLabelTask,trace/tasks/games/ultimate_tictactoe/board_tasks.py,docs/tasks/task_games__ultimate_tictactoe__line_completion_move_label.md,line_completion_move_label,,,,line_completion_move_label
task_games__ultimate_tictactoe__macro_threat_board_count,games,ultimate_tictactoe,macro_threat_board_count,ultimate_tictactoe,games,ultimate_tictactoe,trace.tasks.games.ultimate_tictactoe.board_tasks,GamesUltimateTicTacToeMacroThreatBoardCountTask,trace/tasks/games/ultimate_tictactoe/board_tasks.py,docs/tasks/task_games__ultimate_tictactoe__macro_threat_board_count.md,macro_threat_board_count,,,,macro_threat_board_count
task_games__ultimate_tictactoe__small_board_status_count,games,ultimate_tictactoe,small_board_status_count,ultimate_tictactoe,games,ultimate_tictactoe,trace.tasks.games.ultimate_tictactoe.board_tasks,GamesUltimateTicTacToeSmallBoardStatusCountTask,trace/tasks/games/ultimate_tictactoe/board_tasks.py,docs/tasks/task_games__ultimate_tictactoe__small_board_status_count.md,drawn_board_count|neither_won_board_count|o_won_board_count|x_won_board_count,integer,bbox_set,,drawn_board_count
task_games__ultimate_tictactoe__small_board_status_count,games,ultimate_tictactoe,small_board_status_count,ultimate_tictactoe,games,ultimate_tictactoe,trace.tasks.games.ultimate_tictactoe.board_tasks,GamesUltimateTicTacToeSmallBoardStatusCountTask,trace/tasks/games/ultimate_tictactoe/board_tasks.py,docs/tasks/task_games__ultimate_tictactoe__small_board_status_count.md,drawn_board_count|neither_won_board_count|o_won_board_count|x_won_board_count,integer,bbox_set,,neither_won_board_count
task_games__ultimate_tictactoe__small_board_status_count,games,ultimate_tictactoe,small_board_status_count,ultimate_tictactoe,games,ultimate_tictactoe,trace.tasks.games.ultimate_tictactoe.board_tasks,GamesUltimateTicTacToeSmallBoardStatusCountTask,trace/tasks/games/ultimate_tictactoe/board_tasks.py,docs/tasks/task_games__ultimate_tictactoe__small_board_status_count.md,drawn_board_count|neither_won_board_count|o_won_board_count|x_won_board_count,integer,bbox_set,,o_won_board_count
task_games__ultimate_tictactoe__small_board_status_count,games,ultimate_tictactoe,small_board_status_count,ultimate_tictactoe,games,ultimate_tictactoe,trace.tasks.games.ultimate_tictactoe.board_tasks,GamesUltimateTicTacToeSmallBoardStatusCountTask,trace/tasks/games/ultimate_tictactoe/board_tasks.py,docs/tasks/task_games__ultimate_tictactoe__small_board_status_count.md,drawn_board_count|neither_won_board_count|o_won_board_count|x_won_board_count,integer,bbox_set,,x_won_board_count
task_geometry__angle_relations__algebraic_angle_value_triangle_double_extension_expression,geometry,angle_relations,algebraic_angle_value_triangle_double_extension_expression,measurement,geometry,measurement,trace.tasks.geometry.measurement.composite_measurement,GeometryAlgebraicAngleTriangleDoubleExtensionExpressionTask,trace/tasks/geometry/measurement/composite_measurement.py,docs/tasks/task_geometry__angle_relations__algebraic_angle_value_triangle_double_extension_expression.md,algebraic_angle_value_triangle_double_extension_expression,,,,algebraic_angle_value_triangle_double_extension_expression
task_geometry__angle_relations__algebraic_angle_value_triangle_single_extension_expression,geometry,angle_relations,algebraic_angle_value_triangle_single_extension_expression,measurement,geometry,measurement,trace.tasks.geometry.measurement.composite_measurement,GeometryAlgebraicAngleTriangleSingleExtensionExpressionTask,trace/tasks/geometry/measurement/composite_measurement.py,docs/tasks/task_geometry__angle_relations__algebraic_angle_value_triangle_single_extension_expression.md,algebraic_angle_value_triangle_single_extension_expression,,,,algebraic_angle_value_triangle_single_extension_expression
task_geometry__angle_relations__parallel_supplement_angle,geometry,angle_relations,parallel_supplement_angle,measurement,geometry,measurement,trace.tasks.geometry.measurement.composite_measurement,GeometryAngleRelationsParallelSupplementAngleTask,trace/tasks/geometry/measurement/composite_measurement.py,docs/tasks/task_geometry__angle_relations__parallel_supplement_angle.md,parallel_supplement_angle,,,,parallel_supplement_angle
task_geometry__angle_relations__triangle_exterior_angle,geometry,angle_relations,triangle_exterior_angle,measurement,geometry,measurement,trace.tasks.geometry.measurement.composite_measurement,GeometryAngleRelationsTriangleExteriorAngleTask,trace/tasks/geometry/measurement/composite_measurement.py,docs/tasks/task_geometry__angle_relations__triangle_exterior_angle.md,triangle_exterior_angle,,,,triangle_exterior_angle
task_geometry__area_partition__total_area_value,geometry,area_partition,total_area_value,measurement,geometry,measurement,trace.tasks.geometry.measurement.area_partition,GeometryAreaPartitionTotalAreaValueTask,trace/tasks/geometry/measurement/area_partition.py,docs/tasks/task_geometry__area_partition__total_area_value.md,total_area_from_shaded_partition,number,keyed_bbox_map,,total_area_from_shaded_partition
task_geometry__bearing_route__endpoint_position_label,geometry,bearing_route,endpoint_position_label,measurement,geometry,measurement,trace.tasks.geometry.measurement.bearing_route,GeometryBearingRouteEndpointPositionLabelTask,trace/tasks/geometry/measurement/bearing_route.py,docs/tasks/task_geometry__bearing_route__endpoint_position_label.md,endpoint_position_label,option_letter,keyed_point_map,,endpoint_position_label
task_geometry__bearing_route__final_bearing_value,geometry,bearing_route,final_bearing_value,measurement,geometry,measurement,trace.tasks.geometry.measurement.bearing_route,GeometryBearingRouteFinalBearingValueTask,trace/tasks/geometry/measurement/bearing_route.py,docs/tasks/task_geometry__bearing_route__final_bearing_value.md,final_bearing_value,number,keyed_point_map,,final_bearing_value
task_geometry__circle_centerline_overlap__segment_length_value,geometry,circle_centerline_overlap,segment_length_value,measurement,geometry,measurement,trace.tasks.geometry.measurement.circle_centerline_overlap,GeometryCircleCenterlineOverlapSegmentLengthValueTask,trace/tasks/geometry/measurement/circle_centerline_overlap.py,docs/tasks/task_geometry__circle_centerline_overlap__segment_length_value.md,segment_length_value,,,,segment_length_value
task_geometry__circle_pair_tangents__center_distance_value,geometry,circle_pair_tangents,center_distance_value,measurement,geometry,measurement,trace.tasks.geometry.measurement.circle_pair_tangents,GeometryCirclePairTangentsCenterDistanceValueTask,trace/tasks/geometry/measurement/circle_pair_tangents.py,docs/tasks/task_geometry__circle_pair_tangents__center_distance_value.md,center_distance_value,,,,center_distance_value
task_geometry__circle_pair_tangents__common_tangent_length_value,geometry,circle_pair_tangents,common_tangent_length_value,measurement,geometry,measurement,trace.tasks.geometry.measurement.circle_pair_tangents,GeometryCirclePairTangentsCommonTangentLengthValueTask,trace/tasks/geometry/measurement/circle_pair_tangents.py,docs/tasks/task_geometry__circle_pair_tangents__common_tangent_length_value.md,common_tangent_length_value,,,,common_tangent_length_value
task_geometry__circle_polygon_composite__square_circle_tangent_angle_value,geometry,circle_polygon_composite,square_circle_tangent_angle_value,measurement,geometry,measurement,trace.tasks.geometry.measurement.circle_polygon_composite,GeometryCirclePolygonCompositeSquareCircleTangentAngleValueTask,trace/tasks/geometry/measurement/circle_polygon_composite.py,docs/tasks/task_geometry__circle_polygon_composite__square_circle_tangent_angle_value.md,square_circle_tangent_angle_value,,,,square_circle_tangent_angle_value
task_geometry__circle_polygon_composite__tangential_quadrilateral_side_sum_value,geometry,circle_polygon_composite,tangential_quadrilateral_side_sum_value,measurement,geometry,measurement,trace.tasks.geometry.measurement.circle_polygon_composite,GeometryCirclePolygonCompositeTangentialQuadrilateralSideSumValueTask,trace/tasks/geometry/measurement/circle_polygon_composite.py,docs/tasks/task_geometry__circle_polygon_composite__tangential_quadrilateral_side_sum_value.md,tangential_quadrilateral_side_sum_value,,,,tangential_quadrilateral_side_sum_value
task_geometry__circle_theorem__chord_length_from_radius_angle_value,geometry,circle_theorem,chord_length_from_radius_angle_value,circle,geometry,circle,trace.tasks.geometry.circle.chord_length,GeometryCircleChordLengthFromRadiusAngleValueTask,trace/tasks/geometry/circle/chord_length.py,docs/tasks/task_geometry__circle_theorem__chord_length_from_radius_angle_value.md,chord_length_from_radius_angle_value,,,,chord_length_from_radius_angle_value
task_geometry__circle_theorem__cyclic_quadrilateral_angle_value,geometry,circle_theorem,cyclic_quadrilateral_angle_value,circle,geometry,circle,trace.tasks.geometry.circle.theorem_value,GeometryCircleCyclicQuadrilateralAngleValueTask,trace/tasks/geometry/circle/theorem_value.py,docs/tasks/task_geometry__circle_theorem__cyclic_quadrilateral_angle_value.md,cyclic_quadrilateral_angle_value,,,,cyclic_quadrilateral_angle_value
task_geometry__circle_theorem__diameter_perpendicular_chord_length_value,geometry,circle_theorem,diameter_perpendicular_chord_length_value,circle,geometry,circle,trace.tasks.geometry.circle.theorem_value,GeometryCircleDiameterPerpendicularChordLengthValueTask,trace/tasks/geometry/circle/theorem_value.py,docs/tasks/task_geometry__circle_theorem__diameter_perpendicular_chord_length_value.md,diameter_perpendicular_chord_length,integer,keyed_point_map,,diameter_perpendicular_chord_length
task_geometry__circle_theorem__external_secant_angle_value,geometry,circle_theorem,external_secant_angle_value,circle,geometry,circle,trace.tasks.geometry.circle.theorem_value,GeometryCircleExternalSecantAngleValueTask,trace/tasks/geometry/circle/theorem_value.py,docs/tasks/task_geometry__circle_theorem__external_secant_angle_value.md,external_secant_angle_value,,,,external_secant_angle_value
task_geometry__circle_theorem__inscribed_angle_value_central_angle_from_inscribed,geometry,circle_theorem,inscribed_angle_value_central_angle_from_inscribed,circle,geometry,circle,trace.tasks.geometry.circle.theorem_value,GeometryCircleCentralAngleFromInscribedTask,trace/tasks/geometry/circle/theorem_value.py,docs/tasks/task_geometry__circle_theorem__inscribed_angle_value_central_angle_from_inscribed.md,inscribed_angle_value_central_angle_from_inscribed,,,,inscribed_angle_value_central_angle_from_inscribed
task_geometry__circle_theorem__inscribed_angle_value_inscribed_angle_from_arc,geometry,circle_theorem,inscribed_angle_value_inscribed_angle_from_arc,circle,geometry,circle,trace.tasks.geometry.circle.theorem_value,GeometryCircleInscribedAngleFromArcTask,trace/tasks/geometry/circle/theorem_value.py,docs/tasks/task_geometry__circle_theorem__inscribed_angle_value_inscribed_angle_from_arc.md,inscribed_angle_value_inscribed_angle_from_arc,,,,inscribed_angle_value_inscribed_angle_from_arc
task_geometry__circle_theorem__inscribed_angle_value_inscribed_angle_from_central,geometry,circle_theorem,inscribed_angle_value_inscribed_angle_from_central,circle,geometry,circle,trace.tasks.geometry.circle.theorem_value,GeometryCircleInscribedAngleFromCentralTask,trace/tasks/geometry/circle/theorem_value.py,docs/tasks/task_geometry__circle_theorem__inscribed_angle_value_inscribed_angle_from_central.md,inscribed_angle_value_inscribed_angle_from_central,,,,inscribed_angle_value_inscribed_angle_from_central
task_geometry__circle_theorem__intersecting_chords_arc_measure_value,geometry,circle_theorem,intersecting_chords_arc_measure_value,circle,geometry,circle,trace.tasks.geometry.circle.theorem_value,GeometryCircleIntersectingChordsArcMeasureValueTask,trace/tasks/geometry/circle/theorem_value.py,docs/tasks/task_geometry__circle_theorem__intersecting_chords_arc_measure_value.md,intersecting_chords_arc_measure,integer,keyed_point_map,,intersecting_chords_arc_measure
task_geometry__circle_theorem__multi_step_angle_value,geometry,circle_theorem,multi_step_angle_value,circle,geometry,circle,trace.tasks.geometry.circle.theorem_value,GeometryCircleMultiStepAngleValueTask,trace/tasks/geometry/circle/theorem_value.py,docs/tasks/task_geometry__circle_theorem__multi_step_angle_value.md,multi_step_angle_value,integer,keyed_point_map,,multi_step_angle_value
task_geometry__circle_theorem__secant_secant_length_value,geometry,circle_theorem,secant_secant_length_value,circle,geometry,circle,trace.tasks.geometry.circle.theorem_value,GeometryCircleSecantSecantLengthValueTask,trace/tasks/geometry/circle/theorem_value.py,docs/tasks/task_geometry__circle_theorem__secant_secant_length_value.md,secant_secant_length|secant_secant_variable_segment_length,integer,keyed_point_map,,secant_secant_length
task_geometry__circle_theorem__secant_secant_length_value,geometry,circle_theorem,secant_secant_length_value,circle,geometry,circle,trace.tasks.geometry.circle.theorem_value,GeometryCircleSecantSecantLengthValueTask,trace/tasks/geometry/circle/theorem_value.py,docs/tasks/task_geometry__circle_theorem__secant_secant_length_value.md,secant_secant_length|secant_secant_variable_segment_length,integer,keyed_point_map,,secant_secant_variable_segment_length
task_geometry__circle_theorem__tangent_chord_angle_value_tangent_chord_angle_from_arc,geometry,circle_theorem,tangent_chord_angle_value_tangent_chord_angle_from_arc,circle,geometry,circle,trace.tasks.geometry.circle.theorem_value,GeometryCircleTangentChordAngleFromArcTask,trace/tasks/geometry/circle/theorem_value.py,docs/tasks/task_geometry__circle_theorem__tangent_chord_angle_value_tangent_chord_angle_from_arc.md,tangent_chord_angle_value_tangent_chord_angle_from_arc,,,,tangent_chord_angle_value_tangent_chord_angle_from_arc
task_geometry__circle_theorem__tangent_chord_angle_value_tangent_chord_angle_from_inscribed,geometry,circle_theorem,tangent_chord_angle_value_tangent_chord_angle_from_inscribed,circle,geometry,circle,trace.tasks.geometry.circle.theorem_value,GeometryCircleTangentChordAngleFromInscribedTask,trace/tasks/geometry/circle/theorem_value.py,docs/tasks/task_geometry__circle_theorem__tangent_chord_angle_value_tangent_chord_angle_from_inscribed.md,tangent_chord_angle_value_tangent_chord_angle_from_inscribed,,,,tangent_chord_angle_value_tangent_chord_angle_from_inscribed
task_geometry__circle_theorem__tangent_radius_right_triangle_length_value,geometry,circle_theorem,tangent_radius_right_triangle_length_value,circle,geometry,circle,trace.tasks.geometry.circle.tangent_radius,GeometryCircleTangentRadiusRightTriangleLengthValueTask,trace/tasks/geometry/circle/tangent_radius.py,docs/tasks/task_geometry__circle_theorem__tangent_radius_right_triangle_length_value.md,tangent_radius_right_triangle_length_value,,,,tangent_radius_right_triangle_length_value
task_geometry__circle_theorem__tangent_secant_length_value,geometry,circle_theorem,tangent_secant_length_value,circle,geometry,circle,trace.tasks.geometry.circle.theorem_value,GeometryCircleTangentSecantLengthValueTask,trace/tasks/geometry/circle/theorem_value.py,docs/tasks/task_geometry__circle_theorem__tangent_secant_length_value.md,tangent_secant_length,integer,keyed_point_map,,tangent_secant_length
task_geometry__composite_shape__composite_area_value,geometry,composite_shape,composite_area_value,measurement,geometry,measurement,trace.tasks.geometry.measurement.composite_measurement,GeometryMeasurementCompositeAreaValueTask,trace/tasks/geometry/measurement/composite_measurement.py,docs/tasks/task_geometry__composite_shape__composite_area_value.md,l_shape_area|rectangle_minus_triangle_area,integer,keyed_bbox_map,,l_shape_area
task_geometry__composite_shape__composite_area_value,geometry,composite_shape,composite_area_value,measurement,geometry,measurement,trace.tasks.geometry.measurement.composite_measurement,GeometryMeasurementCompositeAreaValueTask,trace/tasks/geometry/measurement/composite_measurement.py,docs/tasks/task_geometry__composite_shape__composite_area_value.md,l_shape_area|rectangle_minus_triangle_area,integer,keyed_bbox_map,,rectangle_minus_triangle_area
task_geometry__composite_shape__house_outline_perimeter,geometry,composite_shape,house_outline_perimeter,measurement,geometry,measurement,trace.tasks.geometry.measurement.composite_measurement,GeometryMeasurementCompositePerimeterValueTask,trace/tasks/geometry/measurement/composite_measurement.py,docs/tasks/task_geometry__composite_shape__house_outline_perimeter.md,house_outline_perimeter,,,,house_outline_perimeter
task_geometry__composite_shape__missing_width_from_semicircle_cap_area,geometry,composite_shape,missing_width_from_semicircle_cap_area,measurement,geometry,measurement,trace.tasks.geometry.measurement.curvilinear_composite,GeometryMissingWidthFromSemicircleCapAreaTask,trace/tasks/geometry/measurement/curvilinear_composite.py,docs/tasks/task_geometry__composite_shape__missing_width_from_semicircle_cap_area.md,missing_width_from_semicircle_cap_area,,,,missing_width_from_semicircle_cap_area
task_geometry__composite_shape__missing_width_from_semicircle_cutout_area,geometry,composite_shape,missing_width_from_semicircle_cutout_area,measurement,geometry,measurement,trace.tasks.geometry.measurement.curvilinear_composite,GeometryMissingWidthFromSemicircleCutoutAreaTask,trace/tasks/geometry/measurement/curvilinear_composite.py,docs/tasks/task_geometry__composite_shape__missing_width_from_semicircle_cutout_area.md,missing_width_from_semicircle_cutout_area,,,,missing_width_from_semicircle_cutout_area
task_geometry__composite_shape__rectangle_quarter_sector_cutout_area,geometry,composite_shape,rectangle_quarter_sector_cutout_area,measurement,geometry,measurement,trace.tasks.geometry.measurement.curvilinear_composite,GeometryRectangleQuarterSectorCutoutAreaTask,trace/tasks/geometry/measurement/curvilinear_composite.py,docs/tasks/task_geometry__composite_shape__rectangle_quarter_sector_cutout_area.md,rectangle_quarter_sector_cutout_area,,,,rectangle_quarter_sector_cutout_area
task_geometry__composite_shape__rectangle_quarter_sector_cutout_perimeter,geometry,composite_shape,rectangle_quarter_sector_cutout_perimeter,measurement,geometry,measurement,trace.tasks.geometry.measurement.curvilinear_composite,GeometryRectangleQuarterSectorCutoutPerimeterTask,trace/tasks/geometry/measurement/curvilinear_composite.py,docs/tasks/task_geometry__composite_shape__rectangle_quarter_sector_cutout_perimeter.md,rectangle_quarter_sector_cutout_perimeter,,,,rectangle_quarter_sector_cutout_perimeter
task_geometry__composite_shape__rectangle_semicircle_cap_area,geometry,composite_shape,rectangle_semicircle_cap_area,measurement,geometry,measurement,trace.tasks.geometry.measurement.curvilinear_composite,GeometryRectangleSemicircleCapAreaTask,trace/tasks/geometry/measurement/curvilinear_composite.py,docs/tasks/task_geometry__composite_shape__rectangle_semicircle_cap_area.md,rectangle_semicircle_cap_area,,,,rectangle_semicircle_cap_area
task_geometry__composite_shape__rectangle_semicircle_cap_perimeter,geometry,composite_shape,rectangle_semicircle_cap_perimeter,measurement,geometry,measurement,trace.tasks.geometry.measurement.curvilinear_composite,GeometryRectangleSemicircleCapPerimeterTask,trace/tasks/geometry/measurement/curvilinear_composite.py,docs/tasks/task_geometry__composite_shape__rectangle_semicircle_cap_perimeter.md,rectangle_semicircle_cap_perimeter,,,,rectangle_semicircle_cap_perimeter
task_geometry__composite_shape__rectangle_semicircle_cutout_area,geometry,composite_shape,rectangle_semicircle_cutout_area,measurement,geometry,measurement,trace.tasks.geometry.measurement.curvilinear_composite,GeometryRectangleSemicircleCutoutAreaTask,trace/tasks/geometry/measurement/curvilinear_composite.py,docs/tasks/task_geometry__composite_shape__rectangle_semicircle_cutout_area.md,rectangle_semicircle_cutout_area,,,,rectangle_semicircle_cutout_area
task_geometry__composite_shape__rectangle_semicircle_cutout_perimeter,geometry,composite_shape,rectangle_semicircle_cutout_perimeter,measurement,geometry,measurement,trace.tasks.geometry.measurement.curvilinear_composite,GeometryRectangleSemicircleCutoutPerimeterTask,trace/tasks/geometry/measurement/curvilinear_composite.py,docs/tasks/task_geometry__composite_shape__rectangle_semicircle_cutout_perimeter.md,rectangle_semicircle_cutout_perimeter,,,,rectangle_semicircle_cutout_perimeter
task_geometry__composite_shape__sector_angle_from_arc_length,geometry,composite_shape,sector_angle_from_arc_length,measurement,geometry,measurement,trace.tasks.geometry.measurement.curvilinear_composite,GeometrySectorAngleFromArcLengthTask,trace/tasks/geometry/measurement/curvilinear_composite.py,docs/tasks/task_geometry__composite_shape__sector_angle_from_arc_length.md,sector_angle_from_arc_length,,,,sector_angle_from_arc_length
task_geometry__composite_shape__sector_angle_from_area,geometry,composite_shape,sector_angle_from_area,measurement,geometry,measurement,trace.tasks.geometry.measurement.curvilinear_composite,GeometrySectorAngleFromAreaTask,trace/tasks/geometry/measurement/curvilinear_composite.py,docs/tasks/task_geometry__composite_shape__sector_angle_from_area.md,sector_angle_from_area,,,,sector_angle_from_area
task_geometry__composite_shape__tabbed_rectilinear_perimeter,geometry,composite_shape,tabbed_rectilinear_perimeter,measurement,geometry,measurement,trace.tasks.geometry.measurement.composite_measurement,GeometryCompositeShapeTabbedRectilinearPerimeterTask,trace/tasks/geometry/measurement/composite_measurement.py,docs/tasks/task_geometry__composite_shape__tabbed_rectilinear_perimeter.md,tabbed_rectilinear_perimeter,,,,tabbed_rectilinear_perimeter
task_geometry__concentric_chord__chord_length_from_radii,geometry,concentric_chord,chord_length_from_radii,measurement,geometry,measurement,trace.tasks.geometry.measurement.concentric_circle_chord,GeometryConcentricChordLengthFromRadiiTask,trace/tasks/geometry/measurement/concentric_circle_chord.py,docs/tasks/task_geometry__concentric_chord__chord_length_from_radii.md,chord_length_from_radii,,,,chord_length_from_radii
task_geometry__concentric_chord__inner_radius_from_chord,geometry,concentric_chord,inner_radius_from_chord,measurement,geometry,measurement,trace.tasks.geometry.measurement.concentric_circle_chord,GeometryConcentricInnerRadiusFromChordTask,trace/tasks/geometry/measurement/concentric_circle_chord.py,docs/tasks/task_geometry__concentric_chord__inner_radius_from_chord.md,inner_radius_from_chord,,,,inner_radius_from_chord
task_geometry__cone_net__base_radius_from_sector_angle,geometry,cone_net,base_radius_from_sector_angle,measurement,geometry,measurement,trace.tasks.geometry.measurement.cone_sector_net,GeometryConeNetBaseRadiusFromSectorAngleTask,trace/tasks/geometry/measurement/cone_sector_net.py,docs/tasks/task_geometry__cone_net__base_radius_from_sector_angle.md,base_radius_from_sector_angle,,,,base_radius_from_sector_angle
task_geometry__cone_net__height_from_sector_angle,geometry,cone_net,height_from_sector_angle,measurement,geometry,measurement,trace.tasks.geometry.measurement.cone_sector_net,GeometryConeNetHeightFromSectorAngleTask,trace/tasks/geometry/measurement/cone_sector_net.py,docs/tasks/task_geometry__cone_net__height_from_sector_angle.md,height_from_sector_angle,,,,height_from_sector_angle
task_geometry__container_volume_transfer__fill_count_value,geometry,container_volume_transfer,fill_count_value,measurement,geometry,measurement,trace.tasks.geometry.measurement.container_volume_transfer,GeometryContainerVolumeTransferFillCountValueTask,trace/tasks/geometry/measurement/container_volume_transfer.py,docs/tasks/task_geometry__container_volume_transfer__fill_count_value.md,fill_count_value,,,,fill_count_value
task_geometry__container_volume_transfer__resulting_height_value,geometry,container_volume_transfer,resulting_height_value,measurement,geometry,measurement,trace.tasks.geometry.measurement.container_volume_transfer,GeometryContainerVolumeTransferResultingHeightValueTask,trace/tasks/geometry/measurement/container_volume_transfer.py,docs/tasks/task_geometry__container_volume_transfer__resulting_height_value.md,resulting_height_value,,,,resulting_height_value
task_geometry__container_volume_transfer__target_capacity_value,geometry,container_volume_transfer,target_capacity_value,measurement,geometry,measurement,trace.tasks.geometry.measurement.container_volume_transfer,GeometryContainerVolumeTransferTargetCapacityValueTask,trace/tasks/geometry/measurement/container_volume_transfer.py,docs/tasks/task_geometry__container_volume_transfer__target_capacity_value.md,target_capacity_value,,,,target_capacity_value
task_geometry__container_volume_transfer__transferred_volume_value,geometry,container_volume_transfer,transferred_volume_value,measurement,geometry,measurement,trace.tasks.geometry.measurement.container_volume_transfer,GeometryContainerVolumeTransferTransferredVolumeValueTask,trace/tasks/geometry/measurement/container_volume_transfer.py,docs/tasks/task_geometry__container_volume_transfer__transferred_volume_value.md,transferred_volume_value,,,,transferred_volume_value
task_geometry__coordinate_composite__intersection_point_count,geometry,coordinate_composite,intersection_point_count,coordinate,geometry,coordinate,trace.tasks.geometry.coordinate.composite_intersections,GeometryCoordinateCompositeIntersectionPointCountTask,trace/tasks/geometry/coordinate/composite_intersections.py,docs/tasks/task_geometry__coordinate_composite__intersection_point_count.md,intersection_point_count,,,,intersection_point_count
task_geometry__coordinate_panels__quadrilateral_shape_match_label,geometry,coordinate_panels,quadrilateral_shape_match_label,coordinate,geometry,coordinate,trace.tasks.geometry.coordinate.quadrilateral,GeometryCoordinateQuadrilateralShapeMatchLabelTask,trace/tasks/geometry/coordinate/quadrilateral.py,docs/tasks/task_geometry__coordinate_panels__quadrilateral_shape_match_label.md,parallelogram_shape_match_label|rectangle_shape_match_label|rhombus_shape_match_label|square_shape_match_label,option_letter,bbox_set,,parallelogram_shape_match_label
task_geometry__coordinate_panels__quadrilateral_shape_match_label,geometry,coordinate_panels,quadrilateral_shape_match_label,coordinate,geometry,coordinate,trace.tasks.geometry.coordinate.quadrilateral,GeometryCoordinateQuadrilateralShapeMatchLabelTask,trace/tasks/geometry/coordinate/quadrilateral.py,docs/tasks/task_geometry__coordinate_panels__quadrilateral_shape_match_label.md,parallelogram_shape_match_label|rectangle_shape_match_label|rhombus_shape_match_label|square_shape_match_label,option_letter,bbox_set,,rectangle_shape_match_label
task_geometry__coordinate_panels__quadrilateral_shape_match_label,geometry,coordinate_panels,quadrilateral_shape_match_label,coordinate,geometry,coordinate,trace.tasks.geometry.coordinate.quadrilateral,GeometryCoordinateQuadrilateralShapeMatchLabelTask,trace/tasks/geometry/coordinate/quadrilateral.py,docs/tasks/task_geometry__coordinate_panels__quadrilateral_shape_match_label.md,parallelogram_shape_match_label|rectangle_shape_match_label|rhombus_shape_match_label|square_shape_match_label,option_letter,bbox_set,,rhombus_shape_match_label
task_geometry__coordinate_panels__quadrilateral_shape_match_label,geometry,coordinate_panels,quadrilateral_shape_match_label,coordinate,geometry,coordinate,trace.tasks.geometry.coordinate.quadrilateral,GeometryCoordinateQuadrilateralShapeMatchLabelTask,trace/tasks/geometry/coordinate/quadrilateral.py,docs/tasks/task_geometry__coordinate_panels__quadrilateral_shape_match_label.md,parallelogram_shape_match_label|rectangle_shape_match_label|rhombus_shape_match_label|square_shape_match_label,option_letter,bbox_set,,square_shape_match_label
task_geometry__coordinate_plane__collinear_point_count,geometry,coordinate_plane,collinear_point_count,coordinate,geometry,coordinate,trace.tasks.geometry.coordinate.relation,GeometryCoordinateCollinearPointCountTask,trace/tasks/geometry/coordinate/relation.py,docs/tasks/task_geometry__coordinate_plane__collinear_point_count.md,collinear_count,integer,point_set,,collinear_count
task_geometry__coordinate_plane__locus_panel_match_label,geometry,coordinate_plane,locus_panel_match_label,coordinate,geometry,coordinate,trace.tasks.geometry.coordinate.locus_region,GeometryCoordinateLocusPanelMatchLabelTask,trace/tasks/geometry/coordinate/locus_region.py,docs/tasks/task_geometry__coordinate_plane__locus_panel_match_label.md,circle_inequality_panel_match|horizontal_halfplane_panel_match|two_inequality_panel_match|vertical_strip_panel_match,option_letter,bbox_set,,circle_inequality_panel_match
task_geometry__coordinate_plane__locus_panel_match_label,geometry,coordinate_plane,locus_panel_match_label,coordinate,geometry,coordinate,trace.tasks.geometry.coordinate.locus_region,GeometryCoordinateLocusPanelMatchLabelTask,trace/tasks/geometry/coordinate/locus_region.py,docs/tasks/task_geometry__coordinate_plane__locus_panel_match_label.md,circle_inequality_panel_match|horizontal_halfplane_panel_match|two_inequality_panel_match|vertical_strip_panel_match,option_letter,bbox_set,,horizontal_halfplane_panel_match
task_geometry__coordinate_plane__locus_panel_match_label,geometry,coordinate_plane,locus_panel_match_label,coordinate,geometry,coordinate,trace.tasks.geometry.coordinate.locus_region,GeometryCoordinateLocusPanelMatchLabelTask,trace/tasks/geometry/coordinate/locus_region.py,docs/tasks/task_geometry__coordinate_plane__locus_panel_match_label.md,circle_inequality_panel_match|horizontal_halfplane_panel_match|two_inequality_panel_match|vertical_strip_panel_match,option_letter,bbox_set,,two_inequality_panel_match
task_geometry__coordinate_plane__locus_panel_match_label,geometry,coordinate_plane,locus_panel_match_label,coordinate,geometry,coordinate,trace.tasks.geometry.coordinate.locus_region,GeometryCoordinateLocusPanelMatchLabelTask,trace/tasks/geometry/coordinate/locus_region.py,docs/tasks/task_geometry__coordinate_plane__locus_panel_match_label.md,circle_inequality_panel_match|horizontal_halfplane_panel_match|two_inequality_panel_match|vertical_strip_panel_match,option_letter,bbox_set,,vertical_strip_panel_match
task_geometry__coordinate_plane__locus_point_label,geometry,coordinate_plane,locus_point_label,coordinate,geometry,coordinate,trace.tasks.geometry.coordinate.locus_region,GeometryCoordinateLocusPointLabelTask,trace/tasks/geometry/coordinate/locus_region.py,docs/tasks/task_geometry__coordinate_plane__locus_point_label.md,annulus_region_point|circle_region_point|half_plane_intersection_region_point|vertical_strip_region_point,option_letter,point_set,,annulus_region_point
task_geometry__coordinate_plane__locus_point_label,geometry,coordinate_plane,locus_point_label,coordinate,geometry,coordinate,trace.tasks.geometry.coordinate.locus_region,GeometryCoordinateLocusPointLabelTask,trace/tasks/geometry/coordinate/locus_region.py,docs/tasks/task_geometry__coordinate_plane__locus_point_label.md,annulus_region_point|circle_region_point|half_plane_intersection_region_point|vertical_strip_region_point,option_letter,point_set,,circle_region_point
task_geometry__coordinate_plane__locus_point_label,geometry,coordinate_plane,locus_point_label,coordinate,geometry,coordinate,trace.tasks.geometry.coordinate.locus_region,GeometryCoordinateLocusPointLabelTask,trace/tasks/geometry/coordinate/locus_region.py,docs/tasks/task_geometry__coordinate_plane__locus_point_label.md,annulus_region_point|circle_region_point|half_plane_intersection_region_point|vertical_strip_region_point,option_letter,point_set,,half_plane_intersection_region_point
task_geometry__coordinate_plane__locus_point_label,geometry,coordinate_plane,locus_point_label,coordinate,geometry,coordinate,trace.tasks.geometry.coordinate.locus_region,GeometryCoordinateLocusPointLabelTask,trace/tasks/geometry/coordinate/locus_region.py,docs/tasks/task_geometry__coordinate_plane__locus_point_label.md,annulus_region_point|circle_region_point|half_plane_intersection_region_point|vertical_strip_region_point,option_letter,point_set,,vertical_strip_region_point
task_geometry__coordinate_plane__missing_endpoint_label,geometry,coordinate_plane,missing_endpoint_label,coordinate,geometry,coordinate,trace.tasks.geometry.coordinate.algebra,GeometryCoordinateMissingEndpointLabelTask,trace/tasks/geometry/coordinate/algebra.py,docs/tasks/task_geometry__coordinate_plane__missing_endpoint_label.md,missing_endpoint_from_midpoint|missing_startpoint_from_midpoint,option_letter,point_set,,missing_endpoint_from_midpoint
task_geometry__coordinate_plane__missing_endpoint_label,geometry,coordinate_plane,missing_endpoint_label,coordinate,geometry,coordinate,trace.tasks.geometry.coordinate.algebra,GeometryCoordinateMissingEndpointLabelTask,trace/tasks/geometry/coordinate/algebra.py,docs/tasks/task_geometry__coordinate_plane__missing_endpoint_label.md,missing_endpoint_from_midpoint|missing_startpoint_from_midpoint,option_letter,point_set,,missing_startpoint_from_midpoint
task_geometry__coordinate_plane__point_in_polygon_count,geometry,coordinate_plane,point_in_polygon_count,coordinate,geometry,coordinate,trace.tasks.geometry.coordinate.relation,GeometryCoordinatePointInPolygonCountTask,trace/tasks/geometry/coordinate/relation.py,docs/tasks/task_geometry__coordinate_plane__point_in_polygon_count.md,point_in_shape_count,integer,point_set,,point_in_shape_count
task_geometry__coordinate_plane__quadrilateral_completion_label,geometry,coordinate_plane,quadrilateral_completion_label,coordinate,geometry,coordinate,trace.tasks.geometry.coordinate.quadrilateral,GeometryCoordinateQuadrilateralCompletionLabelTask,trace/tasks/geometry/coordinate/quadrilateral.py,docs/tasks/task_geometry__coordinate_plane__quadrilateral_completion_label.md,parallelogram_completion_label|rectangle_completion_label|rhombus_completion_label|square_completion_label,option_letter,point_set,,parallelogram_completion_label
task_geometry__coordinate_plane__quadrilateral_completion_label,geometry,coordinate_plane,quadrilateral_completion_label,coordinate,geometry,coordinate,trace.tasks.geometry.coordinate.quadrilateral,GeometryCoordinateQuadrilateralCompletionLabelTask,trace/tasks/geometry/coordinate/quadrilateral.py,docs/tasks/task_geometry__coordinate_plane__quadrilateral_completion_label.md,parallelogram_completion_label|rectangle_completion_label|rhombus_completion_label|square_completion_label,option_letter,point_set,,rectangle_completion_label
task_geometry__coordinate_plane__quadrilateral_completion_label,geometry,coordinate_plane,quadrilateral_completion_label,coordinate,geometry,coordinate,trace.tasks.geometry.coordinate.quadrilateral,GeometryCoordinateQuadrilateralCompletionLabelTask,trace/tasks/geometry/coordinate/quadrilateral.py,docs/tasks/task_geometry__coordinate_plane__quadrilateral_completion_label.md,parallelogram_completion_label|rectangle_completion_label|rhombus_completion_label|square_completion_label,option_letter,point_set,,rhombus_completion_label
task_geometry__coordinate_plane__quadrilateral_completion_label,geometry,coordinate_plane,quadrilateral_completion_label,coordinate,geometry,coordinate,trace.tasks.geometry.coordinate.quadrilateral,GeometryCoordinateQuadrilateralCompletionLabelTask,trace/tasks/geometry/coordinate/quadrilateral.py,docs/tasks/task_geometry__coordinate_plane__quadrilateral_completion_label.md,parallelogram_completion_label|rectangle_completion_label|rhombus_completion_label|square_completion_label,option_letter,point_set,,square_completion_label
task_geometry__coordinate_plane__reflected_point_label,geometry,coordinate_plane,reflected_point_label,coordinate,geometry,coordinate,trace.tasks.geometry.coordinate.algebra,GeometryCoordinateReflectedPointLabelTask,trace/tasks/geometry/coordinate/algebra.py,docs/tasks/task_geometry__coordinate_plane__reflected_point_label.md,reflected_point_label,,,,reflected_point_label
task_geometry__coordinate_plane__rotated_point_label,geometry,coordinate_plane,rotated_point_label,coordinate,geometry,coordinate,trace.tasks.geometry.coordinate.algebra,GeometryCoordinateRotatedPointLabelTask,trace/tasks/geometry/coordinate/algebra.py,docs/tasks/task_geometry__coordinate_plane__rotated_point_label.md,rotated_point_label,,,,rotated_point_label
task_geometry__coordinate_plane__same_quadrant_point_count,geometry,coordinate_plane,same_quadrant_point_count,coordinate,geometry,coordinate,trace.tasks.geometry.coordinate.relation,GeometryCoordinateSameQuadrantPointCountTask,trace/tasks/geometry/coordinate/relation.py,docs/tasks/task_geometry__coordinate_plane__same_quadrant_point_count.md,same_quadrant_count,integer,point_set,,same_quadrant_count
task_geometry__coordinate_plane__section_point_label,geometry,coordinate_plane,section_point_label,coordinate,geometry,coordinate,trace.tasks.geometry.coordinate.algebra,GeometryCoordinateSectionPointLabelTask,trace/tasks/geometry/coordinate/algebra.py,docs/tasks/task_geometry__coordinate_plane__section_point_label.md,one_third_from_p_to_q|two_thirds_from_p_to_q,option_letter,point_set,,one_third_from_p_to_q
task_geometry__coordinate_plane__section_point_label,geometry,coordinate_plane,section_point_label,coordinate,geometry,coordinate,trace.tasks.geometry.coordinate.algebra,GeometryCoordinateSectionPointLabelTask,trace/tasks/geometry/coordinate/algebra.py,docs/tasks/task_geometry__coordinate_plane__section_point_label.md,one_third_from_p_to_q|two_thirds_from_p_to_q,option_letter,point_set,,two_thirds_from_p_to_q
task_geometry__coordinate_plane__segment_relation_count,geometry,coordinate_plane,segment_relation_count,coordinate,geometry,coordinate,trace.tasks.geometry.coordinate.relation,GeometryCoordinateSegmentRelationCountTask,trace/tasks/geometry/coordinate/relation.py,docs/tasks/task_geometry__coordinate_plane__segment_relation_count.md,parallel_count|perpendicular_count,integer,point_set,,parallel_count
task_geometry__coordinate_plane__segment_relation_count,geometry,coordinate_plane,segment_relation_count,coordinate,geometry,coordinate,trace.tasks.geometry.coordinate.relation,GeometryCoordinateSegmentRelationCountTask,trace/tasks/geometry/coordinate/relation.py,docs/tasks/task_geometry__coordinate_plane__segment_relation_count.md,parallel_count|perpendicular_count,integer,point_set,,perpendicular_count
task_geometry__coordinate_plane__translated_point_label,geometry,coordinate_plane,translated_point_label,coordinate,geometry,coordinate,trace.tasks.geometry.coordinate.algebra,GeometryCoordinateTranslatedPointLabelTask,trace/tasks/geometry/coordinate/algebra.py,docs/tasks/task_geometry__coordinate_plane__translated_point_label.md,translated_point_label,,,,translated_point_label
task_geometry__cuboid_views__cuboid_projection_surface_area_value,geometry,cuboid_views,cuboid_projection_surface_area_value,measurement,geometry,measurement,trace.tasks.geometry.measurement.cuboid_orthographic_views,GeometryCuboidProjectionSurfaceAreaValueTask,trace/tasks/geometry/measurement/cuboid_orthographic_views.py,docs/tasks/task_geometry__cuboid_views__cuboid_projection_surface_area_value.md,surface_area_from_orthographic_views,number,keyed_bbox_map,,surface_area_from_orthographic_views
task_geometry__cylinder_wrap__surface_path_length_value,geometry,cylinder_wrap,surface_path_length_value,measurement,geometry,measurement,trace.tasks.geometry.measurement.cylinder_wrap,GeometryCylinderWrapSurfacePathLengthValueTask,trace/tasks/geometry/measurement/cylinder_wrap.py,docs/tasks/task_geometry__cylinder_wrap__surface_path_length_value.md,surface_path_length_value,number,keyed_bbox_map,,surface_path_length_value
task_geometry__cylinder_wrap__wrapped_mark_position_label,geometry,cylinder_wrap,wrapped_mark_position_label,measurement,geometry,measurement,trace.tasks.geometry.measurement.cylinder_wrap,GeometryCylinderWrapWrappedMarkPositionLabelTask,trace/tasks/geometry/measurement/cylinder_wrap.py,docs/tasks/task_geometry__cylinder_wrap__wrapped_mark_position_label.md,wrapped_mark_position_label,option_letter,keyed_point_map,,wrapped_mark_position_label
task_geometry__function_graph__average_rate_value,geometry,function_graph,average_rate_value,graphing,geometry,graphing,trace.tasks.geometry.graphing.rate,GeometryGraphingAverageRateValueTask,trace/tasks/geometry/graphing/rate.py,docs/tasks/task_geometry__function_graph__average_rate_value.md,average_rate_between_marked_points,number,point_set,,average_rate_between_marked_points
task_geometry__function_graph__extremum_count_local_extremum_count,geometry,function_graph,extremum_count_local_extremum_count,graphing,geometry,graphing,trace.tasks.geometry.graphing.count,GeometryGraphingLocalExtremumCountTask,trace/tasks/geometry/graphing/count.py,docs/tasks/task_geometry__function_graph__extremum_count_local_extremum_count.md,extremum_count_local_extremum_count,,,,extremum_count_local_extremum_count
task_geometry__function_graph__extremum_count_turning_point_count,geometry,function_graph,extremum_count_turning_point_count,graphing,geometry,graphing,trace.tasks.geometry.graphing.count,GeometryGraphingTurningPointCountTask,trace/tasks/geometry/graphing/count.py,docs/tasks/task_geometry__function_graph__extremum_count_turning_point_count.md,extremum_count_turning_point_count,,,,extremum_count_turning_point_count
task_geometry__function_graph__reference_line_crossing_count,geometry,function_graph,reference_line_crossing_count,graphing,geometry,graphing,trace.tasks.geometry.graphing.count,GeometryGraphingReferenceLineCrossingCountTask,trace/tasks/geometry/graphing/count.py,docs/tasks/task_geometry__function_graph__reference_line_crossing_count.md,reference_line_crossing_count,integer,point_set,,reference_line_crossing_count
task_geometry__function_panels__function_status_label,geometry,function_panels,function_status_label,analytical,geometry,analytical,trace.tasks.geometry.analytical.function_property_label,GeometryFunctionPanelsFunctionStatusLabelTask,trace/tasks/geometry/analytical/function_property_label.py,docs/tasks/task_geometry__function_panels__function_status_label.md,function_status_label,,,,function_status_label
task_geometry__function_panels__intersection_property_label,geometry,function_panels,intersection_property_label,analytical,geometry,analytical,trace.tasks.geometry.analytical.intersection_property_label,GeometryAnalyticalIntersectionPropertyPublicLabelTask,trace/tasks/geometry/analytical/intersection_property_label.py,docs/tasks/task_geometry__function_panels__intersection_property_label.md,circle_circle_two_intersections_label|line_circle_tangent_label|line_circle_two_intersections_label,option_letter,bbox_set,,circle_circle_two_intersections_label
task_geometry__function_panels__intersection_property_label,geometry,function_panels,intersection_property_label,analytical,geometry,analytical,trace.tasks.geometry.analytical.intersection_property_label,GeometryAnalyticalIntersectionPropertyPublicLabelTask,trace/tasks/geometry/analytical/intersection_property_label.py,docs/tasks/task_geometry__function_panels__intersection_property_label.md,circle_circle_two_intersections_label|line_circle_tangent_label|line_circle_two_intersections_label,option_letter,bbox_set,,line_circle_tangent_label
task_geometry__function_panels__intersection_property_label,geometry,function_panels,intersection_property_label,analytical,geometry,analytical,trace.tasks.geometry.analytical.intersection_property_label,GeometryAnalyticalIntersectionPropertyPublicLabelTask,trace/tasks/geometry/analytical/intersection_property_label.py,docs/tasks/task_geometry__function_panels__intersection_property_label.md,circle_circle_two_intersections_label|line_circle_tangent_label|line_circle_two_intersections_label,option_letter,bbox_set,,line_circle_two_intersections_label
task_geometry__function_panels__one_to_one_status_label,geometry,function_panels,one_to_one_status_label,analytical,geometry,analytical,trace.tasks.geometry.analytical.function_property_label,GeometryFunctionPanelsOneToOneStatusLabelTask,trace/tasks/geometry/analytical/function_property_label.py,docs/tasks/task_geometry__function_panels__one_to_one_status_label.md,one_to_one_status_label,,,,one_to_one_status_label
task_geometry__function_panels__range_match_label,geometry,function_panels,range_match_label,analytical,geometry,analytical,trace.tasks.geometry.analytical.function_property_label,GeometryFunctionPanelsRangeMatchLabelTask,trace/tasks/geometry/analytical/function_property_label.py,docs/tasks/task_geometry__function_panels__range_match_label.md,range_match_label,,,,range_match_label
task_geometry__function_panels__sign_interval_label,geometry,function_panels,sign_interval_label,analytical,geometry,analytical,trace.tasks.geometry.analytical.function_property_label,GeometryFunctionPanelsSignIntervalLabelTask,trace/tasks/geometry/analytical/function_property_label.py,docs/tasks/task_geometry__function_panels__sign_interval_label.md,sign_interval_label,,,,sign_interval_label
task_geometry__function_panels__x_axis_symmetry_label,geometry,function_panels,x_axis_symmetry_label,analytical,geometry,analytical,trace.tasks.geometry.analytical.function_property_label,GeometryFunctionPanelsXAxisSymmetryLabelTask,trace/tasks/geometry/analytical/function_property_label.py,docs/tasks/task_geometry__function_panels__x_axis_symmetry_label.md,x_axis_symmetry_label,,,,x_axis_symmetry_label
task_geometry__graph_paper__angle_extremum_label,geometry,graph_paper,angle_extremum_label,comparison,geometry,comparison,trace.tasks.geometry.comparison.value,GeometryComparisonAngleExtremumLabelTask,trace/tasks/geometry/comparison/value.py,docs/tasks/task_geometry__graph_paper__angle_extremum_label.md,angle_extremum,option_letter,point_set,,angle_extremum
task_geometry__graph_paper__angle_type_count,geometry,graph_paper,angle_type_count,counting,geometry,counting,trace.tasks.geometry.counting.value,GeometryCountingAngleTypeCountTask,trace/tasks/geometry/counting/value.py,docs/tasks/task_geometry__graph_paper__angle_type_count.md,angle_type_count,integer,bbox_set,,angle_type_count
task_geometry__graph_paper__angle_value,geometry,graph_paper,angle_value,measurement,geometry,measurement,trace.tasks.geometry.measurement.value,GeometryMeasurementAngleValueTask,trace/tasks/geometry/measurement/value.py,docs/tasks/task_geometry__graph_paper__angle_value.md,angle,integer,point_set,,angle
task_geometry__graph_paper__area_extremum_label,geometry,graph_paper,area_extremum_label,comparison,geometry,comparison,trace.tasks.geometry.comparison.value,GeometryComparisonAreaExtremumLabelTask,trace/tasks/geometry/comparison/value.py,docs/tasks/task_geometry__graph_paper__area_extremum_label.md,area_extremum,option_letter,point_set,,area_extremum
task_geometry__graph_paper__circle_circumference_value,geometry,graph_paper,circle_circumference_value,measurement,geometry,measurement,trace.tasks.geometry.measurement.value,GeometryMeasurementCircleCircumferenceValueTask,trace/tasks/geometry/measurement/value.py,docs/tasks/task_geometry__graph_paper__circle_circumference_value.md,perimeter,pi_expression,point_set,,perimeter
task_geometry__graph_paper__ellipse_area_value,geometry,graph_paper,ellipse_area_value,measurement,geometry,measurement,trace.tasks.geometry.measurement.value,GeometryMeasurementEllipseAreaValueTask,trace/tasks/geometry/measurement/value.py,docs/tasks/task_geometry__graph_paper__ellipse_area_value.md,area,pi_expression,point_set,,area
task_geometry__graph_paper__length_extremum_label,geometry,graph_paper,length_extremum_label,comparison,geometry,comparison,trace.tasks.geometry.comparison.value,GeometryComparisonLengthExtremumLabelTask,trace/tasks/geometry/comparison/value.py,docs/tasks/task_geometry__graph_paper__length_extremum_label.md,length_extremum,option_letter,point_set,,length_extremum
task_geometry__graph_paper__line_slope_value,geometry,graph_paper,line_slope_value,measurement,geometry,measurement,trace.tasks.geometry.measurement.value,GeometryMeasurementLineSlopeValueTask,trace/tasks/geometry/measurement/value.py,docs/tasks/task_geometry__graph_paper__line_slope_value.md,slope,number,point_set,,slope
task_geometry__graph_paper__perimeter_extremum_label,geometry,graph_paper,perimeter_extremum_label,comparison,geometry,comparison,trace.tasks.geometry.comparison.value,GeometryComparisonPerimeterExtremumLabelTask,trace/tasks/geometry/comparison/value.py,docs/tasks/task_geometry__graph_paper__perimeter_extremum_label.md,perimeter_extremum,option_letter,point_set,,perimeter_extremum
task_geometry__graph_paper__polygon_area_value,geometry,graph_paper,polygon_area_value,measurement,geometry,measurement,trace.tasks.geometry.measurement.value,GeometryMeasurementPolygonAreaValueTask,trace/tasks/geometry/measurement/value.py,docs/tasks/task_geometry__graph_paper__polygon_area_value.md,area,integer,point_set,,area
task_geometry__graph_paper__polygon_convexity_count,geometry,graph_paper,polygon_convexity_count,counting,geometry,counting,trace.tasks.geometry.counting.value,GeometryCountingPolygonConvexityCountTask,trace/tasks/geometry/counting/value.py,docs/tasks/task_geometry__graph_paper__polygon_convexity_count.md,polygon_convexity_count,integer,bbox_set,,polygon_convexity_count
task_geometry__graph_paper__polygon_perimeter_value,geometry,graph_paper,polygon_perimeter_value,measurement,geometry,measurement,trace.tasks.geometry.measurement.value,GeometryMeasurementPolygonPerimeterValueTask,trace/tasks/geometry/measurement/value.py,docs/tasks/task_geometry__graph_paper__polygon_perimeter_value.md,perimeter,integer,point_set,,perimeter
task_geometry__graph_paper__quadrilateral_type_count,geometry,graph_paper,quadrilateral_type_count,counting,geometry,counting,trace.tasks.geometry.counting.value,GeometryCountingQuadrilateralTypeCountTask,trace/tasks/geometry/counting/value.py,docs/tasks/task_geometry__graph_paper__quadrilateral_type_count.md,quadrilateral_type_count,integer,bbox_set,,quadrilateral_type_count
task_geometry__graph_paper__shape_type_count,geometry,graph_paper,shape_type_count,counting,geometry,counting,trace.tasks.geometry.counting.value,GeometryCountingShapeTypeCountTask,trace/tasks/geometry/counting/value.py,docs/tasks/task_geometry__graph_paper__shape_type_count.md,shape_type_count,integer,bbox_set,,shape_type_count
task_geometry__graph_paper__triangle_type_count,geometry,graph_paper,triangle_type_count,counting,geometry,counting,trace.tasks.geometry.counting.value,GeometryCountingTriangleTypeCountTask,trace/tasks/geometry/counting/value.py,docs/tasks/task_geometry__graph_paper__triangle_type_count.md,triangle_type_count,integer,bbox_set,,triangle_type_count
task_geometry__incircle_tangents__incircle_radius_from_area_value,geometry,incircle_tangents,incircle_radius_from_area_value,measurement,geometry,measurement,trace.tasks.geometry.measurement.tangent_polygon_incircle,GeometryIncircleRadiusFromAreaValueTask,trace/tasks/geometry/measurement/tangent_polygon_incircle.py,docs/tasks/task_geometry__incircle_tangents__incircle_radius_from_area_value.md,inradius_from_area_and_tangent_segments,number,bbox_set,,inradius_from_area_and_tangent_segments
task_geometry__incircle_tangents__incircle_tangent_perimeter_value,geometry,incircle_tangents,incircle_tangent_perimeter_value,measurement,geometry,measurement,trace.tasks.geometry.measurement.tangent_polygon_incircle,GeometryIncircleTangentPerimeterValueTask,trace/tasks/geometry/measurement/tangent_polygon_incircle.py,docs/tasks/task_geometry__incircle_tangents__incircle_tangent_perimeter_value.md,triangle_perimeter_from_tangent_segments,number,bbox_set,,triangle_perimeter_from_tangent_segments
task_geometry__marked_polygon_equation__angle_value,geometry,marked_polygon_equation,angle_value,measurement,geometry,measurement,trace.tasks.geometry.measurement.geo3k_marked_equations,GeometryMarkedPolygonEquationAngleValueTask,trace/tasks/geometry/measurement/geo3k_marked_equations.py,docs/tasks/task_geometry__marked_polygon_equation__angle_value.md,angle_value,,,,angle_value
task_geometry__marked_polygon_equation__angle_variable_value,geometry,marked_polygon_equation,angle_variable_value,measurement,geometry,measurement,trace.tasks.geometry.measurement.geo3k_marked_equations,GeometryMarkedPolygonEquationAngleVariableValueTask,trace/tasks/geometry/measurement/geo3k_marked_equations.py,docs/tasks/task_geometry__marked_polygon_equation__angle_variable_value.md,angle_variable_value,,,,angle_variable_value
task_geometry__marked_polygon_equation__side_length_value,geometry,marked_polygon_equation,side_length_value,measurement,geometry,measurement,trace.tasks.geometry.measurement.geo3k_marked_equations,GeometryMarkedPolygonEquationSideLengthValueTask,trace/tasks/geometry/measurement/geo3k_marked_equations.py,docs/tasks/task_geometry__marked_polygon_equation__side_length_value.md,side_length_value,,,,side_length_value
task_geometry__marked_polygon_equation__side_variable_value,geometry,marked_polygon_equation,side_variable_value,measurement,geometry,measurement,trace.tasks.geometry.measurement.geo3k_marked_equations,GeometryMarkedPolygonEquationSideVariableValueTask,trace/tasks/geometry/measurement/geo3k_marked_equations.py,docs/tasks/task_geometry__marked_polygon_equation__side_variable_value.md,side_variable_value,,,,side_variable_value
task_geometry__measuring_tools__shape_angle_value_quadrilateral_vertex_protractor_reading,geometry,measuring_tools,shape_angle_value_quadrilateral_vertex_protractor_reading,measurement,geometry,measurement,trace.tasks.geometry.measurement.measuring_tools,GeometryMeasuringToolsShapeAngleValueQuadrilateralVertexProtractorReadingTask,trace/tasks/geometry/measurement/measuring_tools.py,docs/tasks/task_geometry__measuring_tools__shape_angle_value_quadrilateral_vertex_protractor_reading.md,shape_angle_value_quadrilateral_vertex_protractor_reading,,,,shape_angle_value_quadrilateral_vertex_protractor_reading
task_geometry__measuring_tools__shape_angle_value_triangle_vertex_protractor_reading,geometry,measuring_tools,shape_angle_value_triangle_vertex_protractor_reading,measurement,geometry,measurement,trace.tasks.geometry.measurement.measuring_tools,GeometryMeasuringToolsShapeAngleValueTriangleVertexProtractorReadingTask,trace/tasks/geometry/measurement/measuring_tools.py,docs/tasks/task_geometry__measuring_tools__shape_angle_value_triangle_vertex_protractor_reading.md,shape_angle_value_triangle_vertex_protractor_reading,,,,shape_angle_value_triangle_vertex_protractor_reading
task_geometry__measuring_tools__shape_length_value_circle_radius_ruler_reading,geometry,measuring_tools,shape_length_value_circle_radius_ruler_reading,measurement,geometry,measurement,trace.tasks.geometry.measurement.measuring_tools,GeometryMeasuringToolsShapeLengthValueCircleRadiusRulerReadingTask,trace/tasks/geometry/measurement/measuring_tools.py,docs/tasks/task_geometry__measuring_tools__shape_length_value_circle_radius_ruler_reading.md,shape_length_value_circle_radius_ruler_reading,,,,shape_length_value_circle_radius_ruler_reading
task_geometry__measuring_tools__shape_length_value_polygon_side_ruler_reading,geometry,measuring_tools,shape_length_value_polygon_side_ruler_reading,measurement,geometry,measurement,trace.tasks.geometry.measurement.measuring_tools,GeometryMeasuringToolsShapeLengthValuePolygonSideRulerReadingTask,trace/tasks/geometry/measurement/measuring_tools.py,docs/tasks/task_geometry__measuring_tools__shape_length_value_polygon_side_ruler_reading.md,shape_length_value_polygon_side_ruler_reading,,,,shape_length_value_polygon_side_ruler_reading
task_geometry__paper_fold__paper_fold_angle_value,geometry,paper_fold,paper_fold_angle_value,measurement,geometry,measurement,trace.tasks.geometry.measurement.paper_fold_measurement,GeometryPaperFoldAngleValueTask,trace/tasks/geometry/measurement/paper_fold_measurement.py,docs/tasks/task_geometry__paper_fold__paper_fold_angle_value.md,fold_angle_from_total_label,number,bbox_set,,fold_angle_from_total_label
task_geometry__parallel_segment_proportion__segment_length_value,geometry,parallel_segment_proportion,segment_length_value,measurement,geometry,measurement,trace.tasks.geometry.measurement.geo3k_marked_equations,GeometryParallelSegmentProportionSegmentLengthValueTask,trace/tasks/geometry/measurement/geo3k_marked_equations.py,docs/tasks/task_geometry__parallel_segment_proportion__segment_length_value.md,segment_length_value,,,,segment_length_value
task_geometry__parallel_segment_proportion__variable_value,geometry,parallel_segment_proportion,variable_value,measurement,geometry,measurement,trace.tasks.geometry.measurement.geo3k_marked_equations,GeometryParallelSegmentProportionVariableValueTask,trace/tasks/geometry/measurement/geo3k_marked_equations.py,docs/tasks/task_geometry__parallel_segment_proportion__variable_value.md,variable_value,,,,variable_value
task_geometry__polygon_angle_chase__parallel_line_angle_value,geometry,polygon_angle_chase,parallel_line_angle_value,measurement,geometry,measurement,trace.tasks.geometry.measurement.polygon_angle_chase,GeometryPolygonAngleChaseParallelLineAngleValueTask,trace/tasks/geometry/measurement/polygon_angle_chase.py,docs/tasks/task_geometry__polygon_angle_chase__parallel_line_angle_value.md,parallel_line_angle_value,,,,parallel_line_angle_value
task_geometry__polygon_angle_chase__polygon_interior_angle_value,geometry,polygon_angle_chase,polygon_interior_angle_value,measurement,geometry,measurement,trace.tasks.geometry.measurement.polygon_angle_chase,GeometryPolygonAngleChaseInteriorAngleValueTask,trace/tasks/geometry/measurement/polygon_angle_chase.py,docs/tasks/task_geometry__polygon_angle_chase__polygon_interior_angle_value.md,polygon_interior_angle_value,,,,polygon_interior_angle_value
task_geometry__polygon_angle_chase__symmetry_angle_value,geometry,polygon_angle_chase,symmetry_angle_value,measurement,geometry,measurement,trace.tasks.geometry.measurement.polygon_angle_chase,GeometryPolygonAngleChaseSymmetryAngleValueTask,trace/tasks/geometry/measurement/polygon_angle_chase.py,docs/tasks/task_geometry__polygon_angle_chase__symmetry_angle_value.md,symmetry_angle_value,,,,symmetry_angle_value
task_geometry__pythagorean_dissection__pythagorean_square_area_value,geometry,pythagorean_dissection,pythagorean_square_area_value,measurement,geometry,measurement,trace.tasks.geometry.measurement.pythagorean_square_dissection,GeometryPythagoreanSquareAreaValueTask,trace/tasks/geometry/measurement/pythagorean_square_dissection.py,docs/tasks/task_geometry__pythagorean_dissection__pythagorean_square_area_value.md,central_square_area_from_triangle_legs,number,bbox_set,,central_square_area_from_triangle_legs
task_geometry__pythagorean_tree__missing_square_area_value,geometry,pythagorean_tree,missing_square_area_value,measurement,geometry,measurement,trace.tasks.geometry.measurement.pythagorean_tree,GeometryPythagoreanTreeMissingSquareAreaValueTask,trace/tasks/geometry/measurement/pythagorean_tree.py,docs/tasks/task_geometry__pythagorean_tree__missing_square_area_value.md,missing_square_area_value,,,,missing_square_area_value
task_geometry__rectangular_solid__cube_edge_from_frame_length_value,geometry,rectangular_solid,cube_edge_from_frame_length_value,measurement,geometry,measurement,trace.tasks.geometry.measurement.rectangular_solid,GeometryRectangularSolidCubeEdgeFromFrameLengthValueTask,trace/tasks/geometry/measurement/rectangular_solid.py,docs/tasks/task_geometry__rectangular_solid__cube_edge_from_frame_length_value.md,cube_edge_from_frame_length_value,,,,cube_edge_from_frame_length_value
task_geometry__rectangular_solid__cuboid_surface_area_value,geometry,rectangular_solid,cuboid_surface_area_value,measurement,geometry,measurement,trace.tasks.geometry.measurement.rectangular_solid,GeometryRectangularSolidCuboidSurfaceAreaValueTask,trace/tasks/geometry/measurement/rectangular_solid.py,docs/tasks/task_geometry__rectangular_solid__cuboid_surface_area_value.md,cuboid_surface_area_value,,,,cuboid_surface_area_value
task_geometry__rectangular_solid__cuboid_volume_missing_dimension_value,geometry,rectangular_solid,cuboid_volume_missing_dimension_value,measurement,geometry,measurement,trace.tasks.geometry.measurement.rectangular_solid,GeometryRectangularSolidCuboidVolumeMissingDimensionValueTask,trace/tasks/geometry/measurement/rectangular_solid.py,docs/tasks/task_geometry__rectangular_solid__cuboid_volume_missing_dimension_value.md,cuboid_volume_missing_dimension_value,,,,cuboid_volume_missing_dimension_value
task_geometry__rectangular_solid__open_box_net_dimension_value,geometry,rectangular_solid,open_box_net_dimension_value,measurement,geometry,measurement,trace.tasks.geometry.measurement.rectangular_solid,GeometryRectangularSolidOpenBoxNetDimensionValueTask,trace/tasks/geometry/measurement/rectangular_solid.py,docs/tasks/task_geometry__rectangular_solid__open_box_net_dimension_value.md,open_box_net_dimension_value,,,,open_box_net_dimension_value
task_geometry__regular_polygon_decomposition__central_angle_value,geometry,regular_polygon_decomposition,central_angle_value,measurement,geometry,measurement,trace.tasks.geometry.measurement.regular_polygon_decomposition,GeometryRegularPolygonDecompositionCentralAngleTask,trace/tasks/geometry/measurement/regular_polygon_decomposition.py,docs/tasks/task_geometry__regular_polygon_decomposition__central_angle_value.md,central_angle_value,,,,central_angle_value
task_geometry__regular_polygon_decomposition__perimeter_value,geometry,regular_polygon_decomposition,perimeter_value,measurement,geometry,measurement,trace.tasks.geometry.measurement.regular_polygon_decomposition,GeometryRegularPolygonDecompositionPerimeterTask,trace/tasks/geometry/measurement/regular_polygon_decomposition.py,docs/tasks/task_geometry__regular_polygon_decomposition__perimeter_value.md,perimeter_value,,,,perimeter_value
task_geometry__regular_polygon_decomposition__piece_area_value,geometry,regular_polygon_decomposition,piece_area_value,measurement,geometry,measurement,trace.tasks.geometry.measurement.regular_polygon_decomposition,GeometryRegularPolygonDecompositionPieceAreaTask,trace/tasks/geometry/measurement/regular_polygon_decomposition.py,docs/tasks/task_geometry__regular_polygon_decomposition__piece_area_value.md,piece_area_value,,,,piece_area_value
task_geometry__regular_polygon_decomposition__side_length_value,geometry,regular_polygon_decomposition,side_length_value,measurement,geometry,measurement,trace.tasks.geometry.measurement.regular_polygon_decomposition,GeometryRegularPolygonDecompositionSideLengthTask,trace/tasks/geometry/measurement/regular_polygon_decomposition.py,docs/tasks/task_geometry__regular_polygon_decomposition__side_length_value.md,side_length_value,,,,side_length_value
task_geometry__right_triangle_altitude_theorem__altitude_to_hypotenuse_value,geometry,right_triangle_altitude_theorem,altitude_to_hypotenuse_value,measurement,geometry,measurement,trace.tasks.geometry.measurement.right_triangle_altitude_theorem,GeometryRightTriangleAltitudeTheoremAltitudeValueTask,trace/tasks/geometry/measurement/right_triangle_altitude_theorem.py,docs/tasks/task_geometry__right_triangle_altitude_theorem__altitude_to_hypotenuse_value.md,altitude_to_hypotenuse_value,,,,altitude_to_hypotenuse_value
task_geometry__right_triangle_altitude_theorem__leg_projection_length_value,geometry,right_triangle_altitude_theorem,leg_projection_length_value,measurement,geometry,measurement,trace.tasks.geometry.measurement.right_triangle_altitude_theorem,GeometryRightTriangleAltitudeTheoremLegProjectionValueTask,trace/tasks/geometry/measurement/right_triangle_altitude_theorem.py,docs/tasks/task_geometry__right_triangle_altitude_theorem__leg_projection_length_value.md,leg_projection_length_value,,,,leg_projection_length_value
task_geometry__sector__angle_from_sector_measure_angle_from_arc_length_and_radius,geometry,sector,angle_from_sector_measure_angle_from_arc_length_and_radius,measurement,geometry,measurement,trace.tasks.geometry.measurement.sector_formula,GeometrySectorAngleFromArcLengthAndRadiusTask,trace/tasks/geometry/measurement/sector_formula.py,docs/tasks/task_geometry__sector__angle_from_sector_measure_angle_from_arc_length_and_radius.md,angle_from_sector_measure_angle_from_arc_length_and_radius,,,,angle_from_sector_measure_angle_from_arc_length_and_radius
task_geometry__sector__angle_from_sector_measure_angle_from_area_and_radius,geometry,sector,angle_from_sector_measure_angle_from_area_and_radius,measurement,geometry,measurement,trace.tasks.geometry.measurement.sector_formula,GeometrySectorAngleFromAreaAndRadiusTask,trace/tasks/geometry/measurement/sector_formula.py,docs/tasks/task_geometry__sector__angle_from_sector_measure_angle_from_area_and_radius.md,angle_from_sector_measure_angle_from_area_and_radius,,,,angle_from_sector_measure_angle_from_area_and_radius
task_geometry__sector__arc_length_value_arc_length_from_area_and_radius,geometry,sector,arc_length_value_arc_length_from_area_and_radius,measurement,geometry,measurement,trace.tasks.geometry.measurement.sector_formula,GeometrySectorArcLengthFromAreaAndRadiusTask,trace/tasks/geometry/measurement/sector_formula.py,docs/tasks/task_geometry__sector__arc_length_value_arc_length_from_area_and_radius.md,arc_length_value_arc_length_from_area_and_radius,,,,arc_length_value_arc_length_from_area_and_radius
task_geometry__sector__arc_length_value_arc_length_from_radius_and_supplement_angle,geometry,sector,arc_length_value_arc_length_from_radius_and_supplement_angle,measurement,geometry,measurement,trace.tasks.geometry.measurement.sector_formula,GeometrySectorArcLengthFromRadiusAndSupplementAngleTask,trace/tasks/geometry/measurement/sector_formula.py,docs/tasks/task_geometry__sector__arc_length_value_arc_length_from_radius_and_supplement_angle.md,arc_length_value_arc_length_from_radius_and_supplement_angle,,,,arc_length_value_arc_length_from_radius_and_supplement_angle
task_geometry__sector__related_angle_from_sector_measure_complement_angle_from_arc_length,geometry,sector,related_angle_from_sector_measure_complement_angle_from_arc_length,measurement,geometry,measurement,trace.tasks.geometry.measurement.sector_formula,GeometrySectorRelatedComplementAngleFromArcLengthTask,trace/tasks/geometry/measurement/sector_formula.py,docs/tasks/task_geometry__sector__related_angle_from_sector_measure_complement_angle_from_arc_length.md,related_angle_from_sector_measure_complement_angle_from_arc_length,,,,related_angle_from_sector_measure_complement_angle_from_arc_length
task_geometry__sector__related_angle_from_sector_measure_remaining_angle_from_sector_measure,geometry,sector,related_angle_from_sector_measure_remaining_angle_from_sector_measure,measurement,geometry,measurement,trace.tasks.geometry.measurement.sector_formula,GeometrySectorRelatedRemainingAngleFromSectorMeasureTask,trace/tasks/geometry/measurement/sector_formula.py,docs/tasks/task_geometry__sector__related_angle_from_sector_measure_remaining_angle_from_sector_measure.md,related_angle_from_sector_measure_remaining_angle_from_sector_measure,,,,related_angle_from_sector_measure_remaining_angle_from_sector_measure
task_geometry__sector__related_angle_from_sector_measure_supplement_angle_from_area,geometry,sector,related_angle_from_sector_measure_supplement_angle_from_area,measurement,geometry,measurement,trace.tasks.geometry.measurement.sector_formula,GeometrySectorRelatedSupplementAngleFromAreaTask,trace/tasks/geometry/measurement/sector_formula.py,docs/tasks/task_geometry__sector__related_angle_from_sector_measure_supplement_angle_from_area.md,related_angle_from_sector_measure_supplement_angle_from_area,,,,related_angle_from_sector_measure_supplement_angle_from_area
task_geometry__sector__sector_area_value_area_from_arc_length_and_radius,geometry,sector,sector_area_value_area_from_arc_length_and_radius,measurement,geometry,measurement,trace.tasks.geometry.measurement.sector_formula,GeometrySectorAreaFromArcLengthAndRadiusTask,trace/tasks/geometry/measurement/sector_formula.py,docs/tasks/task_geometry__sector__sector_area_value_area_from_arc_length_and_radius.md,sector_area_value_area_from_arc_length_and_radius,,,,sector_area_value_area_from_arc_length_and_radius
task_geometry__sector__sector_area_value_area_from_radius_and_complement_angle,geometry,sector,sector_area_value_area_from_radius_and_complement_angle,measurement,geometry,measurement,trace.tasks.geometry.measurement.sector_formula,GeometrySectorAreaFromRadiusAndComplementAngleTask,trace/tasks/geometry/measurement/sector_formula.py,docs/tasks/task_geometry__sector__sector_area_value_area_from_radius_and_complement_angle.md,sector_area_value_area_from_radius_and_complement_angle,,,,sector_area_value_area_from_radius_and_complement_angle
task_geometry__shape_gallery__congruent_count,geometry,shape_gallery,congruent_count,similarity,geometry,similarity,trace.tasks.geometry.similarity.count,GeometryShapeGalleryCongruentCountTask,trace/tasks/geometry/similarity/count.py,docs/tasks/task_geometry__shape_gallery__congruent_count.md,congruent_count,,,,congruent_count
task_geometry__shape_gallery__reflection_match,geometry,shape_gallery,reflection_match,transformation,geometry,transformation,trace.tasks.geometry.transformation.match,GeometryShapeGalleryReflectionMatchTask,trace/tasks/geometry/transformation/match.py,docs/tasks/task_geometry__shape_gallery__reflection_match.md,reflection_match,,,,reflection_match
task_geometry__shape_gallery__rotation_match,geometry,shape_gallery,rotation_match,transformation,geometry,transformation,trace.tasks.geometry.transformation.match,GeometryShapeGalleryRotationMatchTask,trace/tasks/geometry/transformation/match.py,docs/tasks/task_geometry__shape_gallery__rotation_match.md,rotation_match,,,,rotation_match
task_geometry__shape_gallery__similar_count,geometry,shape_gallery,similar_count,similarity,geometry,similarity,trace.tasks.geometry.similarity.count,GeometryShapeGallerySimilarCountTask,trace/tasks/geometry/similarity/count.py,docs/tasks/task_geometry__shape_gallery__similar_count.md,similar_count,,,,similar_count
task_geometry__shape_gallery__translation_match,geometry,shape_gallery,translation_match,transformation,geometry,transformation,trace.tasks.geometry.transformation.match,GeometryShapeGalleryTranslationMatchTask,trace/tasks/geometry/transformation/match.py,docs/tasks/task_geometry__shape_gallery__translation_match.md,translation_match,,,,translation_match
task_geometry__similar_figure_measure_transfer__area_scale_side_length_value,geometry,similar_figure_measure_transfer,area_scale_side_length_value,measurement,geometry,measurement,trace.tasks.geometry.measurement.similar_figure_measure_transfer,GeometrySimilarFigureMeasureTransferAreaScaleSideLengthValueTask,trace/tasks/geometry/measurement/similar_figure_measure_transfer.py,docs/tasks/task_geometry__similar_figure_measure_transfer__area_scale_side_length_value.md,area_scale_side_length_value,,,,area_scale_side_length_value
task_geometry__similar_figure_measure_transfer__corresponding_side_value,geometry,similar_figure_measure_transfer,corresponding_side_value,measurement,geometry,measurement,trace.tasks.geometry.measurement.similar_figure_measure_transfer,GeometrySimilarFigureMeasureTransferCorrespondingSideValueTask,trace/tasks/geometry/measurement/similar_figure_measure_transfer.py,docs/tasks/task_geometry__similar_figure_measure_transfer__corresponding_side_value.md,corresponding_side_value,,,,corresponding_side_value
task_geometry__similar_figure_measure_transfer__scale_factor_value,geometry,similar_figure_measure_transfer,scale_factor_value,measurement,geometry,measurement,trace.tasks.geometry.measurement.similar_figure_measure_transfer,GeometrySimilarFigureMeasureTransferScaleFactorValueTask,trace/tasks/geometry/measurement/similar_figure_measure_transfer.py,docs/tasks/task_geometry__similar_figure_measure_transfer__scale_factor_value.md,scale_factor_value,,,,scale_factor_value
task_geometry__similar_figure_measure_transfer__side_length_from_expression_value,geometry,similar_figure_measure_transfer,side_length_from_expression_value,measurement,geometry,measurement,trace.tasks.geometry.measurement.geo3k_marked_equations,GeometrySimilarFigureMeasureTransferSideLengthFromExpressionValueTask,trace/tasks/geometry/measurement/geo3k_marked_equations.py,docs/tasks/task_geometry__similar_figure_measure_transfer__side_length_from_expression_value.md,side_length_from_expression_value,,,,side_length_from_expression_value
task_geometry__similar_figure_measure_transfer__variable_value,geometry,similar_figure_measure_transfer,variable_value,measurement,geometry,measurement,trace.tasks.geometry.measurement.geo3k_marked_equations,GeometrySimilarFigureMeasureTransferVariableValueTask,trace/tasks/geometry/measurement/geo3k_marked_equations.py,docs/tasks/task_geometry__similar_figure_measure_transfer__variable_value.md,variable_value,,,,variable_value
task_geometry__solid_cross_section__cone_parallel_slice_area,geometry,solid_cross_section,cone_parallel_slice_area,measurement,geometry,measurement,trace.tasks.geometry.measurement.solid_cross_section,GeometryConeParallelSliceAreaTask,trace/tasks/geometry/measurement/solid_cross_section.py,docs/tasks/task_geometry__solid_cross_section__cone_parallel_slice_area.md,cone_parallel_slice_area,,,,cone_parallel_slice_area
task_geometry__solid_cross_section__square_pyramid_parallel_slice_area,geometry,solid_cross_section,square_pyramid_parallel_slice_area,measurement,geometry,measurement,trace.tasks.geometry.measurement.solid_cross_section,GeometrySquarePyramidParallelSliceAreaTask,trace/tasks/geometry/measurement/solid_cross_section.py,docs/tasks/task_geometry__solid_cross_section__square_pyramid_parallel_slice_area.md,square_pyramid_parallel_slice_area,,,,square_pyramid_parallel_slice_area
task_geometry__solid_formula__cylinder_cone_height_from_volume_radius,geometry,solid_formula,cylinder_cone_height_from_volume_radius,measurement,geometry,measurement,trace.tasks.geometry.measurement.solid_formula,GeometrySolidFormulaCylinderConeHeightFromVolumeRadiusTask,trace/tasks/geometry/measurement/solid_formula.py,docs/tasks/task_geometry__solid_formula__cylinder_cone_height_from_volume_radius.md,cylinder_cone_height_from_volume_radius,,,,cylinder_cone_height_from_volume_radius
task_geometry__solid_formula__cylinder_cone_radius_from_volume_heights,geometry,solid_formula,cylinder_cone_radius_from_volume_heights,measurement,geometry,measurement,trace.tasks.geometry.measurement.solid_formula,GeometrySolidFormulaCylinderConeRadiusFromVolumeHeightsTask,trace/tasks/geometry/measurement/solid_formula.py,docs/tasks/task_geometry__solid_formula__cylinder_cone_radius_from_volume_heights.md,cylinder_cone_radius_from_volume_heights,,,,cylinder_cone_radius_from_volume_heights
task_geometry__solid_formula__house_prism_length_from_volume,geometry,solid_formula,house_prism_length_from_volume,measurement,geometry,measurement,trace.tasks.geometry.measurement.solid_formula,GeometrySolidFormulaHousePrismLengthFromVolumeTask,trace/tasks/geometry/measurement/solid_formula.py,docs/tasks/task_geometry__solid_formula__house_prism_length_from_volume.md,house_prism_length_from_volume,,,,house_prism_length_from_volume
task_geometry__solid_formula__prism_pyramid_height_from_volume,geometry,solid_formula,prism_pyramid_height_from_volume,measurement,geometry,measurement,trace.tasks.geometry.measurement.solid_formula,GeometrySolidFormulaPrismPyramidHeightFromVolumeTask,trace/tasks/geometry/measurement/solid_formula.py,docs/tasks/task_geometry__solid_formula__prism_pyramid_height_from_volume.md,prism_pyramid_height_from_volume,,,,prism_pyramid_height_from_volume
task_geometry__solid_revolution__revolution_cone_volume_value,geometry,solid_revolution,revolution_cone_volume_value,measurement,geometry,measurement,trace.tasks.geometry.measurement.solid_revolution,GeometrySolidRevolutionConeVolumeValueTask,trace/tasks/geometry/measurement/solid_revolution.py,docs/tasks/task_geometry__solid_revolution__revolution_cone_volume_value.md,cone_volume_from_right_triangle,number,bbox_set,,cone_volume_from_right_triangle
task_geometry__solid_revolution__revolution_cylinder_volume_value,geometry,solid_revolution,revolution_cylinder_volume_value,measurement,geometry,measurement,trace.tasks.geometry.measurement.solid_revolution,GeometrySolidRevolutionCylinderVolumeValueTask,trace/tasks/geometry/measurement/solid_revolution.py,docs/tasks/task_geometry__solid_revolution__revolution_cylinder_volume_value.md,cylinder_volume_from_rectangle,number,bbox_set,,cylinder_volume_from_rectangle
task_geometry__solid_revolution__revolution_double_cone_volume_value,geometry,solid_revolution,revolution_double_cone_volume_value,measurement,geometry,measurement,trace.tasks.geometry.measurement.solid_revolution,GeometrySolidRevolutionDoubleConeVolumeValueTask,trace/tasks/geometry/measurement/solid_revolution.py,docs/tasks/task_geometry__solid_revolution__revolution_double_cone_volume_value.md,double_cone_volume_from_triangle,number,bbox_set,,double_cone_volume_from_triangle
task_geometry__solid_revolution__revolution_frustum_volume_value,geometry,solid_revolution,revolution_frustum_volume_value,measurement,geometry,measurement,trace.tasks.geometry.measurement.solid_revolution,GeometrySolidRevolutionFrustumVolumeValueTask,trace/tasks/geometry/measurement/solid_revolution.py,docs/tasks/task_geometry__solid_revolution__revolution_frustum_volume_value.md,frustum_volume_from_trapezoid,number,bbox_set,,frustum_volume_from_trapezoid
task_geometry__special_quadrilateral__algebraic_angle_value,geometry,special_quadrilateral,algebraic_angle_value,measurement,geometry,measurement,trace.tasks.geometry.measurement.special_quadrilateral,GeometrySpecialQuadrilateralAlgebraicAngleValueTask,trace/tasks/geometry/measurement/special_quadrilateral.py,docs/tasks/task_geometry__special_quadrilateral__algebraic_angle_value.md,algebraic_angle_value,,,,algebraic_angle_value
task_geometry__special_quadrilateral__diagonal_angle_value,geometry,special_quadrilateral,diagonal_angle_value,measurement,geometry,measurement,trace.tasks.geometry.measurement.special_quadrilateral,GeometrySpecialQuadrilateralDiagonalAngleValueTask,trace/tasks/geometry/measurement/special_quadrilateral.py,docs/tasks/task_geometry__special_quadrilateral__diagonal_angle_value.md,diagonal_angle_value,,,,diagonal_angle_value
task_geometry__special_quadrilateral__segment_length_value,geometry,special_quadrilateral,segment_length_value,measurement,geometry,measurement,trace.tasks.geometry.measurement.special_quadrilateral,GeometrySpecialQuadrilateralSegmentLengthValueTask,trace/tasks/geometry/measurement/special_quadrilateral.py,docs/tasks/task_geometry__special_quadrilateral__segment_length_value.md,segment_length_value,,,,segment_length_value
task_geometry__split_triangle_angle_chase__target_angle_value,geometry,split_triangle_angle_chase,target_angle_value,measurement,geometry,measurement,trace.tasks.geometry.measurement.split_triangle_patterns,GeometrySplitTriangleAngleChaseTargetAngleValueTask,trace/tasks/geometry/measurement/split_triangle_patterns.py,docs/tasks/task_geometry__split_triangle_angle_chase__target_angle_value.md,target_angle_value,,,,target_angle_value
task_geometry__split_triangle_trig_chain__side_length_value,geometry,split_triangle_trig_chain,side_length_value,measurement,geometry,measurement,trace.tasks.geometry.measurement.split_triangle_patterns,GeometrySplitTriangleTrigChainSideLengthValueTask,trace/tasks/geometry/measurement/split_triangle_patterns.py,docs/tasks/task_geometry__split_triangle_trig_chain__side_length_value.md,side_length_value,,,,side_length_value
task_geometry__survey_traverse__bearing_angle_value,geometry,survey_traverse,bearing_angle_value,measurement,geometry,measurement,trace.tasks.geometry.measurement.survey_traverse,GeometrySurveyTraverseBearingAngleValueTask,trace/tasks/geometry/measurement/survey_traverse.py,docs/tasks/task_geometry__survey_traverse__bearing_angle_value.md,bearing_angle_value,,,,bearing_angle_value
task_geometry__survey_traverse__station_elevation_value,geometry,survey_traverse,station_elevation_value,measurement,geometry,measurement,trace.tasks.geometry.measurement.survey_traverse,GeometrySurveyTraverseStationElevationValueTask,trace/tasks/geometry/measurement/survey_traverse.py,docs/tasks/task_geometry__survey_traverse__station_elevation_value.md,station_elevation_value,,,,station_elevation_value
task_geometry__survey_traverse__traverse_area_value,geometry,survey_traverse,traverse_area_value,measurement,geometry,measurement,trace.tasks.geometry.measurement.survey_traverse,GeometrySurveyTraverseTraverseAreaValueTask,trace/tasks/geometry/measurement/survey_traverse.py,docs/tasks/task_geometry__survey_traverse__traverse_area_value.md,traverse_area_value,,,,traverse_area_value
task_geometry__tangent_packing__circle_in_square_gap_area,geometry,tangent_packing,circle_in_square_gap_area,measurement,geometry,measurement,trace.tasks.geometry.measurement.circle_square_tangent_packing,GeometryCircleInSquareGapAreaTask,trace/tasks/geometry/measurement/circle_square_tangent_packing.py,docs/tasks/task_geometry__tangent_packing__circle_in_square_gap_area.md,circle_in_square_gap_area,,,,circle_in_square_gap_area
task_geometry__tangent_packing__circle_in_square_radius_from_gap_area,geometry,tangent_packing,circle_in_square_radius_from_gap_area,measurement,geometry,measurement,trace.tasks.geometry.measurement.circle_square_tangent_packing,GeometryCircleInSquareRadiusFromGapAreaTask,trace/tasks/geometry/measurement/circle_square_tangent_packing.py,docs/tasks/task_geometry__tangent_packing__circle_in_square_radius_from_gap_area.md,circle_in_square_radius_from_gap_area,,,,circle_in_square_radius_from_gap_area
task_geometry__tangent_packing__square_in_circle_gap_area,geometry,tangent_packing,square_in_circle_gap_area,measurement,geometry,measurement,trace.tasks.geometry.measurement.circle_square_tangent_packing,GeometrySquareInCircleGapAreaTask,trace/tasks/geometry/measurement/circle_square_tangent_packing.py,docs/tasks/task_geometry__tangent_packing__square_in_circle_gap_area.md,square_in_circle_gap_area,,,,square_in_circle_gap_area
task_geometry__tangent_packing__square_in_circle_side_from_gap_area,geometry,tangent_packing,square_in_circle_side_from_gap_area,measurement,geometry,measurement,trace.tasks.geometry.measurement.circle_square_tangent_packing,GeometrySquareInCircleSideFromGapAreaTask,trace/tasks/geometry/measurement/circle_square_tangent_packing.py,docs/tasks/task_geometry__tangent_packing__square_in_circle_side_from_gap_area.md,square_in_circle_side_from_gap_area,,,,square_in_circle_side_from_gap_area
task_geometry__tangent_packing__two_circles_in_rectangle_gap_area,geometry,tangent_packing,two_circles_in_rectangle_gap_area,measurement,geometry,measurement,trace.tasks.geometry.measurement.circle_square_tangent_packing,GeometryTwoCirclesInRectangleGapAreaTask,trace/tasks/geometry/measurement/circle_square_tangent_packing.py,docs/tasks/task_geometry__tangent_packing__two_circles_in_rectangle_gap_area.md,two_circles_in_rectangle_gap_area,,,,two_circles_in_rectangle_gap_area
task_geometry__tangent_packing__two_circles_in_rectangle_radius_from_gap_area,geometry,tangent_packing,two_circles_in_rectangle_radius_from_gap_area,measurement,geometry,measurement,trace.tasks.geometry.measurement.circle_square_tangent_packing,GeometryTwoCirclesInRectangleRadiusFromGapAreaTask,trace/tasks/geometry/measurement/circle_square_tangent_packing.py,docs/tasks/task_geometry__tangent_packing__two_circles_in_rectangle_radius_from_gap_area.md,two_circles_in_rectangle_radius_from_gap_area,,,,two_circles_in_rectangle_radius_from_gap_area
task_geometry__trapezoid_extension__extension_from_parallelogram_area,geometry,trapezoid_extension,extension_from_parallelogram_area,measurement,geometry,measurement,trace.tasks.geometry.measurement.trapezoid_extension,GeometryExtensionFromParallelogramAreaTask,trace/tasks/geometry/measurement/trapezoid_extension.py,docs/tasks/task_geometry__trapezoid_extension__extension_from_parallelogram_area.md,extension_from_parallelogram_area,,,,extension_from_parallelogram_area
task_geometry__trapezoid_extension__extension_from_parallelogram_perimeter,geometry,trapezoid_extension,extension_from_parallelogram_perimeter,measurement,geometry,measurement,trace.tasks.geometry.measurement.trapezoid_extension,GeometryExtensionFromParallelogramPerimeterTask,trace/tasks/geometry/measurement/trapezoid_extension.py,docs/tasks/task_geometry__trapezoid_extension__extension_from_parallelogram_perimeter.md,extension_from_parallelogram_perimeter,,,,extension_from_parallelogram_perimeter
task_geometry__trapezoid_extension__trapezoid_area_from_bases_and_height,geometry,trapezoid_extension,trapezoid_area_from_bases_and_height,measurement,geometry,measurement,trace.tasks.geometry.measurement.trapezoid_extension,GeometryTrapezoidAreaFromBasesAndHeightTask,trace/tasks/geometry/measurement/trapezoid_extension.py,docs/tasks/task_geometry__trapezoid_extension__trapezoid_area_from_bases_and_height.md,trapezoid_area_from_bases_and_height,,,,trapezoid_area_from_bases_and_height
task_geometry__trapezoid_extension__trapezoid_area_from_extension_and_height,geometry,trapezoid_extension,trapezoid_area_from_extension_and_height,measurement,geometry,measurement,trace.tasks.geometry.measurement.trapezoid_extension,GeometryTrapezoidAreaFromExtensionAndHeightTask,trace/tasks/geometry/measurement/trapezoid_extension.py,docs/tasks/task_geometry__trapezoid_extension__trapezoid_area_from_extension_and_height.md,trapezoid_area_from_extension_and_height,,,,trapezoid_area_from_extension_and_height
task_geometry__trapezoid_extension__trapezoid_area_from_parallelogram_area,geometry,trapezoid_extension,trapezoid_area_from_parallelogram_area,measurement,geometry,measurement,trace.tasks.geometry.measurement.trapezoid_extension,GeometryTrapezoidAreaFromParallelogramAreaTask,trace/tasks/geometry/measurement/trapezoid_extension.py,docs/tasks/task_geometry__trapezoid_extension__trapezoid_area_from_parallelogram_area.md,trapezoid_area_from_parallelogram_area,,,,trapezoid_area_from_parallelogram_area
task_geometry__triangle_congruence_correspondence__algebraic_side_value,geometry,triangle_congruence_correspondence,algebraic_side_value,measurement,geometry,measurement,trace.tasks.geometry.measurement.triangle_congruence_correspondence,GeometryTriangleCongruenceCorrespondenceAlgebraicSideValueTask,trace/tasks/geometry/measurement/triangle_congruence_correspondence.py,docs/tasks/task_geometry__triangle_congruence_correspondence__algebraic_side_value.md,algebraic_side_value,,,,algebraic_side_value
task_geometry__triangle_congruence_correspondence__corresponding_angle_value,geometry,triangle_congruence_correspondence,corresponding_angle_value,measurement,geometry,measurement,trace.tasks.geometry.measurement.triangle_congruence_correspondence,GeometryTriangleCongruenceCorrespondenceAngleValueTask,trace/tasks/geometry/measurement/triangle_congruence_correspondence.py,docs/tasks/task_geometry__triangle_congruence_correspondence__corresponding_angle_value.md,corresponding_angle_value,,,,corresponding_angle_value
task_geometry__triangle_congruence_correspondence__corresponding_side_value,geometry,triangle_congruence_correspondence,corresponding_side_value,measurement,geometry,measurement,trace.tasks.geometry.measurement.triangle_congruence_correspondence,GeometryTriangleCongruenceCorrespondenceSideValueTask,trace/tasks/geometry/measurement/triangle_congruence_correspondence.py,docs/tasks/task_geometry__triangle_congruence_correspondence__corresponding_side_value.md,corresponding_side_value,,,,corresponding_side_value
task_geometry__triangle_relations__angle_bisector_segment_value_angle_bisector_base_length,geometry,triangle_relations,angle_bisector_segment_value_angle_bisector_base_length,measurement,geometry,measurement,trace.tasks.geometry.measurement.composite_measurement,GeometryAngleBisectorBaseLengthTask,trace/tasks/geometry/measurement/composite_measurement.py,docs/tasks/task_geometry__triangle_relations__angle_bisector_segment_value_angle_bisector_base_length.md,angle_bisector_segment_value_angle_bisector_base_length,,,,angle_bisector_segment_value_angle_bisector_base_length
task_geometry__triangle_relations__angle_bisector_segment_value_angle_bisector_split_length,geometry,triangle_relations,angle_bisector_segment_value_angle_bisector_split_length,measurement,geometry,measurement,trace.tasks.geometry.measurement.composite_measurement,GeometryAngleBisectorSplitLengthTask,trace/tasks/geometry/measurement/composite_measurement.py,docs/tasks/task_geometry__triangle_relations__angle_bisector_segment_value_angle_bisector_split_length.md,angle_bisector_segment_value_angle_bisector_split_length,,,,angle_bisector_segment_value_angle_bisector_split_length
task_geometry__triangle_relations__angle_bisector_variable_value,geometry,triangle_relations,angle_bisector_variable_value,measurement,geometry,measurement,trace.tasks.geometry.measurement.split_triangle_patterns,GeometryTriangleRelationsAngleBisectorVariableValueTask,trace/tasks/geometry/measurement/split_triangle_patterns.py,docs/tasks/task_geometry__triangle_relations__angle_bisector_variable_value.md,angle_bisector_variable_value,,,,angle_bisector_variable_value
task_geometry__triangle_relations__angle_of_elevation_value,geometry,triangle_relations,angle_of_elevation_value,measurement,geometry,measurement,trace.tasks.geometry.measurement.right_triangle_trig,GeometryAngleOfElevationValueTask,trace/tasks/geometry/measurement/right_triangle_trig.py,docs/tasks/task_geometry__triangle_relations__angle_of_elevation_value.md,angle_of_elevation_value,,,,angle_of_elevation_value
task_geometry__triangle_relations__centroid_median_segment_value_centroid_vertex_segment_length,geometry,triangle_relations,centroid_median_segment_value_centroid_vertex_segment_length,measurement,geometry,measurement,trace.tasks.geometry.measurement.composite_measurement,GeometryCentroidMedianVertexSegmentLengthTask,trace/tasks/geometry/measurement/composite_measurement.py,docs/tasks/task_geometry__triangle_relations__centroid_median_segment_value_centroid_vertex_segment_length.md,centroid_median_segment_value_centroid_vertex_segment_length,,,,centroid_median_segment_value_centroid_vertex_segment_length
task_geometry__triangle_relations__centroid_median_segment_value_centroid_whole_median_length,geometry,triangle_relations,centroid_median_segment_value_centroid_whole_median_length,measurement,geometry,measurement,trace.tasks.geometry.measurement.composite_measurement,GeometryCentroidMedianWholeMedianLengthTask,trace/tasks/geometry/measurement/composite_measurement.py,docs/tasks/task_geometry__triangle_relations__centroid_median_segment_value_centroid_whole_median_length.md,centroid_median_segment_value_centroid_whole_median_length,,,,centroid_median_segment_value_centroid_whole_median_length
task_geometry__triangle_relations__parallel_section_base_length,geometry,triangle_relations,parallel_section_base_length,measurement,geometry,measurement,trace.tasks.geometry.measurement.composite_measurement,GeometryTriangleRelationsParallelSectionBaseLengthTask,trace/tasks/geometry/measurement/composite_measurement.py,docs/tasks/task_geometry__triangle_relations__parallel_section_base_length.md,parallel_section_base_length,,,,parallel_section_base_length
task_geometry__triangle_relations__parallel_section_cross_length,geometry,triangle_relations,parallel_section_cross_length,measurement,geometry,measurement,trace.tasks.geometry.measurement.composite_measurement,GeometryTriangleRelationsParallelSectionCrossLengthTask,trace/tasks/geometry/measurement/composite_measurement.py,docs/tasks/task_geometry__triangle_relations__parallel_section_cross_length.md,parallel_section_cross_length,,,,parallel_section_cross_length
task_geometry__triangle_relations__pythagorean_length_value_chained_rectangle_diagonal_length,geometry,triangle_relations,pythagorean_length_value_chained_rectangle_diagonal_length,measurement,geometry,measurement,trace.tasks.geometry.measurement.composite_measurement,GeometryPythagoreanLengthChainedRectangleDiagonalTask,trace/tasks/geometry/measurement/composite_measurement.py,docs/tasks/task_geometry__triangle_relations__pythagorean_length_value_chained_rectangle_diagonal_length.md,pythagorean_length_value_chained_rectangle_diagonal_length,,,,pythagorean_length_value_chained_rectangle_diagonal_length
task_geometry__triangle_relations__pythagorean_length_value_rectangle_triangle_shared_height_length,geometry,triangle_relations,pythagorean_length_value_rectangle_triangle_shared_height_length,measurement,geometry,measurement,trace.tasks.geometry.measurement.composite_measurement,GeometryPythagoreanLengthRectangleTriangleSharedHeightTask,trace/tasks/geometry/measurement/composite_measurement.py,docs/tasks/task_geometry__triangle_relations__pythagorean_length_value_rectangle_triangle_shared_height_length.md,pythagorean_length_value_rectangle_triangle_shared_height_length,,,,pythagorean_length_value_rectangle_triangle_shared_height_length
task_geometry__triangle_relations__right_triangle_inverse_trig_angle_angle_from_adjacent_hypotenuse,geometry,triangle_relations,right_triangle_inverse_trig_angle_angle_from_adjacent_hypotenuse,measurement,geometry,measurement,trace.tasks.geometry.measurement.right_triangle_trig,GeometryRightTriangleAngleAdjacentHypotenuseTask,trace/tasks/geometry/measurement/right_triangle_trig.py,docs/tasks/task_geometry__triangle_relations__right_triangle_inverse_trig_angle_angle_from_adjacent_hypotenuse.md,right_triangle_inverse_trig_angle_angle_from_adjacent_hypotenuse,,,,right_triangle_inverse_trig_angle_angle_from_adjacent_hypotenuse
task_geometry__triangle_relations__right_triangle_inverse_trig_angle_angle_from_opposite_adjacent,geometry,triangle_relations,right_triangle_inverse_trig_angle_angle_from_opposite_adjacent,measurement,geometry,measurement,trace.tasks.geometry.measurement.right_triangle_trig,GeometryRightTriangleAngleOppositeAdjacentTask,trace/tasks/geometry/measurement/right_triangle_trig.py,docs/tasks/task_geometry__triangle_relations__right_triangle_inverse_trig_angle_angle_from_opposite_adjacent.md,right_triangle_inverse_trig_angle_angle_from_opposite_adjacent,,,,right_triangle_inverse_trig_angle_angle_from_opposite_adjacent
task_geometry__triangle_relations__right_triangle_inverse_trig_angle_angle_from_opposite_hypotenuse,geometry,triangle_relations,right_triangle_inverse_trig_angle_angle_from_opposite_hypotenuse,measurement,geometry,measurement,trace.tasks.geometry.measurement.right_triangle_trig,GeometryRightTriangleAngleOppositeHypotenuseTask,trace/tasks/geometry/measurement/right_triangle_trig.py,docs/tasks/task_geometry__triangle_relations__right_triangle_inverse_trig_angle_angle_from_opposite_hypotenuse.md,right_triangle_inverse_trig_angle_angle_from_opposite_hypotenuse,,,,right_triangle_inverse_trig_angle_angle_from_opposite_hypotenuse
task_geometry__triangle_relations__right_triangle_missing_side_value_ground_from_angle_and_height,geometry,triangle_relations,right_triangle_missing_side_value_ground_from_angle_and_height,measurement,geometry,measurement,trace.tasks.geometry.measurement.right_triangle_trig,GeometryRightTriangleGroundFromAngleAndHeightTask,trace/tasks/geometry/measurement/right_triangle_trig.py,docs/tasks/task_geometry__triangle_relations__right_triangle_missing_side_value_ground_from_angle_and_height.md,right_triangle_missing_side_value_ground_from_angle_and_height,,,,right_triangle_missing_side_value_ground_from_angle_and_height
task_geometry__triangle_relations__right_triangle_missing_side_value_ground_from_angle_and_hypotenuse,geometry,triangle_relations,right_triangle_missing_side_value_ground_from_angle_and_hypotenuse,measurement,geometry,measurement,trace.tasks.geometry.measurement.right_triangle_trig,GeometryRightTriangleGroundFromAngleAndHypotenuseTask,trace/tasks/geometry/measurement/right_triangle_trig.py,docs/tasks/task_geometry__triangle_relations__right_triangle_missing_side_value_ground_from_angle_and_hypotenuse.md,right_triangle_missing_side_value_ground_from_angle_and_hypotenuse,,,,right_triangle_missing_side_value_ground_from_angle_and_hypotenuse
task_geometry__triangle_relations__right_triangle_missing_side_value_height_from_angle_and_ground,geometry,triangle_relations,right_triangle_missing_side_value_height_from_angle_and_ground,measurement,geometry,measurement,trace.tasks.geometry.measurement.right_triangle_trig,GeometryRightTriangleHeightFromAngleAndGroundTask,trace/tasks/geometry/measurement/right_triangle_trig.py,docs/tasks/task_geometry__triangle_relations__right_triangle_missing_side_value_height_from_angle_and_ground.md,right_triangle_missing_side_value_height_from_angle_and_ground,,,,right_triangle_missing_side_value_height_from_angle_and_ground
task_geometry__triangle_relations__right_triangle_missing_side_value_height_from_angle_and_hypotenuse,geometry,triangle_relations,right_triangle_missing_side_value_height_from_angle_and_hypotenuse,measurement,geometry,measurement,trace.tasks.geometry.measurement.right_triangle_trig,GeometryRightTriangleHeightFromAngleAndHypotenuseTask,trace/tasks/geometry/measurement/right_triangle_trig.py,docs/tasks/task_geometry__triangle_relations__right_triangle_missing_side_value_height_from_angle_and_hypotenuse.md,right_triangle_missing_side_value_height_from_angle_and_hypotenuse,,,,right_triangle_missing_side_value_height_from_angle_and_hypotenuse
task_geometry__triangle_relations__right_triangle_missing_side_value_hypotenuse_from_angle_and_height,geometry,triangle_relations,right_triangle_missing_side_value_hypotenuse_from_angle_and_height,measurement,geometry,measurement,trace.tasks.geometry.measurement.right_triangle_trig,GeometryRightTriangleHypotenuseFromAngleAndHeightTask,trace/tasks/geometry/measurement/right_triangle_trig.py,docs/tasks/task_geometry__triangle_relations__right_triangle_missing_side_value_hypotenuse_from_angle_and_height.md,right_triangle_missing_side_value_hypotenuse_from_angle_and_height,,,,right_triangle_missing_side_value_hypotenuse_from_angle_and_height
task_geometry__triangle_relations__similar_triangles_side_length,geometry,triangle_relations,similar_triangles_side_length,measurement,geometry,measurement,trace.tasks.geometry.measurement.composite_measurement,GeometryTriangleRelationsSimilarTrianglesSideLengthTask,trace/tasks/geometry/measurement/composite_measurement.py,docs/tasks/task_geometry__triangle_relations__similar_triangles_side_length.md,similar_triangles_side_length,,,,similar_triangles_side_length
task_geometry__volume_equivalence_conversion__equal_volume_option_label,geometry,volume_equivalence_conversion,equal_volume_option_label,measurement,geometry,measurement,trace.tasks.geometry.measurement.volume_equivalence_conversion,GeometryVolumeEquivalenceConversionEqualVolumeOptionLabelTask,trace/tasks/geometry/measurement/volume_equivalence_conversion.py,docs/tasks/task_geometry__volume_equivalence_conversion__equal_volume_option_label.md,equal_volume_option_label,,,,equal_volume_option_label
task_geometry__volume_equivalence_conversion__missing_dimension_value,geometry,volume_equivalence_conversion,missing_dimension_value,measurement,geometry,measurement,trace.tasks.geometry.measurement.volume_equivalence_conversion,GeometryVolumeEquivalenceConversionMissingDimensionValueTask,trace/tasks/geometry/measurement/volume_equivalence_conversion.py,docs/tasks/task_geometry__volume_equivalence_conversion__missing_dimension_value.md,missing_dimension_value,,,,missing_dimension_value
task_geometry__wire_shape_conversion__frame_edge_length_value,geometry,wire_shape_conversion,frame_edge_length_value,measurement,geometry,measurement,trace.tasks.geometry.measurement.wire_shape_conversion,GeometryWireShapeConversionFrameEdgeLengthValueTask,trace/tasks/geometry/measurement/wire_shape_conversion.py,docs/tasks/task_geometry__wire_shape_conversion__frame_edge_length_value.md,frame_edge_length_value,,,,frame_edge_length_value
task_geometry__wire_shape_conversion__missing_dimension_value,geometry,wire_shape_conversion,missing_dimension_value,measurement,geometry,measurement,trace.tasks.geometry.measurement.wire_shape_conversion,GeometryWireShapeConversionMissingDimensionValueTask,trace/tasks/geometry/measurement/wire_shape_conversion.py,docs/tasks/task_geometry__wire_shape_conversion__missing_dimension_value.md,missing_dimension_value,,,,missing_dimension_value
task_geometry__wire_shape_conversion__wire_length_value,geometry,wire_shape_conversion,wire_length_value,measurement,geometry,measurement,trace.tasks.geometry.measurement.wire_shape_conversion,GeometryWireShapeConversionWireLengthValueTask,trace/tasks/geometry/measurement/wire_shape_conversion.py,docs/tasks/task_geometry__wire_shape_conversion__wire_length_value.md,wire_length_value,,,,wire_length_value
task_graph__adjacency__directed_pair_reciprocity_count,graph,adjacency,directed_pair_reciprocity_count,counting,graph,counting,trace.tasks.graph.counting.adjacency_pair_reciprocity_count,GraphCountingAdjacencyDirectedPairReciprocityCountTask,trace/tasks/graph/counting/adjacency_pair_reciprocity_count.py,docs/tasks/task_graph__adjacency__directed_pair_reciprocity_count.md,directed_pair_reciprocity_count,,,,directed_pair_reciprocity_count
task_graph__adjacency__directed_strong_component_count,graph,adjacency,directed_strong_component_count,counting,graph,counting,trace.tasks.graph.counting.adjacency_component_count,GraphCountingAdjacencyDirectedStrongComponentCountTask,trace/tasks/graph/counting/adjacency_component_count.py,docs/tasks/task_graph__adjacency__directed_strong_component_count.md,directed_strong_component_count,,,,directed_strong_component_count
task_graph__adjacency__mst_weight,graph,adjacency,mst_weight,optimization,graph,optimization,trace.tasks.graph.optimization.adjacency_matrix_mst_weight,GraphOptimizationAdjacencyMatrixMSTWeightTask,trace/tasks/graph/optimization/adjacency_matrix_mst_weight.py,docs/tasks/task_graph__adjacency__mst_weight.md,weighted_matrix_mst_weight,integer,bbox_set,,weighted_matrix_mst_weight
task_graph__adjacency__traversal_kth_label,graph,adjacency,traversal_kth_label,order,graph,order,trace.tasks.graph.order.adjacency_traversal_label,GraphOrderAdjacencyTraversalLabelTask,trace/tasks/graph/order/adjacency_traversal_label.py,docs/tasks/task_graph__adjacency__traversal_kth_label.md,bfs_kth_visit_label|dfs_kth_visit_label,string,bbox_sequence,,bfs_kth_visit_label
task_graph__adjacency__traversal_kth_label,graph,adjacency,traversal_kth_label,order,graph,order,trace.tasks.graph.order.adjacency_traversal_label,GraphOrderAdjacencyTraversalLabelTask,trace/tasks/graph/order/adjacency_traversal_label.py,docs/tasks/task_graph__adjacency__traversal_kth_label.md,bfs_kth_visit_label|dfs_kth_visit_label,string,bbox_sequence,,dfs_kth_visit_label
task_graph__adjacency__undirected_component_count,graph,adjacency,undirected_component_count,counting,graph,counting,trace.tasks.graph.counting.adjacency_component_count,GraphCountingAdjacencyUndirectedComponentCountTask,trace/tasks/graph/counting/adjacency_component_count.py,docs/tasks/task_graph__adjacency__undirected_component_count.md,undirected_component_count,,,,undirected_component_count
task_graph__automaton__dfa_accepted_string_label,graph,automaton,dfa_accepted_string_label,relation,graph,relation,trace.tasks.graph.relation.automaton_string_acceptance_label,GraphRelationAutomatonDfaAcceptedStringLabelTask,trace/tasks/graph/relation/automaton_string_acceptance_label.py,docs/tasks/task_graph__automaton__dfa_accepted_string_label.md,dfa_accepted_string_label,,,,dfa_accepted_string_label
task_graph__automaton__nfa_accepted_string_label,graph,automaton,nfa_accepted_string_label,relation,graph,relation,trace.tasks.graph.relation.automaton_string_acceptance_label,GraphRelationAutomatonNfaAcceptedStringLabelTask,trace/tasks/graph/relation/automaton_string_acceptance_label.py,docs/tasks/task_graph__automaton__nfa_accepted_string_label.md,nfa_accepted_string_label,,,,nfa_accepted_string_label
task_graph__automaton__nondeterministic_state_count,graph,automaton,nondeterministic_state_count,relation,graph,relation,trace.tasks.graph.relation.automaton_nondeterministic_state_count,GraphRelationAutomatonNondeterministicStateCountTask,trace/tasks/graph/relation/automaton_nondeterministic_state_count.py,docs/tasks/task_graph__automaton__nondeterministic_state_count.md,nondeterministic_state_count,,,,nondeterministic_state_count
task_graph__automaton__state_after_input_label,graph,automaton,state_after_input_label,relation,graph,relation,trace.tasks.graph.relation.automaton_state_simulation_label,GraphRelationAutomatonStateSimulationLabelTask,trace/tasks/graph/relation/automaton_state_simulation_label.py,docs/tasks/task_graph__automaton__state_after_input_label.md,final_state_label|transition_step_state_label,string,point_sequence,,final_state_label
task_graph__automaton__state_after_input_label,graph,automaton,state_after_input_label,relation,graph,relation,trace.tasks.graph.relation.automaton_state_simulation_label,GraphRelationAutomatonStateSimulationLabelTask,trace/tasks/graph/relation/automaton_state_simulation_label.py,docs/tasks/task_graph__automaton__state_after_input_label.md,final_state_label|transition_step_state_label,string,point_sequence,,transition_step_state_label
task_graph__binary_tree__bst_path_operation_label,graph,binary_tree,bst_path_operation_label,relation,graph,relation,trace.tasks.graph.relation.search_tree_operation_label,GraphRelationBstPathOperationLabelTask,trace/tasks/graph/relation/search_tree_operation_label.py,docs/tasks/task_graph__binary_tree__bst_path_operation_label.md,bst_insert_parent_label|bst_search_terminal_label,string,bbox_sequence,,bst_insert_parent_label
task_graph__binary_tree__bst_path_operation_label,graph,binary_tree,bst_path_operation_label,relation,graph,relation,trace.tasks.graph.relation.search_tree_operation_label,GraphRelationBstPathOperationLabelTask,trace/tasks/graph/relation/search_tree_operation_label.py,docs/tasks/task_graph__binary_tree__bst_path_operation_label.md,bst_insert_parent_label|bst_search_terminal_label,string,bbox_sequence,,bst_search_terminal_label
task_graph__binary_tree__child_structure_node_count,graph,binary_tree,child_structure_node_count,counting,graph,counting,trace.tasks.graph.counting.binary_tree_node_count,GraphCountingBinaryTreeChildStructureNodeCountTask,trace/tasks/graph/counting/binary_tree_node_count.py,docs/tasks/task_graph__binary_tree__child_structure_node_count.md,child_structure_node_count,,,,child_structure_node_count
task_graph__binary_tree__depth_level_node_count,graph,binary_tree,depth_level_node_count,counting,graph,counting,trace.tasks.graph.counting.binary_tree_node_count,GraphCountingBinaryTreeDepthLevelNodeCountTask,trace/tasks/graph/counting/binary_tree_node_count.py,docs/tasks/task_graph__binary_tree__depth_level_node_count.md,depth_level_node_count,,,,depth_level_node_count
task_graph__binary_tree__heap_property_violation_label,graph,binary_tree,heap_property_violation_label,relation,graph,relation,trace.tasks.graph.relation.search_tree_operation_label,GraphRelationHeapPropertyViolationLabelTask,trace/tasks/graph/relation/search_tree_operation_label.py,docs/tasks/task_graph__binary_tree__heap_property_violation_label.md,heap_property_violation_label,string,keyed_bbox_map,,heap_property_violation_label
task_graph__binary_tree__local_relative_node_label,graph,binary_tree,local_relative_node_label,relation,graph,relation,trace.tasks.graph.relation.binary_tree_node_label,GraphRelationBinaryTreeLocalRelativeNodeLabelTask,trace/tasks/graph/relation/binary_tree_node_label.py,docs/tasks/task_graph__binary_tree__local_relative_node_label.md,local_relative_node_label,,,,local_relative_node_label
task_graph__binary_tree__lowest_common_ancestor_label,graph,binary_tree,lowest_common_ancestor_label,relation,graph,relation,trace.tasks.graph.relation.binary_tree_node_label,GraphRelationBinaryTreeLowestCommonAncestorLabelTask,trace/tasks/graph/relation/binary_tree_node_label.py,docs/tasks/task_graph__binary_tree__lowest_common_ancestor_label.md,lowest_common_ancestor_label,,,,lowest_common_ancestor_label
task_graph__binary_tree__traversal_kth_label,graph,binary_tree,traversal_kth_label,order,graph,order,trace.tasks.graph.order.binary_tree_traversal_label,GraphOrderBinaryTreeTraversalLabelTask,trace/tasks/graph/order/binary_tree_traversal_label.py,docs/tasks/task_graph__binary_tree__traversal_kth_label.md,inorder_kth_node_label|level_order_kth_node_label|postorder_kth_node_label|preorder_kth_node_label,string,bbox_sequence,,inorder_kth_node_label
task_graph__binary_tree__traversal_kth_label,graph,binary_tree,traversal_kth_label,order,graph,order,trace.tasks.graph.order.binary_tree_traversal_label,GraphOrderBinaryTreeTraversalLabelTask,trace/tasks/graph/order/binary_tree_traversal_label.py,docs/tasks/task_graph__binary_tree__traversal_kth_label.md,inorder_kth_node_label|level_order_kth_node_label|postorder_kth_node_label|preorder_kth_node_label,string,bbox_sequence,,level_order_kth_node_label
task_graph__binary_tree__traversal_kth_label,graph,binary_tree,traversal_kth_label,order,graph,order,trace.tasks.graph.order.binary_tree_traversal_label,GraphOrderBinaryTreeTraversalLabelTask,trace/tasks/graph/order/binary_tree_traversal_label.py,docs/tasks/task_graph__binary_tree__traversal_kth_label.md,inorder_kth_node_label|level_order_kth_node_label|postorder_kth_node_label|preorder_kth_node_label,string,bbox_sequence,,postorder_kth_node_label
task_graph__binary_tree__traversal_kth_label,graph,binary_tree,traversal_kth_label,order,graph,order,trace.tasks.graph.order.binary_tree_traversal_label,GraphOrderBinaryTreeTraversalLabelTask,trace/tasks/graph/order/binary_tree_traversal_label.py,docs/tasks/task_graph__binary_tree__traversal_kth_label.md,inorder_kth_node_label|level_order_kth_node_label|postorder_kth_node_label|preorder_kth_node_label,string,bbox_sequence,,preorder_kth_node_label
task_graph__flow_network__max_flow_value,graph,flow_network,max_flow_value,optimization,graph,optimization,trace.tasks.graph.optimization.max_flow_value,GraphOptimizationMaxFlowValueTask,trace/tasks/graph/optimization/max_flow_value.py,docs/tasks/task_graph__flow_network__max_flow_value.md,max_flow_value,integer,point_pair_set,,max_flow_value
task_graph__flow_network__min_cut_edge_count,graph,flow_network,min_cut_edge_count,optimization,graph,optimization,trace.tasks.graph.optimization.max_flow_value,GraphOptimizationMinCutEdgeCountTask,trace/tasks/graph/optimization/max_flow_value.py,docs/tasks/task_graph__flow_network__min_cut_edge_count.md,minimum_cut_edge_count,integer,point_pair_set,,minimum_cut_edge_count
task_graph__graph_options__contained_subgraph_label,graph,graph_options,contained_subgraph_label,relation,graph,relation,trace.tasks.graph.relation.structure_match_label,GraphRelationGraphOptionsContainedSubgraphLabelTask,trace/tasks/graph/relation/structure_match_label.py,docs/tasks/task_graph__graph_options__contained_subgraph_label.md,contained_subgraph_label,,,,contained_subgraph_label
task_graph__graph_options__same_structure_label,graph,graph_options,same_structure_label,relation,graph,relation,trace.tasks.graph.relation.structure_match_label,GraphRelationGraphOptionsSameStructureLabelTask,trace/tasks/graph/relation/structure_match_label.py,docs/tasks/task_graph__graph_options__same_structure_label.md,same_structure_label,,,,same_structure_label
task_graph__metro__exact_distance_station_count,graph,metro,exact_distance_station_count,relation,graph,relation,trace.tasks.graph.relation.metro_exact_distance_count,GraphRelationMetroExactDistanceCountTask,trace/tasks/graph/relation/metro_exact_distance_count.py,docs/tasks/task_graph__metro__exact_distance_station_count.md,metro_exact_distance_count,integer,point_set,,metro_exact_distance_count
task_graph__metro__shortest_path_length,graph,metro,shortest_path_length,path,graph,path,trace.tasks.graph.path.metro_shortest_path_length,GraphPathMetroShortestPathLengthTask,trace/tasks/graph/path/metro_shortest_path_length.py,docs/tasks/task_graph__metro__shortest_path_length.md,metro_shortest_path_length,integer,point_sequence,,metro_shortest_path_length
task_graph__metro__station_membership_count,graph,metro,station_membership_count,counting,graph,counting,trace.tasks.graph.counting.metro_station_membership_count,GraphCountingMetroStationMembershipCountTask,trace/tasks/graph/counting/metro_station_membership_count.py,docs/tasks/task_graph__metro__station_membership_count.md,metro_single_route_station_count|metro_transfer_station_count,integer,point_set,,metro_single_route_station_count
task_graph__metro__station_membership_count,graph,metro,station_membership_count,counting,graph,counting,trace.tasks.graph.counting.metro_station_membership_count,GraphCountingMetroStationMembershipCountTask,trace/tasks/graph/counting/metro_station_membership_count.py,docs/tasks/task_graph__metro__station_membership_count.md,metro_single_route_station_count|metro_transfer_station_count,integer,point_set,,metro_transfer_station_count
task_graph__metro__transfer_count,graph,metro,transfer_count,path,graph,path,trace.tasks.graph.path.metro_transfer_count,GraphPathMetroTransferCountTask,trace/tasks/graph/path/metro_transfer_count.py,docs/tasks/task_graph__metro__transfer_count.md,metro_transfer_count,integer,point_sequence,,metro_transfer_count
task_graph__node_link__articulation_point_count,graph,node_link,articulation_point_count,counting,graph,counting,trace.tasks.graph.counting.articulation_point_count,GraphCountingArticulationPointCountTask,trace/tasks/graph/counting/articulation_point_count.py,docs/tasks/task_graph__node_link__articulation_point_count.md,articulation_point_count,integer,point_set,,articulation_point_count
task_graph__node_link__bridge_count,graph,node_link,bridge_count,counting,graph,counting,trace.tasks.graph.counting.bridge_count,GraphCountingBridgeCountTask,trace/tasks/graph/counting/bridge_count.py,docs/tasks/task_graph__node_link__bridge_count.md,bridge_count,integer,point_pair_set,,bridge_count
task_graph__node_link__common_related_node_count,graph,node_link,common_related_node_count,relation,graph,relation,trace.tasks.graph.relation.common_neighbor_count,GraphRelationCommonNeighborCountTask,trace/tasks/graph/relation/common_neighbor_count.py,docs/tasks/task_graph__node_link__common_related_node_count.md,common_related_node_count,,,,common_related_node_count
task_graph__node_link__component_size_after_edge_edit,graph,node_link,component_size_after_edge_edit,relation,graph,relation,trace.tasks.graph.relation.component_size_count,GraphRelationComponentSizeAfterEdgeEditTaskPublic,trace/tasks/graph/relation/component_size_count.py,docs/tasks/task_graph__node_link__component_size_after_edge_edit.md,component_size_after_edge_edit,,,,component_size_after_edge_edit
task_graph__node_link__cross_color_edge_count,graph,node_link,cross_color_edge_count,counting,graph,counting,trace.tasks.graph.counting.cross_color_edge_count,GraphCountingCrossColorEdgeCountTask,trace/tasks/graph/counting/cross_color_edge_count.py,docs/tasks/task_graph__node_link__cross_color_edge_count.md,cross_color_edge_count|directed_cross_color_edge_count,integer,point_pair_set,,cross_color_edge_count
task_graph__node_link__cross_color_edge_count,graph,node_link,cross_color_edge_count,counting,graph,counting,trace.tasks.graph.counting.cross_color_edge_count,GraphCountingCrossColorEdgeCountTask,trace/tasks/graph/counting/cross_color_edge_count.py,docs/tasks/task_graph__node_link__cross_color_edge_count.md,cross_color_edge_count|directed_cross_color_edge_count,integer,point_pair_set,,directed_cross_color_edge_count
task_graph__node_link__degree_after_removal_filter_count,graph,node_link,degree_after_removal_filter_count,counting,graph,counting,trace.tasks.graph.counting.degree_count,GraphCountingDegreeAfterRemovalFilterCountTask,trace/tasks/graph/counting/degree_count.py,docs/tasks/task_graph__node_link__degree_after_removal_filter_count.md,degree_after_removal_filter_count,,,,degree_after_removal_filter_count
task_graph__node_link__degree_extremum_value,graph,node_link,degree_extremum_value,comparison,graph,comparison,trace.tasks.graph.comparison.extreme_degree_value,GraphComparisonExtremeDegreeValueTask,trace/tasks/graph/comparison/extreme_degree_value.py,docs/tasks/task_graph__node_link__degree_extremum_value.md,directed_max_in_degree_value|directed_max_out_degree_value|directed_max_total_degree_value|directed_min_in_degree_value|directed_min_out_degree_value|directed_min_total_degree_value|undirected_max_degree_value|undirected_min_degree_value,integer,point_set,,directed_max_in_degree_value
task_graph__node_link__degree_extremum_value,graph,node_link,degree_extremum_value,comparison,graph,comparison,trace.tasks.graph.comparison.extreme_degree_value,GraphComparisonExtremeDegreeValueTask,trace/tasks/graph/comparison/extreme_degree_value.py,docs/tasks/task_graph__node_link__degree_extremum_value.md,directed_max_in_degree_value|directed_max_out_degree_value|directed_max_total_degree_value|directed_min_in_degree_value|directed_min_out_degree_value|directed_min_total_degree_value|undirected_max_degree_value|undirected_min_degree_value,integer,point_set,,directed_max_out_degree_value
task_graph__node_link__degree_extremum_value,graph,node_link,degree_extremum_value,comparison,graph,comparison,trace.tasks.graph.comparison.extreme_degree_value,GraphComparisonExtremeDegreeValueTask,trace/tasks/graph/comparison/extreme_degree_value.py,docs/tasks/task_graph__node_link__degree_extremum_value.md,directed_max_in_degree_value|directed_max_out_degree_value|directed_max_total_degree_value|directed_min_in_degree_value|directed_min_out_degree_value|directed_min_total_degree_value|undirected_max_degree_value|undirected_min_degree_value,integer,point_set,,directed_max_total_degree_value
task_graph__node_link__degree_extremum_value,graph,node_link,degree_extremum_value,comparison,graph,comparison,trace.tasks.graph.comparison.extreme_degree_value,GraphComparisonExtremeDegreeValueTask,trace/tasks/graph/comparison/extreme_degree_value.py,docs/tasks/task_graph__node_link__degree_extremum_value.md,directed_max_in_degree_value|directed_max_out_degree_value|directed_max_total_degree_value|directed_min_in_degree_value|directed_min_out_degree_value|directed_min_total_degree_value|undirected_max_degree_value|undirected_min_degree_value,integer,point_set,,directed_min_in_degree_value
task_graph__node_link__degree_extremum_value,graph,node_link,degree_extremum_value,comparison,graph,comparison,trace.tasks.graph.comparison.extreme_degree_value,GraphComparisonExtremeDegreeValueTask,trace/tasks/graph/comparison/extreme_degree_value.py,docs/tasks/task_graph__node_link__degree_extremum_value.md,directed_max_in_degree_value|directed_max_out_degree_value|directed_max_total_degree_value|directed_min_in_degree_value|directed_min_out_degree_value|directed_min_total_degree_value|undirected_max_degree_value|undirected_min_degree_value,integer,point_set,,directed_min_out_degree_value
task_graph__node_link__degree_extremum_value,graph,node_link,degree_extremum_value,comparison,graph,comparison,trace.tasks.graph.comparison.extreme_degree_value,GraphComparisonExtremeDegreeValueTask,trace/tasks/graph/comparison/extreme_degree_value.py,docs/tasks/task_graph__node_link__degree_extremum_value.md,directed_max_in_degree_value|directed_max_out_degree_value|directed_max_total_degree_value|directed_min_in_degree_value|directed_min_out_degree_value|directed_min_total_degree_value|undirected_max_degree_value|undirected_min_degree_value,integer,point_set,,directed_min_total_degree_value
task_graph__node_link__degree_extremum_value,graph,node_link,degree_extremum_value,comparison,graph,comparison,trace.tasks.graph.comparison.extreme_degree_value,GraphComparisonExtremeDegreeValueTask,trace/tasks/graph/comparison/extreme_degree_value.py,docs/tasks/task_graph__node_link__degree_extremum_value.md,directed_max_in_degree_value|directed_max_out_degree_value|directed_max_total_degree_value|directed_min_in_degree_value|directed_min_out_degree_value|directed_min_total_degree_value|undirected_max_degree_value|undirected_min_degree_value,integer,point_set,,undirected_max_degree_value
task_graph__node_link__degree_extremum_value,graph,node_link,degree_extremum_value,comparison,graph,comparison,trace.tasks.graph.comparison.extreme_degree_value,GraphComparisonExtremeDegreeValueTask,trace/tasks/graph/comparison/extreme_degree_value.py,docs/tasks/task_graph__node_link__degree_extremum_value.md,directed_max_in_degree_value|directed_max_out_degree_value|directed_max_total_degree_value|directed_min_in_degree_value|directed_min_out_degree_value|directed_min_total_degree_value|undirected_max_degree_value|undirected_min_degree_value,integer,point_set,,undirected_min_degree_value
task_graph__node_link__degree_value_filter_count,graph,node_link,degree_value_filter_count,counting,graph,counting,trace.tasks.graph.counting.degree_count,GraphCountingDegreeValueFilterCountTask,trace/tasks/graph/counting/degree_count.py,docs/tasks/task_graph__node_link__degree_value_filter_count.md,degree_value_filter_count,,,,degree_value_filter_count
task_graph__node_link__edge_between_nodes_label,graph,node_link,edge_between_nodes_label,relation,graph,relation,trace.tasks.graph.relation.edge_attribute_label,GraphRelationEdgeBetweenNodesLabelTask,trace/tasks/graph/relation/edge_attribute_label.py,docs/tasks/task_graph__node_link__edge_between_nodes_label.md,edge_between_nodes_label,,,,edge_between_nodes_label
task_graph__node_link__edge_color_count,graph,node_link,edge_color_count,counting,graph,counting,trace.tasks.graph.counting.edge_color_count,GraphCountingEdgeColorCountTask,trace/tasks/graph/counting/edge_color_count.py,docs/tasks/task_graph__node_link__edge_color_count.md,edge_color_count,integer,point_pair_set,,edge_color_count
task_graph__node_link__edge_text_count,graph,node_link,edge_text_count,counting,graph,counting,trace.tasks.graph.counting.edge_text_label_count,GraphCountingEdgeTextLabelCountTask,trace/tasks/graph/counting/edge_text_label_count.py,docs/tasks/task_graph__node_link__edge_text_count.md,edge_text_label_count,integer,bbox_set,,edge_text_label_count
task_graph__node_link__hamiltonian_cycle_neighbor_label,graph,node_link,hamiltonian_cycle_neighbor_label,relation,graph,relation,trace.tasks.graph.relation.hamiltonian_cycle_neighbor_label,GraphRelationHamiltonianCycleNeighborLabelTask,trace/tasks/graph/relation/hamiltonian_cycle_neighbor_label.py,docs/tasks/task_graph__node_link__hamiltonian_cycle_neighbor_label.md,hamiltonian_cycle_neighbor_label,,,,hamiltonian_cycle_neighbor_label
task_graph__node_link__isolated_after_removal_count,graph,node_link,isolated_after_removal_count,counting,graph,counting,trace.tasks.graph.counting.isolated_node_count_after_node_removal,GraphCountingIsolatedNodeCountAfterNodeRemovalTask,trace/tasks/graph/counting/isolated_node_count_after_node_removal.py,docs/tasks/task_graph__node_link__isolated_after_removal_count.md,isolated_node_count_after_node_removal,integer,point_set,,isolated_node_count_after_node_removal
task_graph__node_link__largest_chordless_cycle_size,graph,node_link,largest_chordless_cycle_size,relation,graph,relation,trace.tasks.graph.relation.largest_chordless_cycle_size,GraphRelationLargestChordlessCycleSizeTask,trace/tasks/graph/relation/largest_chordless_cycle_size.py,docs/tasks/task_graph__node_link__largest_chordless_cycle_size.md,largest_chordless_cycle_size,,,,largest_chordless_cycle_size
task_graph__node_link__largest_component_size,graph,node_link,largest_component_size,comparison,graph,comparison,trace.tasks.graph.relation.component_size_count,GraphComparisonLargestComponentSizeTaskPublic,trace/tasks/graph/relation/component_size_count.py,docs/tasks/task_graph__node_link__largest_component_size.md,largest_component_size,,,,largest_component_size
task_graph__node_link__longest_path_length,graph,node_link,longest_path_length,path,graph,path,trace.tasks.graph.path.longest_path_length,GraphPathLongestPathLengthTask,trace/tasks/graph/path/longest_path_length.py,docs/tasks/task_graph__node_link__longest_path_length.md,directed_longest_path_length,integer,point_sequence,,directed_longest_path_length
task_graph__node_link__mst_weight,graph,node_link,mst_weight,optimization,graph,optimization,trace.tasks.graph.optimization.minimum_spanning_tree_weight,GraphOptimizationMinimumSpanningTreeWeightTask,trace/tasks/graph/optimization/minimum_spanning_tree_weight.py,docs/tasks/task_graph__node_link__mst_weight.md,minimum_spanning_tree_weight,integer,point_pair_set,,minimum_spanning_tree_weight
task_graph__node_link__named_node_degree_value,graph,node_link,named_node_degree_value,counting,graph,counting,trace.tasks.graph.counting.named_node_degree_value,GraphCountingNamedNodeDegreeValueTask,trace/tasks/graph/counting/named_node_degree_value.py,docs/tasks/task_graph__node_link__named_node_degree_value.md,directed_named_node_in_degree_value|directed_named_node_out_degree_value|directed_named_node_total_degree_value|undirected_named_node_degree_value,integer,point_pair_set,,directed_named_node_in_degree_value
task_graph__node_link__named_node_degree_value,graph,node_link,named_node_degree_value,counting,graph,counting,trace.tasks.graph.counting.named_node_degree_value,GraphCountingNamedNodeDegreeValueTask,trace/tasks/graph/counting/named_node_degree_value.py,docs/tasks/task_graph__node_link__named_node_degree_value.md,directed_named_node_in_degree_value|directed_named_node_out_degree_value|directed_named_node_total_degree_value|undirected_named_node_degree_value,integer,point_pair_set,,directed_named_node_out_degree_value
task_graph__node_link__named_node_degree_value,graph,node_link,named_node_degree_value,counting,graph,counting,trace.tasks.graph.counting.named_node_degree_value,GraphCountingNamedNodeDegreeValueTask,trace/tasks/graph/counting/named_node_degree_value.py,docs/tasks/task_graph__node_link__named_node_degree_value.md,directed_named_node_in_degree_value|directed_named_node_out_degree_value|directed_named_node_total_degree_value|undirected_named_node_degree_value,integer,point_pair_set,,directed_named_node_total_degree_value
task_graph__node_link__named_node_degree_value,graph,node_link,named_node_degree_value,counting,graph,counting,trace.tasks.graph.counting.named_node_degree_value,GraphCountingNamedNodeDegreeValueTask,trace/tasks/graph/counting/named_node_degree_value.py,docs/tasks/task_graph__node_link__named_node_degree_value.md,directed_named_node_in_degree_value|directed_named_node_out_degree_value|directed_named_node_total_degree_value|undirected_named_node_degree_value,integer,point_pair_set,,undirected_named_node_degree_value
task_graph__node_link__node_color_count,graph,node_link,node_color_count,counting,graph,counting,trace.tasks.graph.counting.node_color_count,GraphCountingNodeColorCountTask,trace/tasks/graph/counting/node_color_count.py,docs/tasks/task_graph__node_link__node_color_count.md,node_color_count,integer,point_set,,node_color_count
task_graph__node_link__reachable_count,graph,node_link,reachable_count,relation,graph,relation,trace.tasks.graph.relation.reachable_count,GraphRelationReachableCountTask,trace/tasks/graph/relation/reachable_count.py,docs/tasks/task_graph__node_link__reachable_count.md,reachable_count,,,,reachable_count
task_graph__node_link__reachable_count_after_edge_edit,graph,node_link,reachable_count_after_edge_edit,relation,graph,relation,trace.tasks.graph.relation.reachable_count,GraphRelationReachableCountAfterEdgeEditTaskPublic,trace/tasks/graph/relation/reachable_count.py,docs/tasks/task_graph__node_link__reachable_count_after_edge_edit.md,reachable_count_after_edge_edit,,,,reachable_count_after_edge_edit
task_graph__node_link__same_component_count,graph,node_link,same_component_count,relation,graph,relation,trace.tasks.graph.relation.component_size_count,GraphRelationSameComponentCountTaskPublic,trace/tasks/graph/relation/component_size_count.py,docs/tasks/task_graph__node_link__same_component_count.md,same_component_count,,,,same_component_count
task_graph__node_link__shortest_path_first_edge_label,graph,node_link,shortest_path_first_edge_label,relation,graph,relation,trace.tasks.graph.relation.edge_attribute_label,GraphRelationShortestPathFirstEdgeLabelTask,trace/tasks/graph/relation/edge_attribute_label.py,docs/tasks/task_graph__node_link__shortest_path_first_edge_label.md,shortest_path_first_edge_label,,,,shortest_path_first_edge_label
task_graph__node_link__shortest_path_length,graph,node_link,shortest_path_length,path,graph,path,trace.tasks.graph.path.shortest_path_length,GraphPathShortestPathLengthTask,trace/tasks/graph/path/shortest_path_length.py,docs/tasks/task_graph__node_link__shortest_path_length.md,directed_shortest_path_length|undirected_shortest_path_length,integer,point_sequence,,directed_shortest_path_length
task_graph__node_link__shortest_path_length,graph,node_link,shortest_path_length,path,graph,path,trace.tasks.graph.path.shortest_path_length,GraphPathShortestPathLengthTask,trace/tasks/graph/path/shortest_path_length.py,docs/tasks/task_graph__node_link__shortest_path_length.md,directed_shortest_path_length|undirected_shortest_path_length,integer,point_sequence,,undirected_shortest_path_length
task_graph__node_link__topological_position_value,graph,node_link,topological_position_value,order,graph,order,trace.tasks.graph.order.topological_position,GraphOrderTopologicalPositionTask,trace/tasks/graph/order/topological_position.py,docs/tasks/task_graph__node_link__topological_position_value.md,topological_position,integer,point_sequence,,topological_position
task_graph__node_link__unique_cycle_size,graph,node_link,unique_cycle_size,relation,graph,relation,trace.tasks.graph.relation.unique_cycle_size,GraphRelationUniqueCycleSizeTask,trace/tasks/graph/relation/unique_cycle_size.py,docs/tasks/task_graph__node_link__unique_cycle_size.md,unique_cycle_size,integer,point_set,,unique_cycle_size
task_graph__node_link__unique_related_node_label,graph,node_link,unique_related_node_label,relation,graph,relation,trace.tasks.graph.relation.unique_node_label,GraphRelationUniqueNodeLabelTask,trace/tasks/graph/relation/unique_node_label.py,docs/tasks/task_graph__node_link__unique_related_node_label.md,unique_related_node_label,,,,unique_related_node_label
task_graph__pedigree_chart__relatedness_coefficient_label,graph,pedigree_chart,relatedness_coefficient_label,relation,graph,relation,trace.tasks.graph.relation.pedigree_chart_relation,GraphRelationPedigreeRelatednessCoefficientLabelTask,trace/tasks/graph/relation/pedigree_chart_relation.py,docs/tasks/task_graph__pedigree_chart__relatedness_coefficient_label.md,relatedness_coefficient_label,,,,relatedness_coefficient_label
task_graph__pedigree_chart__relationship_label,graph,pedigree_chart,relationship_label,relation,graph,relation,trace.tasks.graph.relation.pedigree_chart_relation,GraphRelationPedigreeRelationshipLabelTask,trace/tasks/graph/relation/pedigree_chart_relation.py,docs/tasks/task_graph__pedigree_chart__relationship_label.md,relationship_label,,,,relationship_label
task_graph__phylogeny_tree__clade_leaf_count,graph,phylogeny_tree,clade_leaf_count,counting,graph,counting,trace.tasks.graph.counting.phylogeny_tree_count,GraphCountingPhylogenyCladeLeafCountTask,trace/tasks/graph/counting/phylogeny_tree_count.py,docs/tasks/task_graph__phylogeny_tree__clade_leaf_count.md,clade_leaf_count,,,,clade_leaf_count
task_graph__phylogeny_tree__mrca_clade_membership_count,graph,phylogeny_tree,mrca_clade_membership_count,relation,graph,relation,trace.tasks.graph.relation.phylogeny_tree_relation,GraphRelationPhylogenyMrcaCladeMembershipCountTask,trace/tasks/graph/relation/phylogeny_tree_relation.py,docs/tasks/task_graph__phylogeny_tree__mrca_clade_membership_count.md,mrca_clade_membership_count,,,,mrca_clade_membership_count
task_graph__phylogeny_tree__sister_leaf_label,graph,phylogeny_tree,sister_leaf_label,relation,graph,relation,trace.tasks.graph.relation.phylogeny_tree_relation,GraphRelationPhylogenySisterLeafLabelTask,trace/tasks/graph/relation/phylogeny_tree_relation.py,docs/tasks/task_graph__phylogeny_tree__sister_leaf_label.md,sister_leaf_label,,,,sister_leaf_label
task_graph__phylogeny_tree__topology_outlier_label,graph,phylogeny_tree,topology_outlier_label,relation,graph,relation,trace.tasks.graph.relation.phylogeny_tree_relation,GraphRelationPhylogenyTopologyOutlierLabelTask,trace/tasks/graph/relation/phylogeny_tree_relation.py,docs/tasks/task_graph__phylogeny_tree__topology_outlier_label.md,topology_outlier_label,,,,topology_outlier_label
task_graph__pipe_network__bridge_count,graph,pipe_network,bridge_count,counting,graph,counting,trace.tasks.graph.counting.pipe_bridge_count,GraphCountingPipeBridgeCountTask,trace/tasks/graph/counting/pipe_bridge_count.py,docs/tasks/task_graph__pipe_network__bridge_count.md,pipe_bridge_count,integer,point_pair_set,,pipe_bridge_count
task_graph__pipe_network__pipe_exact_distance_count,graph,pipe_network,pipe_exact_distance_count,relation,graph,relation,trace.tasks.graph.relation.junction_path_count,GraphRelationPipeExactDistanceCountTask,trace/tasks/graph/relation/junction_path_count.py,docs/tasks/task_graph__pipe_network__pipe_exact_distance_count.md,pipe_exact_distance_count,,,,pipe_exact_distance_count
task_graph__pipe_network__pipe_reachable_junction_count,graph,pipe_network,pipe_reachable_junction_count,relation,graph,relation,trace.tasks.graph.relation.junction_path_count,GraphRelationPipeReachableJunctionCountTask,trace/tasks/graph/relation/junction_path_count.py,docs/tasks/task_graph__pipe_network__pipe_reachable_junction_count.md,pipe_reachable_junction_count,,,,pipe_reachable_junction_count
task_graph__pipe_network__shortest_path_length,graph,pipe_network,shortest_path_length,path,graph,path,trace.tasks.graph.path.pipe_shortest_path_length,GraphPathPipeShortestPathLengthTask,trace/tasks/graph/path/pipe_shortest_path_length.py,docs/tasks/task_graph__pipe_network__shortest_path_length.md,pipe_shortest_path_length,integer,point_sequence,,pipe_shortest_path_length
task_icons__icon_cutout__partial_match_label,icons,icon_cutout,partial_match_label,relation,icons,relation,trace.tasks.icons.relation.partial_match_label,IconsRelationPartialMatchLabelTask,trace/tasks/icons/relation/partial_match_label.py,docs/tasks/task_icons__icon_cutout__partial_match_label.md,partial_icon_match_label,option_letter,keyed_bbox_map,,partial_icon_match_label
task_icons__icon_field__type_frequency_count,icons,icon_field,type_frequency_count,counting,icons,counting,trace.tasks.icons.counting.most_frequent_type,IconsIconFieldTypeFrequencyCountTask,trace/tasks/icons/counting/most_frequent_type.py,docs/tasks/task_icons__icon_field__type_frequency_count.md,most_frequent_type_count|singleton_type_count,integer,bbox_set,,most_frequent_type_count
task_icons__icon_field__type_frequency_count,icons,icon_field,type_frequency_count,counting,icons,counting,trace.tasks.icons.counting.most_frequent_type,IconsIconFieldTypeFrequencyCountTask,trace/tasks/icons/counting/most_frequent_type.py,docs/tasks/task_icons__icon_field__type_frequency_count.md,most_frequent_type_count|singleton_type_count,integer,bbox_set,,singleton_type_count
task_icons__mirror_grid__mirror_symmetry_count,icons,mirror_grid,mirror_symmetry_count,relation,icons,relation,trace.tasks.icons.relation.mirror_symmetry,IconsRelationMirrorSymmetryTask,trace/tasks/icons/relation/mirror_symmetry.py,docs/tasks/task_icons__mirror_grid__mirror_symmetry_count.md,mirror_both_axes|mirror_diagonal_anti|mirror_diagonal_main|mirror_horizontal|mirror_vertical,integer,bbox_set,,mirror_both_axes
task_icons__mirror_grid__mirror_symmetry_count,icons,mirror_grid,mirror_symmetry_count,relation,icons,relation,trace.tasks.icons.relation.mirror_symmetry,IconsRelationMirrorSymmetryTask,trace/tasks/icons/relation/mirror_symmetry.py,docs/tasks/task_icons__mirror_grid__mirror_symmetry_count.md,mirror_both_axes|mirror_diagonal_anti|mirror_diagonal_main|mirror_horizontal|mirror_vertical,integer,bbox_set,,mirror_diagonal_anti
task_icons__mirror_grid__mirror_symmetry_count,icons,mirror_grid,mirror_symmetry_count,relation,icons,relation,trace.tasks.icons.relation.mirror_symmetry,IconsRelationMirrorSymmetryTask,trace/tasks/icons/relation/mirror_symmetry.py,docs/tasks/task_icons__mirror_grid__mirror_symmetry_count.md,mirror_both_axes|mirror_diagonal_anti|mirror_diagonal_main|mirror_horizontal|mirror_vertical,integer,bbox_set,,mirror_diagonal_main
task_icons__mirror_grid__mirror_symmetry_count,icons,mirror_grid,mirror_symmetry_count,relation,icons,relation,trace.tasks.icons.relation.mirror_symmetry,IconsRelationMirrorSymmetryTask,trace/tasks/icons/relation/mirror_symmetry.py,docs/tasks/task_icons__mirror_grid__mirror_symmetry_count.md,mirror_both_axes|mirror_diagonal_anti|mirror_diagonal_main|mirror_horizontal|mirror_vertical,integer,bbox_set,,mirror_horizontal
task_icons__mirror_grid__mirror_symmetry_count,icons,mirror_grid,mirror_symmetry_count,relation,icons,relation,trace.tasks.icons.relation.mirror_symmetry,IconsRelationMirrorSymmetryTask,trace/tasks/icons/relation/mirror_symmetry.py,docs/tasks/task_icons__mirror_grid__mirror_symmetry_count.md,mirror_both_axes|mirror_diagonal_anti|mirror_diagonal_main|mirror_horizontal|mirror_vertical,integer,bbox_set,,mirror_vertical
task_icons__named_field__closer_to_reference_count,icons,named_field,closer_to_reference_count,counting,icons,counting,trace.tasks.icons.counting.named_shape_closer_to_reference_count,IconsCountingNamedShapeCloserToReferenceCountTask,trace/tasks/icons/counting/named_shape_closer_to_reference_count.py,docs/tasks/task_icons__named_field__closer_to_reference_count.md,closer_to_reference_a_count|closer_to_reference_b_count,integer,bbox_set,,closer_to_reference_a_count
task_icons__named_field__closer_to_reference_count,icons,named_field,closer_to_reference_count,counting,icons,counting,trace.tasks.icons.counting.named_shape_closer_to_reference_count,IconsCountingNamedShapeCloserToReferenceCountTask,trace/tasks/icons/counting/named_shape_closer_to_reference_count.py,docs/tasks/task_icons__named_field__closer_to_reference_count.md,closer_to_reference_a_count|closer_to_reference_b_count,integer,bbox_set,,closer_to_reference_b_count
task_icons__named_field__count_arithmetic,icons,named_field,count_arithmetic,counting,icons,counting,trace.tasks.icons.counting.named_shape_pair_arithmetic_count,IconsNamedFieldShapePairArithmeticCountTask,trace/tasks/icons/counting/named_shape_pair_arithmetic_count.py,docs/tasks/task_icons__named_field__count_arithmetic.md,count_arithmetic,,,,count_arithmetic
task_icons__named_field__counterfactual_attribute_count,icons,named_field,counterfactual_attribute_count,counting,icons,counting,trace.tasks.icons.counting.named_shape_counterfactual_count,IconsNamedFieldCounterfactualAttributeCountTask,trace/tasks/icons/counting/named_shape_counterfactual_count.py,docs/tasks/task_icons__named_field__counterfactual_attribute_count.md,counterfactual_attribute_count,,,,counterfactual_attribute_count
task_icons__named_field__counterfactual_total_count,icons,named_field,counterfactual_total_count,counting,icons,counting,trace.tasks.icons.counting.named_shape_counterfactual_count,IconsNamedFieldCounterfactualTotalCountTask,trace/tasks/icons/counting/named_shape_counterfactual_count.py,docs/tasks/task_icons__named_field__counterfactual_total_count.md,counterfactual_total_count,,,,counterfactual_total_count
task_icons__named_field__multi_attribute_and_count,icons,named_field,multi_attribute_and_count,counting,icons,counting,trace.tasks.icons.counting.named_shape_color_boolean_count,IconsNamedFieldMultiAttributeAndCountTask,trace/tasks/icons/counting/named_shape_color_boolean_count.py,docs/tasks/task_icons__named_field__multi_attribute_and_count.md,multi_attribute_and_count,,,,multi_attribute_and_count
task_icons__named_field__multi_attribute_complement_count,icons,named_field,multi_attribute_complement_count,counting,icons,counting,trace.tasks.icons.counting.named_shape_color_boolean_count,IconsNamedFieldMultiAttributeComplementCountTask,trace/tasks/icons/counting/named_shape_color_boolean_count.py,docs/tasks/task_icons__named_field__multi_attribute_complement_count.md,multi_attribute_complement_count,,,,multi_attribute_complement_count
task_icons__named_field__multi_attribute_exclusion_count,icons,named_field,multi_attribute_exclusion_count,counting,icons,counting,trace.tasks.icons.counting.named_shape_color_boolean_count,IconsNamedFieldMultiAttributeExclusionCountTask,trace/tasks/icons/counting/named_shape_color_boolean_count.py,docs/tasks/task_icons__named_field__multi_attribute_exclusion_count.md,multi_attribute_exclusion_count,,,,multi_attribute_exclusion_count
task_icons__named_field__multi_attribute_or_count,icons,named_field,multi_attribute_or_count,counting,icons,counting,trace.tasks.icons.counting.named_shape_color_boolean_count,IconsNamedFieldMultiAttributeOrCountTask,trace/tasks/icons/counting/named_shape_color_boolean_count.py,docs/tasks/task_icons__named_field__multi_attribute_or_count.md,multi_attribute_or_count,,,,multi_attribute_or_count
task_icons__named_field__multi_attribute_xor_count,icons,named_field,multi_attribute_xor_count,counting,icons,counting,trace.tasks.icons.counting.named_shape_color_boolean_count,IconsNamedFieldMultiAttributeXorCountTask,trace/tasks/icons/counting/named_shape_color_boolean_count.py,docs/tasks/task_icons__named_field__multi_attribute_xor_count.md,multi_attribute_xor_count,,,,multi_attribute_xor_count
task_icons__named_field__reference_distance_rank_label,icons,named_field,reference_distance_rank_label,relation,icons,relation,trace.tasks.icons.relation.named_reference_distance_rank_label,IconsRelationNamedReferenceDistanceRankLabelTask,trace/tasks/icons/relation/named_reference_distance_rank_label.py,docs/tasks/task_icons__named_field__reference_distance_rank_label.md,closest_to_named_reference_label|farthest_from_named_reference_label|second_closest_to_named_reference_label,option_letter,keyed_bbox_map,,closest_to_named_reference_label
task_icons__named_field__reference_distance_rank_label,icons,named_field,reference_distance_rank_label,relation,icons,relation,trace.tasks.icons.relation.named_reference_distance_rank_label,IconsRelationNamedReferenceDistanceRankLabelTask,trace/tasks/icons/relation/named_reference_distance_rank_label.py,docs/tasks/task_icons__named_field__reference_distance_rank_label.md,closest_to_named_reference_label|farthest_from_named_reference_label|second_closest_to_named_reference_label,option_letter,keyed_bbox_map,,farthest_from_named_reference_label
task_icons__named_field__reference_distance_rank_label,icons,named_field,reference_distance_rank_label,relation,icons,relation,trace.tasks.icons.relation.named_reference_distance_rank_label,IconsRelationNamedReferenceDistanceRankLabelTask,trace/tasks/icons/relation/named_reference_distance_rank_label.py,docs/tasks/task_icons__named_field__reference_distance_rank_label.md,closest_to_named_reference_label|farthest_from_named_reference_label|second_closest_to_named_reference_label,option_letter,keyed_bbox_map,,second_closest_to_named_reference_label
task_icons__named_field__scoped_attribute_count,icons,named_field,scoped_attribute_count,counting,icons,counting,trace.tasks.icons.counting.named_shape_region_count,IconsCountingNamedShapeRegionCountTask,trace/tasks/icons/counting/named_shape_region_count.py,docs/tasks/task_icons__named_field__scoped_attribute_count.md,scoped_attribute_count,,,,scoped_attribute_count
task_icons__named_field__single_attribute_membership_count,icons,named_field,single_attribute_membership_count,counting,icons,counting,trace.tasks.icons.counting.named_shape_count,IconsCountingNamedShapeCountTask,trace/tasks/icons/counting/named_shape_count.py,docs/tasks/task_icons__named_field__single_attribute_membership_count.md,single_attribute_membership_count,,,,single_attribute_membership_count
task_icons__named_grid__group_predicate_count,icons,named_grid,group_predicate_count,counting,icons,counting,trace.tasks.icons.counting.named_grid_line_condition_count,IconsCountingNamedGridLineConditionCountTask,trace/tasks/icons/counting/named_grid_line_condition_count.py,docs/tasks/task_icons__named_grid__group_predicate_count.md,group_predicate_count,,,,group_predicate_count
task_icons__named_grid__row_column_shape_extreme_number,icons,named_grid,row_column_shape_extreme_number,counting,icons,counting,trace.tasks.icons.counting.named_grid_row_column_shape_extreme_number,IconsCountingNamedGridRowColumnShapeExtremeNumberTask,trace/tasks/icons/counting/named_grid_row_column_shape_extreme_number.py,docs/tasks/task_icons__named_grid__row_column_shape_extreme_number.md,column_fewest_shape_number|column_most_shape_number|row_fewest_shape_number|row_most_shape_number,integer,bbox_set,,column_fewest_shape_number
task_icons__named_grid__row_column_shape_extreme_number,icons,named_grid,row_column_shape_extreme_number,counting,icons,counting,trace.tasks.icons.counting.named_grid_row_column_shape_extreme_number,IconsCountingNamedGridRowColumnShapeExtremeNumberTask,trace/tasks/icons/counting/named_grid_row_column_shape_extreme_number.py,docs/tasks/task_icons__named_grid__row_column_shape_extreme_number.md,column_fewest_shape_number|column_most_shape_number|row_fewest_shape_number|row_most_shape_number,integer,bbox_set,,column_most_shape_number
task_icons__named_grid__row_column_shape_extreme_number,icons,named_grid,row_column_shape_extreme_number,counting,icons,counting,trace.tasks.icons.counting.named_grid_row_column_shape_extreme_number,IconsCountingNamedGridRowColumnShapeExtremeNumberTask,trace/tasks/icons/counting/named_grid_row_column_shape_extreme_number.py,docs/tasks/task_icons__named_grid__row_column_shape_extreme_number.md,column_fewest_shape_number|column_most_shape_number|row_fewest_shape_number|row_most_shape_number,integer,bbox_set,,row_fewest_shape_number
task_icons__named_grid__row_column_shape_extreme_number,icons,named_grid,row_column_shape_extreme_number,counting,icons,counting,trace.tasks.icons.counting.named_grid_row_column_shape_extreme_number,IconsCountingNamedGridRowColumnShapeExtremeNumberTask,trace/tasks/icons/counting/named_grid_row_column_shape_extreme_number.py,docs/tasks/task_icons__named_grid__row_column_shape_extreme_number.md,column_fewest_shape_number|column_most_shape_number|row_fewest_shape_number|row_most_shape_number,integer,bbox_set,,row_most_shape_number
task_icons__named_grid__scoped_attribute_count,icons,named_grid,scoped_attribute_count,counting,icons,counting,trace.tasks.icons.counting.named_grid_row_column_shape_count,IconsCountingNamedGridRowColumnShapeCountTask,trace/tasks/icons/counting/named_grid_row_column_shape_count.py,docs/tasks/task_icons__named_grid__scoped_attribute_count.md,scoped_attribute_count,,,,scoped_attribute_count
task_icons__named_path__path_neighbor_label,icons,named_path,path_neighbor_label,relation,icons,relation,trace.tasks.icons.relation.named_path_neighbor_label,IconsRelationNamedPathNeighborLabelTask,trace/tasks/icons/relation/named_path_neighbor_label.py,docs/tasks/task_icons__named_path__path_neighbor_label.md,after_first_shape_label|after_last_shape_label|after_second_shape_label|before_first_shape_label|before_last_shape_label|before_second_shape_label,option_letter,keyed_bbox_map,,after_first_shape_label
task_icons__named_path__path_neighbor_label,icons,named_path,path_neighbor_label,relation,icons,relation,trace.tasks.icons.relation.named_path_neighbor_label,IconsRelationNamedPathNeighborLabelTask,trace/tasks/icons/relation/named_path_neighbor_label.py,docs/tasks/task_icons__named_path__path_neighbor_label.md,after_first_shape_label|after_last_shape_label|after_second_shape_label|before_first_shape_label|before_last_shape_label|before_second_shape_label,option_letter,keyed_bbox_map,,after_last_shape_label
task_icons__named_path__path_neighbor_label,icons,named_path,path_neighbor_label,relation,icons,relation,trace.tasks.icons.relation.named_path_neighbor_label,IconsRelationNamedPathNeighborLabelTask,trace/tasks/icons/relation/named_path_neighbor_label.py,docs/tasks/task_icons__named_path__path_neighbor_label.md,after_first_shape_label|after_last_shape_label|after_second_shape_label|before_first_shape_label|before_last_shape_label|before_second_shape_label,option_letter,keyed_bbox_map,,after_second_shape_label
task_icons__named_path__path_neighbor_label,icons,named_path,path_neighbor_label,relation,icons,relation,trace.tasks.icons.relation.named_path_neighbor_label,IconsRelationNamedPathNeighborLabelTask,trace/tasks/icons/relation/named_path_neighbor_label.py,docs/tasks/task_icons__named_path__path_neighbor_label.md,after_first_shape_label|after_last_shape_label|after_second_shape_label|before_first_shape_label|before_last_shape_label|before_second_shape_label,option_letter,keyed_bbox_map,,before_first_shape_label
task_icons__named_path__path_neighbor_label,icons,named_path,path_neighbor_label,relation,icons,relation,trace.tasks.icons.relation.named_path_neighbor_label,IconsRelationNamedPathNeighborLabelTask,trace/tasks/icons/relation/named_path_neighbor_label.py,docs/tasks/task_icons__named_path__path_neighbor_label.md,after_first_shape_label|after_last_shape_label|after_second_shape_label|before_first_shape_label|before_last_shape_label|before_second_shape_label,option_letter,keyed_bbox_map,,before_last_shape_label
task_icons__named_path__path_neighbor_label,icons,named_path,path_neighbor_label,relation,icons,relation,trace.tasks.icons.relation.named_path_neighbor_label,IconsRelationNamedPathNeighborLabelTask,trace/tasks/icons/relation/named_path_neighbor_label.py,docs/tasks/task_icons__named_path__path_neighbor_label.md,after_first_shape_label|after_last_shape_label|after_second_shape_label|before_first_shape_label|before_last_shape_label|before_second_shape_label,option_letter,keyed_bbox_map,,before_second_shape_label
task_icons__named_ring__scoped_attribute_count,icons,named_ring,scoped_attribute_count,counting,icons,counting,trace.tasks.icons.counting.named_ring_arc_shape_count,IconsCountingNamedRingArcShapeCountTask,trace/tasks/icons/counting/named_ring_arc_shape_count.py,docs/tasks/task_icons__named_ring__scoped_attribute_count.md,scoped_attribute_count,,,,scoped_attribute_count
task_icons__named_strip__shape_run_length,icons,named_strip,shape_run_length,sequence,icons,sequence,trace.tasks.icons.sequence.named_shape_run_length,IconsSequenceNamedShapeRunLengthTask,trace/tasks/icons/sequence/named_shape_run_length.py,docs/tasks/task_icons__named_strip__shape_run_length.md,longest_shape_run_length|shortest_shape_run_length,integer,bbox_set,,longest_shape_run_length
task_icons__named_strip__shape_run_length,icons,named_strip,shape_run_length,sequence,icons,sequence,trace.tasks.icons.sequence.named_shape_run_length,IconsSequenceNamedShapeRunLengthTask,trace/tasks/icons/sequence/named_shape_run_length.py,docs/tasks/task_icons__named_strip__shape_run_length.md,longest_shape_run_length|shortest_shape_run_length,integer,bbox_set,,shortest_shape_run_length
task_icons__overlap_grid__occlusion_order_count,icons,overlap_grid,occlusion_order_count,relation,icons,relation,trace.tasks.icons.relation.occlusion_order,IconsRelationOcclusionOrderTask,trace/tasks/icons/relation/occlusion_order.py,docs/tasks/task_icons__overlap_grid__occlusion_order_count.md,same_front_to_back_order,integer,bbox_set,,same_front_to_back_order
task_icons__pair_grid__attribute_delta_pair_count,icons,pair_grid,attribute_delta_pair_count,transformation,icons,transformation,trace.tasks.icons.transformation.attribute_rule_count,IconsTransformationPairAttributeRuleCountTask,trace/tasks/icons/transformation/attribute_rule_count.py,docs/tasks/task_icons__pair_grid__attribute_delta_pair_count.md,attribute_delta_pair_count,,,,attribute_delta_pair_count
task_icons__pair_grid__reference_transform_match_count,icons,pair_grid,reference_transform_match_count,transformation,icons,transformation,trace.tasks.icons.transformation.pair_count,IconsTransformationPairCountTask,trace/tasks/icons/transformation/pair_count.py,docs/tasks/task_icons__pair_grid__reference_transform_match_count.md,reference_transform_match_count,,,,reference_transform_match_count
task_icons__paired_canvas__original_attribute_label,icons,paired_canvas,original_attribute_label,relation,icons,relation,trace.tasks.icons.relation.named_original_attribute_label,IconsRelationNamedOriginalAttributeLabelTask,trace/tasks/icons/relation/named_original_attribute_label.py,docs/tasks/task_icons__paired_canvas__original_attribute_label.md,original_color_shape_label|original_fill_shape_label|original_shape_label,option_letter,keyed_bbox_map,,original_color_shape_label
task_icons__paired_canvas__original_attribute_label,icons,paired_canvas,original_attribute_label,relation,icons,relation,trace.tasks.icons.relation.named_original_attribute_label,IconsRelationNamedOriginalAttributeLabelTask,trace/tasks/icons/relation/named_original_attribute_label.py,docs/tasks/task_icons__paired_canvas__original_attribute_label.md,original_color_shape_label|original_fill_shape_label|original_shape_label,option_letter,keyed_bbox_map,,original_fill_shape_label
task_icons__paired_canvas__original_attribute_label,icons,paired_canvas,original_attribute_label,relation,icons,relation,trace.tasks.icons.relation.named_original_attribute_label,IconsRelationNamedOriginalAttributeLabelTask,trace/tasks/icons/relation/named_original_attribute_label.py,docs/tasks/task_icons__paired_canvas__original_attribute_label.md,original_color_shape_label|original_fill_shape_label|original_shape_label,option_letter,keyed_bbox_map,,original_shape_label
task_icons__paired_canvas__panel_attribute_change_count,icons,paired_canvas,panel_attribute_change_count,transformation,icons,transformation,trace.tasks.icons.transformation.panel_attribute_change_count,IconsTransformationPanelAttributeChangeCountTask,trace/tasks/icons/transformation/panel_attribute_change_count.py,docs/tasks/task_icons__paired_canvas__panel_attribute_change_count.md,color_changed_count|rotation_changed_count|size_changed_count,integer,bbox_set,,color_changed_count
task_icons__paired_canvas__panel_attribute_change_count,icons,paired_canvas,panel_attribute_change_count,transformation,icons,transformation,trace.tasks.icons.transformation.panel_attribute_change_count,IconsTransformationPanelAttributeChangeCountTask,trace/tasks/icons/transformation/panel_attribute_change_count.py,docs/tasks/task_icons__paired_canvas__panel_attribute_change_count.md,color_changed_count|rotation_changed_count|size_changed_count,integer,bbox_set,,rotation_changed_count
task_icons__paired_canvas__panel_attribute_change_count,icons,paired_canvas,panel_attribute_change_count,transformation,icons,transformation,trace.tasks.icons.transformation.panel_attribute_change_count,IconsTransformationPanelAttributeChangeCountTask,trace/tasks/icons/transformation/panel_attribute_change_count.py,docs/tasks/task_icons__paired_canvas__panel_attribute_change_count.md,color_changed_count|rotation_changed_count|size_changed_count,integer,bbox_set,,size_changed_count
task_icons__paired_canvas__panel_movement_direction_count,icons,paired_canvas,panel_movement_direction_count,relation,icons,relation,trace.tasks.icons.relation.panel_movement_direction_count,IconsRelationPanelMovementDirectionCountTask,trace/tasks/icons/relation/panel_movement_direction_count.py,docs/tasks/task_icons__paired_canvas__panel_movement_direction_count.md,moved_down_count|moved_left_count|moved_right_count|moved_up_count,integer,bbox_set,,moved_down_count
task_icons__paired_canvas__panel_movement_direction_count,icons,paired_canvas,panel_movement_direction_count,relation,icons,relation,trace.tasks.icons.relation.panel_movement_direction_count,IconsRelationPanelMovementDirectionCountTask,trace/tasks/icons/relation/panel_movement_direction_count.py,docs/tasks/task_icons__paired_canvas__panel_movement_direction_count.md,moved_down_count|moved_left_count|moved_right_count|moved_up_count,integer,bbox_set,,moved_left_count
task_icons__paired_canvas__panel_movement_direction_count,icons,paired_canvas,panel_movement_direction_count,relation,icons,relation,trace.tasks.icons.relation.panel_movement_direction_count,IconsRelationPanelMovementDirectionCountTask,trace/tasks/icons/relation/panel_movement_direction_count.py,docs/tasks/task_icons__paired_canvas__panel_movement_direction_count.md,moved_down_count|moved_left_count|moved_right_count|moved_up_count,integer,bbox_set,,moved_right_count
task_icons__paired_canvas__panel_movement_direction_count,icons,paired_canvas,panel_movement_direction_count,relation,icons,relation,trace.tasks.icons.relation.panel_movement_direction_count,IconsRelationPanelMovementDirectionCountTask,trace/tasks/icons/relation/panel_movement_direction_count.py,docs/tasks/task_icons__paired_canvas__panel_movement_direction_count.md,moved_down_count|moved_left_count|moved_right_count|moved_up_count,integer,bbox_set,,moved_up_count
task_icons__paired_canvas__panel_set_relation_count,icons,paired_canvas,panel_set_relation_count,counting,icons,counting,trace.tasks.icons.counting.panel_set_relation_count,IconsCountingPanelSetRelationCountTask,trace/tasks/icons/counting/panel_set_relation_count.py,docs/tasks/task_icons__paired_canvas__panel_set_relation_count.md,added_in_right_count|missing_from_right_count|right_exact_match_count,integer,bbox_set,,added_in_right_count
task_icons__paired_canvas__panel_set_relation_count,icons,paired_canvas,panel_set_relation_count,counting,icons,counting,trace.tasks.icons.counting.panel_set_relation_count,IconsCountingPanelSetRelationCountTask,trace/tasks/icons/counting/panel_set_relation_count.py,docs/tasks/task_icons__paired_canvas__panel_set_relation_count.md,added_in_right_count|missing_from_right_count|right_exact_match_count,integer,bbox_set,,missing_from_right_count
task_icons__paired_canvas__panel_set_relation_count,icons,paired_canvas,panel_set_relation_count,counting,icons,counting,trace.tasks.icons.counting.panel_set_relation_count,IconsCountingPanelSetRelationCountTask,trace/tasks/icons/counting/panel_set_relation_count.py,docs/tasks/task_icons__paired_canvas__panel_set_relation_count.md,added_in_right_count|missing_from_right_count|right_exact_match_count,integer,bbox_set,,right_exact_match_count
task_icons__pattern_grid__attribute_pattern_violation_index,icons,pattern_grid,attribute_pattern_violation_index,pattern,icons,pattern,trace.tasks.icons.pattern.grid_color_violation,IconsPatternGridAttributePatternViolationTask,trace/tasks/icons/pattern/grid_color_violation.py,docs/tasks/task_icons__pattern_grid__attribute_pattern_violation_index.md,grid_color_violation|grid_size_violation,integer,bbox_set,,grid_color_violation
task_icons__pattern_grid__attribute_pattern_violation_index,icons,pattern_grid,attribute_pattern_violation_index,pattern,icons,pattern,trace.tasks.icons.pattern.grid_color_violation,IconsPatternGridAttributePatternViolationTask,trace/tasks/icons/pattern/grid_color_violation.py,docs/tasks/task_icons__pattern_grid__attribute_pattern_violation_index.md,grid_color_violation|grid_size_violation,integer,bbox_set,,grid_size_violation
task_icons__reference_canvas__anchor_position_count,icons,reference_canvas,anchor_position_count,relation,icons,relation,trace.tasks.icons.relation.relative_position_type,IconsRelationRelativePositionTypeTask,trace/tasks/icons/relation/relative_position_type.py,docs/tasks/task_icons__reference_canvas__anchor_position_count.md,above_anchor|below_anchor|left_of_anchor|right_of_anchor,integer,bbox_set,,above_anchor
task_icons__reference_canvas__anchor_position_count,icons,reference_canvas,anchor_position_count,relation,icons,relation,trace.tasks.icons.relation.relative_position_type,IconsRelationRelativePositionTypeTask,trace/tasks/icons/relation/relative_position_type.py,docs/tasks/task_icons__reference_canvas__anchor_position_count.md,above_anchor|below_anchor|left_of_anchor|right_of_anchor,integer,bbox_set,,below_anchor
task_icons__reference_canvas__anchor_position_count,icons,reference_canvas,anchor_position_count,relation,icons,relation,trace.tasks.icons.relation.relative_position_type,IconsRelationRelativePositionTypeTask,trace/tasks/icons/relation/relative_position_type.py,docs/tasks/task_icons__reference_canvas__anchor_position_count.md,above_anchor|below_anchor|left_of_anchor|right_of_anchor,integer,bbox_set,,left_of_anchor
task_icons__reference_canvas__anchor_position_count,icons,reference_canvas,anchor_position_count,relation,icons,relation,trace.tasks.icons.relation.relative_position_type,IconsRelationRelativePositionTypeTask,trace/tasks/icons/relation/relative_position_type.py,docs/tasks/task_icons__reference_canvas__anchor_position_count.md,above_anchor|below_anchor|left_of_anchor|right_of_anchor,integer,bbox_set,,right_of_anchor
task_icons__reference_canvas__reference_attribute_match_count,icons,reference_canvas,reference_attribute_match_count,counting,icons,counting,trace.tasks.icons.counting.reference_match_count,IconsReferenceCanvasReferenceAttributeMatchCountTask,trace/tasks/icons/counting/reference_match_count.py,docs/tasks/task_icons__reference_canvas__reference_attribute_match_count.md,reference_attribute_match_count,,,,reference_attribute_match_count
task_icons__reference_canvas__reference_metric_relation_count,icons,reference_canvas,reference_metric_relation_count,counting,icons,counting,trace.tasks.icons.counting.reference_match_count,IconsReferenceCanvasReferenceMetricRelationCountTask,trace/tasks/icons/counting/reference_match_count.py,docs/tasks/task_icons__reference_canvas__reference_metric_relation_count.md,reference_metric_relation_count,,,,reference_metric_relation_count
task_icons__sequence_strip__missing_count_value,icons,sequence_strip,missing_count_value,sequence,icons,sequence,trace.tasks.icons.sequence.missing_count,IconsSequenceMissingCountTask,trace/tasks/icons/sequence/missing_count.py,docs/tasks/task_icons__sequence_strip__missing_count_value.md,arithmetic_progression,integer,bbox_set,,arithmetic_progression
task_icons__sequence_strip__rotation_sequence_violation_index,icons,sequence_strip,rotation_sequence_violation_index,pattern,icons,pattern,trace.tasks.icons.pattern.sequence_rotation_violation,IconsPatternSequenceRotationViolationTask,trace/tasks/icons/pattern/sequence_rotation_violation.py,docs/tasks/task_icons__sequence_strip__rotation_sequence_violation_index.md,row_rotation_violation,integer,bbox_set,,row_rotation_violation
task_icons__single_transform_options__geometric_transform_result_label,icons,single_transform_options,geometric_transform_result_label,transformation,icons,transformation,trace.tasks.icons.transformation.single_transform_options,IconsTransformationSingleTransformOptionsTask,trace/tasks/icons/transformation/single_transform_options.py,docs/tasks/task_icons__single_transform_options__geometric_transform_result_label.md,geometric_transform_result_label,,,,geometric_transform_result_label
task_icons__two_anchor__between_anchors_count,icons,two_anchor,between_anchors_count,relation,icons,relation,trace.tasks.icons.relation.between_two_anchors_count,IconsRelationBetweenTwoAnchorsCountTask,trace/tasks/icons/relation/between_two_anchors_count.py,docs/tasks/task_icons__two_anchor__between_anchors_count.md,inside_horizontal_strip|inside_vertical_strip,integer,bbox_set,,inside_horizontal_strip
task_icons__two_anchor__between_anchors_count,icons,two_anchor,between_anchors_count,relation,icons,relation,trace.tasks.icons.relation.between_two_anchors_count,IconsRelationBetweenTwoAnchorsCountTask,trace/tasks/icons/relation/between_two_anchors_count.py,docs/tasks/task_icons__two_anchor__between_anchors_count.md,inside_horizontal_strip|inside_vertical_strip,integer,bbox_set,,inside_vertical_strip
task_icons__venn_field__scoped_attribute_count,icons,venn_field,scoped_attribute_count,counting,icons,counting,trace.tasks.icons.counting.named_shape_venn_region_count,IconsCountingNamedShapeVennRegionCountTask,trace/tasks/icons/counting/named_shape_venn_region_count.py,docs/tasks/task_icons__venn_field__scoped_attribute_count.md,scoped_attribute_count,,,,scoped_attribute_count
task_icons__wallpaper_panels__motif_violation_label,icons,wallpaper_panels,motif_violation_label,pattern,icons,pattern,trace.tasks.icons.pattern.wallpaper_motif_violation,IconsPatternWallpaperMotifViolationTask,trace/tasks/icons/pattern/wallpaper_motif_violation.py,docs/tasks/task_icons__wallpaper_panels__motif_violation_label.md,motif_violation_label,,,,motif_violation_label
task_icons__wallpaper_panels__reference_pattern_match_count,icons,wallpaper_panels,reference_pattern_match_count,pattern,icons,pattern,trace.tasks.icons.pattern.wallpaper_reference_match_count,IconsPatternWallpaperReferenceMatchCountTask,trace/tasks/icons/pattern/wallpaper_reference_match_count.py,docs/tasks/task_icons__wallpaper_panels__reference_pattern_match_count.md,reference_pattern_match_count,,,,reference_pattern_match_count
task_icons__wallpaper_panels__same_pattern_as_reference_label,icons,wallpaper_panels,same_pattern_as_reference_label,pattern,icons,pattern,trace.tasks.icons.pattern.wallpaper_reference_match,IconsPatternWallpaperReferenceMatchTask,trace/tasks/icons/pattern/wallpaper_reference_match.py,docs/tasks/task_icons__wallpaper_panels__same_pattern_as_reference_label.md,same_pattern_as_reference_label,,,,same_pattern_as_reference_label
task_illustrations__construction_site__equipment_zone_count,illustrations,construction_site,equipment_zone_count,counting,illustrations,counting,trace.tasks.illustrations.counting.equipment_in_zone_count,IllustrationsCountingEquipmentInZoneCountTask,trace/tasks/illustrations/counting/equipment_in_zone_count.py,docs/tasks/task_illustrations__construction_site__equipment_zone_count.md,vehicle_in_excavation_zone_count|vehicle_in_loading_zone_count|vehicle_in_roadwork_zone_count,integer,bbox_set,,vehicle_in_excavation_zone_count
task_illustrations__construction_site__equipment_zone_count,illustrations,construction_site,equipment_zone_count,counting,illustrations,counting,trace.tasks.illustrations.counting.equipment_in_zone_count,IllustrationsCountingEquipmentInZoneCountTask,trace/tasks/illustrations/counting/equipment_in_zone_count.py,docs/tasks/task_illustrations__construction_site__equipment_zone_count.md,vehicle_in_excavation_zone_count|vehicle_in_loading_zone_count|vehicle_in_roadwork_zone_count,integer,bbox_set,,vehicle_in_loading_zone_count
task_illustrations__construction_site__equipment_zone_count,illustrations,construction_site,equipment_zone_count,counting,illustrations,counting,trace.tasks.illustrations.counting.equipment_in_zone_count,IllustrationsCountingEquipmentInZoneCountTask,trace/tasks/illustrations/counting/equipment_in_zone_count.py,docs/tasks/task_illustrations__construction_site__equipment_zone_count.md,vehicle_in_excavation_zone_count|vehicle_in_loading_zone_count|vehicle_in_roadwork_zone_count,integer,bbox_set,,vehicle_in_roadwork_zone_count
task_illustrations__construction_site__worker_attribute_count,illustrations,construction_site,worker_attribute_count,counting,illustrations,counting,trace.tasks.illustrations.counting.worker_safety_gear_count,IllustrationsCountingWorkerSafetyGearCountTask,trace/tasks/illustrations/counting/worker_safety_gear_count.py,docs/tasks/task_illustrations__construction_site__worker_attribute_count.md,hard_hat_color_worker_count|tool_holding_worker_count|vest_color_worker_count,integer,bbox_set,,hard_hat_color_worker_count
task_illustrations__construction_site__worker_attribute_count,illustrations,construction_site,worker_attribute_count,counting,illustrations,counting,trace.tasks.illustrations.counting.worker_safety_gear_count,IllustrationsCountingWorkerSafetyGearCountTask,trace/tasks/illustrations/counting/worker_safety_gear_count.py,docs/tasks/task_illustrations__construction_site__worker_attribute_count.md,hard_hat_color_worker_count|tool_holding_worker_count|vest_color_worker_count,integer,bbox_set,,tool_holding_worker_count
task_illustrations__construction_site__worker_attribute_count,illustrations,construction_site,worker_attribute_count,counting,illustrations,counting,trace.tasks.illustrations.counting.worker_safety_gear_count,IllustrationsCountingWorkerSafetyGearCountTask,trace/tasks/illustrations/counting/worker_safety_gear_count.py,docs/tasks/task_illustrations__construction_site__worker_attribute_count.md,hard_hat_color_worker_count|tool_holding_worker_count|vest_color_worker_count,integer,bbox_set,,vest_color_worker_count
task_illustrations__environment__crossing_feature_count,illustrations,environment,crossing_feature_count,counting,illustrations,counting,trace.tasks.illustrations.counting.feature_relation_object_count,IllustrationsCountingCrossingFeatureCountTask,trace/tasks/illustrations/counting/feature_relation_object_count.py,docs/tasks/task_illustrations__environment__crossing_feature_count.md,crossing_feature_count,integer,bbox_set,,crossing_feature_count
task_illustrations__environment__feature_side_object_count,illustrations,environment,feature_side_object_count,counting,illustrations,counting,trace.tasks.illustrations.counting.feature_relation_object_count,IllustrationsCountingFeatureSideObjectCountTask,trace/tasks/illustrations/counting/feature_relation_object_count.py,docs/tasks/task_illustrations__environment__feature_side_object_count.md,feature_side_object_count,integer,bbox_set,,feature_side_object_count
task_illustrations__environment__lit_window_count,illustrations,environment,lit_window_count,counting,illustrations,counting,trace.tasks.illustrations.counting.building_window_count,IllustrationsCountingBuildingWindowCountTask,trace/tasks/illustrations/counting/building_window_count.py,docs/tasks/task_illustrations__environment__lit_window_count.md,building_window_count,integer,bbox_set,,building_window_count
task_illustrations__environment__on_feature_object_count,illustrations,environment,on_feature_object_count,counting,illustrations,counting,trace.tasks.illustrations.counting.feature_relation_object_count,IllustrationsCountingOnFeatureObjectCountTask,trace/tasks/illustrations/counting/feature_relation_object_count.py,docs/tasks/task_illustrations__environment__on_feature_object_count.md,on_feature_object_count,integer,bbox_set,,on_feature_object_count
task_illustrations__image_cutout_board__jigsaw_piece_order,illustrations,image_cutout_board,jigsaw_piece_order,visual,illustrations,visual,trace.tasks.illustrations.visual.jigsaw_piece_order,IllustrationsVisualJigsawPieceOrderTask,trace/tasks/illustrations/visual/jigsaw_piece_order.py,docs/tasks/task_illustrations__image_cutout_board__jigsaw_piece_order.md,jigsaw_piece_order,string,bbox_sequence,,jigsaw_piece_order
task_illustrations__image_cutout_board__rotated_tile_label,illustrations,image_cutout_board,rotated_tile_label,visual,illustrations,visual,trace.tasks.illustrations.visual.rotated_tile_label,IllustrationsVisualRotatedTileLabelTask,trace/tasks/illustrations/visual/rotated_tile_label.py,docs/tasks/task_illustrations__image_cutout_board__rotated_tile_label.md,rotated_tile_label,option_letter,bbox_set,,rotated_tile_label
task_illustrations__indoor_room__furniture_side_count,illustrations,indoor_room,furniture_side_count,relation,illustrations,relation,trace.tasks.illustrations.relation.furniture_side_count,IllustrationsRelationFurnitureSideCountTask,trace/tasks/illustrations/relation/furniture_side_count.py,docs/tasks/task_illustrations__indoor_room__furniture_side_count.md,furniture_side_count,integer,bbox_set,,furniture_side_count
task_illustrations__indoor_room__surface_object_count,illustrations,indoor_room,surface_object_count,counting,illustrations,counting,trace.tasks.illustrations.counting.object_type_on_surface_count,IllustrationsCountingObjectTypeOnSurfaceCountTask,trace/tasks/illustrations/counting/object_type_on_surface_count.py,docs/tasks/task_illustrations__indoor_room__surface_object_count.md,object_type_on_surface_count,integer,bbox_set,,object_type_on_surface_count
task_illustrations__library__books_in_section_count,illustrations,library,books_in_section_count,counting,illustrations,counting,trace.tasks.illustrations.counting.library_book_count,IllustrationsCountingBooksInSectionCountTask,trace/tasks/illustrations/counting/library_book_count.py,docs/tasks/task_illustrations__library__books_in_section_count.md,books_in_section_count,integer,bbox_set,,books_in_section_count
task_illustrations__library__filtered_book_in_section_count,illustrations,library,filtered_book_in_section_count,counting,illustrations,counting,trace.tasks.illustrations.counting.library_book_count,IllustrationsCountingFilteredBookInSectionCountTask,trace/tasks/illustrations/counting/library_book_count.py,docs/tasks/task_illustrations__library__filtered_book_in_section_count.md,book_color_in_section_count|upright_book_in_section_count|horizontal_book_in_section_count,integer,bbox_set,,book_color_in_section_count
task_illustrations__library__filtered_book_in_section_count,illustrations,library,filtered_book_in_section_count,counting,illustrations,counting,trace.tasks.illustrations.counting.library_book_count,IllustrationsCountingFilteredBookInSectionCountTask,trace/tasks/illustrations/counting/library_book_count.py,docs/tasks/task_illustrations__library__filtered_book_in_section_count.md,book_color_in_section_count|upright_book_in_section_count|horizontal_book_in_section_count,integer,bbox_set,,upright_book_in_section_count
task_illustrations__library__filtered_book_in_section_count,illustrations,library,filtered_book_in_section_count,counting,illustrations,counting,trace.tasks.illustrations.counting.library_book_count,IllustrationsCountingFilteredBookInSectionCountTask,trace/tasks/illustrations/counting/library_book_count.py,docs/tasks/task_illustrations__library__filtered_book_in_section_count.md,book_color_in_section_count|upright_book_in_section_count|horizontal_book_in_section_count,integer,bbox_set,,horizontal_book_in_section_count
task_illustrations__missing_patch__missing_patch_label,illustrations,missing_patch,missing_patch_label,visual,illustrations,visual,trace.tasks.illustrations.visual.missing_patch_label,IllustrationsVisualMissingPatchLabelTask,trace/tasks/illustrations/visual/missing_patch_label.py,docs/tasks/task_illustrations__missing_patch__missing_patch_label.md,irregular_cutout_patch_label|plain_patch_label|transformed_patch_label,option_letter,keyed_bbox_map,,irregular_cutout_patch_label
task_illustrations__missing_patch__missing_patch_label,illustrations,missing_patch,missing_patch_label,visual,illustrations,visual,trace.tasks.illustrations.visual.missing_patch_label,IllustrationsVisualMissingPatchLabelTask,trace/tasks/illustrations/visual/missing_patch_label.py,docs/tasks/task_illustrations__missing_patch__missing_patch_label.md,irregular_cutout_patch_label|plain_patch_label|transformed_patch_label,option_letter,keyed_bbox_map,,plain_patch_label
task_illustrations__missing_patch__missing_patch_label,illustrations,missing_patch,missing_patch_label,visual,illustrations,visual,trace.tasks.illustrations.visual.missing_patch_label,IllustrationsVisualMissingPatchLabelTask,trace/tasks/illustrations/visual/missing_patch_label.py,docs/tasks/task_illustrations__missing_patch__missing_patch_label.md,irregular_cutout_patch_label|plain_patch_label|transformed_patch_label,option_letter,keyed_bbox_map,,transformed_patch_label
task_illustrations__park_playground__activity_person_count,illustrations,park_playground,activity_person_count,counting,illustrations,counting,trace.tasks.illustrations.counting.park_person_count,IllustrationsCountingParkActivityPersonCountTask,trace/tasks/illustrations/counting/park_person_count.py,docs/tasks/task_illustrations__park_playground__activity_person_count.md,sitting_person_count|walking_person_count|standing_person_count|playing_ball_person_count,integer,bbox_set,,sitting_person_count
task_illustrations__park_playground__activity_person_count,illustrations,park_playground,activity_person_count,counting,illustrations,counting,trace.tasks.illustrations.counting.park_person_count,IllustrationsCountingParkActivityPersonCountTask,trace/tasks/illustrations/counting/park_person_count.py,docs/tasks/task_illustrations__park_playground__activity_person_count.md,sitting_person_count|walking_person_count|standing_person_count|playing_ball_person_count,integer,bbox_set,,walking_person_count
task_illustrations__park_playground__activity_person_count,illustrations,park_playground,activity_person_count,counting,illustrations,counting,trace.tasks.illustrations.counting.park_person_count,IllustrationsCountingParkActivityPersonCountTask,trace/tasks/illustrations/counting/park_person_count.py,docs/tasks/task_illustrations__park_playground__activity_person_count.md,sitting_person_count|walking_person_count|standing_person_count|playing_ball_person_count,integer,bbox_set,,standing_person_count
task_illustrations__park_playground__activity_person_count,illustrations,park_playground,activity_person_count,counting,illustrations,counting,trace.tasks.illustrations.counting.park_person_count,IllustrationsCountingParkActivityPersonCountTask,trace/tasks/illustrations/counting/park_person_count.py,docs/tasks/task_illustrations__park_playground__activity_person_count.md,sitting_person_count|walking_person_count|standing_person_count|playing_ball_person_count,integer,bbox_set,,playing_ball_person_count
task_illustrations__park_playground__area_person_count,illustrations,park_playground,area_person_count,counting,illustrations,counting,trace.tasks.illustrations.counting.park_person_count,IllustrationsCountingParkAreaPersonCountTask,trace/tasks/illustrations/counting/park_person_count.py,docs/tasks/task_illustrations__park_playground__area_person_count.md,playground_area_person_count|garden_area_person_count,integer,bbox_set,,playground_area_person_count
task_illustrations__park_playground__area_person_count,illustrations,park_playground,area_person_count,counting,illustrations,counting,trace.tasks.illustrations.counting.park_person_count,IllustrationsCountingParkAreaPersonCountTask,trace/tasks/illustrations/counting/park_person_count.py,docs/tasks/task_illustrations__park_playground__area_person_count.md,playground_area_person_count|garden_area_person_count,integer,bbox_set,,garden_area_person_count
task_illustrations__park_playground__equipment_use_person_count,illustrations,park_playground,equipment_use_person_count,counting,illustrations,counting,trace.tasks.illustrations.counting.park_person_count,IllustrationsCountingParkEquipmentUsePersonCountTask,trace/tasks/illustrations/counting/park_person_count.py,docs/tasks/task_illustrations__park_playground__equipment_use_person_count.md,person_using_slide_count|person_using_swing_set_count|person_using_seesaw_count,integer,bbox_set,,person_using_slide_count
task_illustrations__park_playground__equipment_use_person_count,illustrations,park_playground,equipment_use_person_count,counting,illustrations,counting,trace.tasks.illustrations.counting.park_person_count,IllustrationsCountingParkEquipmentUsePersonCountTask,trace/tasks/illustrations/counting/park_person_count.py,docs/tasks/task_illustrations__park_playground__equipment_use_person_count.md,person_using_slide_count|person_using_swing_set_count|person_using_seesaw_count,integer,bbox_set,,person_using_swing_set_count
task_illustrations__park_playground__equipment_use_person_count,illustrations,park_playground,equipment_use_person_count,counting,illustrations,counting,trace.tasks.illustrations.counting.park_person_count,IllustrationsCountingParkEquipmentUsePersonCountTask,trace/tasks/illustrations/counting/park_person_count.py,docs/tasks/task_illustrations__park_playground__equipment_use_person_count.md,person_using_slide_count|person_using_swing_set_count|person_using_seesaw_count,integer,bbox_set,,person_using_seesaw_count
task_illustrations__park_playground__playground_equipment_count,illustrations,park_playground,playground_equipment_count,counting,illustrations,counting,trace.tasks.illustrations.counting.playground_equipment_count,IllustrationsCountingPlaygroundEquipmentCountTask,trace/tasks/illustrations/counting/playground_equipment_count.py,docs/tasks/task_illustrations__park_playground__playground_equipment_count.md,slide_count|swing_set_count|seesaw_count|climbing_frame_count,integer,bbox_set,,slide_count
task_illustrations__park_playground__playground_equipment_count,illustrations,park_playground,playground_equipment_count,counting,illustrations,counting,trace.tasks.illustrations.counting.playground_equipment_count,IllustrationsCountingPlaygroundEquipmentCountTask,trace/tasks/illustrations/counting/playground_equipment_count.py,docs/tasks/task_illustrations__park_playground__playground_equipment_count.md,slide_count|swing_set_count|seesaw_count|climbing_frame_count,integer,bbox_set,,swing_set_count
task_illustrations__park_playground__playground_equipment_count,illustrations,park_playground,playground_equipment_count,counting,illustrations,counting,trace.tasks.illustrations.counting.playground_equipment_count,IllustrationsCountingPlaygroundEquipmentCountTask,trace/tasks/illustrations/counting/playground_equipment_count.py,docs/tasks/task_illustrations__park_playground__playground_equipment_count.md,slide_count|swing_set_count|seesaw_count|climbing_frame_count,integer,bbox_set,,seesaw_count
task_illustrations__park_playground__playground_equipment_count,illustrations,park_playground,playground_equipment_count,counting,illustrations,counting,trace.tasks.illustrations.counting.playground_equipment_count,IllustrationsCountingPlaygroundEquipmentCountTask,trace/tasks/illustrations/counting/playground_equipment_count.py,docs/tasks/task_illustrations__park_playground__playground_equipment_count.md,slide_count|swing_set_count|seesaw_count|climbing_frame_count,integer,bbox_set,,climbing_frame_count
task_illustrations__pixel_village__building_near_path_count,illustrations,pixel_village,building_near_path_count,counting,illustrations,counting,trace.tasks.illustrations.counting.pixel_village_count,IllustrationsPixelVillageBuildingNearPathCountTask,trace/tasks/illustrations/counting/pixel_village_count.py,docs/tasks/task_illustrations__pixel_village__building_near_path_count.md,building_near_path_count,,,,building_near_path_count
task_illustrations__pixel_village__object_type_count,illustrations,pixel_village,object_type_count,counting,illustrations,counting,trace.tasks.illustrations.counting.pixel_village_count,IllustrationsPixelVillageObjectTypeCountTask,trace/tasks/illustrations/counting/pixel_village_count.py,docs/tasks/task_illustrations__pixel_village__object_type_count.md,object_type_count,,,,object_type_count
task_illustrations__pixel_village__person_path_count,illustrations,pixel_village,person_path_count,counting,illustrations,counting,trace.tasks.illustrations.counting.pixel_village_count,IllustrationsPixelVillagePersonPathCountTask,trace/tasks/illustrations/counting/pixel_village_count.py,docs/tasks/task_illustrations__pixel_village__person_path_count.md,person_path_count,,,,person_path_count
task_illustrations__pixel_village__territory_object_count,illustrations,pixel_village,territory_object_count,counting,illustrations,counting,trace.tasks.illustrations.counting.pixel_village_count,IllustrationsPixelVillageTerritoryObjectCountTask,trace/tasks/illustrations/counting/pixel_village_count.py,docs/tasks/task_illustrations__pixel_village__territory_object_count.md,territory_object_count,,,,territory_object_count
task_illustrations__single_object_figure__visible_part_count,illustrations,single_object_figure,visible_part_count,counterfactual,illustrations,counterfactual,trace.tasks.illustrations.counterfactual.visible_part_count,IllustrationsCounterfactualVisiblePartCountTask,trace/tasks/illustrations/counterfactual/visible_part_count.py,docs/tasks/task_illustrations__single_object_figure__visible_part_count.md,airplane_visible_wing_count|bird_visible_leg_count|butterfly_visible_wing_count|bicycle_visible_wheel_count|chair_visible_leg_count|clover_visible_leaf_count|fork_visible_tine_count|glove_visible_finger_count|quadruped_visible_leg_count|snowflake_visible_arm_count|star_visible_point_count|traffic_light_visible_lens_count,integer,bbox_set,,airplane_visible_wing_count
task_illustrations__single_object_figure__visible_part_count,illustrations,single_object_figure,visible_part_count,counterfactual,illustrations,counterfactual,trace.tasks.illustrations.counterfactual.visible_part_count,IllustrationsCounterfactualVisiblePartCountTask,trace/tasks/illustrations/counterfactual/visible_part_count.py,docs/tasks/task_illustrations__single_object_figure__visible_part_count.md,airplane_visible_wing_count|bird_visible_leg_count|butterfly_visible_wing_count|bicycle_visible_wheel_count|chair_visible_leg_count|clover_visible_leaf_count|fork_visible_tine_count|glove_visible_finger_count|quadruped_visible_leg_count|snowflake_visible_arm_count|star_visible_point_count|traffic_light_visible_lens_count,integer,bbox_set,,bird_visible_leg_count
task_illustrations__single_object_figure__visible_part_count,illustrations,single_object_figure,visible_part_count,counterfactual,illustrations,counterfactual,trace.tasks.illustrations.counterfactual.visible_part_count,IllustrationsCounterfactualVisiblePartCountTask,trace/tasks/illustrations/counterfactual/visible_part_count.py,docs/tasks/task_illustrations__single_object_figure__visible_part_count.md,airplane_visible_wing_count|bird_visible_leg_count|butterfly_visible_wing_count|bicycle_visible_wheel_count|chair_visible_leg_count|clover_visible_leaf_count|fork_visible_tine_count|glove_visible_finger_count|quadruped_visible_leg_count|snowflake_visible_arm_count|star_visible_point_count|traffic_light_visible_lens_count,integer,bbox_set,,butterfly_visible_wing_count
task_illustrations__single_object_figure__visible_part_count,illustrations,single_object_figure,visible_part_count,counterfactual,illustrations,counterfactual,trace.tasks.illustrations.counterfactual.visible_part_count,IllustrationsCounterfactualVisiblePartCountTask,trace/tasks/illustrations/counterfactual/visible_part_count.py,docs/tasks/task_illustrations__single_object_figure__visible_part_count.md,airplane_visible_wing_count|bird_visible_leg_count|butterfly_visible_wing_count|bicycle_visible_wheel_count|chair_visible_leg_count|clover_visible_leaf_count|fork_visible_tine_count|glove_visible_finger_count|quadruped_visible_leg_count|snowflake_visible_arm_count|star_visible_point_count|traffic_light_visible_lens_count,integer,bbox_set,,bicycle_visible_wheel_count
task_illustrations__single_object_figure__visible_part_count,illustrations,single_object_figure,visible_part_count,counterfactual,illustrations,counterfactual,trace.tasks.illustrations.counterfactual.visible_part_count,IllustrationsCounterfactualVisiblePartCountTask,trace/tasks/illustrations/counterfactual/visible_part_count.py,docs/tasks/task_illustrations__single_object_figure__visible_part_count.md,airplane_visible_wing_count|bird_visible_leg_count|butterfly_visible_wing_count|bicycle_visible_wheel_count|chair_visible_leg_count|clover_visible_leaf_count|fork_visible_tine_count|glove_visible_finger_count|quadruped_visible_leg_count|snowflake_visible_arm_count|star_visible_point_count|traffic_light_visible_lens_count,integer,bbox_set,,chair_visible_leg_count
task_illustrations__single_object_figure__visible_part_count,illustrations,single_object_figure,visible_part_count,counterfactual,illustrations,counterfactual,trace.tasks.illustrations.counterfactual.visible_part_count,IllustrationsCounterfactualVisiblePartCountTask,trace/tasks/illustrations/counterfactual/visible_part_count.py,docs/tasks/task_illustrations__single_object_figure__visible_part_count.md,airplane_visible_wing_count|bird_visible_leg_count|butterfly_visible_wing_count|bicycle_visible_wheel_count|chair_visible_leg_count|clover_visible_leaf_count|fork_visible_tine_count|glove_visible_finger_count|quadruped_visible_leg_count|snowflake_visible_arm_count|star_visible_point_count|traffic_light_visible_lens_count,integer,bbox_set,,clover_visible_leaf_count
task_illustrations__single_object_figure__visible_part_count,illustrations,single_object_figure,visible_part_count,counterfactual,illustrations,counterfactual,trace.tasks.illustrations.counterfactual.visible_part_count,IllustrationsCounterfactualVisiblePartCountTask,trace/tasks/illustrations/counterfactual/visible_part_count.py,docs/tasks/task_illustrations__single_object_figure__visible_part_count.md,airplane_visible_wing_count|bird_visible_leg_count|butterfly_visible_wing_count|bicycle_visible_wheel_count|chair_visible_leg_count|clover_visible_leaf_count|fork_visible_tine_count|glove_visible_finger_count|quadruped_visible_leg_count|snowflake_visible_arm_count|star_visible_point_count|traffic_light_visible_lens_count,integer,bbox_set,,fork_visible_tine_count
task_illustrations__single_object_figure__visible_part_count,illustrations,single_object_figure,visible_part_count,counterfactual,illustrations,counterfactual,trace.tasks.illustrations.counterfactual.visible_part_count,IllustrationsCounterfactualVisiblePartCountTask,trace/tasks/illustrations/counterfactual/visible_part_count.py,docs/tasks/task_illustrations__single_object_figure__visible_part_count.md,airplane_visible_wing_count|bird_visible_leg_count|butterfly_visible_wing_count|bicycle_visible_wheel_count|chair_visible_leg_count|clover_visible_leaf_count|fork_visible_tine_count|glove_visible_finger_count|quadruped_visible_leg_count|snowflake_visible_arm_count|star_visible_point_count|traffic_light_visible_lens_count,integer,bbox_set,,glove_visible_finger_count
task_illustrations__single_object_figure__visible_part_count,illustrations,single_object_figure,visible_part_count,counterfactual,illustrations,counterfactual,trace.tasks.illustrations.counterfactual.visible_part_count,IllustrationsCounterfactualVisiblePartCountTask,trace/tasks/illustrations/counterfactual/visible_part_count.py,docs/tasks/task_illustrations__single_object_figure__visible_part_count.md,airplane_visible_wing_count|bird_visible_leg_count|butterfly_visible_wing_count|bicycle_visible_wheel_count|chair_visible_leg_count|clover_visible_leaf_count|fork_visible_tine_count|glove_visible_finger_count|quadruped_visible_leg_count|snowflake_visible_arm_count|star_visible_point_count|traffic_light_visible_lens_count,integer,bbox_set,,quadruped_visible_leg_count
task_illustrations__single_object_figure__visible_part_count,illustrations,single_object_figure,visible_part_count,counterfactual,illustrations,counterfactual,trace.tasks.illustrations.counterfactual.visible_part_count,IllustrationsCounterfactualVisiblePartCountTask,trace/tasks/illustrations/counterfactual/visible_part_count.py,docs/tasks/task_illustrations__single_object_figure__visible_part_count.md,airplane_visible_wing_count|bird_visible_leg_count|butterfly_visible_wing_count|bicycle_visible_wheel_count|chair_visible_leg_count|clover_visible_leaf_count|fork_visible_tine_count|glove_visible_finger_count|quadruped_visible_leg_count|snowflake_visible_arm_count|star_visible_point_count|traffic_light_visible_lens_count,integer,bbox_set,,snowflake_visible_arm_count
task_illustrations__single_object_figure__visible_part_count,illustrations,single_object_figure,visible_part_count,counterfactual,illustrations,counterfactual,trace.tasks.illustrations.counterfactual.visible_part_count,IllustrationsCounterfactualVisiblePartCountTask,trace/tasks/illustrations/counterfactual/visible_part_count.py,docs/tasks/task_illustrations__single_object_figure__visible_part_count.md,airplane_visible_wing_count|bird_visible_leg_count|butterfly_visible_wing_count|bicycle_visible_wheel_count|chair_visible_leg_count|clover_visible_leaf_count|fork_visible_tine_count|glove_visible_finger_count|quadruped_visible_leg_count|snowflake_visible_arm_count|star_visible_point_count|traffic_light_visible_lens_count,integer,bbox_set,,star_visible_point_count
task_illustrations__single_object_figure__visible_part_count,illustrations,single_object_figure,visible_part_count,counterfactual,illustrations,counterfactual,trace.tasks.illustrations.counterfactual.visible_part_count,IllustrationsCounterfactualVisiblePartCountTask,trace/tasks/illustrations/counterfactual/visible_part_count.py,docs/tasks/task_illustrations__single_object_figure__visible_part_count.md,airplane_visible_wing_count|bird_visible_leg_count|butterfly_visible_wing_count|bicycle_visible_wheel_count|chair_visible_leg_count|clover_visible_leaf_count|fork_visible_tine_count|glove_visible_finger_count|quadruped_visible_leg_count|snowflake_visible_arm_count|star_visible_point_count|traffic_light_visible_lens_count,integer,bbox_set,,traffic_light_visible_lens_count
task_illustrations__source_scene_edit__object_count_after_edit,illustrations,source_scene_edit,object_count_after_edit,counterfactual,illustrations,counterfactual,trace.tasks.illustrations.counterfactual.object_count_after_edit,IllustrationsCounterfactualObjectCountAfterEditTask,trace/tasks/illustrations/counterfactual/object_count_after_edit.py,docs/tasks/task_illustrations__source_scene_edit__object_count_after_edit.md,after_added_k_objects_count|after_removed_k_objects_count,integer,bbox_set,,after_added_k_objects_count
task_illustrations__source_scene_edit__object_count_after_edit,illustrations,source_scene_edit,object_count_after_edit,counterfactual,illustrations,counterfactual,trace.tasks.illustrations.counterfactual.object_count_after_edit,IllustrationsCounterfactualObjectCountAfterEditTask,trace/tasks/illustrations/counterfactual/object_count_after_edit.py,docs/tasks/task_illustrations__source_scene_edit__object_count_after_edit.md,after_added_k_objects_count|after_removed_k_objects_count,integer,bbox_set,,after_removed_k_objects_count
task_illustrations__transit_terminal__luggage_in_boarding_area_count,illustrations,transit_terminal,luggage_in_boarding_area_count,counting,illustrations,counting,trace.tasks.illustrations.counting.terminal_entity_location_count,IllustrationsCountingTransitLuggageInBoardingAreaCountTask,trace/tasks/illustrations/counting/terminal_entity_location_count.py,docs/tasks/task_illustrations__transit_terminal__luggage_in_boarding_area_count.md,luggage_in_boarding_area_count,integer,bbox_set,,luggage_in_boarding_area_count
task_illustrations__transit_terminal__person_in_boarding_area_count,illustrations,transit_terminal,person_in_boarding_area_count,counting,illustrations,counting,trace.tasks.illustrations.counting.terminal_entity_location_count,IllustrationsCountingTransitPersonInBoardingAreaCountTask,trace/tasks/illustrations/counting/terminal_entity_location_count.py,docs/tasks/task_illustrations__transit_terminal__person_in_boarding_area_count.md,person_in_boarding_area_count,integer,bbox_set,,person_in_boarding_area_count
task_illustrations__transit_terminal__person_in_queue_count,illustrations,transit_terminal,person_in_queue_count,counting,illustrations,counting,trace.tasks.illustrations.counting.terminal_entity_location_count,IllustrationsCountingTransitPersonInQueueCountTask,trace/tasks/illustrations/counting/terminal_entity_location_count.py,docs/tasks/task_illustrations__transit_terminal__person_in_queue_count.md,person_in_queue_count,integer,bbox_set,,person_in_queue_count
task_misc__abacus_match_panel__target_value_match_label,misc,abacus_match_panel,target_value_match_label,abacus,misc,abacus,trace.tasks.misc.abacus.match_panel,MiscAbacusTargetValueMatchTask,trace/tasks/misc/abacus/match_panel.py,docs/tasks/task_misc__abacus_match_panel__target_value_match_label.md,target_value_match_label,,,,target_value_match_label
task_misc__abacus_readout__displayed_value_readout,misc,abacus_readout,displayed_value_readout,abacus,misc,abacus,trace.tasks.misc.abacus.readout,MiscAbacusDisplayedValueReadoutTask,trace/tasks/misc/abacus/readout.py,docs/tasks/task_misc__abacus_readout__displayed_value_readout.md,displayed_value_readout,,,,displayed_value_readout
task_misc__agent_automaton__agent_cell_flip_count,misc,agent_automaton,agent_cell_flip_count,automaton,misc,automaton,trace.tasks.misc.automaton.agent,MiscAutomatonAgentCellFlipCountTask,trace/tasks/misc/automaton/agent.py,docs/tasks/task_misc__agent_automaton__agent_cell_flip_count.md,marked_region_flip_count,integer,bbox_set,,marked_region_flip_count
task_misc__agent_automaton__agent_final_pose_label,misc,agent_automaton,agent_final_pose_label,automaton,misc,automaton,trace.tasks.misc.automaton.agent,MiscAutomatonAgentFinalPoseLabelTask,trace/tasks/misc/automaton/agent.py,docs/tasks/task_misc__agent_automaton__agent_final_pose_label.md,binary_rule_final_pose|three_state_rule_final_pose,option_letter,keyed_bbox_map,,binary_rule_final_pose
task_misc__agent_automaton__agent_final_pose_label,misc,agent_automaton,agent_final_pose_label,automaton,misc,automaton,trace.tasks.misc.automaton.agent,MiscAutomatonAgentFinalPoseLabelTask,trace/tasks/misc/automaton/agent.py,docs/tasks/task_misc__agent_automaton__agent_final_pose_label.md,binary_rule_final_pose|three_state_rule_final_pose,option_letter,keyed_bbox_map,,three_state_rule_final_pose
task_misc__analog_clock__offset_readout,misc,analog_clock,offset_readout,clock,misc,clock,trace.tasks.misc.clock.readout,MiscClockOffsetReadoutTask,trace/tasks/misc/clock/readout.py,docs/tasks/task_misc__analog_clock__offset_readout.md,minutes_after|minutes_before,string,keyed_point_map,,minutes_after
task_misc__analog_clock__offset_readout,misc,analog_clock,offset_readout,clock,misc,clock,trace.tasks.misc.clock.readout,MiscClockOffsetReadoutTask,trace/tasks/misc/clock/readout.py,docs/tasks/task_misc__analog_clock__offset_readout.md,minutes_after|minutes_before,string,keyed_point_map,,minutes_before
task_misc__braille_cell__matching_pattern_label,misc,braille_cell,matching_pattern_label,notation,misc,notation,trace.tasks.misc.notation.braille,MiscBrailleMatchingPatternLabelTask,trace/tasks/misc/notation/braille.py,docs/tasks/task_misc__braille_cell__matching_pattern_label.md,matching_pattern_label,,,,matching_pattern_label
task_misc__braille_cell__raised_dot_count,misc,braille_cell,raised_dot_count,notation,misc,notation,trace.tasks.misc.notation.braille,MiscBrailleRaisedDotCountTask,trace/tasks/misc/notation/braille.py,docs/tasks/task_misc__braille_cell__raised_dot_count.md,raised_dot_count,,,,raised_dot_count
task_misc__clock_collection__compare,misc,clock_collection,compare,clock,misc,clock,trace.tasks.misc.clock.compare,MiscClockCompareTask,trace/tasks/misc/clock/compare.py,docs/tasks/task_misc__clock_collection__compare.md,earliest_time_label|latest_time_label,string,bbox_set,,earliest_time_label
task_misc__clock_collection__compare,misc,clock_collection,compare,clock,misc,clock,trace.tasks.misc.clock.compare,MiscClockCompareTask,trace/tasks/misc/clock/compare.py,docs/tasks/task_misc__clock_collection__compare.md,earliest_time_label|latest_time_label,string,bbox_set,,latest_time_label
task_misc__clock_match_panel__equivalent_time_label,misc,clock_match_panel,equivalent_time_label,clock,misc,clock,trace.tasks.misc.clock.match_panel,MiscClockMatchPanelTask,trace/tasks/misc/clock/match_panel.py,docs/tasks/task_misc__clock_match_panel__equivalent_time_label.md,equivalent_time_label,,,,equivalent_time_label
task_misc__dice_probability__dice_conditional_event_value,misc,dice_probability,dice_conditional_event_value,probability,misc,probability,trace.tasks.misc.probability.dice,MiscProbabilityDiceConditionalEventValueTask,trace/tasks/misc/probability/dice.py,docs/tasks/task_misc__dice_probability__dice_conditional_event_value.md,conditional_color_given_value_property_probability|conditional_color_given_value_set_probability|conditional_value_property_given_color_probability,string,keyed_bbox_map,,conditional_color_given_value_property_probability
task_misc__dice_probability__dice_conditional_event_value,misc,dice_probability,dice_conditional_event_value,probability,misc,probability,trace.tasks.misc.probability.dice,MiscProbabilityDiceConditionalEventValueTask,trace/tasks/misc/probability/dice.py,docs/tasks/task_misc__dice_probability__dice_conditional_event_value.md,conditional_color_given_value_property_probability|conditional_color_given_value_set_probability|conditional_value_property_given_color_probability,string,keyed_bbox_map,,conditional_color_given_value_set_probability
task_misc__dice_probability__dice_conditional_event_value,misc,dice_probability,dice_conditional_event_value,probability,misc,probability,trace.tasks.misc.probability.dice,MiscProbabilityDiceConditionalEventValueTask,trace/tasks/misc/probability/dice.py,docs/tasks/task_misc__dice_probability__dice_conditional_event_value.md,conditional_color_given_value_property_probability|conditional_color_given_value_set_probability|conditional_value_property_given_color_probability,string,keyed_bbox_map,,conditional_value_property_given_color_probability
task_misc__dice_probability__pair_attribute_combo_probability,misc,dice_probability,pair_attribute_combo_probability,probability,misc,probability,trace.tasks.misc.probability.dice,MiscProbabilityDicePairAttributeComboProbabilityTask,trace/tasks/misc/probability/dice.py,docs/tasks/task_misc__dice_probability__pair_attribute_combo_probability.md,pair_attribute_combo_probability,,,,pair_attribute_combo_probability
task_misc__dice_probability__pair_difference_probability,misc,dice_probability,pair_difference_probability,probability,misc,probability,trace.tasks.misc.probability.dice,MiscProbabilityDicePairDifferenceProbabilityTask,trace/tasks/misc/probability/dice.py,docs/tasks/task_misc__dice_probability__pair_difference_probability.md,pair_difference_probability,,,,pair_difference_probability
task_misc__dice_probability__pair_sum_probability,misc,dice_probability,pair_sum_probability,probability,misc,probability,trace.tasks.misc.probability.dice,MiscProbabilityDicePairSumProbabilityTask,trace/tasks/misc/probability/dice.py,docs/tasks/task_misc__dice_probability__pair_sum_probability.md,pair_sum_probability,,,,pair_sum_probability
task_misc__dice_probability__pair_sum_threshold_probability,misc,dice_probability,pair_sum_threshold_probability,probability,misc,probability,trace.tasks.misc.probability.dice,MiscProbabilityDicePairSumThresholdProbabilityTask,trace/tasks/misc/probability/dice.py,docs/tasks/task_misc__dice_probability__pair_sum_threshold_probability.md,pair_sum_threshold_probability,,,,pair_sum_threshold_probability
task_misc__dice_probability__single_attribute_probability,misc,dice_probability,single_attribute_probability,probability,misc,probability,trace.tasks.misc.probability.dice,MiscProbabilityDiceSingleAttributeProbabilityTask,trace/tasks/misc/probability/dice.py,docs/tasks/task_misc__dice_probability__single_attribute_probability.md,single_attribute_probability,,,,single_attribute_probability
task_misc__dice_probability__single_threshold_probability,misc,dice_probability,single_threshold_probability,probability,misc,probability,trace.tasks.misc.probability.dice,MiscProbabilityDiceSingleThresholdProbabilityTask,trace/tasks/misc/probability/dice.py,docs/tasks/task_misc__dice_probability__single_threshold_probability.md,single_threshold_probability,,,,single_threshold_probability
task_misc__life_automaton__life_future_grid_label,misc,life_automaton,life_future_grid_label,automaton,misc,automaton,trace.tasks.misc.automaton.life,MiscAutomatonLifeFutureGridLabelTask,trace/tasks/misc/automaton/life.py,docs/tasks/task_misc__life_automaton__life_future_grid_label.md,one_step_future_grid|two_step_future_grid,option_letter,keyed_bbox_map,,one_step_future_grid
task_misc__life_automaton__life_future_grid_label,misc,life_automaton,life_future_grid_label,automaton,misc,automaton,trace.tasks.misc.automaton.life,MiscAutomatonLifeFutureGridLabelTask,trace/tasks/misc/automaton/life.py,docs/tasks/task_misc__life_automaton__life_future_grid_label.md,one_step_future_grid|two_step_future_grid,option_letter,keyed_bbox_map,,two_step_future_grid
task_misc__life_automaton__life_population_count,misc,life_automaton,life_population_count,automaton,misc,automaton,trace.tasks.misc.automaton.life,MiscAutomatonLifePopulationCountTask,trace/tasks/misc/automaton/life.py,docs/tasks/task_misc__life_automaton__life_population_count.md,marked_line_live_count,integer,bbox_set,,marked_line_live_count
task_misc__logic_gate_circuit__output_value_count,misc,logic_gate_circuit,output_value_count,notation,misc,notation,trace.tasks.misc.notation.logic_gate,MiscLogicGateOutputValueCountTask,trace/tasks/misc/notation/logic_gate.py,docs/tasks/task_misc__logic_gate_circuit__output_value_count.md,output_value_count,,,,output_value_count
task_misc__logic_gate_circuit__satisfying_assignment_label,misc,logic_gate_circuit,satisfying_assignment_label,notation,misc,notation,trace.tasks.misc.notation.logic_gate,MiscLogicGateSatisfyingAssignmentLabelTask,trace/tasks/misc/notation/logic_gate.py,docs/tasks/task_misc__logic_gate_circuit__satisfying_assignment_label.md,satisfying_assignment_label,,,,satisfying_assignment_label
task_misc__music_staff__articulation_symbol_label,misc,music_staff,articulation_symbol_label,notation,misc,notation,trace.tasks.misc.notation.music_staff,MiscArticulationSymbolLabelTask,trace/tasks/misc/notation/music_staff.py,docs/tasks/task_misc__music_staff__articulation_symbol_label.md,articulation_symbol_label,,,,articulation_symbol_label
task_misc__music_staff__bar_count_value,misc,music_staff,bar_count_value,notation,misc,notation,trace.tasks.misc.notation.music_staff,MiscBarCountValueTask,trace/tasks/misc/notation/music_staff.py,docs/tasks/task_misc__music_staff__bar_count_value.md,bar_count_value,integer,bbox_set,,bar_count_value
task_misc__music_staff__chord_harmony_label,misc,music_staff,chord_harmony_label,notation,misc,notation,trace.tasks.misc.notation.music_staff,MiscChordHarmonyLabelTask,trace/tasks/misc/notation/music_staff.py,docs/tasks/task_misc__music_staff__chord_harmony_label.md,chord_inversion_label|chord_quality_label|roman_numeral_label,string,bbox_set,,chord_inversion_label
task_misc__music_staff__chord_harmony_label,misc,music_staff,chord_harmony_label,notation,misc,notation,trace.tasks.misc.notation.music_staff,MiscChordHarmonyLabelTask,trace/tasks/misc/notation/music_staff.py,docs/tasks/task_misc__music_staff__chord_harmony_label.md,chord_inversion_label|chord_quality_label|roman_numeral_label,string,bbox_set,,chord_quality_label
task_misc__music_staff__chord_harmony_label,misc,music_staff,chord_harmony_label,notation,misc,notation,trace.tasks.misc.notation.music_staff,MiscChordHarmonyLabelTask,trace/tasks/misc/notation/music_staff.py,docs/tasks/task_misc__music_staff__chord_harmony_label.md,chord_inversion_label|chord_quality_label|roman_numeral_label,string,bbox_set,,roman_numeral_label
task_misc__music_staff__dominant_chord_count,misc,music_staff,dominant_chord_count,notation,misc,notation,trace.tasks.misc.notation.music_staff,MiscDominantChordCountTask,trace/tasks/misc/notation/music_staff.py,docs/tasks/task_misc__music_staff__dominant_chord_count.md,dominant_count_value,integer,bbox_set,,dominant_count_value
task_misc__music_staff__duration_equivalence_label,misc,music_staff,duration_equivalence_label,notation,misc,notation,trace.tasks.misc.notation.music_staff,MiscDurationEquivalenceLabelTask,trace/tasks/misc/notation/music_staff.py,docs/tasks/task_misc__music_staff__duration_equivalence_label.md,duration_equivalence_label,string,bbox_set,,duration_equivalence_label
task_misc__music_staff__interval_name_label,misc,music_staff,interval_name_label,notation,misc,notation,trace.tasks.misc.notation.music_staff,MiscIntervalNameLabelTask,trace/tasks/misc/notation/music_staff.py,docs/tasks/task_misc__music_staff__interval_name_label.md,interval_name_label,,,,interval_name_label
task_misc__music_staff__key_signature_label,misc,music_staff,key_signature_label,notation,misc,notation,trace.tasks.misc.notation.music_staff,MiscKeySignatureLabelTask,trace/tasks/misc/notation/music_staff.py,docs/tasks/task_misc__music_staff__key_signature_label.md,key_signature_label,,,,key_signature_label
task_misc__music_staff__meter_type_label,misc,music_staff,meter_type_label,notation,misc,notation,trace.tasks.misc.notation.music_staff,MiscMeterTypeLabelTask,trace/tasks/misc/notation/music_staff.py,docs/tasks/task_misc__music_staff__meter_type_label.md,meter_type_label,,,,meter_type_label
task_misc__music_staff__note_name_label,misc,music_staff,note_name_label,notation,misc,notation,trace.tasks.misc.notation.music_staff,MiscNoteNameLabelTask,trace/tasks/misc/notation/music_staff.py,docs/tasks/task_misc__music_staff__note_name_label.md,note_name_label,,,,note_name_label
task_misc__music_staff__same_pitch_truth_label,misc,music_staff,same_pitch_truth_label,notation,misc,notation,trace.tasks.misc.notation.music_staff,MiscSamePitchTruthLabelTask,trace/tasks/misc/notation/music_staff.py,docs/tasks/task_misc__music_staff__same_pitch_truth_label.md,same_pitch_truth_label,,,,same_pitch_truth_label
task_misc__music_staff__scale_degree_function_label,misc,music_staff,scale_degree_function_label,notation,misc,notation,trace.tasks.misc.notation.music_staff,MiscScaleDegreeFunctionLabelTask,trace/tasks/misc/notation/music_staff.py,docs/tasks/task_misc__music_staff__scale_degree_function_label.md,scale_degree_function_label,,,,scale_degree_function_label
task_misc__music_staff__scale_validation_truth_label,misc,music_staff,scale_validation_truth_label,notation,misc,notation,trace.tasks.misc.notation.music_staff,MiscScaleValidationTruthLabelTask,trace/tasks/misc/notation/music_staff.py,docs/tasks/task_misc__music_staff__scale_validation_truth_label.md,scale_validation_truth_label,,,,scale_validation_truth_label
task_misc__music_staff__time_signature_label,misc,music_staff,time_signature_label,notation,misc,notation,trace.tasks.misc.notation.music_staff,MiscTimeSignatureLabelTask,trace/tasks/misc/notation/music_staff.py,docs/tasks/task_misc__music_staff__time_signature_label.md,time_signature_label,,,,time_signature_label
task_misc__music_staff__transposed_pitch_truth_label,misc,music_staff,transposed_pitch_truth_label,notation,misc,notation,trace.tasks.misc.notation.music_staff,MiscTransposedPitchTruthLabelTask,trace/tasks/misc/notation/music_staff.py,docs/tasks/task_misc__music_staff__transposed_pitch_truth_label.md,transposed_pitch_truth_label,,,,transposed_pitch_truth_label
task_misc__organic_structure__bond_order_count,misc,organic_structure,bond_order_count,notation,misc,notation,trace.tasks.misc.notation.organic_structure,MiscBondOrderCountTask,trace/tasks/misc/notation/organic_structure.py,docs/tasks/task_misc__organic_structure__bond_order_count.md,bond_order_count,,,,bond_order_count
task_misc__organic_structure__branch_point_count,misc,organic_structure,branch_point_count,notation,misc,notation,trace.tasks.misc.notation.organic_structure,MiscBranchPointCountTask,trace/tasks/misc/notation/organic_structure.py,docs/tasks/task_misc__organic_structure__branch_point_count.md,branch_point_count,,,,branch_point_count
task_misc__organic_structure__ring_size_count,misc,organic_structure,ring_size_count,notation,misc,notation,trace.tasks.misc.notation.organic_structure,MiscRingSizeCountTask,trace/tasks/misc/notation/organic_structure.py,docs/tasks/task_misc__organic_structure__ring_size_count.md,ring_size_count,,,,ring_size_count
task_misc__spinner_probability__multi_attribute_and_probability,misc,spinner_probability,multi_attribute_and_probability,probability,misc,probability,trace.tasks.misc.probability.spinner,MiscProbabilitySpinnerMultiAttributeAndProbabilityTask,trace/tasks/misc/probability/spinner.py,docs/tasks/task_misc__spinner_probability__multi_attribute_and_probability.md,multi_attribute_and_probability,,,,multi_attribute_and_probability
task_misc__spinner_probability__multi_attribute_or_probability,misc,spinner_probability,multi_attribute_or_probability,probability,misc,probability,trace.tasks.misc.probability.spinner,MiscProbabilitySpinnerMultiAttributeOrProbabilityTask,trace/tasks/misc/probability/spinner.py,docs/tasks/task_misc__spinner_probability__multi_attribute_or_probability.md,multi_attribute_or_probability,,,,multi_attribute_or_probability
task_misc__spinner_probability__single_attribute_probability,misc,spinner_probability,single_attribute_probability,probability,misc,probability,trace.tasks.misc.probability.spinner,MiscProbabilitySpinnerSingleAttributeProbabilityTask,trace/tasks/misc/probability/spinner.py,docs/tasks/task_misc__spinner_probability__single_attribute_probability.md,single_attribute_probability,,,,single_attribute_probability
task_misc__spinner_probability__spinner_pair_event_value,misc,spinner_probability,spinner_pair_event_value,probability,misc,probability,trace.tasks.misc.probability.spinner,MiscProbabilitySpinnerPairEventValueTask,trace/tasks/misc/probability/spinner.py,docs/tasks/task_misc__spinner_probability__spinner_pair_event_value.md,pair_at_least_one_target_color_probability|pair_both_target_color_probability|pair_same_color_probability,string,bbox_set,,pair_at_least_one_target_color_probability
task_misc__spinner_probability__spinner_pair_event_value,misc,spinner_probability,spinner_pair_event_value,probability,misc,probability,trace.tasks.misc.probability.spinner,MiscProbabilitySpinnerPairEventValueTask,trace/tasks/misc/probability/spinner.py,docs/tasks/task_misc__spinner_probability__spinner_pair_event_value.md,pair_at_least_one_target_color_probability|pair_both_target_color_probability|pair_same_color_probability,string,bbox_set,,pair_both_target_color_probability
task_misc__spinner_probability__spinner_pair_event_value,misc,spinner_probability,spinner_pair_event_value,probability,misc,probability,trace.tasks.misc.probability.spinner,MiscProbabilitySpinnerPairEventValueTask,trace/tasks/misc/probability/spinner.py,docs/tasks/task_misc__spinner_probability__spinner_pair_event_value.md,pair_at_least_one_target_color_probability|pair_both_target_color_probability|pair_same_color_probability,string,bbox_set,,pair_same_color_probability
task_misc__turing_tape__turing_written_symbol_count,misc,turing_tape,turing_written_symbol_count,automaton,misc,automaton,trace.tasks.misc.automaton.turing,MiscAutomatonTuringWrittenSymbolCountTask,trace/tasks/misc/automaton/turing.py,docs/tasks/task_misc__turing_tape__turing_written_symbol_count.md,written_symbol_count,integer,bbox_set,,written_symbol_count
task_pages__calendar__marked_day_class_count,pages,calendar,marked_day_class_count,calendar,pages,calendar,trace.tasks.pages.calendar.month_view,PagesCalendarMarkedDayClassCountTask,trace/tasks/pages/calendar/month_view.py,docs/tasks/task_pages__calendar__marked_day_class_count.md,count_marked_weekday_days|count_marked_weekend_days,integer,bbox_set,,count_marked_weekday_days
task_pages__calendar__marked_day_class_count,pages,calendar,marked_day_class_count,calendar,pages,calendar,trace.tasks.pages.calendar.month_view,PagesCalendarMarkedDayClassCountTask,trace/tasks/pages/calendar/month_view.py,docs/tasks/task_pages__calendar__marked_day_class_count.md,count_marked_weekday_days|count_marked_weekend_days,integer,bbox_set,,count_marked_weekend_days
task_pages__calendar__weekday_occurrence_date,pages,calendar,weekday_occurrence_date,calendar,pages,calendar,trace.tasks.pages.calendar.month_view,PagesCalendarWeekdayOccurrenceDateTask,trace/tasks/pages/calendar/month_view.py,docs/tasks/task_pages__calendar__weekday_occurrence_date.md,date_of_weekday_occurrence,integer,bbox_set,,date_of_weekday_occurrence
task_pages__calendar__workday_offset_date,pages,calendar,workday_offset_date,calendar,pages,calendar,trace.tasks.pages.calendar.month_view,PagesCalendarWorkdayOffsetDateTask,trace/tasks/pages/calendar/month_view.py,docs/tasks/task_pages__calendar__workday_offset_date.md,workday_after_offset_date|workday_before_offset_date,,,,workday_after_offset_date
task_pages__calendar__workday_offset_date,pages,calendar,workday_offset_date,calendar,pages,calendar,trace.tasks.pages.calendar.month_view,PagesCalendarWorkdayOffsetDateTask,trace/tasks/pages/calendar/month_view.py,docs/tasks/task_pages__calendar__workday_offset_date.md,workday_after_offset_date|workday_before_offset_date,,,,workday_before_offset_date
task_pages__calendar_event_grid__category_slot_day_count,pages,calendar_event_grid,category_slot_day_count,calendar,pages,calendar,trace.tasks.pages.calendar.event_grid,PagesCalendarEventGridCategorySlotDayCountTask,trace/tasks/pages/calendar/event_grid.py,docs/tasks/task_pages__calendar_event_grid__category_slot_day_count.md,category_slot_day_count,,,,category_slot_day_count
task_pages__calendar_event_grid__date_for_category_slot_label,pages,calendar_event_grid,date_for_category_slot_label,calendar,pages,calendar,trace.tasks.pages.calendar.event_grid,PagesCalendarEventGridDateForCategorySlotLabelTask,trace/tasks/pages/calendar/event_grid.py,docs/tasks/task_pages__calendar_event_grid__date_for_category_slot_label.md,date_for_category_slot_label,,,,date_for_category_slot_label
task_pages__calendar_event_grid__date_slot_category_label,pages,calendar_event_grid,date_slot_category_label,calendar,pages,calendar,trace.tasks.pages.calendar.event_grid,PagesCalendarEventGridDateSlotCategoryLabelTask,trace/tasks/pages/calendar/event_grid.py,docs/tasks/task_pages__calendar_event_grid__date_slot_category_label.md,date_slot_category_label,,,,date_slot_category_label
task_pages__category_grid__category_item_count,pages,category_grid,category_item_count,document_lookup,pages,document_lookup,trace.tasks.pages.document_lookup.category_grid,PagesCategoryGridCategoryItemCountTask,trace/tasks/pages/document_lookup/category_grid.py,docs/tasks/task_pages__category_grid__category_item_count.md,category_item_count,,,,category_item_count
task_pages__category_grid__category_slot_item_label,pages,category_grid,category_slot_item_label,document_lookup,pages,document_lookup,trace.tasks.pages.document_lookup.category_grid,PagesCategoryGridCategorySlotItemLabelTask,trace/tasks/pages/document_lookup/category_grid.py,docs/tasks/task_pages__category_grid__category_slot_item_label.md,category_slot_item_label,,,,category_slot_item_label
task_pages__command_matrix__command_intent_target_label,pages,command_matrix,command_intent_target_label,relation,pages,relation,trace.tasks.pages.relation.command_intent_target_label,PagesCommandMatrixCommandIntentTargetLabelTask,trace/tasks/pages/relation/command_intent_target_label.py,docs/tasks/task_pages__command_matrix__command_intent_target_label.md,command_intent_target_label,option_letter,keyed_bbox_map,,command_intent_target_label
task_pages__command_matrix__dual_guide_command_label,pages,command_matrix,dual_guide_command_label,relation,pages,relation,trace.tasks.pages.relation.command_intent_target_label,PagesCommandMatrixDualGuideCommandLabelTask,trace/tasks/pages/relation/command_intent_target_label.py,docs/tasks/task_pages__command_matrix__dual_guide_command_label.md,dual_guide_command_label,,,,dual_guide_command_label
task_pages__comparison_panel__side_attribute_value_label,pages,comparison_panel,side_attribute_value_label,document_lookup,pages,document_lookup,trace.tasks.pages.document_lookup.comparison_panel,PagesComparisonPanelSideAttributeValueLabelTask,trace/tasks/pages/document_lookup/comparison_panel.py,docs/tasks/task_pages__comparison_panel__side_attribute_value_label.md,side_attribute_value_label,,,,side_attribute_value_label
task_pages__concept_map__branch_child_count,pages,concept_map,branch_child_count,concept_map,pages,concept_map,trace.tasks.pages.concept_map.diagram_tasks,PagesConceptMapBranchChildCountTask,trace/tasks/pages/concept_map/diagram_tasks.py,docs/tasks/task_pages__concept_map__branch_child_count.md,branch_child_count,,,,branch_child_count
task_pages__concept_map__marked_child_count,pages,concept_map,marked_child_count,concept_map,pages,concept_map,trace.tasks.pages.concept_map.diagram_tasks,PagesConceptMapMarkedChildCountTask,trace/tasks/pages/concept_map/diagram_tasks.py,docs/tasks/task_pages__concept_map__marked_child_count.md,marked_child_count,,,,marked_child_count
task_pages__concept_map__ordered_child_label,pages,concept_map,ordered_child_label,concept_map,pages,concept_map,trace.tasks.pages.concept_map.diagram_tasks,PagesConceptMapOrderedChildLabelTask,trace/tasks/pages/concept_map/diagram_tasks.py,docs/tasks/task_pages__concept_map__ordered_child_label.md,nth_child_label,string,keyed_bbox_map,,nth_child_label
task_pages__control_board__disabled_controls_in_group_count,pages,control_board,disabled_controls_in_group_count,counting,pages,counting,trace.tasks.pages.counting.filter_count,PagesControlBoardDisabledControlsInGroupCountTask,trace/tasks/pages/counting/filter_count.py,docs/tasks/task_pages__control_board__disabled_controls_in_group_count.md,disabled_controls_in_group_count,,,,disabled_controls_in_group_count
task_pages__control_board__selected_enabled_controls_in_group_count,pages,control_board,selected_enabled_controls_in_group_count,counting,pages,counting,trace.tasks.pages.counting.filter_count,PagesControlBoardSelectedEnabledControlsInGroupCountTask,trace/tasks/pages/counting/filter_count.py,docs/tasks/task_pages__control_board__selected_enabled_controls_in_group_count.md,selected_enabled_controls_in_group_count,,,,selected_enabled_controls_in_group_count
task_pages__cycle__offset_stage_label,pages,cycle,offset_stage_label,cycle,pages,cycle,trace.tasks.pages.cycle.offset_stage_label,PagesCycleOffsetStageLabelTask,trace/tasks/pages/cycle/offset_stage_label.py,docs/tasks/task_pages__cycle__offset_stage_label.md,after_offset_stage_label|before_offset_stage_label,string,bbox_set,,after_offset_stage_label
task_pages__cycle__offset_stage_label,pages,cycle,offset_stage_label,cycle,pages,cycle,trace.tasks.pages.cycle.offset_stage_label,PagesCycleOffsetStageLabelTask,trace/tasks/pages/cycle/offset_stage_label.py,docs/tasks/task_pages__cycle__offset_stage_label.md,after_offset_stage_label|before_offset_stage_label,string,bbox_set,,before_offset_stage_label
task_pages__form_section__difference_two_amounts_in_section_value,pages,form_section,difference_two_amounts_in_section_value,arithmetic,pages,arithmetic,trace.tasks.pages.arithmetic.section_expression_value,PagesFormSectionDifferenceTwoAmountsInSectionValueTask,trace/tasks/pages/arithmetic/section_expression_value.py,docs/tasks/task_pages__form_section__difference_two_amounts_in_section_value.md,difference_two_amounts_in_section,,,,difference_two_amounts_in_section
task_pages__form_section__sum_minus_amount_in_section_value,pages,form_section,sum_minus_amount_in_section_value,arithmetic,pages,arithmetic,trace.tasks.pages.arithmetic.section_expression_value,PagesFormSectionSumMinusAmountInSectionValueTask,trace/tasks/pages/arithmetic/section_expression_value.py,docs/tasks/task_pages__form_section__sum_minus_amount_in_section_value.md,sum_minus_amount_in_section,,,,sum_minus_amount_in_section
task_pages__form_section__sum_two_amounts_in_section_value,pages,form_section,sum_two_amounts_in_section_value,arithmetic,pages,arithmetic,trace.tasks.pages.arithmetic.section_expression_value,PagesFormSectionSumTwoAmountsInSectionValueTask,trace/tasks/pages/arithmetic/section_expression_value.py,docs/tasks/task_pages__form_section__sum_two_amounts_in_section_value.md,sum_two_amounts_in_section,,,,sum_two_amounts_in_section
task_pages__hero_callout_infographic__callout_condition_count,pages,hero_callout_infographic,callout_condition_count,infographic,pages,infographic,trace.tasks.pages.infographic.hero_callout_infographic,PagesHeroCalloutConditionCountTask,trace/tasks/pages/infographic/hero_callout_infographic.py,docs/tasks/task_pages__hero_callout_infographic__callout_condition_count.md,callout_condition_count,,,,callout_condition_count
task_pages__hero_callout_infographic__callout_field_value_label,pages,hero_callout_infographic,callout_field_value_label,infographic,pages,infographic,trace.tasks.pages.infographic.hero_callout_infographic,PagesHeroCalloutFieldValueLabelTask,trace/tasks/pages/infographic/hero_callout_infographic.py,docs/tasks/task_pages__hero_callout_infographic__callout_field_value_label.md,callout_field_value_label,,,,callout_field_value_label
task_pages__hero_callout_infographic__callout_metric_extremum_label,pages,hero_callout_infographic,callout_metric_extremum_label,infographic,pages,infographic,trace.tasks.pages.infographic.hero_callout_infographic,PagesHeroCalloutMetricExtremumLabelTask,trace/tasks/pages/infographic/hero_callout_infographic.py,docs/tasks/task_pages__hero_callout_infographic__callout_metric_extremum_label.md,callout_metric_extremum_label,,,,callout_metric_extremum_label
task_pages__hierarchy__path_length_count,pages,hierarchy,path_length_count,hierarchy,pages,hierarchy,trace.tasks.pages.hierarchy.tree_count,PagesHierarchyPathLengthCountTask,trace/tasks/pages/hierarchy/tree_count.py,docs/tasks/task_pages__hierarchy__path_length_count.md,path_length_between_two_nodes,integer,bbox_sequence,,path_length_between_two_nodes
task_pages__hierarchy__subtree_descendant_count,pages,hierarchy,subtree_descendant_count,hierarchy,pages,hierarchy,trace.tasks.pages.hierarchy.tree_count,PagesHierarchySubtreeDescendantCountTask,trace/tasks/pages/hierarchy/tree_count.py,docs/tasks/task_pages__hierarchy__subtree_descendant_count.md,subtree_descendant_count,,,,subtree_descendant_count
task_pages__hierarchy__subtree_leaf_count,pages,hierarchy,subtree_leaf_count,hierarchy,pages,hierarchy,trace.tasks.pages.hierarchy.tree_count,PagesHierarchySubtreeLeafCountTask,trace/tasks/pages/hierarchy/tree_count.py,docs/tasks/task_pages__hierarchy__subtree_leaf_count.md,subtree_leaf_count,,,,subtree_leaf_count
task_pages__infographic__detail_for_named_item,pages,infographic,detail_for_named_item,infographic,pages,infographic,trace.tasks.pages.infographic.metric_task,PagesInfographicDetailForNamedItemTask,trace/tasks/pages/infographic/metric_task.py,docs/tasks/task_pages__infographic__detail_for_named_item.md,detail_for_named_item,,,,detail_for_named_item
task_pages__infographic__item_for_named_value,pages,infographic,item_for_named_value,infographic,pages,infographic,trace.tasks.pages.infographic.metric_task,PagesInfographicItemForNamedValueTask,trace/tasks/pages/infographic/metric_task.py,docs/tasks/task_pages__infographic__item_for_named_value.md,item_for_named_value,,,,item_for_named_value
task_pages__infographic__metric_ranked_item_label,pages,infographic,metric_ranked_item_label,infographic,pages,infographic,trace.tasks.pages.infographic.metric_task,PagesInfographicMetricRankedItemLabelTask,trace/tasks/pages/infographic/metric_task.py,docs/tasks/task_pages__infographic__metric_ranked_item_label.md,nth_highest_metric_in_section_label|nth_highest_metric_label|nth_lowest_metric_in_section_label|nth_lowest_metric_label,,,,nth_highest_metric_in_section_label
task_pages__infographic__metric_ranked_item_label,pages,infographic,metric_ranked_item_label,infographic,pages,infographic,trace.tasks.pages.infographic.metric_task,PagesInfographicMetricRankedItemLabelTask,trace/tasks/pages/infographic/metric_task.py,docs/tasks/task_pages__infographic__metric_ranked_item_label.md,nth_highest_metric_in_section_label|nth_highest_metric_label|nth_lowest_metric_in_section_label|nth_lowest_metric_label,,,,nth_highest_metric_label
task_pages__infographic__metric_ranked_item_label,pages,infographic,metric_ranked_item_label,infographic,pages,infographic,trace.tasks.pages.infographic.metric_task,PagesInfographicMetricRankedItemLabelTask,trace/tasks/pages/infographic/metric_task.py,docs/tasks/task_pages__infographic__metric_ranked_item_label.md,nth_highest_metric_in_section_label|nth_highest_metric_label|nth_lowest_metric_in_section_label|nth_lowest_metric_label,,,,nth_lowest_metric_in_section_label
task_pages__infographic__metric_ranked_item_label,pages,infographic,metric_ranked_item_label,infographic,pages,infographic,trace.tasks.pages.infographic.metric_task,PagesInfographicMetricRankedItemLabelTask,trace/tasks/pages/infographic/metric_task.py,docs/tasks/task_pages__infographic__metric_ranked_item_label.md,nth_highest_metric_in_section_label|nth_highest_metric_label|nth_lowest_metric_in_section_label|nth_lowest_metric_label,,,,nth_lowest_metric_label
task_pages__infographic__section_extrema_arithmetic_value,pages,infographic,section_extrema_arithmetic_value,infographic,pages,infographic,trace.tasks.pages.infographic.metric_task,PagesInfographicSectionExtremaArithmeticValueTask,trace/tasks/pages/infographic/metric_task.py,docs/tasks/task_pages__infographic__section_extrema_arithmetic_value.md,section_extrema_arithmetic,,,,section_extrema_arithmetic
task_pages__infographic__section_icon_extremum_label,pages,infographic,section_icon_extremum_label,infographic,pages,infographic,trace.tasks.pages.infographic.metric_task,PagesInfographicSectionIconExtremumLabelTask,trace/tasks/pages/infographic/metric_task.py,docs/tasks/task_pages__infographic__section_icon_extremum_label.md,section_icon_extremum_label,,,,section_icon_extremum_label
task_pages__infographic__section_icon_total_difference_value,pages,infographic,section_icon_total_difference_value,infographic,pages,infographic,trace.tasks.pages.infographic.metric_task,PagesInfographicSectionIconTotalDifferenceValueTask,trace/tasks/pages/infographic/metric_task.py,docs/tasks/task_pages__infographic__section_icon_total_difference_value.md,section_icon_total_difference_value,,,,section_icon_total_difference_value
task_pages__infographic__section_icon_total_value,pages,infographic,section_icon_total_value,infographic,pages,infographic,trace.tasks.pages.infographic.metric_task,PagesInfographicSectionIconTotalValueTask,trace/tasks/pages/infographic/metric_task.py,docs/tasks/task_pages__infographic__section_icon_total_value.md,section_icon_total_value,,,,section_icon_total_value
task_pages__infographic__section_ranked_total_label,pages,infographic,section_ranked_total_label,infographic,pages,infographic,trace.tasks.pages.infographic.metric_task,PagesInfographicSectionRankedTotalLabelTask,trace/tasks/pages/infographic/metric_task.py,docs/tasks/task_pages__infographic__section_ranked_total_label.md,section_ranked_total_label,,,,section_ranked_total_label
task_pages__infographic__section_total_except_named_value,pages,infographic,section_total_except_named_value,infographic,pages,infographic,trace.tasks.pages.infographic.metric_task,PagesInfographicSectionTotalExceptNamedValueTask,trace/tasks/pages/infographic/metric_task.py,docs/tasks/task_pages__infographic__section_total_except_named_value.md,section_total_except_named,,,,section_total_except_named
task_pages__infographic__section_total_extrema_difference_value,pages,infographic,section_total_extrema_difference_value,infographic,pages,infographic,trace.tasks.pages.infographic.metric_task,PagesInfographicSectionTotalExtremaDifferenceValueTask,trace/tasks/pages/infographic/metric_task.py,docs/tasks/task_pages__infographic__section_total_extrema_difference_value.md,section_total_extrema_difference,,,,section_total_extrema_difference
task_pages__infographic__sum_named_metrics_value,pages,infographic,sum_named_metrics_value,infographic,pages,infographic,trace.tasks.pages.infographic.metric_task,PagesInfographicSumNamedMetricsValueTask,trace/tasks/pages/infographic/metric_task.py,docs/tasks/task_pages__infographic__sum_named_metrics_value.md,sum_named_metrics,,,,sum_named_metrics
task_pages__infographic__value_for_named_item,pages,infographic,value_for_named_item,infographic,pages,infographic,trace.tasks.pages.infographic.metric_task,PagesInfographicValueForNamedItemTask,trace/tasks/pages/infographic/metric_task.py,docs/tasks/task_pages__infographic__value_for_named_item.md,value_for_named_item,,,,value_for_named_item
task_pages__instruction_panel__shared_control_for_step_set_label,pages,instruction_panel,shared_control_for_step_set_label,step_list,pages,step_list,trace.tasks.pages.step_list.instruction_panel,PagesInstructionPanelSharedControlForStepSetLabelTask,trace/tasks/pages/step_list/instruction_panel.py,docs/tasks/task_pages__instruction_panel__shared_control_for_step_set_label.md,shared_control_for_step_set_label,,,,shared_control_for_step_set_label
task_pages__instruction_panel__step_for_control_pair_label,pages,instruction_panel,step_for_control_pair_label,step_list,pages,step_list,trace.tasks.pages.step_list.instruction_panel,PagesInstructionPanelStepForControlPairLabelTask,trace/tasks/pages/step_list/instruction_panel.py,docs/tasks/task_pages__instruction_panel__step_for_control_pair_label.md,step_for_control_pair_label,,,,step_for_control_pair_label
task_pages__map__destination_after_directions_label,pages,map,destination_after_directions_label,map,pages,map,trace.tasks.pages.map.navigation_label,PagesMapDestinationAfterDirectionsLabelTask,trace/tasks/pages/map/navigation_label.py,docs/tasks/task_pages__map__destination_after_directions_label.md,destination_after_directions,,,,destination_after_directions
task_pages__map__landmark_after_route_step_label,pages,map,landmark_after_route_step_label,map,pages,map,trace.tasks.pages.map.navigation_label,PagesMapLandmarkAfterRouteStepLabelTask,trace/tasks/pages/map/navigation_label.py,docs/tasks/task_pages__map__landmark_after_route_step_label.md,landmark_after_route_step,,,,landmark_after_route_step
task_pages__mixed_infographic_page__module_condition_item_count,pages,mixed_infographic_page,module_condition_item_count,infographic,pages,infographic,trace.tasks.pages.infographic.mixed_infographic_page,PagesMixedInfographicModuleConditionItemCountTask,trace/tasks/pages/infographic/mixed_infographic_page.py,docs/tasks/task_pages__mixed_infographic_page__module_condition_item_count.md,module_condition_item_count,,,,module_condition_item_count
task_pages__mixed_infographic_page__module_field_extremum_item_label,pages,mixed_infographic_page,module_field_extremum_item_label,infographic,pages,infographic,trace.tasks.pages.infographic.mixed_infographic_page,PagesMixedInfographicModuleFieldExtremumItemLabelTask,trace/tasks/pages/infographic/mixed_infographic_page.py,docs/tasks/task_pages__mixed_infographic_page__module_field_extremum_item_label.md,module_field_extremum_item_label,,,,module_field_extremum_item_label
task_pages__mixed_infographic_page__module_field_ranked_item_label,pages,mixed_infographic_page,module_field_ranked_item_label,infographic,pages,infographic,trace.tasks.pages.infographic.mixed_infographic_page,PagesMixedInfographicModuleFieldRankedItemLabelTask,trace/tasks/pages/infographic/mixed_infographic_page.py,docs/tasks/task_pages__mixed_infographic_page__module_field_ranked_item_label.md,module_field_ranked_item_label,,,,module_field_ranked_item_label
task_pages__mixed_infographic_page__module_field_total_value,pages,mixed_infographic_page,module_field_total_value,infographic,pages,infographic,trace.tasks.pages.infographic.mixed_infographic_page,PagesMixedInfographicModuleFieldTotalValueTask,trace/tasks/pages/infographic/mixed_infographic_page.py,docs/tasks/task_pages__mixed_infographic_page__module_field_total_value.md,module_field_total_value,,,,module_field_total_value
task_pages__mixed_infographic_page__module_field_value_label,pages,mixed_infographic_page,module_field_value_label,infographic,pages,infographic,trace.tasks.pages.infographic.mixed_infographic_page,PagesMixedInfographicModuleFieldValueLabelTask,trace/tasks/pages/infographic/mixed_infographic_page.py,docs/tasks/task_pages__mixed_infographic_page__module_field_value_label.md,module_field_value_label,,,,module_field_value_label
task_pages__mixed_infographic_page__module_two_field_condition_item_label,pages,mixed_infographic_page,module_two_field_condition_item_label,infographic,pages,infographic,trace.tasks.pages.infographic.mixed_infographic_page,PagesMixedInfographicModuleTwoFieldConditionItemLabelTask,trace/tasks/pages/infographic/mixed_infographic_page.py,docs/tasks/task_pages__mixed_infographic_page__module_two_field_condition_item_label.md,module_two_field_condition_item_label,,,,module_two_field_condition_item_label
task_pages__mixed_infographic_page__page_field_extremum_module_label,pages,mixed_infographic_page,page_field_extremum_module_label,infographic,pages,infographic,trace.tasks.pages.infographic.mixed_infographic_page,PagesMixedInfographicPageFieldExtremumModuleLabelTask,trace/tasks/pages/infographic/mixed_infographic_page.py,docs/tasks/task_pages__mixed_infographic_page__page_field_extremum_module_label.md,page_field_extremum_module_label,,,,page_field_extremum_module_label
task_pages__mixed_infographic_page__two_module_field_total_comparison_module_label,pages,mixed_infographic_page,two_module_field_total_comparison_module_label,infographic,pages,infographic,trace.tasks.pages.infographic.mixed_infographic_page,PagesMixedInfographicTwoModuleFieldTotalComparisonModuleLabelTask,trace/tasks/pages/infographic/mixed_infographic_page.py,docs/tasks/task_pages__mixed_infographic_page__two_module_field_total_comparison_module_label.md,two_module_field_total_comparison_module_label,,,,two_module_field_total_comparison_module_label
task_pages__navigation_flow__menu_path_target_label,pages,navigation_flow,menu_path_target_label,relation,pages,relation,trace.tasks.pages.relation.navigation_path_target_label,PagesNavigationFlowMenuPathTargetLabelTask,trace/tasks/pages/relation/navigation_path_target_label.py,docs/tasks/task_pages__navigation_flow__menu_path_target_label.md,menu_path_target_label,,,,menu_path_target_label
task_pages__navigation_flow__ribbon_group_command_label,pages,navigation_flow,ribbon_group_command_label,relation,pages,relation,trace.tasks.pages.relation.navigation_path_target_label,PagesNavigationFlowRibbonGroupCommandLabelTask,trace/tasks/pages/relation/navigation_path_target_label.py,docs/tasks/task_pages__navigation_flow__ribbon_group_command_label.md,ribbon_group_command_label,,,,ribbon_group_command_label
task_pages__navigation_flow__sidebar_tree_target_label,pages,navigation_flow,sidebar_tree_target_label,relation,pages,relation,trace.tasks.pages.relation.navigation_path_target_label,PagesNavigationFlowSidebarTreeTargetLabelTask,trace/tasks/pages/relation/navigation_path_target_label.py,docs/tasks/task_pages__navigation_flow__sidebar_tree_target_label.md,sidebar_tree_target_label,,,,sidebar_tree_target_label
task_pages__paired_forms__shortfall_minus_overage_value,pages,paired_forms,shortfall_minus_overage_value,cross_form,pages,cross_form,trace.tasks.pages.cross_form.reconciliation_value,PagesPairedFormsShortfallMinusOverageValueTask,trace/tasks/pages/cross_form/reconciliation_value.py,docs/tasks/task_pages__paired_forms__shortfall_minus_overage_value.md,shortfall_minus_overage_value,,,,shortfall_minus_overage_value
task_pages__paired_forms__sum_absolute_quantity_differences_value,pages,paired_forms,sum_absolute_quantity_differences_value,cross_form,pages,cross_form,trace.tasks.pages.cross_form.reconciliation_value,PagesPairedFormsSumAbsoluteQuantityDifferencesValueTask,trace/tasks/pages/cross_form/reconciliation_value.py,docs/tasks/task_pages__paired_forms__sum_absolute_quantity_differences_value.md,sum_absolute_quantity_differences,,,,sum_absolute_quantity_differences
task_pages__paired_forms__total_amount_delta_value,pages,paired_forms,total_amount_delta_value,cross_form,pages,cross_form,trace.tasks.pages.cross_form.reconciliation_value,PagesPairedFormsTotalAmountDeltaValueTask,trace/tasks/pages/cross_form/reconciliation_value.py,docs/tasks/task_pages__paired_forms__total_amount_delta_value.md,total_amount_delta,,,,total_amount_delta
task_pages__process_flow__all_cross_lane_handoff_count,pages,process_flow,all_cross_lane_handoff_count,process_flow,pages,process_flow,trace.tasks.pages.process_flow.diagram_tasks,PagesProcessFlowAllCrossLaneHandoffCountTask,trace/tasks/pages/process_flow/diagram_tasks.py,docs/tasks/task_pages__process_flow__all_cross_lane_handoff_count.md,all_cross_lane_handoff_count,,,,all_cross_lane_handoff_count
task_pages__process_flow__condition_path_endpoint_label,pages,process_flow,condition_path_endpoint_label,process_flow,pages,process_flow,trace.tasks.pages.process_flow.diagram_tasks,PagesProcessFlowConditionPathEndpointLabelTask,trace/tasks/pages/process_flow/diagram_tasks.py,docs/tasks/task_pages__process_flow__condition_path_endpoint_label.md,condition_path_endpoint_label,string,keyed_bbox_map,,condition_path_endpoint_label
task_pages__process_flow__filtered_node_count,pages,process_flow,filtered_node_count,process_flow,pages,process_flow,trace.tasks.pages.process_flow.diagram_tasks,PagesProcessFlowFilteredNodeCountTask,trace/tasks/pages/process_flow/diagram_tasks.py,docs/tasks/task_pages__process_flow__filtered_node_count.md,role_node_count|shape_node_count|status_node_count,integer,bbox_set,,role_node_count
task_pages__process_flow__filtered_node_count,pages,process_flow,filtered_node_count,process_flow,pages,process_flow,trace.tasks.pages.process_flow.diagram_tasks,PagesProcessFlowFilteredNodeCountTask,trace/tasks/pages/process_flow/diagram_tasks.py,docs/tasks/task_pages__process_flow__filtered_node_count.md,role_node_count|shape_node_count|status_node_count,integer,bbox_set,,shape_node_count
task_pages__process_flow__filtered_node_count,pages,process_flow,filtered_node_count,process_flow,pages,process_flow,trace.tasks.pages.process_flow.diagram_tasks,PagesProcessFlowFilteredNodeCountTask,trace/tasks/pages/process_flow/diagram_tasks.py,docs/tasks/task_pages__process_flow__filtered_node_count.md,role_node_count|shape_node_count|status_node_count,integer,bbox_set,,status_node_count
task_pages__process_flow__lane_filtered_handoff_count,pages,process_flow,lane_filtered_handoff_count,process_flow,pages,process_flow,trace.tasks.pages.process_flow.diagram_tasks,PagesProcessFlowLaneFilteredHandoffCountTask,trace/tasks/pages/process_flow/diagram_tasks.py,docs/tasks/task_pages__process_flow__lane_filtered_handoff_count.md,lane_involved_handoff_count|lane_outgoing_handoff_count,,,,lane_involved_handoff_count
task_pages__process_flow__lane_filtered_handoff_count,pages,process_flow,lane_filtered_handoff_count,process_flow,pages,process_flow,trace.tasks.pages.process_flow.diagram_tasks,PagesProcessFlowLaneFilteredHandoffCountTask,trace/tasks/pages/process_flow/diagram_tasks.py,docs/tasks/task_pages__process_flow__lane_filtered_handoff_count.md,lane_involved_handoff_count|lane_outgoing_handoff_count,,,,lane_outgoing_handoff_count
task_pages__profile_card_grid__field_extremum_profile_label,pages,profile_card_grid,field_extremum_profile_label,document_lookup,pages,document_lookup,trace.tasks.pages.document_lookup.card_and_list_lookup,PagesProfileCardGridFieldExtremumProfileLabelTask,trace/tasks/pages/document_lookup/card_and_list_lookup.py,docs/tasks/task_pages__profile_card_grid__field_extremum_profile_label.md,highest_field_profile_label|lowest_field_profile_label,,,,highest_field_profile_label
task_pages__profile_card_grid__field_extremum_profile_label,pages,profile_card_grid,field_extremum_profile_label,document_lookup,pages,document_lookup,trace.tasks.pages.document_lookup.card_and_list_lookup,PagesProfileCardGridFieldExtremumProfileLabelTask,trace/tasks/pages/document_lookup/card_and_list_lookup.py,docs/tasks/task_pages__profile_card_grid__field_extremum_profile_label.md,highest_field_profile_label|lowest_field_profile_label,,,,lowest_field_profile_label
task_pages__profile_card_grid__field_ranked_profile_label,pages,profile_card_grid,field_ranked_profile_label,document_lookup,pages,document_lookup,trace.tasks.pages.document_lookup.card_and_list_lookup,PagesProfileCardGridFieldRankedProfileLabelTask,trace/tasks/pages/document_lookup/card_and_list_lookup.py,docs/tasks/task_pages__profile_card_grid__field_ranked_profile_label.md,nth_highest_field_profile_label|nth_lowest_field_profile_label,,,,nth_highest_field_profile_label
task_pages__profile_card_grid__field_ranked_profile_label,pages,profile_card_grid,field_ranked_profile_label,document_lookup,pages,document_lookup,trace.tasks.pages.document_lookup.card_and_list_lookup,PagesProfileCardGridFieldRankedProfileLabelTask,trace/tasks/pages/document_lookup/card_and_list_lookup.py,docs/tasks/task_pages__profile_card_grid__field_ranked_profile_label.md,nth_highest_field_profile_label|nth_lowest_field_profile_label,,,,nth_lowest_field_profile_label
task_pages__profile_card_grid__profile_for_field_value,pages,profile_card_grid,profile_for_field_value,document_lookup,pages,document_lookup,trace.tasks.pages.document_lookup.card_and_list_lookup,PagesProfileCardGridProfileForFieldValueTask,trace/tasks/pages/document_lookup/card_and_list_lookup.py,docs/tasks/task_pages__profile_card_grid__profile_for_field_value.md,profile_for_field_value,,,,profile_for_field_value
task_pages__profile_card_grid__value_for_named_profile_field,pages,profile_card_grid,value_for_named_profile_field,document_lookup,pages,document_lookup,trace.tasks.pages.document_lookup.card_and_list_lookup,PagesProfileCardGridValueForNamedProfileFieldTask,trace/tasks/pages/document_lookup/card_and_list_lookup.py,docs/tasks/task_pages__profile_card_grid__value_for_named_profile_field.md,value_for_named_profile_field,,,,value_for_named_profile_field
task_pages__ranked_list__entry_after_named_entry_label,pages,ranked_list,entry_after_named_entry_label,document_lookup,pages,document_lookup,trace.tasks.pages.document_lookup.card_and_list_lookup,PagesRankedListEntryAfterNamedEntryLabelTask,trace/tasks/pages/document_lookup/card_and_list_lookup.py,docs/tasks/task_pages__ranked_list__entry_after_named_entry_label.md,entry_after_named_entry,,,,entry_after_named_entry
task_pages__ranked_list__ordinal_entry_label,pages,ranked_list,ordinal_entry_label,document_lookup,pages,document_lookup,trace.tasks.pages.document_lookup.card_and_list_lookup,PagesRankedListOrdinalEntryLabelTask,trace/tasks/pages/document_lookup/card_and_list_lookup.py,docs/tasks/task_pages__ranked_list__ordinal_entry_label.md,from_end_entry_label|nth_entry_label,string,keyed_bbox_map,,from_end_entry_label
task_pages__ranked_list__ordinal_entry_label,pages,ranked_list,ordinal_entry_label,document_lookup,pages,document_lookup,trace.tasks.pages.document_lookup.card_and_list_lookup,PagesRankedListOrdinalEntryLabelTask,trace/tasks/pages/document_lookup/card_and_list_lookup.py,docs/tasks/task_pages__ranked_list__ordinal_entry_label.md,from_end_entry_label|nth_entry_label,string,keyed_bbox_map,,nth_entry_label
task_pages__record_table__enabled_action_for_type_count,pages,record_table,enabled_action_for_type_count,counting,pages,counting,trace.tasks.pages.counting.filter_count,PagesRecordTableEnabledActionForTypeCountTask,trace/tasks/pages/counting/filter_count.py,docs/tasks/task_pages__record_table__enabled_action_for_type_count.md,enabled_action_for_type_count,,,,enabled_action_for_type_count
task_pages__record_table__selected_rows_with_status_count,pages,record_table,selected_rows_with_status_count,counting,pages,counting,trace.tasks.pages.counting.filter_count,PagesRecordTableSelectedRowsWithStatusCountTask,trace/tasks/pages/counting/filter_count.py,docs/tasks/task_pages__record_table__selected_rows_with_status_count.md,selected_rows_with_status_count,,,,selected_rows_with_status_count
task_pages__record_table__value_threshold_in_group_count,pages,record_table,value_threshold_in_group_count,counting,pages,counting,trace.tasks.pages.counting.filter_count,PagesRecordTableValueThresholdInGroupCountTask,trace/tasks/pages/counting/filter_count.py,docs/tasks/task_pages__record_table__value_threshold_in_group_count.md,value_threshold_in_group_count,,,,value_threshold_in_group_count
task_pages__schedule__longer_than_reference_count,pages,schedule,longer_than_reference_count,schedule,pages,schedule,trace.tasks.pages.schedule.day_planner,PagesScheduleLongerThanReferenceCountTask,trace/tasks/pages/schedule/day_planner.py,docs/tasks/task_pages__schedule__longer_than_reference_count.md,longer_than_reference_count,,,,longer_than_reference_count
task_pages__schedule__maximum_non_overlapping_count,pages,schedule,maximum_non_overlapping_count,schedule,pages,schedule,trace.tasks.pages.schedule.day_planner,PagesScheduleMaximumNonOverlappingCountTask,trace/tasks/pages/schedule/day_planner.py,docs/tasks/task_pages__schedule__maximum_non_overlapping_count.md,maximum_non_overlapping_count,integer,bbox_set,,maximum_non_overlapping_count
task_pages__schedule__overlap_count,pages,schedule,overlap_count,schedule,pages,schedule,trace.tasks.pages.schedule.day_planner,PagesScheduleOverlapCountTask,trace/tasks/pages/schedule/day_planner.py,docs/tasks/task_pages__schedule__overlap_count.md,overlap_count,,,,overlap_count
task_pages__schema__field_role_count,pages,schema,field_role_count,schema,pages,schema,trace.tasks.pages.schema.database_diagram,PagesSchemaFieldRoleCountTask,trace/tasks/pages/schema/database_diagram.py,docs/tasks/task_pages__schema__field_role_count.md,all_field_count|attribute_field_count,integer,bbox_set,,all_field_count
task_pages__schema__field_role_count,pages,schema,field_role_count,schema,pages,schema,trace.tasks.pages.schema.database_diagram,PagesSchemaFieldRoleCountTask,trace/tasks/pages/schema/database_diagram.py,docs/tasks/task_pages__schema__field_role_count.md,all_field_count|attribute_field_count,integer,bbox_set,,attribute_field_count
task_pages__schema__relationship_cardinality_label,pages,schema,relationship_cardinality_label,schema,pages,schema,trace.tasks.pages.schema.database_diagram,PagesSchemaRelationshipCardinalityLabelTask,trace/tasks/pages/schema/database_diagram.py,docs/tasks/task_pages__schema__relationship_cardinality_label.md,relationship_cardinality_label,,,,relationship_cardinality_label
task_pages__schema__relationship_count,pages,schema,relationship_count,schema,pages,schema,trace.tasks.pages.schema.database_diagram,PagesSchemaRelationshipCountTask,trace/tasks/pages/schema/database_diagram.py,docs/tasks/task_pages__schema__relationship_count.md,total_relationship_count,integer,point_pair_set,,total_relationship_count
task_pages__schema__relationship_endpoint_label,pages,schema,relationship_endpoint_label,schema,pages,schema,trace.tasks.pages.schema.database_diagram,PagesSchemaRelationshipEndpointLabelTask,trace/tasks/pages/schema/database_diagram.py,docs/tasks/task_pages__schema__relationship_endpoint_label.md,target_table_for_relationship_label,,,,target_table_for_relationship_label
task_pages__sectioned_infographic__section_filtered_item_label,pages,sectioned_infographic,section_filtered_item_label,infographic,pages,infographic,trace.tasks.pages.infographic.sectioned_item_count,PagesSectionedInfographicSectionFilteredItemLabelTask,trace/tasks/pages/infographic/sectioned_item_count.py,docs/tasks/task_pages__sectioned_infographic__section_filtered_item_label.md,section_filtered_item_label,,,,section_filtered_item_label
task_pages__sectioned_infographic__section_item_count,pages,sectioned_infographic,section_item_count,infographic,pages,infographic,trace.tasks.pages.infographic.sectioned_item_count,PagesSectionedInfographicSectionItemCountTask,trace/tasks/pages/infographic/sectioned_item_count.py,docs/tasks/task_pages__sectioned_infographic__section_item_count.md,section_item_count,,,,section_item_count
task_pages__step_list__nth_step_detail_label,pages,step_list,nth_step_detail_label,step_list,pages,step_list,trace.tasks.pages.step_list.ordinal_step_detail_label,PagesStepListNthStepDetailLabelTask,trace/tasks/pages/step_list/ordinal_step_detail_label.py,docs/tasks/task_pages__step_list__nth_step_detail_label.md,nth_step_detail,,,,nth_step_detail
task_pages__step_list__nth_step_title_label,pages,step_list,nth_step_title_label,step_list,pages,step_list,trace.tasks.pages.step_list.ordinal_step_detail_label,PagesStepListNthStepTitleLabelTask,trace/tasks/pages/step_list/ordinal_step_detail_label.py,docs/tasks/task_pages__step_list__nth_step_title_label.md,nth_step_title,,,,nth_step_title
task_pages__step_list__step_after_named_step_label,pages,step_list,step_after_named_step_label,step_list,pages,step_list,trace.tasks.pages.step_list.ordinal_step_detail_label,PagesStepListStepAfterNamedStepLabelTask,trace/tasks/pages/step_list/ordinal_step_detail_label.py,docs/tasks/task_pages__step_list__step_after_named_step_label.md,step_after_named_step,,,,step_after_named_step
task_pages__step_list__step_for_detail_label,pages,step_list,step_for_detail_label,step_list,pages,step_list,trace.tasks.pages.step_list.ordinal_step_detail_label,PagesStepListStepForDetailLabelTask,trace/tasks/pages/step_list/ordinal_step_detail_label.py,docs/tasks/task_pages__step_list__step_for_detail_label.md,step_number_for_detail|step_title_for_detail,,,,step_number_for_detail
task_pages__step_list__step_for_detail_label,pages,step_list,step_for_detail_label,step_list,pages,step_list,trace.tasks.pages.step_list.ordinal_step_detail_label,PagesStepListStepForDetailLabelTask,trace/tasks/pages/step_list/ordinal_step_detail_label.py,docs/tasks/task_pages__step_list__step_for_detail_label.md,step_number_for_detail|step_title_for_detail,,,,step_title_for_detail
task_pages__timeline__event_date_gap_value,pages,timeline,event_date_gap_value,timeline,pages,timeline,trace.tasks.pages.timeline.milestones,PagesTimelineEventDateGapValueTask,trace/tasks/pages/timeline/milestones.py,docs/tasks/task_pages__timeline__event_date_gap_value.md,event_date_gap_value,,,,event_date_gap_value
task_pages__timeline__interval_membership_count,pages,timeline,interval_membership_count,timeline,pages,timeline,trace.tasks.pages.timeline.milestones,PagesTimelineIntervalMembershipCountTask,trace/tasks/pages/timeline/milestones.py,docs/tasks/task_pages__timeline__interval_membership_count.md,between_reference_events_count|outside_reference_interval_count,integer,bbox_set,,between_reference_events_count
task_pages__timeline__interval_membership_count,pages,timeline,interval_membership_count,timeline,pages,timeline,trace.tasks.pages.timeline.milestones,PagesTimelineIntervalMembershipCountTask,trace/tasks/pages/timeline/milestones.py,docs/tasks/task_pages__timeline__interval_membership_count.md,between_reference_events_count|outside_reference_interval_count,integer,bbox_set,,outside_reference_interval_count
task_pages__web_action__click_target_label,pages,web_action,click_target_label,relation,pages,relation,trace.tasks.pages.relation.web_action_target_label,PagesWebActionClickTargetLabelTask,trace/tasks/pages/relation/web_action_target_label.py,docs/tasks/task_pages__web_action__click_target_label.md,click_target_label,,,,click_target_label
task_pages__web_action__select_option_label,pages,web_action,select_option_label,relation,pages,relation,trace.tasks.pages.relation.web_action_target_label,PagesWebActionSelectOptionLabelTask,trace/tasks/pages/relation/web_action_target_label.py,docs/tasks/task_pages__web_action__select_option_label.md,select_option_label,,,,select_option_label
task_pages__web_action__type_field_label,pages,web_action,type_field_label,relation,pages,relation,trace.tasks.pages.relation.web_action_target_label,PagesWebActionTypeFieldLabelTask,trace/tasks/pages/relation/web_action_target_label.py,docs/tasks/task_pages__web_action__type_field_label.md,type_field_label,,,,type_field_label
task_pages__workspace__canvas_workspace_control_label,pages,workspace,canvas_workspace_control_label,relation,pages,relation,trace.tasks.pages.relation.professional_target_label,PagesWorkspaceCanvasWorkspaceControlLabelTask,trace/tasks/pages/relation/professional_target_label.py,docs/tasks/task_pages__workspace__canvas_workspace_control_label.md,canvas_workspace_control_label,,,,canvas_workspace_control_label
task_pages__workspace__code_workspace_control_label,pages,workspace,code_workspace_control_label,relation,pages,relation,trace.tasks.pages.relation.professional_target_label,PagesWorkspaceCodeWorkspaceControlLabelTask,trace/tasks/pages/relation/professional_target_label.py,docs/tasks/task_pages__workspace__code_workspace_control_label.md,code_workspace_control_label,,,,code_workspace_control_label
task_pages__workspace__file_dialog_control_label,pages,workspace,file_dialog_control_label,relation,pages,relation,trace.tasks.pages.relation.professional_target_label,PagesWorkspaceFileDialogControlLabelTask,trace/tasks/pages/relation/professional_target_label.py,docs/tasks/task_pages__workspace__file_dialog_control_label.md,file_dialog_control_label,,,,file_dialog_control_label
task_pages__workspace__property_panel_control_label,pages,workspace,property_panel_control_label,relation,pages,relation,trace.tasks.pages.relation.professional_target_label,PagesWorkspacePropertyPanelControlLabelTask,trace/tasks/pages/relation/professional_target_label.py,docs/tasks/task_pages__workspace__property_panel_control_label.md,property_panel_control_label,,,,property_panel_control_label
task_pages__workspace__toolbar_palette_control_label,pages,workspace,toolbar_palette_control_label,relation,pages,relation,trace.tasks.pages.relation.professional_target_label,PagesWorkspaceToolbarPaletteControlLabelTask,trace/tasks/pages/relation/professional_target_label.py,docs/tasks/task_pages__workspace__toolbar_palette_control_label.md,toolbar_palette_control_label,,,,toolbar_palette_control_label
task_physics__analog_meter__meter_readout_value,physics,analog_meter,meter_readout_value,circuits,physics,circuits,trace.tasks.physics.circuits.analog_meter,PhysicsAnalogMeterReadoutValueTask,trace/tasks/physics/circuits/analog_meter.py,docs/tasks/task_physics__analog_meter__meter_readout_value.md,meter_readout_value,,,,meter_readout_value
task_physics__bridge_circuit__bridge_missing_resistance_value,physics,bridge_circuit,bridge_missing_resistance_value,circuits,physics,circuits,trace.tasks.physics.circuits.bridge_balance,PhysicsBridgeCircuitMissingResistanceValueTask,trace/tasks/physics/circuits/bridge_balance.py,docs/tasks/task_physics__bridge_circuit__bridge_missing_resistance_value.md,bridge_missing_resistance_value,,,,bridge_missing_resistance_value
task_physics__bulb_circuit__brightness_extremum_label,physics,bulb_circuit,brightness_extremum_label,circuits,physics,circuits,trace.tasks.physics.circuits.bulb_brightness,PhysicsBulbCircuitBrightnessExtremumLabelTask,trace/tasks/physics/circuits/bulb_brightness.py,docs/tasks/task_physics__bulb_circuit__brightness_extremum_label.md,brightness_extremum_label,,,,brightness_extremum_label
task_physics__buoyancy_density__object_density_value,physics,buoyancy_density,object_density_value,fluids,physics,fluids,trace.tasks.physics.fluids.buoyancy_density,PhysicsBuoyancyDensityObjectDensityValueTask,trace/tasks/physics/fluids/buoyancy_density.py,docs/tasks/task_physics__buoyancy_density__object_density_value.md,object_density_value,,,,object_density_value
task_physics__circuit_equivalent__total_capacitance_value,physics,circuit_equivalent,total_capacitance_value,circuits,physics,circuits,trace.tasks.physics.circuits.equivalent_resistance,PhysicsCircuitsTotalCapacitanceValueTask,trace/tasks/physics/circuits/equivalent_resistance.py,docs/tasks/task_physics__circuit_equivalent__total_capacitance_value.md,total_capacitance,integer,keyed_bbox_map,,total_capacitance
task_physics__circuit_equivalent__total_resistance_value,physics,circuit_equivalent,total_resistance_value,circuits,physics,circuits,trace.tasks.physics.circuits.equivalent_resistance,PhysicsCircuitsTotalResistanceValueTask,trace/tasks/physics/circuits/equivalent_resistance.py,docs/tasks/task_physics__circuit_equivalent__total_resistance_value.md,total_resistance,integer,keyed_bbox_map,,total_resistance
task_physics__circuit_state_change__bulb_brightness_change_label,physics,circuit_state_change,bulb_brightness_change_label,circuits,physics,circuits,trace.tasks.physics.circuits.state_change_brightness,PhysicsCircuitStateChangeBulbBrightnessLabelTask,trace/tasks/physics/circuits/state_change_brightness.py,docs/tasks/task_physics__circuit_state_change__bulb_brightness_change_label.md,bulb_brightness_change_label,,,,bulb_brightness_change_label
task_physics__collision__incoming_path_cause_choice,physics,collision,incoming_path_cause_choice,mechanics,physics,mechanics,trace.tasks.physics.mechanics.collision_aftermath,PhysicsCollisionIncomingPathCauseChoiceTask,trace/tasks/physics/mechanics/collision_aftermath.py,docs/tasks/task_physics__collision__incoming_path_cause_choice.md,incoming_path_cause_choice,,,,incoming_path_cause_choice
task_physics__collision__sticky_collision_direction_choice,physics,collision,sticky_collision_direction_choice,mechanics,physics,mechanics,trace.tasks.physics.mechanics.sticky_collision,PhysicsMechanicsStickyCollisionDirectionChoiceTask,trace/tasks/physics/mechanics/sticky_collision.py,docs/tasks/task_physics__collision__sticky_collision_direction_choice.md,direction_choice,option_letter,keyed_point_map,,direction_choice
task_physics__collision__sticky_collision_velocity_component_value,physics,collision,sticky_collision_velocity_component_value,mechanics,physics,mechanics,trace.tasks.physics.mechanics.sticky_collision,PhysicsMechanicsStickyCollisionVelocityComponentValueTask,trace/tasks/physics/mechanics/sticky_collision.py,docs/tasks/task_physics__collision__sticky_collision_velocity_component_value.md,velocity_component,integer,keyed_point_map,,velocity_component
task_physics__electromagnetic_induction__induced_current_direction_count,physics,electromagnetic_induction,induced_current_direction_count,magnetism,physics,magnetism,trace.tasks.physics.magnetism.electromagnetic_induction,PhysicsElectromagneticInductionDirectionCountTask,trace/tasks/physics/magnetism/electromagnetic_induction.py,docs/tasks/task_physics__electromagnetic_induction__induced_current_direction_count.md,induced_current_direction_count,,,,induced_current_direction_count
task_physics__electrostatic_field__field_direction_choice,physics,electrostatic_field,field_direction_choice,electrostatics,physics,electrostatics,trace.tasks.physics.electrostatics.field_map,PhysicsElectrostaticsFieldDirectionChoiceTask,trace/tasks/physics/electrostatics/field_map.py,docs/tasks/task_physics__electrostatic_field__field_direction_choice.md,field_direction_choice,option_letter,keyed_point_map,,field_direction_choice
task_physics__electrostatic_field__potential_value,physics,electrostatic_field,potential_value,electrostatics,physics,electrostatics,trace.tasks.physics.electrostatics.field_map,PhysicsElectrostaticsPotentialValueTask,trace/tasks/physics/electrostatics/field_map.py,docs/tasks/task_physics__electrostatic_field__potential_value.md,potential_value,integer,keyed_point_map,,potential_value
task_physics__electrostatic_field__zero_field_point_label,physics,electrostatic_field,zero_field_point_label,electrostatics,physics,electrostatics,trace.tasks.physics.electrostatics.field_map,PhysicsElectrostaticsZeroFieldPointLabelTask,trace/tasks/physics/electrostatics/field_map.py,docs/tasks/task_physics__electrostatic_field__zero_field_point_label.md,zero_field_point_label,option_letter,keyed_point_map,,zero_field_point_label
task_physics__fluid_flow__continuity_speed_value,physics,fluid_flow,continuity_speed_value,fluids,physics,fluids,trace.tasks.physics.fluids.fluid_flow,PhysicsFluidFlowContinuitySpeedValueTask,trace/tasks/physics/fluids/fluid_flow.py,docs/tasks/task_physics__fluid_flow__continuity_speed_value.md,continuity_missing_speed,integer,keyed_bbox_map,,continuity_missing_speed
task_physics__free_body_forces__net_force_direction_choice,physics,free_body_forces,net_force_direction_choice,mechanics,physics,mechanics,trace.tasks.physics.mechanics.free_body_forces,PhysicsFreeBodyForcesNetForceDirectionChoiceTask,trace/tasks/physics/mechanics/free_body_forces.py,docs/tasks/task_physics__free_body_forces__net_force_direction_choice.md,net_force_direction_choice,,,,net_force_direction_choice
task_physics__gear_train__output_direction_label,physics,gear_train,output_direction_label,mechanics,physics,mechanics,trace.tasks.physics.mechanics.gear_train,PhysicsGearTrainOutputDirectionLabelTask,trace/tasks/physics/mechanics/gear_train.py,docs/tasks/task_physics__gear_train__output_direction_label.md,output_direction_label,,,,output_direction_label
task_physics__gear_train__output_speed_value,physics,gear_train,output_speed_value,mechanics,physics,mechanics,trace.tasks.physics.mechanics.gear_train,PhysicsGearTrainOutputSpeedValueTask,trace/tasks/physics/mechanics/gear_train.py,docs/tasks/task_physics__gear_train__output_speed_value.md,output_speed_value,,,,output_speed_value
task_physics__graduated_cylinder__displacement_volume_value,physics,graduated_cylinder,displacement_volume_value,fluids,physics,fluids,trace.tasks.physics.fluids.graduated_cylinder,PhysicsGraduatedCylinderDisplacementVolumeValueTask,trace/tasks/physics/fluids/graduated_cylinder.py,docs/tasks/task_physics__graduated_cylinder__displacement_volume_value.md,displacement_volume_value,,,,displacement_volume_value
task_physics__graduated_cylinder__volume_readout_value,physics,graduated_cylinder,volume_readout_value,fluids,physics,fluids,trace.tasks.physics.fluids.graduated_cylinder,PhysicsGraduatedCylinderVolumeReadoutValueTask,trace/tasks/physics/fluids/graduated_cylinder.py,docs/tasks/task_physics__graduated_cylinder__volume_readout_value.md,volume_readout_value,,,,volume_readout_value
task_physics__hydraulic__hydraulic_missing_value,physics,hydraulic,hydraulic_missing_value,fluids,physics,fluids,trace.tasks.physics.fluids.hydraulic_missing_value,PhysicsFluidsHydraulicMissingValueTask,trace/tasks/physics/fluids/hydraulic_missing_value.py,docs/tasks/task_physics__hydraulic__hydraulic_missing_value.md,missing_input_area|missing_input_force|missing_output_force|missing_piston_area,integer,keyed_bbox_map,,missing_input_area
task_physics__hydraulic__hydraulic_missing_value,physics,hydraulic,hydraulic_missing_value,fluids,physics,fluids,trace.tasks.physics.fluids.hydraulic_missing_value,PhysicsFluidsHydraulicMissingValueTask,trace/tasks/physics/fluids/hydraulic_missing_value.py,docs/tasks/task_physics__hydraulic__hydraulic_missing_value.md,missing_input_area|missing_input_force|missing_output_force|missing_piston_area,integer,keyed_bbox_map,,missing_input_force
task_physics__hydraulic__hydraulic_missing_value,physics,hydraulic,hydraulic_missing_value,fluids,physics,fluids,trace.tasks.physics.fluids.hydraulic_missing_value,PhysicsFluidsHydraulicMissingValueTask,trace/tasks/physics/fluids/hydraulic_missing_value.py,docs/tasks/task_physics__hydraulic__hydraulic_missing_value.md,missing_input_area|missing_input_force|missing_output_force|missing_piston_area,integer,keyed_bbox_map,,missing_output_force
task_physics__hydraulic__hydraulic_missing_value,physics,hydraulic,hydraulic_missing_value,fluids,physics,fluids,trace.tasks.physics.fluids.hydraulic_missing_value,PhysicsFluidsHydraulicMissingValueTask,trace/tasks/physics/fluids/hydraulic_missing_value.py,docs/tasks/task_physics__hydraulic__hydraulic_missing_value.md,missing_input_area|missing_input_force|missing_output_force|missing_piston_area,integer,keyed_bbox_map,,missing_piston_area
task_physics__lens_optics__image_property_choice,physics,lens_optics,image_property_choice,optics,physics,optics,trace.tasks.physics.optics.lens_optics,PhysicsLensOpticsImagePropertyChoiceTask,trace/tasks/physics/optics/lens_optics.py,docs/tasks/task_physics__lens_optics__image_property_choice.md,image_property_choice,,,,image_property_choice
task_physics__lever__missing_weight_balance_value,physics,lever,missing_weight_balance_value,mechanics,physics,mechanics,trace.tasks.physics.mechanics.lever_balance,PhysicsMechanicsMissingWeightBalanceValueTask,trace/tasks/physics/mechanics/lever_balance.py,docs/tasks/task_physics__lever__missing_weight_balance_value.md,missing_weight_to_balance,integer,bbox_set|unordered,,missing_weight_to_balance
task_physics__lever__side_torque_value,physics,lever,side_torque_value,mechanics,physics,mechanics,trace.tasks.physics.mechanics.lever_balance,PhysicsMechanicsSideTorqueValueTask,trace/tasks/physics/mechanics/lever_balance.py,docs/tasks/task_physics__lever__side_torque_value.md,side_torque,integer,bbox_set|unordered,,side_torque
task_physics__magnetic_force__force_direction_choice,physics,magnetic_force,force_direction_choice,magnetism,physics,magnetism,trace.tasks.physics.magnetism.force_field,PhysicsMagnetismForceDirectionChoiceTask,trace/tasks/physics/magnetism/force_field.py,docs/tasks/task_physics__magnetic_force__force_direction_choice.md,force_direction_choice,option_letter,keyed_bbox_map,,force_direction_choice
task_physics__manometer__pressure_difference_value,physics,manometer,pressure_difference_value,fluids,physics,fluids,trace.tasks.physics.fluids.manometer,PhysicsManometerPressureDifferenceValueTask,trace/tasks/physics/fluids/manometer.py,docs/tasks/task_physics__manometer__pressure_difference_value.md,pressure_difference_value,,,,pressure_difference_value
task_physics__motion_graph__interval_displacement_value,physics,motion_graph,interval_displacement_value,mechanics,physics,mechanics,trace.tasks.physics.mechanics.motion_graph,PhysicsMotionGraphIntervalDisplacementValueTask,trace/tasks/physics/mechanics/motion_graph.py,docs/tasks/task_physics__motion_graph__interval_displacement_value.md,interval_displacement_value,,,,interval_displacement_value
task_physics__motion_graph__speed_change_state_choice,physics,motion_graph,speed_change_state_choice,mechanics,physics,mechanics,trace.tasks.physics.mechanics.motion_graph,PhysicsMotionGraphSpeedChangeStateChoiceTask,trace/tasks/physics/mechanics/motion_graph.py,docs/tasks/task_physics__motion_graph__speed_change_state_choice.md,speed_change_state_choice,option_letter,keyed_bbox_map,,speed_change_state_choice
task_physics__motion_graph__velocity_sign_choice,physics,motion_graph,velocity_sign_choice,mechanics,physics,mechanics,trace.tasks.physics.mechanics.motion_graph,PhysicsMotionGraphVelocitySignChoiceTask,trace/tasks/physics/mechanics/motion_graph.py,docs/tasks/task_physics__motion_graph__velocity_sign_choice.md,velocity_sign_choice,option_letter,keyed_bbox_map,,velocity_sign_choice
task_physics__orbital_motion__focus_location_label,physics,orbital_motion,focus_location_label,mechanics,physics,mechanics,trace.tasks.physics.mechanics.orbital_motion,PhysicsOrbitalMotionFocusLocationLabelTask,trace/tasks/physics/mechanics/orbital_motion.py,docs/tasks/task_physics__orbital_motion__focus_location_label.md,focus_location_label,,,,focus_location_label
task_physics__orbital_motion__orbital_speed_extremum_label,physics,orbital_motion,orbital_speed_extremum_label,mechanics,physics,mechanics,trace.tasks.physics.mechanics.orbital_motion,PhysicsOrbitalMotionSpeedExtremumLabelTask,trace/tasks/physics/mechanics/orbital_motion.py,docs/tasks/task_physics__orbital_motion__orbital_speed_extremum_label.md,orbital_speed_extremum_label,,,,orbital_speed_extremum_label
task_physics__piston_cylinder__boundary_work_value,physics,piston_cylinder,boundary_work_value,thermodynamics,physics,thermodynamics,trace.tasks.physics.thermodynamics.piston_cylinder,PhysicsPistonCylinderBoundaryWorkValueTask,trace/tasks/physics/thermodynamics/piston_cylinder.py,docs/tasks/task_physics__piston_cylinder__boundary_work_value.md,boundary_work_value,,,,boundary_work_value
task_physics__pulley__pulley_mechanical_advantage,physics,pulley,pulley_mechanical_advantage,mechanics,physics,mechanics,trace.tasks.physics.mechanics.pulley_mechanical_advantage,PhysicsMechanicsPulleyMechanicalAdvantageTask,trace/tasks/physics/mechanics/pulley_mechanical_advantage.py,docs/tasks/task_physics__pulley__pulley_mechanical_advantage.md,force_relation,integer,keyed_bbox_map,,force_relation
task_physics__pv_diagram__pv_process_sign_choice,physics,pv_diagram,pv_process_sign_choice,thermodynamics,physics,thermodynamics,trace.tasks.physics.thermodynamics.pv_diagram,PhysicsThermodynamicsPVProcessSignChoiceTask,trace/tasks/physics/thermodynamics/pv_diagram.py,docs/tasks/task_physics__pv_diagram__pv_process_sign_choice.md,process_sign_choice,option_letter,bbox_set|unordered,,process_sign_choice
task_physics__pv_diagram__pv_work_value,physics,pv_diagram,pv_work_value,thermodynamics,physics,thermodynamics,trace.tasks.physics.thermodynamics.pv_diagram,PhysicsThermodynamicsPVWorkValueTask,trace/tasks/physics/thermodynamics/pv_diagram.py,docs/tasks/task_physics__pv_diagram__pv_work_value.md,work_value,integer,bbox_set|unordered,,work_value
task_physics__ray_optics__ray_bounce_count,physics,ray_optics,ray_bounce_count,optics,physics,optics,trace.tasks.physics.optics.ray_trace,PhysicsOpticsRayBounceCountTask,trace/tasks/physics/optics/ray_trace.py,docs/tasks/task_physics__ray_optics__ray_bounce_count.md,bounce_count,integer,point_set|unordered,,bounce_count
task_physics__ray_optics__ray_target_hit_count,physics,ray_optics,ray_target_hit_count,optics,physics,optics,trace.tasks.physics.optics.ray_trace,PhysicsOpticsRayTargetHitCountTask,trace/tasks/physics/optics/ray_trace.py,docs/tasks/task_physics__ray_optics__ray_target_hit_count.md,target_hit_count,integer,point_set|unordered,,target_hit_count
task_physics__refraction_layers__medium_speed_order_label,physics,refraction_layers,medium_speed_order_label,optics,physics,optics,trace.tasks.physics.optics.refraction_layers,PhysicsRefractionLayersMediumSpeedOrderLabelTask,trace/tasks/physics/optics/refraction_layers.py,docs/tasks/task_physics__refraction_layers__medium_speed_order_label.md,medium_speed_order_label,,,,medium_speed_order_label
task_physics__shadow_cause__light_source_label,physics,shadow_cause,light_source_label,optics,physics,optics,trace.tasks.physics.optics.shadow_cause,PhysicsShadowCauseLightSourceLabelTask,trace/tasks/physics/optics/shadow_cause.py,docs/tasks/task_physics__shadow_cause__light_source_label.md,light_source_label,,,,light_source_label
task_physics__signal_transform__periodic_harmonic_spectrum_match_label,physics,signal_transform,periodic_harmonic_spectrum_match_label,waves,physics,waves,trace.tasks.physics.waves.signal_transform,PhysicsSignalTransformPeriodicHarmonicSpectrumMatchLabelTask,trace/tasks/physics/waves/signal_transform.py,docs/tasks/task_physics__signal_transform__periodic_harmonic_spectrum_match_label.md,periodic_wave_harmonic_spectrum,option_letter,keyed_bbox_map,,periodic_wave_harmonic_spectrum
task_physics__signal_transform__pulse_width_spectrum_match_label,physics,signal_transform,pulse_width_spectrum_match_label,waves,physics,waves,trace.tasks.physics.waves.signal_transform,PhysicsSignalTransformPulseWidthSpectrumMatchLabelTask,trace/tasks/physics/waves/signal_transform.py,docs/tasks/task_physics__signal_transform__pulse_width_spectrum_match_label.md,pulse_width_spectrum,option_letter,keyed_bbox_map,,pulse_width_spectrum
task_physics__signal_transform__sinusoid_component_spectrum_match_label,physics,signal_transform,sinusoid_component_spectrum_match_label,waves,physics,waves,trace.tasks.physics.waves.signal_transform,PhysicsSignalTransformSinusoidComponentSpectrumMatchLabelTask,trace/tasks/physics/waves/signal_transform.py,docs/tasks/task_physics__signal_transform__sinusoid_component_spectrum_match_label.md,sinusoid_component_spectrum,option_letter,keyed_bbox_map,,sinusoid_component_spectrum
task_physics__spring__spring_extension_difference,physics,spring,spring_extension_difference,mechanics,physics,mechanics,trace.tasks.physics.mechanics.spring_extension,PhysicsMechanicsSpringExtensionDifferenceTask,trace/tasks/physics/mechanics/spring_extension.py,docs/tasks/task_physics__spring__spring_extension_difference.md,extension_difference,integer,bbox_set|unordered,,extension_difference
task_physics__spring__spring_missing_value,physics,spring,spring_missing_value,mechanics,physics,mechanics,trace.tasks.physics.mechanics.spring_extension,PhysicsMechanicsSpringMissingValueTask,trace/tasks/physics/mechanics/spring_extension.py,docs/tasks/task_physics__spring__spring_missing_value.md,missing_value,integer,keyed_bbox_map,,missing_value
task_physics__stack_stability__stability_status_label,physics,stack_stability,stability_status_label,mechanics,physics,mechanics,trace.tasks.physics.mechanics.stack_stability,PhysicsMechanicsStackStabilityStatusLabelTask,trace/tasks/physics/mechanics/stack_stability.py,docs/tasks/task_physics__stack_stability__stability_status_label.md,stability_status_label,,,,stability_status_label
task_physics__switch_circuit__lit_bulb_count,physics,switch_circuit,lit_bulb_count,circuits,physics,circuits,trace.tasks.physics.circuits.switch_circuit,PhysicsSwitchCircuitLitBulbCountTask,trace/tasks/physics/circuits/switch_circuit.py,docs/tasks/task_physics__switch_circuit__lit_bulb_count.md,lit_bulb_count,,,,lit_bulb_count
task_physics__thermal_mixing__final_temperature_value,physics,thermal_mixing,final_temperature_value,thermodynamics,physics,thermodynamics,trace.tasks.physics.thermodynamics.thermal_mixing,PhysicsThermalMixingFinalTemperatureValueTask,trace/tasks/physics/thermodynamics/thermal_mixing.py,docs/tasks/task_physics__thermal_mixing__final_temperature_value.md,final_temperature_value,,,,final_temperature_value
task_physics__thermometer__temperature_conversion_value,physics,thermometer,temperature_conversion_value,thermodynamics,physics,thermodynamics,trace.tasks.physics.thermodynamics.thermometer,PhysicsThermometerTemperatureConversionValueTask,trace/tasks/physics/thermodynamics/thermometer.py,docs/tasks/task_physics__thermometer__temperature_conversion_value.md,temperature_conversion_value,,,,temperature_conversion_value
task_physics__vernier_caliper__length_readout_value,physics,vernier_caliper,length_readout_value,measurement,physics,measurement,trace.tasks.physics.measurement.vernier_caliper,PhysicsVernierCaliperLengthReadoutValueTask,trace/tasks/physics/measurement/vernier_caliper.py,docs/tasks/task_physics__vernier_caliper__length_readout_value.md,length_readout_value,,,,length_readout_value
task_physics__wave_interference__interference_point_choice,physics,wave_interference,interference_point_choice,waves,physics,waves,trace.tasks.physics.waves.interference_tank,PhysicsWavesInterferencePointChoiceTask,trace/tasks/physics/waves/interference_tank.py,docs/tasks/task_physics__wave_interference__interference_point_choice.md,interference_point_choice,option_letter,point_set|unordered,,interference_point_choice
task_physics__wave_interference__path_difference_value,physics,wave_interference,path_difference_value,waves,physics,waves,trace.tasks.physics.waves.interference_tank,PhysicsWavesPathDifferenceValueTask,trace/tasks/physics/waves/interference_tank.py,docs/tasks/task_physics__wave_interference__path_difference_value.md,path_difference_value,integer,keyed_bbox_map,,path_difference_value
task_physics__waveform_panel__wave_property_extremum_label,physics,waveform_panel,wave_property_extremum_label,waves,physics,waves,trace.tasks.physics.waves.waveform_panel,PhysicsWaveformPanelWavePropertyExtremumLabelTask,trace/tasks/physics/waves/waveform_panel.py,docs/tasks/task_physics__waveform_panel__wave_property_extremum_label.md,wave_property_extremum_label,,,,wave_property_extremum_label
task_physics__wire_magnetism__wire_field_direction_choice,physics,wire_magnetism,wire_field_direction_choice,magnetism,physics,magnetism,trace.tasks.physics.magnetism.wire_field,PhysicsWireMagnetismFieldDirectionChoiceTask,trace/tasks/physics/magnetism/wire_field.py,docs/tasks/task_physics__wire_magnetism__wire_field_direction_choice.md,wire_field_direction_choice,,,,wire_field_direction_choice
task_puzzles__arithmetic_constraint__consecutive_window_sum_value,puzzles,arithmetic_constraint,consecutive_window_sum_value,logic,puzzles,logic,trace.tasks.puzzles.logic.arithmetic_constraint,PuzzlesLogicConsecutiveWindowSumValueTask,trace/tasks/puzzles/logic/arithmetic_constraint.py,docs/tasks/task_puzzles__arithmetic_constraint__consecutive_window_sum_value.md,consecutive_window_sum_value,,,,consecutive_window_sum_value
task_puzzles__arithmetic_constraint__equal_sum_line_constraint_value,puzzles,arithmetic_constraint,equal_sum_line_constraint_value,logic,puzzles,logic,trace.tasks.puzzles.logic.arithmetic_constraint,PuzzlesLogicEqualSumLineConstraintValueTask,trace/tasks/puzzles/logic/arithmetic_constraint.py,docs/tasks/task_puzzles__arithmetic_constraint__equal_sum_line_constraint_value.md,equal_sum_line_constraint_value,,,,equal_sum_line_constraint_value
task_puzzles__arithmetic_constraint__letter_digit_value,puzzles,arithmetic_constraint,letter_digit_value,logic,puzzles,logic,trace.tasks.puzzles.logic.arithmetic_constraint,PuzzlesLogicLetterDigitValueTask,trace/tasks/puzzles/logic/arithmetic_constraint.py,docs/tasks/task_puzzles__arithmetic_constraint__letter_digit_value.md,letter_digit_value,,,,letter_digit_value
task_puzzles__arithmetic_constraint__number_wall_value,puzzles,arithmetic_constraint,number_wall_value,logic,puzzles,logic,trace.tasks.puzzles.logic.arithmetic_constraint,PuzzlesLogicNumberWallValueTask,trace/tasks/puzzles/logic/arithmetic_constraint.py,docs/tasks/task_puzzles__arithmetic_constraint__number_wall_value.md,addition_wall_missing_value|difference_wall_missing_value|multiplication_pyramid_value,integer,bbox_set,,addition_wall_missing_value
task_puzzles__arithmetic_constraint__number_wall_value,puzzles,arithmetic_constraint,number_wall_value,logic,puzzles,logic,trace.tasks.puzzles.logic.arithmetic_constraint,PuzzlesLogicNumberWallValueTask,trace/tasks/puzzles/logic/arithmetic_constraint.py,docs/tasks/task_puzzles__arithmetic_constraint__number_wall_value.md,addition_wall_missing_value|difference_wall_missing_value|multiplication_pyramid_value,integer,bbox_set,,difference_wall_missing_value
task_puzzles__arithmetic_constraint__number_wall_value,puzzles,arithmetic_constraint,number_wall_value,logic,puzzles,logic,trace.tasks.puzzles.logic.arithmetic_constraint,PuzzlesLogicNumberWallValueTask,trace/tasks/puzzles/logic/arithmetic_constraint.py,docs/tasks/task_puzzles__arithmetic_constraint__number_wall_value.md,addition_wall_missing_value|difference_wall_missing_value|multiplication_pyramid_value,integer,bbox_set,,multiplication_pyramid_value
task_puzzles__arithmetic_constraint__operation_table_cell_value,puzzles,arithmetic_constraint,operation_table_cell_value,logic,puzzles,logic,trace.tasks.puzzles.logic.arithmetic_constraint,PuzzlesLogicOperationTableCellValueTask,trace/tasks/puzzles/logic/arithmetic_constraint.py,docs/tasks/task_puzzles__arithmetic_constraint__operation_table_cell_value.md,operation_table_cell_value,,,,operation_table_cell_value
task_puzzles__arithmetic_constraint__paired_cluster_sum_relation_value,puzzles,arithmetic_constraint,paired_cluster_sum_relation_value,logic,puzzles,logic,trace.tasks.puzzles.logic.arithmetic_constraint,PuzzlesLogicPairedClusterSumRelationValueTask,trace/tasks/puzzles/logic/arithmetic_constraint.py,docs/tasks/task_puzzles__arithmetic_constraint__paired_cluster_sum_relation_value.md,paired_cluster_sum_relation_value,,,,paired_cluster_sum_relation_value
task_puzzles__arithmetic_constraint__row_column_total_missing_value,puzzles,arithmetic_constraint,row_column_total_missing_value,logic,puzzles,logic,trace.tasks.puzzles.logic.arithmetic_constraint,PuzzlesLogicRowColumnTotalMissingValueTask,trace/tasks/puzzles/logic/arithmetic_constraint.py,docs/tasks/task_puzzles__arithmetic_constraint__row_column_total_missing_value.md,row_column_total_missing_value,,,,row_column_total_missing_value
task_puzzles__arithmetic_constraint__vertical_arithmetic_hidden_digit_value,puzzles,arithmetic_constraint,vertical_arithmetic_hidden_digit_value,logic,puzzles,logic,trace.tasks.puzzles.logic.arithmetic_constraint,PuzzlesLogicVerticalArithmeticHiddenDigitValueTask,trace/tasks/puzzles/logic/arithmetic_constraint.py,docs/tasks/task_puzzles__arithmetic_constraint__vertical_arithmetic_hidden_digit_value.md,vertical_arithmetic_hidden_digit_value,,,,vertical_arithmetic_hidden_digit_value
task_puzzles__balance_scale__equivalent_object_count_value,puzzles,balance_scale,equivalent_object_count_value,logic,puzzles,logic,trace.tasks.puzzles.logic.balance_scale,PuzzlesLogicEquivalentObjectCountValueTask,trace/tasks/puzzles/logic/balance_scale.py,docs/tasks/task_puzzles__balance_scale__equivalent_object_count_value.md,equivalent_object_count_value,,,,equivalent_object_count_value
task_puzzles__balance_scale__missing_object_weight_value,puzzles,balance_scale,missing_object_weight_value,logic,puzzles,logic,trace.tasks.puzzles.logic.balance_scale,PuzzlesLogicMissingObjectWeightValueTask,trace/tasks/puzzles/logic/balance_scale.py,docs/tasks/task_puzzles__balance_scale__missing_object_weight_value.md,missing_object_weight_value,,,,missing_object_weight_value
task_puzzles__balance_scale__weight_order_label,puzzles,balance_scale,weight_order_label,logic,puzzles,logic,trace.tasks.puzzles.logic.balance_scale,PuzzlesLogicWeightOrderLabelTask,trace/tasks/puzzles/logic/balance_scale.py,docs/tasks/task_puzzles__balance_scale__weight_order_label.md,weight_order_label,,,,weight_order_label
task_puzzles__cell_board__color_component_count,puzzles,cell_board,color_component_count,cell_board,puzzles,cell_board,trace.tasks.puzzles.cell_board.merged_tasks,TileColorComponentCountPublicTask,trace/tasks/puzzles/cell_board/merged_tasks.py,docs/tasks/task_puzzles__cell_board__color_component_count.md,color_component_count,,,,color_component_count
task_puzzles__cell_board__largest_component_size,puzzles,cell_board,largest_component_size,cell_board,puzzles,cell_board,trace.tasks.puzzles.cell_board.merged_tasks,TileLargestComponentSizePublicTask,trace/tasks/puzzles/cell_board/merged_tasks.py,docs/tasks/task_puzzles__cell_board__largest_component_size.md,largest_component_size,,,,largest_component_size
task_puzzles__cell_board__minimum_color_set_distance_value,puzzles,cell_board,minimum_color_set_distance_value,cell_board,puzzles,cell_board,trace.tasks.puzzles.cell_board.merged_tasks,TileMinimumColorSetDistancePublicTask,trace/tasks/puzzles/cell_board/merged_tasks.py,docs/tasks/task_puzzles__cell_board__minimum_color_set_distance_value.md,minimum_color_set_distance_value,,,,minimum_color_set_distance_value
task_puzzles__cell_board__reachable_region_size,puzzles,cell_board,reachable_region_size,cell_board,puzzles,cell_board,trace.tasks.puzzles.cell_board.merged_tasks,TileReachableRegionSizePublicTask,trace/tasks/puzzles/cell_board/merged_tasks.py,docs/tasks/task_puzzles__cell_board__reachable_region_size.md,reachable_region_size,,,,reachable_region_size
task_puzzles__cell_board__reachable_target_count,puzzles,cell_board,reachable_target_count,cell_board,puzzles,cell_board,trace.tasks.puzzles.cell_board.merged_tasks,TileReachableTargetCountPublicTask,trace/tasks/puzzles/cell_board/merged_tasks.py,docs/tasks/task_puzzles__cell_board__reachable_target_count.md,reachable_target_count,,,,reachable_target_count
task_puzzles__cell_board__scoped_attribute_count,puzzles,cell_board,scoped_attribute_count,cell_board,puzzles,cell_board,trace.tasks.puzzles.cell_board.attribute_count,CellBoardScopedAttributeCountTask,trace/tasks/puzzles/cell_board/attribute_count.py,docs/tasks/task_puzzles__cell_board__scoped_attribute_count.md,scoped_attribute_count,,,,scoped_attribute_count
task_puzzles__cell_board__shortest_path_length_value,puzzles,cell_board,shortest_path_length_value,cell_board,puzzles,cell_board,trace.tasks.puzzles.cell_board.merged_tasks,TileShortestPathLengthPublicTask,trace/tasks/puzzles/cell_board/merged_tasks.py,docs/tasks/task_puzzles__cell_board__shortest_path_length_value.md,shortest_path_length_value,,,,shortest_path_length_value
task_puzzles__cell_board__single_attribute_membership_count,puzzles,cell_board,single_attribute_membership_count,cell_board,puzzles,cell_board,trace.tasks.puzzles.cell_board.attribute_count,CellBoardSingleAttributeMembershipCountTask,trace/tasks/puzzles/cell_board/attribute_count.py,docs/tasks/task_puzzles__cell_board__single_attribute_membership_count.md,single_attribute_membership_count,,,,single_attribute_membership_count
task_puzzles__cell_board__symmetry_violation_count,puzzles,cell_board,symmetry_violation_count,cell_board,puzzles,cell_board,trace.tasks.puzzles.cell_board.merged_tasks,TileSymmetryViolationCountPublicTask,trace/tasks/puzzles/cell_board/merged_tasks.py,docs/tasks/task_puzzles__cell_board__symmetry_violation_count.md,symmetry_violation_count,integer,point_set,,symmetry_violation_count
task_puzzles__code_grid__decoded_word_label,puzzles,code_grid,decoded_word_label,word,puzzles,word,trace.tasks.puzzles.word.code_grid,PuzzlesCodeGridDecodedWordLabelTask,trace/tasks/puzzles/word/code_grid.py,docs/tasks/task_puzzles__code_grid__decoded_word_label.md,decoded_word_label,,,,decoded_word_label
task_puzzles__color_gradient__color_gradient_completion_label,puzzles,color_gradient,color_gradient_completion_label,visual,puzzles,visual,trace.tasks.puzzles.visual.color_gradient_violation,PuzzlesVisualColorGradientCompletionLabelTask,trace/tasks/puzzles/visual/color_gradient_violation.py,docs/tasks/task_puzzles__color_gradient__color_gradient_completion_label.md,linear_gradient_completion_label,option_letter,keyed_bbox_map,,linear_gradient_completion_label
task_puzzles__color_gradient__color_gradient_violation_cell_label,puzzles,color_gradient,color_gradient_violation_cell_label,visual,puzzles,visual,trace.tasks.puzzles.visual.color_gradient_violation,PuzzlesVisualColorGradientViolationCellLabelTask,trace/tasks/puzzles/visual/color_gradient_violation.py,docs/tasks/task_puzzles__color_gradient__color_gradient_violation_cell_label.md,color_gradient_violation_cell_label,option_letter,bbox_set,,color_gradient_violation_cell_label
task_puzzles__counterfactual_board__board_dimension_count,puzzles,counterfactual_board,board_dimension_count,counterfactual,puzzles,counterfactual,trace.tasks.puzzles.counterfactual.board_grid_count,PuzzlesCounterfactualBoardDimensionCountTask,trace/tasks/puzzles/counterfactual/board_grid_count.py,docs/tasks/task_puzzles__counterfactual_board__board_dimension_count.md,board_dimension_count,,,,board_dimension_count
task_puzzles__counterfactual_board__board_line_count,puzzles,counterfactual_board,board_line_count,counterfactual,puzzles,counterfactual,trace.tasks.puzzles.counterfactual.board_grid_count,PuzzlesCounterfactualBoardLineCountTask,trace/tasks/puzzles/counterfactual/board_grid_count.py,docs/tasks/task_puzzles__counterfactual_board__board_line_count.md,board_line_count,,,,board_line_count
task_puzzles__cube_net__cube_net_face_relation_label,puzzles,cube_net,cube_net_face_relation_label,spatial,puzzles,spatial,trace.tasks.puzzles.spatial.cube_surface_net,PuzzlesSpatialCubeNetFaceRelationLabelTask,trace/tasks/puzzles/spatial/cube_surface_net.py,docs/tasks/task_puzzles__cube_net__cube_net_face_relation_label.md,marked_edge_neighbor_face_label|opposite_face_label,option_letter,keyed_bbox_map,,marked_edge_neighbor_face_label
task_puzzles__cube_net__cube_net_face_relation_label,puzzles,cube_net,cube_net_face_relation_label,spatial,puzzles,spatial,trace.tasks.puzzles.spatial.cube_surface_net,PuzzlesSpatialCubeNetFaceRelationLabelTask,trace/tasks/puzzles/spatial/cube_surface_net.py,docs/tasks/task_puzzles__cube_net__cube_net_face_relation_label.md,marked_edge_neighbor_face_label|opposite_face_label,option_letter,keyed_bbox_map,,opposite_face_label
task_puzzles__cube_net__cube_rolling_result_label,puzzles,cube_net,cube_rolling_result_label,spatial,puzzles,spatial,trace.tasks.puzzles.spatial.cube_surface_net,PuzzlesSpatialCubeRollingResultLabelTask,trace/tasks/puzzles/spatial/cube_surface_net.py,docs/tasks/task_puzzles__cube_net__cube_rolling_result_label.md,final_front_face_label|final_right_face_label|final_top_face_label,option_letter,keyed_bbox_map,,final_front_face_label
task_puzzles__cube_net__cube_rolling_result_label,puzzles,cube_net,cube_rolling_result_label,spatial,puzzles,spatial,trace.tasks.puzzles.spatial.cube_surface_net,PuzzlesSpatialCubeRollingResultLabelTask,trace/tasks/puzzles/spatial/cube_surface_net.py,docs/tasks/task_puzzles__cube_net__cube_rolling_result_label.md,final_front_face_label|final_right_face_label|final_top_face_label,option_letter,keyed_bbox_map,,final_right_face_label
task_puzzles__cube_net__cube_rolling_result_label,puzzles,cube_net,cube_rolling_result_label,spatial,puzzles,spatial,trace.tasks.puzzles.spatial.cube_surface_net,PuzzlesSpatialCubeRollingResultLabelTask,trace/tasks/puzzles/spatial/cube_surface_net.py,docs/tasks/task_puzzles__cube_net__cube_rolling_result_label.md,final_front_face_label|final_right_face_label|final_top_face_label,option_letter,keyed_bbox_map,,final_top_face_label
task_puzzles__cube_net__folded_path_endpoint_label,puzzles,cube_net,folded_path_endpoint_label,spatial,puzzles,spatial,trace.tasks.puzzles.spatial.cube_surface_net,PuzzlesSpatialCubeFoldedPathEndpointLabelTask,trace/tasks/puzzles/spatial/cube_surface_net.py,docs/tasks/task_puzzles__cube_net__folded_path_endpoint_label.md,folded_path_endpoint_label,,,,folded_path_endpoint_label
task_puzzles__cube_net__folded_path_face_sequence_label,puzzles,cube_net,folded_path_face_sequence_label,spatial,puzzles,spatial,trace.tasks.puzzles.spatial.cube_surface_net,PuzzlesSpatialCubeFoldedPathFaceSequenceLabelTask,trace/tasks/puzzles/spatial/cube_surface_net.py,docs/tasks/task_puzzles__cube_net__folded_path_face_sequence_label.md,folded_path_face_sequence_label,,,,folded_path_face_sequence_label
task_puzzles__cyclic_order__cyclic_order_equivalent_label,puzzles,cyclic_order,cyclic_order_equivalent_label,topology,puzzles,topology,trace.tasks.puzzles.topology.cyclic_order_match,PuzzlesTopologyCyclicOrderEquivalentLabelTask,trace/tasks/puzzles/topology/cyclic_order_match.py,docs/tasks/task_puzzles__cyclic_order__cyclic_order_equivalent_label.md,cyclic_order_equivalent_label,option_letter,bbox_set,,cyclic_order_equivalent_label
task_puzzles__logic_grid__grid_king_non_touch_label,puzzles,logic_grid,grid_king_non_touch_label,logic,puzzles,logic,trace.tasks.puzzles.logic.grid_completion_label,PuzzlesLogicGridKingNonTouchLabelTask,trace/tasks/puzzles/logic/grid_completion_label.py,docs/tasks/task_puzzles__logic_grid__grid_king_non_touch_label.md,king_non_touch,option_letter,keyed_bbox_map,,king_non_touch
task_puzzles__logic_grid__grid_uniqueness_completion_label,puzzles,logic_grid,grid_uniqueness_completion_label,logic,puzzles,logic,trace.tasks.puzzles.logic.grid_completion_label,PuzzlesLogicGridUniquenessCompletionLabelTask,trace/tasks/puzzles/logic/grid_completion_label.py,docs/tasks/task_puzzles__logic_grid__grid_uniqueness_completion_label.md,grid_uniqueness_completion,option_letter,keyed_bbox_map,,grid_uniqueness_completion
task_puzzles__matchstick__matchstick_loose_endpoint_extremum_label,puzzles,matchstick,matchstick_loose_endpoint_extremum_label,logic,puzzles,logic,trace.tasks.puzzles.logic.matchstick_arrangement,PuzzlesLogicMatchstickLooseEndpointExtremumLabelTask,trace/tasks/puzzles/logic/matchstick_arrangement.py,docs/tasks/task_puzzles__matchstick__matchstick_loose_endpoint_extremum_label.md,fewest_loose_endpoints|most_loose_endpoints,option_letter,bbox_set,,fewest_loose_endpoints
task_puzzles__matchstick__matchstick_loose_endpoint_extremum_label,puzzles,matchstick,matchstick_loose_endpoint_extremum_label,logic,puzzles,logic,trace.tasks.puzzles.logic.matchstick_arrangement,PuzzlesLogicMatchstickLooseEndpointExtremumLabelTask,trace/tasks/puzzles/logic/matchstick_arrangement.py,docs/tasks/task_puzzles__matchstick__matchstick_loose_endpoint_extremum_label.md,fewest_loose_endpoints|most_loose_endpoints,option_letter,bbox_set,,most_loose_endpoints
task_puzzles__matchstick__matchstick_number_transform_label,puzzles,matchstick,matchstick_number_transform_label,logic,puzzles,logic,trace.tasks.puzzles.logic.matchstick_arrangement,PuzzlesLogicMatchstickNumberTransformLabelTask,trace/tasks/puzzles/logic/matchstick_arrangement.py,docs/tasks/task_puzzles__matchstick__matchstick_number_transform_label.md,add_one_stick|remove_one_stick,option_letter,keyed_bbox_map,,add_one_stick
task_puzzles__matchstick__matchstick_number_transform_label,puzzles,matchstick,matchstick_number_transform_label,logic,puzzles,logic,trace.tasks.puzzles.logic.matchstick_arrangement,PuzzlesLogicMatchstickNumberTransformLabelTask,trace/tasks/puzzles/logic/matchstick_arrangement.py,docs/tasks/task_puzzles__matchstick__matchstick_number_transform_label.md,add_one_stick|remove_one_stick,option_letter,keyed_bbox_map,,remove_one_stick
task_puzzles__maze__exit_reachability_label,puzzles,maze,exit_reachability_label,topology,puzzles,topology,trace.tasks.puzzles.topology.maze_exit_label,PuzzlesTopologyMazeExitReachabilityLabelTask,trace/tasks/puzzles/topology/maze_exit_label.py,docs/tasks/task_puzzles__maze__exit_reachability_label.md,exit_reachability_label,string,bbox_set,,exit_reachability_label
task_puzzles__maze__reachable_exit_count,puzzles,maze,reachable_exit_count,topology,puzzles,topology,trace.tasks.puzzles.topology.maze_exit_label,PuzzlesTopologyMazeReachableExitCountTask,trace/tasks/puzzles/topology/maze_exit_label.py,docs/tasks/task_puzzles__maze__reachable_exit_count.md,reachable_exit_count,integer,bbox_set,,reachable_exit_count
task_puzzles__nonogram__nonogram_candidate_solution_label,puzzles,nonogram,nonogram_candidate_solution_label,logic,puzzles,logic,trace.tasks.puzzles.logic.nonogram_grid,PuzzlesLogicNonogramCandidateSolutionLabelTask,trace/tasks/puzzles/logic/nonogram_grid.py,docs/tasks/task_puzzles__nonogram__nonogram_candidate_solution_label.md,candidate_solution_label,option_letter,bbox_set,,candidate_solution_label
task_puzzles__nonogram__nonogram_line_completion_label,puzzles,nonogram,nonogram_line_completion_label,logic,puzzles,logic,trace.tasks.puzzles.logic.nonogram_grid,PuzzlesLogicNonogramLineCompletionLabelTask,trace/tasks/puzzles/logic/nonogram_grid.py,docs/tasks/task_puzzles__nonogram__nonogram_line_completion_label.md,line_completion_label,option_letter,bbox_set,,line_completion_label
task_puzzles__overlay__overlay_result_label,puzzles,overlay,overlay_result_label,spatial,puzzles,spatial,trace.tasks.puzzles.spatial.transform_result_label,PuzzlesSpatialOverlayResultLabelTask,trace/tasks/puzzles/spatial/transform_result_label.py,docs/tasks/task_puzzles__overlay__overlay_result_label.md,overlay_result,option_letter,bbox_set,,overlay_result
task_puzzles__paper_fold__paper_fold_result_label,puzzles,paper_fold,paper_fold_result_label,spatial,puzzles,spatial,trace.tasks.puzzles.spatial.transform_result_label,PuzzlesSpatialPaperFoldResultLabelTask,trace/tasks/puzzles/spatial/transform_result_label.py,docs/tasks/task_puzzles__paper_fold__paper_fold_result_label.md,paper_fold_result,option_letter,bbox_set,,paper_fold_result
task_puzzles__paper_fold_cut__paper_fold_cut_result_label,puzzles,paper_fold_cut,paper_fold_cut_result_label,spatial,puzzles,spatial,trace.tasks.puzzles.spatial.transform_result_label,PuzzlesSpatialPaperFoldCutResultLabelTask,trace/tasks/puzzles/spatial/transform_result_label.py,docs/tasks/task_puzzles__paper_fold_cut__paper_fold_cut_result_label.md,paper_fold_cut_result,option_letter,bbox_set,,paper_fold_cut_result
task_puzzles__pipe_flow__pipe_flow_repair_tile_label,puzzles,pipe_flow,pipe_flow_repair_tile_label,topology,puzzles,topology,trace.tasks.puzzles.topology.pipe_flow_grid,PuzzlesTopologyPipeFlowRepairTileLabelTask,trace/tasks/puzzles/topology/pipe_flow_grid.py,docs/tasks/task_puzzles__pipe_flow__pipe_flow_repair_tile_label.md,flow_repair_tile_label,option_letter,bbox_set,,flow_repair_tile_label
task_puzzles__polyomino_missing__marked_region_piece_label,puzzles,polyomino_missing,marked_region_piece_label,spatial,puzzles,spatial,trace.tasks.puzzles.spatial.polyomino_arrangement_label,PuzzlesSpatialPolyominoMarkedRegionPieceLabelTask,trace/tasks/puzzles/spatial/polyomino_arrangement_label.py,docs/tasks/task_puzzles__polyomino_missing__marked_region_piece_label.md,marked_region_piece_label,,,,marked_region_piece_label
task_puzzles__polyomino_missing__rectangle_complement_piece,puzzles,polyomino_missing,rectangle_complement_piece,spatial,puzzles,spatial,trace.tasks.puzzles.spatial.polyomino_arrangement_label,PuzzlesSpatialPolyominoRectangleComplementPieceTask,trace/tasks/puzzles/spatial/polyomino_arrangement_label.py,docs/tasks/task_puzzles__polyomino_missing__rectangle_complement_piece.md,rectangle_complement_piece,,,,rectangle_complement_piece
task_puzzles__raven_matrix__raven_analogical_transform_label,puzzles,raven_matrix,raven_analogical_transform_label,logic,puzzles,logic,trace.tasks.puzzles.logic.raven_matrix_label,PuzzlesLogicRavenAnalogicalTransformLabelTask,trace/tasks/puzzles/logic/raven_matrix_label.py,docs/tasks/task_puzzles__raven_matrix__raven_analogical_transform_label.md,analogical_transform_matrix,option_letter,bbox_set,,analogical_transform_matrix
task_puzzles__raven_matrix__raven_count_progression_label,puzzles,raven_matrix,raven_count_progression_label,logic,puzzles,logic,trace.tasks.puzzles.logic.raven_matrix_label,PuzzlesLogicRavenCountProgressionLabelTask,trace/tasks/puzzles/logic/raven_matrix_label.py,docs/tasks/task_puzzles__raven_matrix__raven_count_progression_label.md,count_progression_matrix,option_letter,bbox_set,,count_progression_matrix
task_puzzles__raven_matrix__raven_position_progression_label,puzzles,raven_matrix,raven_position_progression_label,logic,puzzles,logic,trace.tasks.puzzles.logic.raven_matrix_label,PuzzlesLogicRavenPositionProgressionLabelTask,trace/tasks/puzzles/logic/raven_matrix_label.py,docs/tasks/task_puzzles__raven_matrix__raven_position_progression_label.md,position_progression_matrix,option_letter,bbox_set,,position_progression_matrix
task_puzzles__raven_matrix__raven_set_operation_label,puzzles,raven_matrix,raven_set_operation_label,logic,puzzles,logic,trace.tasks.puzzles.logic.raven_matrix_label,PuzzlesLogicRavenSetOperationLabelTask,trace/tasks/puzzles/logic/raven_matrix_label.py,docs/tasks/task_puzzles__raven_matrix__raven_set_operation_label.md,set_operation_matrix,option_letter,bbox_set,,set_operation_matrix
task_puzzles__raven_matrix__raven_spatial_transform_label,puzzles,raven_matrix,raven_spatial_transform_label,logic,puzzles,logic,trace.tasks.puzzles.logic.raven_matrix_label,PuzzlesLogicRavenSpatialTransformLabelTask,trace/tasks/puzzles/logic/raven_matrix_label.py,docs/tasks/task_puzzles__raven_matrix__raven_spatial_transform_label.md,spatial_transform_matrix,option_letter,bbox_set,,spatial_transform_matrix
task_puzzles__rubiks_net__post_move_face_color_count_label,puzzles,rubiks_net,post_move_face_color_count_label,spatial,puzzles,spatial,trace.tasks.puzzles.spatial.rubiks_cube,PuzzlesSpatialRubiksPostMoveFaceColorCountLabelTask,trace/tasks/puzzles/spatial/rubiks_cube.py,docs/tasks/task_puzzles__rubiks_net__post_move_face_color_count_label.md,post_move_face_color_count_label,,,,post_move_face_color_count_label
task_puzzles__rubiks_net__post_move_sticker_color_label,puzzles,rubiks_net,post_move_sticker_color_label,spatial,puzzles,spatial,trace.tasks.puzzles.spatial.rubiks_cube,PuzzlesSpatialRubiksPostMoveStickerColorLabelTask,trace/tasks/puzzles/spatial/rubiks_cube.py,docs/tasks/task_puzzles__rubiks_net__post_move_sticker_color_label.md,post_move_sticker_color_label,,,,post_move_sticker_color_label
task_puzzles__rubiks_net__rubiks_move_result_label,puzzles,rubiks_net,rubiks_move_result_label,spatial,puzzles,spatial,trace.tasks.puzzles.spatial.rubiks_cube,PuzzlesSpatialRubiksMoveResultLabelTask,trace/tasks/puzzles/spatial/rubiks_cube.py,docs/tasks/task_puzzles__rubiks_net__rubiks_move_result_label.md,inverse_sequence_result_label|one_move_result_label|two_move_result_label,option_letter,bbox_set,,inverse_sequence_result_label
task_puzzles__rubiks_net__rubiks_move_result_label,puzzles,rubiks_net,rubiks_move_result_label,spatial,puzzles,spatial,trace.tasks.puzzles.spatial.rubiks_cube,PuzzlesSpatialRubiksMoveResultLabelTask,trace/tasks/puzzles/spatial/rubiks_cube.py,docs/tasks/task_puzzles__rubiks_net__rubiks_move_result_label.md,inverse_sequence_result_label|one_move_result_label|two_move_result_label,option_letter,bbox_set,,one_move_result_label
task_puzzles__rubiks_net__rubiks_move_result_label,puzzles,rubiks_net,rubiks_move_result_label,spatial,puzzles,spatial,trace.tasks.puzzles.spatial.rubiks_cube,PuzzlesSpatialRubiksMoveResultLabelTask,trace/tasks/puzzles/spatial/rubiks_cube.py,docs/tasks/task_puzzles__rubiks_net__rubiks_move_result_label.md,inverse_sequence_result_label|one_move_result_label|two_move_result_label,option_letter,bbox_set,,two_move_result_label
task_puzzles__rubiks_net__static_face_color_count_label,puzzles,rubiks_net,static_face_color_count_label,spatial,puzzles,spatial,trace.tasks.puzzles.spatial.rubiks_cube,PuzzlesSpatialRubiksStaticFaceColorCountLabelTask,trace/tasks/puzzles/spatial/rubiks_cube.py,docs/tasks/task_puzzles__rubiks_net__static_face_color_count_label.md,static_face_color_count_label,,,,static_face_color_count_label
task_puzzles__rubiks_net__static_sticker_color_label,puzzles,rubiks_net,static_sticker_color_label,spatial,puzzles,spatial,trace.tasks.puzzles.spatial.rubiks_cube,PuzzlesSpatialRubiksStaticStickerColorLabelTask,trace/tasks/puzzles/spatial/rubiks_cube.py,docs/tasks/task_puzzles__rubiks_net__static_sticker_color_label.md,static_sticker_color_label,,,,static_sticker_color_label
task_puzzles__star_battle__scoped_valid_cell_label,puzzles,star_battle,scoped_valid_cell_label,logic,puzzles,logic,trace.tasks.puzzles.logic.star_battle_grid,PuzzlesLogicStarBattleScopedValidCellLabelTask,trace/tasks/puzzles/logic/star_battle_grid.py,docs/tasks/task_puzzles__star_battle__scoped_valid_cell_label.md,scoped_valid_cell_label,,,,scoped_valid_cell_label
task_puzzles__star_battle__star_battle_remaining_count,puzzles,star_battle,star_battle_remaining_count,logic,puzzles,logic,trace.tasks.puzzles.logic.star_battle_grid,PuzzlesLogicStarBattleRemainingCountTask,trace/tasks/puzzles/logic/star_battle_grid.py,docs/tasks/task_puzzles__star_battle__star_battle_remaining_count.md,remaining_valid_cells_in_marked_column_count|remaining_valid_cells_in_marked_region_count|remaining_valid_cells_in_marked_row_count,integer,bbox_set,,remaining_valid_cells_in_marked_column_count
task_puzzles__star_battle__star_battle_remaining_count,puzzles,star_battle,star_battle_remaining_count,logic,puzzles,logic,trace.tasks.puzzles.logic.star_battle_grid,PuzzlesLogicStarBattleRemainingCountTask,trace/tasks/puzzles/logic/star_battle_grid.py,docs/tasks/task_puzzles__star_battle__star_battle_remaining_count.md,remaining_valid_cells_in_marked_column_count|remaining_valid_cells_in_marked_region_count|remaining_valid_cells_in_marked_row_count,integer,bbox_set,,remaining_valid_cells_in_marked_region_count
task_puzzles__star_battle__star_battle_remaining_count,puzzles,star_battle,star_battle_remaining_count,logic,puzzles,logic,trace.tasks.puzzles.logic.star_battle_grid,PuzzlesLogicStarBattleRemainingCountTask,trace/tasks/puzzles/logic/star_battle_grid.py,docs/tasks/task_puzzles__star_battle__star_battle_remaining_count.md,remaining_valid_cells_in_marked_column_count|remaining_valid_cells_in_marked_region_count|remaining_valid_cells_in_marked_row_count,integer,bbox_set,,remaining_valid_cells_in_marked_row_count
task_puzzles__star_battle__valid_cell_anywhere_label,puzzles,star_battle,valid_cell_anywhere_label,logic,puzzles,logic,trace.tasks.puzzles.logic.star_battle_grid,PuzzlesLogicStarBattleValidCellAnywhereLabelTask,trace/tasks/puzzles/logic/star_battle_grid.py,docs/tasks/task_puzzles__star_battle__valid_cell_anywhere_label.md,valid_cell_anywhere_label,,,,valid_cell_anywhere_label
task_puzzles__string_topology__string_component_count,puzzles,string_topology,string_component_count,topology,puzzles,topology,trace.tasks.puzzles.topology.string_component_count,PuzzlesTopologyStringComponentCountTask,trace/tasks/puzzles/topology/string_component_count.py,docs/tasks/task_puzzles__string_topology__string_component_count.md,closed_loop_count|knotted_component_count|open_rope_count,integer,bbox_set,,closed_loop_count
task_puzzles__string_topology__string_component_count,puzzles,string_topology,string_component_count,topology,puzzles,topology,trace.tasks.puzzles.topology.string_component_count,PuzzlesTopologyStringComponentCountTask,trace/tasks/puzzles/topology/string_component_count.py,docs/tasks/task_puzzles__string_topology__string_component_count.md,closed_loop_count|knotted_component_count|open_rope_count,integer,bbox_set,,knotted_component_count
task_puzzles__string_topology__string_component_count,puzzles,string_topology,string_component_count,topology,puzzles,topology,trace.tasks.puzzles.topology.string_component_count,PuzzlesTopologyStringComponentCountTask,trace/tasks/puzzles/topology/string_component_count.py,docs/tasks/task_puzzles__string_topology__string_component_count.md,closed_loop_count|knotted_component_count|open_rope_count,integer,bbox_set,,open_rope_count
task_puzzles__sudoku__marked_cell_candidate_count,puzzles,sudoku,marked_cell_candidate_count,sudoku,puzzles,sudoku,trace.tasks.puzzles.sudoku.grid_tasks,PuzzlesSudokuMarkedCellCandidateCountTask,trace/tasks/puzzles/sudoku/grid_tasks.py,docs/tasks/task_puzzles__sudoku__marked_cell_candidate_count.md,marked_cell_candidate_count,,,,marked_cell_candidate_count
task_puzzles__sudoku__marked_cell_value,puzzles,sudoku,marked_cell_value,sudoku,puzzles,sudoku,trace.tasks.puzzles.sudoku.grid_tasks,PuzzlesSudokuMarkedCellValueTask,trace/tasks/puzzles/sudoku/grid_tasks.py,docs/tasks/task_puzzles__sudoku__marked_cell_value.md,marked_cell_value,,,,marked_cell_value
task_puzzles__sudoku__repeated_digit_count,puzzles,sudoku,repeated_digit_count,sudoku,puzzles,sudoku,trace.tasks.puzzles.sudoku.grid_tasks,PuzzlesSudokuRepeatedDigitCountTask,trace/tasks/puzzles/sudoku/grid_tasks.py,docs/tasks/task_puzzles__sudoku__repeated_digit_count.md,repeated_digit_count,,,,repeated_digit_count
task_puzzles__sudoku__unit_missing_digits_count,puzzles,sudoku,unit_missing_digits_count,sudoku,puzzles,sudoku,trace.tasks.puzzles.sudoku.grid_tasks,PuzzlesSudokuUnitMissingDigitsCountTask,trace/tasks/puzzles/sudoku/grid_tasks.py,docs/tasks/task_puzzles__sudoku__unit_missing_digits_count.md,unit_missing_digits_count,,,,unit_missing_digits_count
task_puzzles__tangram__tangram_contact_count,puzzles,tangram,tangram_contact_count,spatial,puzzles,spatial,trace.tasks.puzzles.spatial.tangram_assembly,PuzzlesSpatialTangramContactCountTask,trace/tasks/puzzles/spatial/tangram_assembly.py,docs/tasks/task_puzzles__tangram__tangram_contact_count.md,contact_count,integer,bbox_set,,contact_count
task_puzzles__tangram__tangram_missing_piece_label,puzzles,tangram,tangram_missing_piece_label,spatial,puzzles,spatial,trace.tasks.puzzles.spatial.tangram_assembly,PuzzlesSpatialTangramMissingPieceLabelTask,trace/tasks/puzzles/spatial/tangram_assembly.py,docs/tasks/task_puzzles__tangram__tangram_missing_piece_label.md,missing_piece_label,option_letter,bbox_set,,missing_piece_label
task_puzzles__tents__tents_missing_tent_cell_label,puzzles,tents,tents_missing_tent_cell_label,logic,puzzles,logic,trace.tasks.puzzles.logic.tents_grid,PuzzlesLogicTentsMissingTentCellLabelTask,trace/tasks/puzzles/logic/tents_grid.py,docs/tasks/task_puzzles__tents__tents_missing_tent_cell_label.md,missing_tent_cell_label,option_letter,bbox_set,,missing_tent_cell_label
task_puzzles__tents__tents_valid_candidate_count,puzzles,tents,tents_valid_candidate_count,logic,puzzles,logic,trace.tasks.puzzles.logic.tents_grid,PuzzlesLogicTentsValidCandidateCountTask,trace/tasks/puzzles/logic/tents_grid.py,docs/tasks/task_puzzles__tents__tents_valid_candidate_count.md,valid_candidate_count,integer,bbox_set,,valid_candidate_count
task_puzzles__toggle_grid__toggle_repair_switch_label,puzzles,toggle_grid,toggle_repair_switch_label,logic,puzzles,logic,trace.tasks.puzzles.logic.toggle_grid,PuzzlesLogicToggleRepairSwitchLabelTask,trace/tasks/puzzles/logic/toggle_grid.py,docs/tasks/task_puzzles__toggle_grid__toggle_repair_switch_label.md,toggle_repair_switch_label,option_letter,bbox_set,,toggle_repair_switch_label
task_puzzles__toggle_grid__toggle_result_label,puzzles,toggle_grid,toggle_result_label,logic,puzzles,logic,trace.tasks.puzzles.logic.toggle_grid,PuzzlesLogicToggleResultLabelTask,trace/tasks/puzzles/logic/toggle_grid.py,docs/tasks/task_puzzles__toggle_grid__toggle_result_label.md,toggle_result_label,option_letter,bbox_set,,toggle_result_label
task_puzzles__voxel_cube__cube_count,puzzles,voxel_cube,cube_count,spatial,puzzles,spatial,trace.tasks.puzzles.spatial.cube_structure_count,PuzzlesSpatialCubeCountTask,trace/tasks/puzzles/spatial/cube_structure_count.py,docs/tasks/task_puzzles__voxel_cube__cube_count.md,cube_count,integer,bbox_set,,cube_count
task_puzzles__voxel_cube__cube_painted_face_count,puzzles,voxel_cube,cube_painted_face_count,spatial,puzzles,spatial,trace.tasks.puzzles.spatial.cube_structure_count,PuzzlesSpatialCubePaintedFaceCountTask,trace/tasks/puzzles/spatial/cube_structure_count.py,docs/tasks/task_puzzles__voxel_cube__cube_painted_face_count.md,painted_face_count,integer,bbox_set,,painted_face_count
task_puzzles__voxel_cube__cube_projection_consistency_label,puzzles,voxel_cube,cube_projection_consistency_label,spatial,puzzles,spatial,trace.tasks.puzzles.spatial.cube_structure_count,PuzzlesSpatialCubeProjectionConsistencyLabelTask,trace/tasks/puzzles/spatial/cube_structure_count.py,docs/tasks/task_puzzles__voxel_cube__cube_projection_consistency_label.md,projection_consistency_label,string,bbox_set,,projection_consistency_label
task_puzzles__voxel_cube__cube_projection_match_label,puzzles,voxel_cube,cube_projection_match_label,spatial,puzzles,spatial,trace.tasks.puzzles.spatial.cube_structure_count,PuzzlesSpatialCubeProjectionMatchLabelTask,trace/tasks/puzzles/spatial/cube_structure_count.py,docs/tasks/task_puzzles__voxel_cube__cube_projection_match_label.md,projection_match_label,string,bbox_set,,projection_match_label
task_puzzles__voxel_cube__cube_structure_change_count,puzzles,voxel_cube,cube_structure_change_count,spatial,puzzles,spatial,trace.tasks.puzzles.spatial.cube_structure_count,PuzzlesSpatialCubeStructureChangeCountTask,trace/tasks/puzzles/spatial/cube_structure_count.py,docs/tasks/task_puzzles__voxel_cube__cube_structure_change_count.md,cube_structure_change_count,integer,bbox_set,,cube_structure_change_count
task_puzzles__voxel_cube__cube_visible_projection_count,puzzles,voxel_cube,cube_visible_projection_count,spatial,puzzles,spatial,trace.tasks.puzzles.spatial.cube_structure_count,PuzzlesSpatialCubeVisibleProjectionCountTask,trace/tasks/puzzles/spatial/cube_structure_count.py,docs/tasks/task_puzzles__voxel_cube__cube_visible_projection_count.md,visible_cube_count,integer,bbox_set,,visible_cube_count
task_puzzles__voxel_ladder__checkpoint_sequence_label,puzzles,voxel_ladder,checkpoint_sequence_label,topology,puzzles,topology,trace.tasks.puzzles.topology.voxel_ladder_maze,PuzzlesTopologyVoxelLadderCheckpointSequenceLabelTask,trace/tasks/puzzles/topology/voxel_ladder_maze.py,docs/tasks/task_puzzles__voxel_ladder__checkpoint_sequence_label.md,checkpoint_sequence_label,option_letter,bbox_set,,checkpoint_sequence_label
task_puzzles__voxel_ladder__reachable_checkpoint_count,puzzles,voxel_ladder,reachable_checkpoint_count,topology,puzzles,topology,trace.tasks.puzzles.topology.voxel_ladder_maze,PuzzlesTopologyVoxelLadderReachableCheckpointCountTask,trace/tasks/puzzles/topology/voxel_ladder_maze.py,docs/tasks/task_puzzles__voxel_ladder__reachable_checkpoint_count.md,reachable_checkpoint_count,,,,reachable_checkpoint_count
task_puzzles__voxel_ladder__unreachable_checkpoint_label,puzzles,voxel_ladder,unreachable_checkpoint_label,topology,puzzles,topology,trace.tasks.puzzles.topology.voxel_ladder_maze,PuzzlesTopologyVoxelLadderUnreachableCheckpointLabelTask,trace/tasks/puzzles/topology/voxel_ladder_maze.py,docs/tasks/task_puzzles__voxel_ladder__unreachable_checkpoint_label.md,unreachable_checkpoint_label,,,,unreachable_checkpoint_label
task_puzzles__word_search__search_letter_count_value,puzzles,word_search,search_letter_count_value,word,puzzles,word,trace.tasks.puzzles.word.search_grid,PuzzlesWordSearchLetterCountValueTask,trace/tasks/puzzles/word/search_grid.py,docs/tasks/task_puzzles__word_search__search_letter_count_value.md,letter_count_value,integer,bbox_set,,letter_count_value
task_puzzles__word_search__search_location_label,puzzles,word_search,search_location_label,word,puzzles,word,trace.tasks.puzzles.word.search_grid,PuzzlesWordSearchLocationLabelTask,trace/tasks/puzzles/word/search_grid.py,docs/tasks/task_puzzles__word_search__search_location_label.md,word_location_label,option_letter,bbox_set,,word_location_label
task_puzzles__word_search__search_present_word_count,puzzles,word_search,search_present_word_count,word,puzzles,word,trace.tasks.puzzles.word.search_grid,PuzzlesWordSearchPresentWordCountTask,trace/tasks/puzzles/word/search_grid.py,docs/tasks/task_puzzles__word_search__search_present_word_count.md,present_word_count,integer,bbox_set,,present_word_count
task_three_d__object_cluster__multi_attribute_and_count,three_d,object_cluster,multi_attribute_and_count,spatial,three_d,spatial,trace.tasks.three_d.spatial.object_cluster_attribute_count,ThreeDObjectClusterMultiAttributeAndCountTask,trace/tasks/three_d/spatial/object_cluster_attribute_count.py,docs/tasks/task_three_d__object_cluster__multi_attribute_and_count.md,multi_attribute_and_count,,,,multi_attribute_and_count
task_three_d__object_cluster__single_attribute_membership_count,three_d,object_cluster,single_attribute_membership_count,spatial,three_d,spatial,trace.tasks.three_d.spatial.object_cluster_instance_count,ThreeDObjectClusterSingleAttributeMembershipCountTask,trace/tasks/three_d/spatial/object_cluster_instance_count.py,docs/tasks/task_three_d__object_cluster__single_attribute_membership_count.md,single_attribute_membership_count,,,,single_attribute_membership_count
task_three_d__object_cluster__total_object_count,three_d,object_cluster,total_object_count,spatial,three_d,spatial,trace.tasks.three_d.spatial.object_cluster_total_count,ThreeDObjectClusterTotalObjectCountTask,trace/tasks/three_d/spatial/object_cluster_total_count.py,docs/tasks/task_three_d__object_cluster__total_object_count.md,total_object_count,,,,total_object_count
task_three_d__object_scene__between_references_label,three_d,object_scene,between_references_label,spatial,three_d,spatial,trace.tasks.three_d.spatial.between_references,ThreeDSpatialBetweenReferencesLabelTask,trace/tasks/three_d/spatial/between_references.py,docs/tasks/task_three_d__object_scene__between_references_label.md,between_references,option_letter,bbox_set|one,,between_references
task_three_d__object_scene__camera_depth_relation_count,three_d,object_scene,camera_depth_relation_count,spatial,three_d,spatial,trace.tasks.three_d.spatial.view_relation_count,ThreeDObjectSceneCameraDepthRelationCountTask,trace/tasks/three_d/spatial/view_relation_count.py,docs/tasks/task_three_d__object_scene__camera_depth_relation_count.md,camera_depth_relation_count,,,,camera_depth_relation_count
task_three_d__object_scene__camera_distance_extremum_label,three_d,object_scene,camera_distance_extremum_label,spatial,three_d,spatial,trace.tasks.three_d.spatial.camera_distance,ThreeDSpatialCameraDistanceExtremumLabelTask,trace/tasks/three_d/spatial/camera_distance.py,docs/tasks/task_three_d__object_scene__camera_distance_extremum_label.md,closest_to_camera|farthest_from_camera,option_letter,bbox_set|one,,closest_to_camera
task_three_d__object_scene__camera_distance_extremum_label,three_d,object_scene,camera_distance_extremum_label,spatial,three_d,spatial,trace.tasks.three_d.spatial.camera_distance,ThreeDSpatialCameraDistanceExtremumLabelTask,trace/tasks/three_d/spatial/camera_distance.py,docs/tasks/task_three_d__object_scene__camera_distance_extremum_label.md,closest_to_camera|farthest_from_camera,option_letter,bbox_set|one,,farthest_from_camera
task_three_d__object_scene__counterfactual_count,three_d,object_scene,counterfactual_count,spatial,three_d,spatial,trace.tasks.three_d.spatial.counterfactual_attribute_count,ThreeDObjectSceneCounterfactualCountTask,trace/tasks/three_d/spatial/counterfactual_attribute_count.py,docs/tasks/task_three_d__object_scene__counterfactual_count.md,counterfactual_count,,,,counterfactual_count
task_three_d__object_scene__height_extremum_label,three_d,object_scene,height_extremum_label,spatial,three_d,spatial,trace.tasks.three_d.spatial.height_extremum,ThreeDSpatialHeightExtremumLabelTask,trace/tasks/three_d/spatial/height_extremum.py,docs/tasks/task_three_d__object_scene__height_extremum_label.md,highest_above_floor|lowest_above_floor,option_letter,bbox_set|one,,highest_above_floor
task_three_d__object_scene__height_extremum_label,three_d,object_scene,height_extremum_label,spatial,three_d,spatial,trace.tasks.three_d.spatial.height_extremum,ThreeDSpatialHeightExtremumLabelTask,trace/tasks/three_d/spatial/height_extremum.py,docs/tasks/task_three_d__object_scene__height_extremum_label.md,highest_above_floor|lowest_above_floor,option_letter,bbox_set|one,,lowest_above_floor
task_three_d__object_scene__image_plane_lateral_relation_count,three_d,object_scene,image_plane_lateral_relation_count,spatial,three_d,spatial,trace.tasks.three_d.spatial.view_relation_count,ThreeDObjectSceneImagePlaneLateralRelationCountTask,trace/tasks/three_d/spatial/view_relation_count.py,docs/tasks/task_three_d__object_scene__image_plane_lateral_relation_count.md,image_plane_lateral_relation_count,,,,image_plane_lateral_relation_count
task_three_d__object_scene__landmark_correspondence_label,three_d,object_scene,landmark_correspondence_label,spatial,three_d,spatial,trace.tasks.three_d.spatial.landmark_correspondence,ThreeDSpatialLandmarkCorrespondenceLabelTask,trace/tasks/three_d/spatial/landmark_correspondence.py,docs/tasks/task_three_d__object_scene__landmark_correspondence_label.md,landmark_correspondence,option_letter,keyed_point_map|role,,landmark_correspondence
task_three_d__object_scene__marked_point_depth_extremum_label,three_d,object_scene,marked_point_depth_extremum_label,spatial,three_d,spatial,trace.tasks.three_d.spatial.marked_point_depth,ThreeDSpatialMarkedPointDepthExtremumLabelTask,trace/tasks/three_d/spatial/marked_point_depth.py,docs/tasks/task_three_d__object_scene__marked_point_depth_extremum_label.md,closest_marked_point|farthest_marked_point,option_letter,keyed_point_map|role,,closest_marked_point
task_three_d__object_scene__marked_point_depth_extremum_label,three_d,object_scene,marked_point_depth_extremum_label,spatial,three_d,spatial,trace.tasks.three_d.spatial.marked_point_depth,ThreeDSpatialMarkedPointDepthExtremumLabelTask,trace/tasks/three_d/spatial/marked_point_depth.py,docs/tasks/task_three_d__object_scene__marked_point_depth_extremum_label.md,closest_marked_point|farthest_marked_point,option_letter,keyed_point_map|role,,farthest_marked_point
task_three_d__object_scene__marked_point_vertical_relation_label,three_d,object_scene,marked_point_vertical_relation_label,spatial,three_d,spatial,trace.tasks.three_d.spatial.marked_point_vertical_relation,ThreeDSpatialMarkedPointVerticalRelationLabelTask,trace/tasks/three_d/spatial/marked_point_vertical_relation.py,docs/tasks/task_three_d__object_scene__marked_point_vertical_relation_label.md,directly_above_reference,option_letter,keyed_point_map|role,,directly_above_reference
task_three_d__object_scene__multi_attribute_and_count,three_d,object_scene,multi_attribute_and_count,spatial,three_d,spatial,trace.tasks.three_d.spatial.logical_predicate_count,ThreeDObjectSceneMultiAttributeAndCountTask,trace/tasks/three_d/spatial/logical_predicate_count.py,docs/tasks/task_three_d__object_scene__multi_attribute_and_count.md,multi_attribute_and_count,,,,multi_attribute_and_count
task_three_d__object_scene__multi_attribute_exclusion_count,three_d,object_scene,multi_attribute_exclusion_count,spatial,three_d,spatial,trace.tasks.three_d.spatial.logical_predicate_count,ThreeDObjectSceneMultiAttributeExclusionCountTask,trace/tasks/three_d/spatial/logical_predicate_count.py,docs/tasks/task_three_d__object_scene__multi_attribute_exclusion_count.md,multi_attribute_exclusion_count,,,,multi_attribute_exclusion_count
task_three_d__object_scene__multi_attribute_or_count,three_d,object_scene,multi_attribute_or_count,spatial,three_d,spatial,trace.tasks.three_d.spatial.logical_predicate_count,ThreeDObjectSceneMultiAttributeOrCountTask,trace/tasks/three_d/spatial/logical_predicate_count.py,docs/tasks/task_three_d__object_scene__multi_attribute_or_count.md,multi_attribute_or_count,,,,multi_attribute_or_count
task_three_d__object_scene__multi_attribute_xor_count,three_d,object_scene,multi_attribute_xor_count,spatial,three_d,spatial,trace.tasks.three_d.spatial.logical_predicate_count,ThreeDObjectSceneMultiAttributeXorCountTask,trace/tasks/three_d/spatial/logical_predicate_count.py,docs/tasks/task_three_d__object_scene__multi_attribute_xor_count.md,multi_attribute_xor_count,,,,multi_attribute_xor_count
task_three_d__object_scene__multiview_object_match_label,three_d,object_scene,multiview_object_match_label,spatial,three_d,spatial,trace.tasks.three_d.spatial.multiview_object_match,ThreeDSpatialMultiviewObjectMatchLabelTask,trace/tasks/three_d/spatial/multiview_object_match.py,docs/tasks/task_three_d__object_scene__multiview_object_match_label.md,same_object_in_second_view,option_letter,keyed_bbox_map|role,,same_object_in_second_view
task_three_d__object_scene__object_relation_label,three_d,object_scene,object_relation_label,spatial,three_d,spatial,trace.tasks.three_d.spatial.object_relation,ThreeDSpatialObjectRelationLabelTask,trace/tasks/three_d/spatial/object_relation.py,docs/tasks/task_three_d__object_scene__object_relation_label.md,inside_prop|on_top_of_prop|under_prop,option_letter,bbox_set|one,,inside_prop
task_three_d__object_scene__object_relation_label,three_d,object_scene,object_relation_label,spatial,three_d,spatial,trace.tasks.three_d.spatial.object_relation,ThreeDSpatialObjectRelationLabelTask,trace/tasks/three_d/spatial/object_relation.py,docs/tasks/task_three_d__object_scene__object_relation_label.md,inside_prop|on_top_of_prop|under_prop,option_letter,bbox_set|one,,on_top_of_prop
task_three_d__object_scene__object_relation_label,three_d,object_scene,object_relation_label,spatial,three_d,spatial,trace.tasks.three_d.spatial.object_relation,ThreeDSpatialObjectRelationLabelTask,trace/tasks/three_d/spatial/object_relation.py,docs/tasks/task_three_d__object_scene__object_relation_label.md,inside_prop|on_top_of_prop|under_prop,option_letter,bbox_set|one,,under_prop
task_three_d__object_scene__occlusion_order_label,three_d,object_scene,occlusion_order_label,spatial,three_d,spatial,trace.tasks.three_d.spatial.occlusion_order,ThreeDSpatialOcclusionOrderLabelTask,trace/tasks/three_d/spatial/occlusion_order.py,docs/tasks/task_three_d__object_scene__occlusion_order_label.md,in_front_of_reference,option_letter,bbox_set|one,,in_front_of_reference
task_three_d__object_scene__reference_nearest_label,three_d,object_scene,reference_nearest_label,spatial,three_d,spatial,trace.tasks.three_d.spatial.reference_nearest,ThreeDSpatialReferenceNearestLabelTask,trace/tasks/three_d/spatial/reference_nearest.py,docs/tasks/task_three_d__object_scene__reference_nearest_label.md,closest_to_reference,option_letter,bbox_set|one,,closest_to_reference
task_three_d__object_scene__relation_attribute_count,three_d,object_scene,relation_attribute_count,spatial,three_d,spatial,trace.tasks.three_d.spatial.spatial_relation_count,ThreeDObjectSceneRelationAttributeCountTask,trace/tasks/three_d/spatial/spatial_relation_count.py,docs/tasks/task_three_d__object_scene__relation_attribute_count.md,relation_attribute_count,,,,relation_attribute_count
task_three_d__object_scene__single_attribute_membership_count,three_d,object_scene,single_attribute_membership_count,spatial,three_d,spatial,trace.tasks.three_d.spatial.logical_predicate_count,ThreeDObjectSceneSingleAttributeMembershipCountTask,trace/tasks/three_d/spatial/logical_predicate_count.py,docs/tasks/task_three_d__object_scene__single_attribute_membership_count.md,single_attribute_membership_count,,,,single_attribute_membership_count
task_three_d__room__multi_attribute_and_count,three_d,room,multi_attribute_and_count,room,three_d,room,trace.tasks.three_d.room.wall_mounted_object_count,ThreeDRoomMultiAttributeAndCountTask,trace/tasks/three_d/room/wall_mounted_object_count.py,docs/tasks/task_three_d__room__multi_attribute_and_count.md,multi_attribute_and_count,,,,multi_attribute_and_count
task_three_d__room__wall_object_camera_distance_label,three_d,room,wall_object_camera_distance_label,room,three_d,room,trace.tasks.three_d.room.wall_object_camera_distance,ThreeDRoomWallObjectCameraDistanceLabelTask,trace/tasks/three_d/room/wall_object_camera_distance.py,docs/tasks/task_three_d__room__wall_object_camera_distance_label.md,closest_to_camera,option_letter,bbox_set|one,,closest_to_camera
task_three_d__room__wall_object_same_wall_reference_label,three_d,room,wall_object_same_wall_reference_label,room,three_d,room,trace.tasks.three_d.room.wall_object_same_wall_reference,ThreeDRoomWallObjectSameWallReferenceLabelTask,trace/tasks/three_d/room/wall_object_same_wall_reference.py,docs/tasks/task_three_d__room__wall_object_same_wall_reference_label.md,same_wall_as_reference,option_letter,bbox_set|one,,same_wall_as_reference
task_three_d__room__wall_object_side_relation_label,three_d,room,wall_object_side_relation_label,room,three_d,room,trace.tasks.three_d.room.wall_object_side_relation,ThreeDRoomWallObjectSideRelationLabelTask,trace/tasks/three_d/room/wall_object_side_relation.py,docs/tasks/task_three_d__room__wall_object_side_relation_label.md,left_of_reference_on_wall|right_of_reference_on_wall,option_letter,bbox_set|one,,left_of_reference_on_wall
task_three_d__room__wall_object_side_relation_label,three_d,room,wall_object_side_relation_label,room,three_d,room,trace.tasks.three_d.room.wall_object_side_relation,ThreeDRoomWallObjectSideRelationLabelTask,trace/tasks/three_d/room/wall_object_side_relation.py,docs/tasks/task_three_d__room__wall_object_side_relation_label.md,left_of_reference_on_wall|right_of_reference_on_wall,option_letter,bbox_set|one,,right_of_reference_on_wall
task_three_d__street__intersection_nearest_label,three_d,street,intersection_nearest_label,street,three_d,street,trace.tasks.three_d.street.intersection_nearest,ThreeDStreetIntersectionNearestLabelTask,trace/tasks/three_d/street/intersection_nearest.py,docs/tasks/task_three_d__street__intersection_nearest_label.md,closest_to_intersection,option_letter,bbox_set|one,,closest_to_intersection
task_three_d__street__lane_ahead_object_label,three_d,street,lane_ahead_object_label,street,three_d,street,trace.tasks.three_d.street.lane_ahead_object,ThreeDStreetLaneAheadObjectLabelTask,trace/tasks/three_d/street/lane_ahead_object.py,docs/tasks/task_three_d__street__lane_ahead_object_label.md,ahead_along_lane,option_letter,bbox_set|one,,ahead_along_lane
task_three_d__street__same_road_arm_reference_label,three_d,street,same_road_arm_reference_label,street,three_d,street,trace.tasks.three_d.street.same_road_arm_reference,ThreeDStreetSameRoadArmReferenceLabelTask,trace/tasks/three_d/street/same_road_arm_reference.py,docs/tasks/task_three_d__street__same_road_arm_reference_label.md,same_road_arm_as_reference,option_letter,bbox_set|one,,same_road_arm_as_reference
task_three_d__surface_fixture__repeated_element_count,three_d,surface_fixture,repeated_element_count,spatial,three_d,spatial,trace.tasks.three_d.spatial.surface_fixture_count,ThreeDSurfaceFixtureRepeatedElementCountTask,trace/tasks/three_d/spatial/surface_fixture_count.py,docs/tasks/task_three_d__surface_fixture__repeated_element_count.md,repeated_element_count,,,,repeated_element_count
task_three_d__warehouse__nearest_candidate_to_reference_label,three_d,warehouse,nearest_candidate_to_reference_label,warehouse,three_d,warehouse,trace.tasks.three_d.warehouse.robot_nearest_object,ThreeDWarehouseNearestCandidateToReferenceLabelTask,trace/tasks/three_d/warehouse/robot_nearest_object.py,docs/tasks/task_three_d__warehouse__nearest_candidate_to_reference_label.md,nearest_candidate_to_reference_label,,,,nearest_candidate_to_reference_label
task_three_d__warehouse__robot_forward_path_label,three_d,warehouse,robot_forward_path_label,warehouse,three_d,warehouse,trace.tasks.three_d.warehouse.robot_forward_path,ThreeDWarehouseRobotForwardPathLabelTask,trace/tasks/three_d/warehouse/robot_forward_path.py,docs/tasks/task_three_d__warehouse__robot_forward_path_label.md,first_object_ahead,option_letter,bbox_set|one,,first_object_ahead
task_three_d__warehouse__scoped_attribute_count,three_d,warehouse,scoped_attribute_count,warehouse,three_d,warehouse,trace.tasks.three_d.warehouse.shelf_level_object_count,ThreeDWarehouseScopedAttributeCountTask,trace/tasks/three_d/warehouse/shelf_level_object_count.py,docs/tasks/task_three_d__warehouse__scoped_attribute_count.md,scoped_attribute_count,,,,scoped_attribute_count
