domain,scene_id,current_task_id,current_task_slug,query_id,proposed_task_slug,proposed_task_id,boundary_source,answer_types,annotation_types,generation_failures,trace_filter_path,trace_filter_value,taxonomy_branch_key
charts,annotated_series,task_charts__annotated_series__callout_endpoint_change_value,callout_endpoint_change_value,callout_endpoint_change_value,callout_endpoint_change_value,task_charts__annotated_series__callout_endpoint_change_value,manual_boundary_seed,integer,keyed_point_map,,,,
charts,area,task_charts__area__interval_aggregate_value,interval_aggregate_value,interval_area_value,interval_area_value,task_charts__area__interval_area_value,manual_boundary_seed,integer,point_set,,,,
charts,area,task_charts__area__interval_aggregate_value,interval_aggregate_value,stacked_band_interval_sum_value,stacked_band_interval_sum_value,task_charts__area__stacked_band_interval_sum_value,manual_boundary_seed,integer,point_set,,,,
charts,area,task_charts__area__stacked_band_dominance_label,stacked_band_dominance_label,stacked_dominance_label,stacked_band_dominance_label,task_charts__area__stacked_band_dominance_label,manual_boundary_seed,string,point_set,,,,
charts,bar_3d,task_charts__bar_3d__axis_gap_value,axis_gap_value,category_extremum_gap_value,category_extremum_gap_value,task_charts__bar_3d__category_extremum_gap_value,manual_boundary_seed,integer,point_set,,,,
charts,bar_3d,task_charts__bar_3d__axis_gap_value,axis_gap_value,category_total_gap_value,category_total_gap_value,task_charts__bar_3d__category_total_gap_value,manual_boundary_seed,integer,point_set,,,,
charts,bar_3d,task_charts__bar_3d__axis_gap_value,axis_gap_value,series_total_gap_value,series_total_gap_value,task_charts__bar_3d__series_total_gap_value,manual_boundary_seed,integer,point_set,,,,
charts,bar_3d,task_charts__bar_3d__axis_total_value,axis_total_value,category_total_value,category_total_value,task_charts__bar_3d__category_total_value,manual_boundary_seed,integer,point_set,,,,
charts,bar_3d,task_charts__bar_3d__axis_total_value,axis_total_value,series_interval_total_value,series_interval_total_value,task_charts__bar_3d__series_interval_total_value,manual_boundary_seed,integer,point_set,,,,
charts,bar_3d,task_charts__bar_3d__axis_total_value,axis_total_value,series_total_value,series_total_value,task_charts__bar_3d__series_total_value,manual_boundary_seed,integer,point_set,,,,
charts,bar_3d,task_charts__bar_3d__pairwise_comparison_count,pairwise_comparison_count,series_comparison_count,pairwise_comparison_count,task_charts__bar_3d__pairwise_comparison_count,manual_boundary_seed,integer,point_set,,,,
charts,bar_3d,task_charts__bar_3d__threshold_count,threshold_count,category_threshold_count,category_threshold_count,task_charts__bar_3d__category_threshold_count,manual_boundary_seed,integer,point_set,,,,
charts,bar_3d,task_charts__bar_3d__threshold_count,threshold_count,series_threshold_count,series_threshold_count,task_charts__bar_3d__series_threshold_count,manual_boundary_seed,integer,point_set,,,,
charts,boxplot,task_charts__boxplot__median_rank_difference_value,median_rank_difference_value,median_top_bottom_difference_value,median_rank_difference_value,task_charts__boxplot__median_rank_difference_value,manual_boundary_seed,integer,keyed_point_map,,,,
charts,boxplot,task_charts__boxplot__median_rank_difference_value,median_rank_difference_value,median_top_second_difference_value,median_rank_difference_value,task_charts__boxplot__median_rank_difference_value,manual_boundary_seed,integer,keyed_point_map,,,,
charts,boxplot,task_charts__boxplot__median_rank_difference_value,median_rank_difference_value,median_top_third_difference_value,median_rank_difference_value,task_charts__boxplot__median_rank_difference_value,manual_boundary_seed,integer,keyed_point_map,,,,
charts,boxplot,task_charts__boxplot__paired_median_shift_label,paired_median_shift_label,paired_median_greatest_absolute_change_label,paired_median_shift_label,task_charts__boxplot__paired_median_shift_label,manual_boundary_seed,string,keyed_point_map,,,,
charts,boxplot,task_charts__boxplot__paired_median_shift_label,paired_median_shift_label,paired_median_greatest_decrease_label,paired_median_shift_label,task_charts__boxplot__paired_median_shift_label,manual_boundary_seed,string,keyed_point_map,,,,
charts,boxplot,task_charts__boxplot__paired_median_shift_label,paired_median_shift_label,paired_median_greatest_increase_label,paired_median_shift_label,task_charts__boxplot__paired_median_shift_label,manual_boundary_seed,string,keyed_point_map,,,,
charts,boxplot,task_charts__boxplot__summary_statistic_label,summary_statistic_label,iqr_extremum_label,iqr_extremum_label,task_charts__boxplot__iqr_extremum_label,manual_boundary_seed,string,keyed_point_map|point_set,,,,
charts,boxplot,task_charts__boxplot__summary_statistic_label,summary_statistic_label,median_reference_label,median_reference_label,task_charts__boxplot__median_reference_label,manual_boundary_seed,string,keyed_point_map|point_set,,,,
charts,candlestick,task_charts__candlestick__counterfactual_close_value,counterfactual_close_value,close_after_body_change_value,counterfactual_close_value,task_charts__candlestick__counterfactual_close_value,manual_boundary_seed,integer,bbox_set,,,,
charts,candlestick,task_charts__candlestick__range_extremum_label,range_extremum_label,body_range_extremum_label,range_extremum_label,task_charts__candlestick__range_extremum_label,manual_boundary_seed,string,bbox_set|point_set,,,,
charts,candlestick,task_charts__candlestick__range_extremum_label,range_extremum_label,wick_range_extremum_label,range_extremum_label,task_charts__candlestick__range_extremum_label,manual_boundary_seed,string,bbox_set|point_set,,,,
charts,combo_mark,task_charts__combo_mark__conditioned_extremum_label,conditioned_extremum_label,max_line_where_primary_above_threshold,conditioned_line_extremum_label,task_charts__combo_mark__conditioned_line_extremum_label,manual_boundary_seed,string,keyed_point_map,,,,
charts,combo_mark,task_charts__combo_mark__conditioned_extremum_label,conditioned_extremum_label,max_primary_where_line_below_threshold,conditioned_primary_extremum_label,task_charts__combo_mark__conditioned_primary_extremum_label,manual_boundary_seed,string,keyed_point_map,,,,
charts,combo_mark,task_charts__combo_mark__conditioned_extremum_label,conditioned_extremum_label,min_line_where_primary_above_threshold,conditioned_line_extremum_label,task_charts__combo_mark__conditioned_line_extremum_label,manual_boundary_seed,string,keyed_point_map,,,,
charts,combo_mark,task_charts__combo_mark__conditioned_extremum_label,conditioned_extremum_label,min_primary_where_line_below_threshold,conditioned_primary_extremum_label,task_charts__combo_mark__conditioned_primary_extremum_label,manual_boundary_seed,string,keyed_point_map,,,,
charts,combo_mark,task_charts__combo_mark__cross_mark_difference_value,cross_mark_difference_value,line_minus_primary_at_label,cross_mark_difference_value,task_charts__combo_mark__cross_mark_difference_value,manual_boundary_seed,integer,keyed_point_map,,,,
charts,combo_mark,task_charts__combo_mark__cross_mark_difference_value,cross_mark_difference_value,primary_minus_line_at_label,cross_mark_difference_value,task_charts__combo_mark__cross_mark_difference_value,manual_boundary_seed,integer,keyed_point_map,,,,
charts,combo_mark,task_charts__combo_mark__dual_condition_count,dual_condition_count,line_between_and_primary_above,interval_threshold_condition_count,task_charts__combo_mark__interval_threshold_condition_count,manual_boundary_seed,integer,keyed_point_map,,,,
charts,combo_mark,task_charts__combo_mark__dual_condition_count,dual_condition_count,primary_above_and_line_above,dual_threshold_condition_count,task_charts__combo_mark__dual_threshold_condition_count,manual_boundary_seed,integer,keyed_point_map,,,,
charts,combo_mark,task_charts__combo_mark__dual_condition_count,dual_condition_count,primary_above_and_line_below,dual_threshold_condition_count,task_charts__combo_mark__dual_threshold_condition_count,manual_boundary_seed,integer,keyed_point_map,,,,
charts,combo_mark,task_charts__combo_mark__dual_condition_count,dual_condition_count,primary_below_and_line_above,dual_threshold_condition_count,task_charts__combo_mark__dual_threshold_condition_count,manual_boundary_seed,integer,keyed_point_map,,,,
charts,combo_mark,task_charts__combo_mark__dual_condition_count,dual_condition_count,primary_between_and_line_above,interval_threshold_condition_count,task_charts__combo_mark__interval_threshold_condition_count,manual_boundary_seed,integer,keyed_point_map,,,,
charts,combo_mark,task_charts__combo_mark__gap_extremum_label,gap_extremum_label,largest_absolute_gap_label,absolute_gap_extremum_label,task_charts__combo_mark__absolute_gap_extremum_label,manual_boundary_seed,string,keyed_point_map,,,,
charts,combo_mark,task_charts__combo_mark__gap_extremum_label,gap_extremum_label,largest_line_over_primary_gap_label,directional_gap_extremum_label,task_charts__combo_mark__directional_gap_extremum_label,manual_boundary_seed,string,keyed_point_map,,,,
charts,combo_mark,task_charts__combo_mark__gap_extremum_label,gap_extremum_label,largest_primary_over_line_gap_label,directional_gap_extremum_label,task_charts__combo_mark__directional_gap_extremum_label,manual_boundary_seed,string,keyed_point_map,,,,
charts,combo_mark,task_charts__combo_mark__gap_extremum_label,gap_extremum_label,smallest_nonzero_absolute_gap_label,absolute_gap_extremum_label,task_charts__combo_mark__absolute_gap_extremum_label,manual_boundary_seed,string,keyed_point_map,,,,
charts,curve_panels,task_charts__curve_panels__cross_panel_delta_extremum_label,cross_panel_delta_extremum_label,cross_panel_delta_extremum_label,cross_panel_delta_extremum_label,task_charts__curve_panels__cross_panel_delta_extremum_label,manual_boundary_seed,string,point_set,,,,
charts,curve_panels,task_charts__curve_panels__curve_at_x_extremum_label,curve_at_x_extremum_label,curve_at_x_extremum_label,curve_at_x_extremum_label,task_charts__curve_panels__curve_at_x_extremum_label,manual_boundary_seed,string,point_set,,,,
charts,curve_panels,task_charts__curve_panels__curve_intersection_count,curve_intersection_count,curve_intersection_count,curve_intersection_count,task_charts__curve_panels__curve_intersection_count,manual_boundary_seed,integer,point_set,,,,
charts,curve_panels,task_charts__curve_panels__earliest_maximum_panel_label,earliest_maximum_panel_label,earliest_maximum_panel_label,earliest_maximum_panel_label,task_charts__curve_panels__earliest_maximum_panel_label,manual_boundary_seed,string,point_set,,,,
charts,curve_panels,task_charts__curve_panels__threshold_series_count,threshold_series_count,threshold_series_count,threshold_series_count,task_charts__curve_panels__threshold_series_count,manual_boundary_seed,integer,point_set,,,,
charts,dashboard,task_charts__dashboard__category_panel_condition_count,category_panel_condition_count,category_panel_condition_count,category_panel_condition_count,task_charts__dashboard__category_panel_condition_count,manual_boundary_seed,integer,point_set,,,,
charts,dashboard,task_charts__dashboard__dual_condition_count,dual_condition_count,dual_condition_count,dual_condition_count,task_charts__dashboard__dual_condition_count,manual_boundary_seed,integer,point_set,,,,
charts,dashboard,task_charts__dashboard__dual_source_target_sum_value,dual_source_target_sum_value,dual_source_target_sum_value,dual_source_target_sum_value,task_charts__dashboard__dual_source_target_sum_value,manual_boundary_seed,integer,keyed_point_map,,,,
charts,dashboard,task_charts__dashboard__panel_gap_extremum_category_label,panel_gap_extremum_category_label,panel_gap_extremum_category_label,panel_gap_extremum_category_label,task_charts__dashboard__panel_gap_extremum_category_label,manual_boundary_seed,string,keyed_point_map,,,,
charts,dashboard,task_charts__dashboard__source_rank_metric_value,source_rank_metric_value,source_rank_difference_value,source_rank_difference_value,task_charts__dashboard__source_rank_difference_value,manual_boundary_seed,integer,keyed_point_map,,,,
charts,dashboard,task_charts__dashboard__source_rank_metric_value,source_rank_metric_value,source_rank_target_value,source_rank_target_value,task_charts__dashboard__source_rank_target_value,manual_boundary_seed,integer,keyed_point_map,,,,
charts,dashboard,task_charts__dashboard__top_k_overlap_count,top_k_overlap_count,top_k_overlap_count,top_k_overlap_count,task_charts__dashboard__top_k_overlap_count,manual_boundary_seed,integer,point_set,,,,
charts,dumbbell,task_charts__dumbbell__gap_rank_row_label,gap_rank_row_label,gap_rank_row_label,gap_rank_row_label,task_charts__dumbbell__gap_rank_row_label,manual_boundary_seed,string,bbox_set,,,,
charts,dumbbell,task_charts__dumbbell__pair_relation_count,pair_relation_count,absolute_gap_threshold_count,absolute_gap_threshold_count,task_charts__dumbbell__absolute_gap_threshold_count,manual_boundary_seed,integer,bbox_set,,,,
charts,dumbbell,task_charts__dumbbell__pair_relation_count,pair_relation_count,side_winner_count,side_winner_count,task_charts__dumbbell__side_winner_count,manual_boundary_seed,integer,bbox_set,,,,
charts,error_interval,task_charts__error_interval__interval_width_rank_label,interval_width_rank_label,narrowest_interval_label,interval_width_rank_label,task_charts__error_interval__interval_width_rank_label,manual_boundary_seed,string,bbox_set,,,,
charts,error_interval,task_charts__error_interval__interval_width_rank_label,interval_width_rank_label,second_narrowest_interval_label,interval_width_rank_label,task_charts__error_interval__interval_width_rank_label,manual_boundary_seed,string,bbox_set,,,,
charts,error_interval,task_charts__error_interval__interval_width_rank_label,interval_width_rank_label,second_widest_interval_label,interval_width_rank_label,task_charts__error_interval__interval_width_rank_label,manual_boundary_seed,string,bbox_set,,,,
charts,error_interval,task_charts__error_interval__interval_width_rank_label,interval_width_rank_label,widest_interval_label,interval_width_rank_label,task_charts__error_interval__interval_width_rank_label,manual_boundary_seed,string,bbox_set,,,,
charts,error_interval,task_charts__error_interval__reference_relation_count,reference_relation_count,contains_reference_count,reference_containment_count,task_charts__error_interval__reference_containment_count,manual_boundary_seed,integer,bbox_set,,,,
charts,error_interval,task_charts__error_interval__reference_relation_count,reference_relation_count,entirely_above_reference_count,reference_exclusion_side_count,task_charts__error_interval__reference_exclusion_side_count,manual_boundary_seed,integer,bbox_set,,,,
charts,error_interval,task_charts__error_interval__reference_relation_count,reference_relation_count,entirely_below_reference_count,reference_exclusion_side_count,task_charts__error_interval__reference_exclusion_side_count,manual_boundary_seed,integer,bbox_set,,,,
charts,heatmap,task_charts__heatmap__axis_cell_extremum_label,axis_cell_extremum_label,axis_cell_extremum_label,axis_cell_extremum_label,task_charts__heatmap__axis_cell_extremum_label,manual_boundary_seed,string,bbox_set,,,,
charts,heatmap,task_charts__heatmap__axis_condition_extremum_label,axis_condition_extremum_label,axis_condition_extremum_label,axis_condition_extremum_label,task_charts__heatmap__axis_condition_extremum_label,manual_boundary_seed,string,bbox_set,,,,
charts,heatmap,task_charts__heatmap__condition_run_extremum_label,condition_run_extremum_label,condition_run_extremum_label,condition_run_extremum_label,task_charts__heatmap__condition_run_extremum_label,manual_boundary_seed,string,bbox_set,,,,
charts,histogram,task_charts__histogram__cumulative_rank_bin_label,cumulative_rank_bin_label,rank_item_bin_label,cumulative_rank_bin_label,task_charts__histogram__cumulative_rank_bin_label,manual_boundary_seed,integer,bbox_set,,,,
charts,histogram,task_charts__histogram__interval_value,interval_value,bin_count_between_values,bin_count_between_values,task_charts__histogram__bin_count_between_values,manual_boundary_seed,integer,bbox_set,,,,
charts,histogram,task_charts__histogram__interval_value,interval_value,interval_mass,interval_mass,task_charts__histogram__interval_mass,manual_boundary_seed,integer,bbox_set,,,,
charts,marker_map,task_charts__marker_map__marker_region_extremum_label,marker_region_extremum_label,marker_region_extremum_label,marker_region_extremum_label,task_charts__marker_map__marker_region_extremum_label,manual_boundary_seed,string,bbox_set,,,,
charts,marker_map,task_charts__marker_map__marker_region_threshold_count,marker_region_threshold_count,marker_region_threshold_count,marker_region_threshold_count,task_charts__marker_map__marker_region_threshold_count,manual_boundary_seed,integer,bbox_set,,,,
charts,matrix,task_charts__matrix__axis_extremum_label,axis_extremum_label,axis_extremum_label,axis_extremum_label,task_charts__matrix__axis_extremum_label,manual_boundary_seed,string,bbox_set,,,,
charts,matrix,task_charts__matrix__threshold_cell_count,threshold_cell_count,threshold_cell_count,threshold_cell_count,task_charts__matrix__threshold_cell_count,manual_boundary_seed,integer,bbox_set,,,,
charts,multiseries,task_charts__multiseries__category_total_extremum_label,category_total_extremum_label,category_total_extremum_label,category_total_extremum_label,task_charts__multiseries__category_total_extremum_label,manual_boundary_seed,option_letter,keyed_point_map,,,,
charts,multiseries,task_charts__multiseries__ranked_metric_extremum_label,ranked_metric_extremum_label,ranked_change_extremum,ranked_change_extremum_label,task_charts__multiseries__ranked_change_extremum_label,manual_boundary_seed,option_letter,keyed_point_map,,,,ranked_change
charts,multiseries,task_charts__multiseries__ranked_metric_extremum_label,ranked_metric_extremum_label,ranked_ratio_extremum,ranked_pair_ratio_extremum_label,task_charts__multiseries__ranked_pair_ratio_extremum_label,manual_boundary_seed,option_letter,keyed_point_map,,trace_payload.execution_trace.ratio_measure,pair_ratio,pair_ratio
charts,multiseries,task_charts__multiseries__ranked_metric_extremum_label,ranked_metric_extremum_label,ranked_ratio_extremum,ranked_series_share_extremum_label,task_charts__multiseries__ranked_series_share_extremum_label,manual_boundary_seed,option_letter,keyed_point_map,,trace_payload.execution_trace.ratio_measure,series_share,series_share
charts,multiseries,task_charts__multiseries__series_comparison_count,series_comparison_count,series_comparison_count,series_comparison_count,task_charts__multiseries__series_comparison_count,manual_boundary_seed,integer,keyed_point_map,,,,
charts,parallel_coords,task_charts__parallel_coords__axis_condition_count,axis_condition_count,above_on_both_axes,axis_condition_count,task_charts__parallel_coords__axis_condition_count,manual_boundary_seed,integer,keyed_point_map,,,,
charts,parallel_coords,task_charts__parallel_coords__axis_condition_count,axis_condition_count,above_on_one_below_on_other,axis_condition_count,task_charts__parallel_coords__axis_condition_count,manual_boundary_seed,integer,keyed_point_map,,,,
charts,parallel_coords,task_charts__parallel_coords__axis_condition_count,axis_condition_count,below_on_both_axes,axis_condition_count,task_charts__parallel_coords__axis_condition_count,manual_boundary_seed,integer,keyed_point_map,,,,
charts,parallel_coords,task_charts__parallel_coords__axis_delta_extremum_label,axis_delta_extremum_label,largest_absolute_change_between_axes,axis_delta_extremum_label,task_charts__parallel_coords__axis_delta_extremum_label,manual_boundary_seed,string,keyed_point_map,,,,
charts,parallel_coords,task_charts__parallel_coords__axis_delta_extremum_label,axis_delta_extremum_label,largest_decrease_between_axes,axis_delta_extremum_label,task_charts__parallel_coords__axis_delta_extremum_label,manual_boundary_seed,string,keyed_point_map,,,,
charts,parallel_coords,task_charts__parallel_coords__axis_delta_extremum_label,axis_delta_extremum_label,largest_increase_between_axes,axis_delta_extremum_label,task_charts__parallel_coords__axis_delta_extremum_label,manual_boundary_seed,string,keyed_point_map,,,,
charts,parallel_coords,task_charts__parallel_coords__crossing_count,crossing_count,all_crossings_between_adjacent_axes,all_crossings_between_adjacent_axes,task_charts__parallel_coords__all_crossings_between_adjacent_axes,manual_boundary_seed,integer,point_set,,,,
charts,parallel_coords,task_charts__parallel_coords__crossing_count,crossing_count,crossings_involving_profile_between_axes,crossings_involving_profile_between_axes,task_charts__parallel_coords__crossings_involving_profile_between_axes,manual_boundary_seed,integer,point_set,,,,
charts,part_whole,task_charts__part_whole__adjacent_transfer_gap_value,adjacent_transfer_gap_value,chart_order_adjacent_transfer_gap,adjacent_transfer_gap_value,task_charts__part_whole__adjacent_transfer_gap_value,manual_boundary_seed,integer,keyed_point_map,,,,
charts,part_whole,task_charts__part_whole__ordered_segment_value,ordered_segment_value,chart_order_share_to_count,chart_order_share_to_count,task_charts__part_whole__chart_order_share_to_count,manual_boundary_seed,integer,keyed_point_map,,,,
charts,part_whole,task_charts__part_whole__ordered_segment_value,ordered_segment_value,contiguous_chart_order_sum,contiguous_chart_order_sum,task_charts__part_whole__contiguous_chart_order_sum,manual_boundary_seed,integer,keyed_point_map,,,,
charts,part_whole,task_charts__part_whole__ordered_segment_value,ordered_segment_value,positional_segment_share_sum,positional_segment_share_sum,task_charts__part_whole__positional_segment_share_sum,manual_boundary_seed,integer,keyed_point_map,,,,
charts,part_whole,task_charts__part_whole__ordered_segment_value,ordered_segment_value,sector_share_to_angle,sector_share_to_angle,task_charts__part_whole__sector_share_to_angle,manual_boundary_seed,integer,keyed_point_map,,,,
charts,pictogram,task_charts__pictogram__group_arithmetic_value,group_arithmetic_value,category_total_value,category_total_value,task_charts__pictogram__category_total_value,manual_boundary_seed,integer,keyed_bbox_map,,,,
charts,pictogram,task_charts__pictogram__group_arithmetic_value,group_arithmetic_value,group_difference_value,group_difference_value,task_charts__pictogram__group_difference_value,manual_boundary_seed,integer,keyed_bbox_map,,,,
charts,pictogram,task_charts__pictogram__threshold_count,threshold_count,threshold_count,threshold_count,task_charts__pictogram__threshold_count,manual_boundary_seed,integer,bbox_set,,,,
charts,radar,task_charts__radar__profile_advantage_count,profile_advantage_count,profile_advantage_count,profile_advantage_count,task_charts__radar__profile_advantage_count,manual_boundary_seed,integer,point_pair_set,,,,
charts,radar,task_charts__radar__threshold_metric_count_for_panel,threshold_metric_count_for_panel,threshold_metric_count_for_panel,threshold_metric_count_for_panel,task_charts__radar__threshold_metric_count_for_panel,manual_boundary_seed,integer,point_set,,,,
charts,radar,task_charts__radar__threshold_panel_count,threshold_panel_count,highlighted_metric_threshold_panel_count,highlighted_metric_threshold_panel_count,task_charts__radar__highlighted_metric_threshold_panel_count,manual_boundary_seed,integer,bbox_set,,,,
charts,radar,task_charts__radar__threshold_panel_count,threshold_panel_count,matching_condition_panel_count,matching_condition_panel_count,task_charts__radar__matching_condition_panel_count,manual_boundary_seed,integer,bbox_set,,,,
charts,radial_progress,task_charts__radial_progress__condition_count,condition_count,at_least_threshold_count,progress_threshold_count,task_charts__radial_progress__progress_threshold_count,manual_boundary_seed,integer,bbox_set,,,,
charts,radial_progress,task_charts__radial_progress__condition_count,condition_count,below_threshold_count,progress_threshold_count,task_charts__radial_progress__progress_threshold_count,manual_boundary_seed,integer,bbox_set,,,,
charts,radial_progress,task_charts__radial_progress__condition_count,condition_count,remaining_at_least_threshold_count,remaining_threshold_count,task_charts__radial_progress__remaining_threshold_count,manual_boundary_seed,integer,bbox_set,,,,
charts,radial_progress,task_charts__radial_progress__condition_count,condition_count,within_range_count,progress_interval_count,task_charts__radial_progress__progress_interval_count,manual_boundary_seed,integer,bbox_set,,,,
charts,radial_progress,task_charts__radial_progress__extremum_remaining_label,extremum_remaining_label,highest_remaining_label,extremum_remaining_label,task_charts__radial_progress__extremum_remaining_label,manual_boundary_seed,string,bbox_set,,,,
charts,radial_progress,task_charts__radial_progress__extremum_remaining_label,extremum_remaining_label,lowest_remaining_label,extremum_remaining_label,task_charts__radial_progress__extremum_remaining_label,manual_boundary_seed,string,bbox_set,,,,
charts,radial_sankey,task_charts__radial_sankey__dominant_endpoint_label,dominant_endpoint_label,largest_source_for_target,dominant_endpoint_label,task_charts__radial_sankey__dominant_endpoint_label,manual_boundary_seed,string,bbox_set,,,,
charts,radial_sankey,task_charts__radial_sankey__dominant_endpoint_label,dominant_endpoint_label,largest_target_for_source,dominant_endpoint_label,task_charts__radial_sankey__dominant_endpoint_label,manual_boundary_seed,string,bbox_set,,,,
charts,radial_sankey,task_charts__radial_sankey__transfer_total_value,transfer_total_value,source_to_targets_total,transfer_total_value,task_charts__radial_sankey__transfer_total_value,manual_boundary_seed,integer,bbox_set,,,,
charts,radial_sankey,task_charts__radial_sankey__transfer_total_value,transfer_total_value,sources_to_target_total,transfer_total_value,task_charts__radial_sankey__transfer_total_value,manual_boundary_seed,integer,bbox_set,,,,
charts,region_map,task_charts__region_map__adjacent_condition_count,adjacent_condition_count,adjacent_category_count,adjacent_category_count,task_charts__region_map__adjacent_category_count,manual_boundary_seed,integer,bbox_set,,,,
charts,region_map,task_charts__region_map__adjacent_condition_count,adjacent_condition_count,adjacent_numeric_threshold_count,adjacent_numeric_threshold_count,task_charts__region_map__adjacent_numeric_threshold_count,manual_boundary_seed,integer,bbox_set,,,,
charts,region_map,task_charts__region_map__adjacent_condition_count,adjacent_condition_count,adjacent_same_category_count,adjacent_same_category_count,task_charts__region_map__adjacent_same_category_count,manual_boundary_seed,integer,bbox_set,,,,
charts,region_map,task_charts__region_map__continent_filtered_count,continent_filtered_count,continent_category_region_count,continent_category_region_count,task_charts__region_map__continent_category_region_count,manual_boundary_seed,integer,bbox_set,,,,
charts,region_map,task_charts__region_map__continent_filtered_count,continent_filtered_count,continent_region_count,continent_region_count,task_charts__region_map__continent_region_count,manual_boundary_seed,integer,bbox_set,,,,
charts,region_map,task_charts__region_map__continent_filtered_count,continent_filtered_count,continent_threshold_region_count,continent_threshold_region_count,task_charts__region_map__continent_threshold_region_count,manual_boundary_seed,integer,bbox_set,,,,
charts,region_map,task_charts__region_map__group_filtered_region_value,group_filtered_region_value,group_filtered_region_value,group_filtered_region_value,task_charts__region_map__group_filtered_region_value,manual_boundary_seed,integer,bbox_set,,,,
charts,region_map,task_charts__region_map__legend_predicate_region_count,legend_predicate_region_count,categorical_region_count,categorical_region_count,task_charts__region_map__categorical_region_count,manual_boundary_seed,integer,bbox_set,,,,
charts,region_map,task_charts__region_map__legend_predicate_region_count,legend_predicate_region_count,numeric_interval_region_count,numeric_interval_region_count,task_charts__region_map__numeric_interval_region_count,manual_boundary_seed,integer,bbox_set,,,,
charts,region_map,task_charts__region_map__legend_predicate_region_count,legend_predicate_region_count,numeric_threshold_region_count,numeric_threshold_region_count,task_charts__region_map__numeric_threshold_region_count,manual_boundary_seed,integer,bbox_set,,,,
charts,region_map,task_charts__region_map__named_region_set_total_value,named_region_set_total_value,named_region_set_total_value,named_region_set_total_value,task_charts__region_map__named_region_set_total_value,manual_boundary_seed,integer,bbox_set,,,,
charts,sankey,task_charts__sankey__node_side_total_value,node_side_total_value,source_outgoing_total_flow,node_side_total_value,task_charts__sankey__node_side_total_value,manual_boundary_seed,integer,bbox_set,,,,
charts,sankey,task_charts__sankey__node_side_total_value,node_side_total_value,target_incoming_total_flow,node_side_total_value,task_charts__sankey__node_side_total_value,manual_boundary_seed,integer,bbox_set,,,,
charts,sankey,task_charts__sankey__path_value,path_value,path_bottleneck_value,path_bottleneck_value,task_charts__sankey__path_bottleneck_value,manual_boundary_seed,integer,bbox_set,,,,
charts,sankey,task_charts__sankey__path_value,path_value,path_flow_difference,path_flow_difference,task_charts__sankey__path_flow_difference,manual_boundary_seed,integer,bbox_set,,,,
charts,sankey,task_charts__sankey__path_value,path_value,source_to_target_total_flow,source_to_target_total_flow,task_charts__sankey__source_to_target_total_flow,manual_boundary_seed,integer,bbox_set,,,,
charts,scatter_cluster,task_charts__scatter_cluster__cluster_feature_extremum_label,cluster_feature_extremum_label,cluster_separation_extremum_label,cluster_separation_extremum_label,task_charts__scatter_cluster__cluster_separation_extremum_label,manual_boundary_seed,string,keyed_bbox_map,,,,
charts,scatter_cluster,task_charts__scatter_cluster__cluster_feature_extremum_label,cluster_feature_extremum_label,cluster_spread_extremum_label,cluster_spread_extremum_label,task_charts__scatter_cluster__cluster_spread_extremum_label,manual_boundary_seed,string,keyed_bbox_map,,,,
charts,scatter_cluster,task_charts__scatter_cluster__cluster_trend_direction_label,cluster_trend_direction_label,cluster_trend_direction_label,cluster_trend_direction_label,task_charts__scatter_cluster__cluster_trend_direction_label,manual_boundary_seed,string,keyed_bbox_map,,,,
charts,scatter_readout,task_charts__scatter_readout__series_point_lookup_value,series_point_lookup_value,series_pair_value_gap_at_x,series_pair_value_gap_at_x,task_charts__scatter_readout__series_pair_value_gap_at_x,manual_boundary_seed,integer,keyed_bbox_map,,,,
charts,scatter_readout,task_charts__scatter_readout__series_point_lookup_value,series_point_lookup_value,series_y_anchor_other_series_value,series_y_anchor_other_series_value,task_charts__scatter_readout__series_y_anchor_other_series_value,manual_boundary_seed,integer,keyed_bbox_map,,,,
charts,scatter_readout,task_charts__scatter_readout__series_x_extremum_label,series_x_extremum_label,series_highest_x_label,series_x_extremum_label,task_charts__scatter_readout__series_x_extremum_label,manual_boundary_seed,string,keyed_bbox_map,,,,
charts,scatter_readout,task_charts__scatter_readout__series_x_extremum_label,series_x_extremum_label,series_lowest_x_label,series_x_extremum_label,task_charts__scatter_readout__series_x_extremum_label,manual_boundary_seed,string,keyed_bbox_map,,,,
charts,single_series,task_charts__single_series__counterfactual_value,counterfactual_value,baseline_from_aggregate_percent_change,baseline_from_aggregate_percent_change,task_charts__single_series__baseline_from_aggregate_percent_change,manual_boundary_seed,integer,point_set,,,,
charts,single_series,task_charts__single_series__counterfactual_value,counterfactual_value,remaining_mean_after_removal,remaining_mean_after_removal,task_charts__single_series__remaining_mean_after_removal,manual_boundary_seed,integer,point_set,,,,
charts,single_series,task_charts__single_series__counterfactual_value,counterfactual_value,target_share_after_removal,target_share_after_removal,task_charts__single_series__target_share_after_removal,manual_boundary_seed,integer,point_set,,,,
charts,single_series,task_charts__single_series__interval_change_value,interval_change_value,endpoint_change_value,endpoint_change_value,task_charts__single_series__endpoint_change_value,manual_boundary_seed,integer,keyed_point_map,,,,
charts,single_series,task_charts__single_series__interval_change_value,interval_change_value,interval_rate_value,interval_rate_value,task_charts__single_series__interval_rate_value,manual_boundary_seed,integer,keyed_point_map,,,,
charts,single_series,task_charts__single_series__monotone_streak_length,monotone_streak_length,longest_monotone_streak,monotone_streak_length,task_charts__single_series__monotone_streak_length,manual_boundary_seed,integer,point_set,,,,
charts,single_series,task_charts__single_series__order_statistic_label,order_statistic_label,order_statistic_label,order_statistic_label,task_charts__single_series__order_statistic_label,manual_boundary_seed,option_letter,point_set,,,,
charts,single_series,task_charts__single_series__order_statistic_value,order_statistic_value,order_statistic_value,order_statistic_value,task_charts__single_series__order_statistic_value,manual_boundary_seed,integer,point_set,,,,
charts,single_series,task_charts__single_series__observed_threshold_crossing_label,observed_threshold_crossing_label,threshold_crossing,observed_threshold_crossing_label,task_charts__single_series__observed_threshold_crossing_label,manual_boundary_seed,option_letter,point_set,,query_spec.params.crossing_mode,observed,crossing_mode
charts,single_series,task_charts__single_series__projected_threshold_crossing_label,projected_threshold_crossing_label,threshold_crossing,projected_threshold_crossing_label,task_charts__single_series__projected_threshold_crossing_label,manual_boundary_seed,option_letter,point_set,,query_spec.params.crossing_mode,linear_projection,crossing_mode
charts,single_series,task_charts__single_series__turning_point_count,turning_point_count,turning_point_count,turning_point_count,task_charts__single_series__turning_point_count,manual_boundary_seed,integer,point_set,,,,
charts,single_series,task_charts__single_series__value_predicate_count,value_predicate_count,in_interval,interval_value_count,task_charts__single_series__interval_value_count,manual_boundary_seed,integer,point_set,,,,
charts,single_series,task_charts__single_series__value_predicate_count,value_predicate_count,threshold_count,threshold_value_count,task_charts__single_series__threshold_value_count,manual_boundary_seed,integer,point_set,,,,
charts,size_encoding,task_charts__size_encoding__category_total_extremum_label,category_total_extremum_label,category_total_extremum_label,category_total_extremum_label,task_charts__size_encoding__category_total_extremum_label,manual_boundary_seed,string,bbox_set,,,,
charts,size_encoding,task_charts__size_encoding__filtered_item_extremum_label,filtered_item_extremum_label,filtered_item_extremum_label,filtered_item_extremum_label,task_charts__size_encoding__filtered_item_extremum_label,manual_boundary_seed,string,bbox_set,,,,
charts,size_encoding,task_charts__size_encoding__reference_size_neighbor_label,reference_size_neighbor_label,reference_size_neighbor_label,reference_size_neighbor_label,task_charts__size_encoding__reference_size_neighbor_label,manual_boundary_seed,string,keyed_bbox_map,,,,
charts,small_multiple,task_charts__small_multiple__aggregate_value,aggregate_value,conditioned_panel_sum_from_percent,conditioned_panel_sum_from_percent,task_charts__small_multiple__conditioned_panel_sum_from_percent,manual_boundary_seed,integer,keyed_point_map,,,,
charts,small_multiple,task_charts__small_multiple__aggregate_value,aggregate_value,top_k_by_segment_then_sum_other_segment_count,top_k_by_segment_then_sum_other_segment_count,task_charts__small_multiple__top_k_by_segment_then_sum_other_segment_count,manual_boundary_seed,integer,keyed_point_map,,,,
charts,small_multiple,task_charts__small_multiple__difference_value,difference_value,average_top_k_minus_average_bottom_k,average_top_k_minus_average_bottom_k,task_charts__small_multiple__average_top_k_minus_average_bottom_k,manual_boundary_seed,integer,keyed_point_map,,,,
charts,small_multiple,task_charts__small_multiple__difference_value,difference_value,composition_shift_l1_distance,composition_shift_l1_distance,task_charts__small_multiple__composition_shift_l1_distance,manual_boundary_seed,integer,keyed_point_map,,,,
charts,sunburst,task_charts__sunburst__conditional_leaf_count,conditional_leaf_count,leaf_range_count_under_parent,leaf_range_count_under_parent,task_charts__sunburst__leaf_range_count_under_parent,manual_boundary_seed,integer,bbox_set,,,,
charts,sunburst,task_charts__sunburst__conditional_leaf_count,conditional_leaf_count,leaf_threshold_count_under_parent,leaf_threshold_count_under_parent,task_charts__sunburst__leaf_threshold_count_under_parent,manual_boundary_seed,integer,bbox_set,,,,
charts,sunburst,task_charts__sunburst__parent_total_extremum_label,parent_total_extremum_label,highest_parent_total_label,parent_total_extremum_label,task_charts__sunburst__parent_total_extremum_label,manual_boundary_seed,string,bbox_set,,,,
charts,sunburst,task_charts__sunburst__parent_total_extremum_label,parent_total_extremum_label,lowest_parent_total_label,parent_total_extremum_label,task_charts__sunburst__parent_total_extremum_label,manual_boundary_seed,string,bbox_set,,,,
charts,sunburst,task_charts__sunburst__parent_total_value,parent_total_value,parent_total_from_leaves_value,parent_total_value,task_charts__sunburst__parent_total_value,manual_boundary_seed,integer,bbox_set,,,,
charts,surface_3d,task_charts__surface_3d__panel_variation_label,panel_variation_label,panel_variation_label,panel_variation_label,task_charts__surface_3d__panel_variation_label,manual_boundary_seed,string,bbox_set,,,,
charts,surface_3d,task_charts__surface_3d__reference_nearest_label,reference_nearest_label,reference_nearest_label,reference_nearest_label,task_charts__surface_3d__reference_nearest_label,manual_boundary_seed,string,bbox_set,,,,
charts,surface_3d,task_charts__surface_3d__series_trend_label,series_trend_label,series_trend_label,series_trend_label,task_charts__surface_3d__series_trend_label,manual_boundary_seed,string,bbox_set,,,,
charts,surface_3d,task_charts__surface_3d__surface_extremum_label,surface_extremum_label,surface_extremum_label,surface_extremum_label,task_charts__surface_3d__surface_extremum_label,manual_boundary_seed,string,bbox_set,,,,
charts,table,task_charts__table__column_rank_label,column_rank_label,kth_rank_in_column,column_rank_label,task_charts__table__column_rank_label,manual_boundary_seed,string,bbox_set,,,,
charts,table,task_charts__table__column_summary_value,column_summary_value,column_mean,column_summary_value,task_charts__table__column_summary_value,manual_boundary_seed,integer,bbox_set,,,,
charts,table,task_charts__table__column_summary_value,column_summary_value,column_median,column_summary_value,task_charts__table__column_summary_value,manual_boundary_seed,integer,bbox_set,,,,
charts,table,task_charts__table__column_summary_value,column_summary_value,column_sum,column_summary_value,task_charts__table__column_summary_value,manual_boundary_seed,integer,bbox_set,,,,
charts,table,task_charts__table__temporal_row_interval_difference_value,temporal_row_interval_difference_value,absolute_difference_between_rows_over_year_interval,absolute_difference_between_rows_over_year_interval,task_charts__table__absolute_difference_between_rows_over_year_interval,manual_boundary_seed,integer,bbox_set,,,,
charts,table,task_charts__table__temporal_row_interval_difference_value,temporal_row_interval_difference_value,sum_absolute_differences_between_rows_over_year_interval,sum_absolute_differences_between_rows_over_year_interval,task_charts__table__sum_absolute_differences_between_rows_over_year_interval,manual_boundary_seed,integer,bbox_set,,,,
charts,table,task_charts__table__value_predicate_count,value_predicate_count,categorical_value_count,categorical_value_count,task_charts__table__categorical_value_count,manual_boundary_seed,integer,bbox_set,,,,
charts,table,task_charts__table__value_predicate_count,value_predicate_count,in_interval,interval_value_count,task_charts__table__interval_value_count,manual_boundary_seed,integer,bbox_set,,,,
charts,table,task_charts__table__value_predicate_count,value_predicate_count,threshold_count,threshold_count,task_charts__table__threshold_count,manual_boundary_seed,integer,bbox_set,,,,
charts,treemap,task_charts__treemap__group_total_value,group_total_value,treemap_group_total_value,group_total_value,task_charts__treemap__group_total_value,manual_boundary_seed,integer,bbox_set,,,,
charts,treemap,task_charts__treemap__repeated_leaf_aggregate_value,repeated_leaf_aggregate_value,treemap_repeated_leaf_average_value,repeated_leaf_aggregate_value,task_charts__treemap__repeated_leaf_aggregate_value,manual_boundary_seed,integer,bbox_set,,,,
charts,treemap,task_charts__treemap__repeated_leaf_aggregate_value,repeated_leaf_aggregate_value,treemap_repeated_leaf_sum_value,repeated_leaf_aggregate_value,task_charts__treemap__repeated_leaf_aggregate_value,manual_boundary_seed,integer,bbox_set,,,,
charts,violin,task_charts__violin__distribution_feature_label,distribution_feature_label,bimodal_label,modality_label,task_charts__violin__modality_label,manual_boundary_seed,string,bbox_set,,,,
charts,violin,task_charts__violin__distribution_feature_label,distribution_feature_label,highest_mode,mode_extremum_label,task_charts__violin__mode_extremum_label,manual_boundary_seed,string,bbox_set,,,,
charts,violin,task_charts__violin__distribution_feature_label,distribution_feature_label,lowest_mode,mode_extremum_label,task_charts__violin__mode_extremum_label,manual_boundary_seed,string,bbox_set,,,,
charts,violin,task_charts__violin__distribution_feature_label,distribution_feature_label,widest_support,support_width_extremum_label,task_charts__violin__support_width_extremum_label,manual_boundary_seed,string,bbox_set,,,,
charts,waterfall,task_charts__waterfall__counterfactual_final_value,counterfactual_final_value,remove_step_final_total,remove_step_final_total,task_charts__waterfall__remove_step_final_total,manual_boundary_seed,integer,bbox_set,,,,
charts,waterfall,task_charts__waterfall__counterfactual_final_value,counterfactual_final_value,reverse_step_final_total,reverse_step_final_total,task_charts__waterfall__reverse_step_final_total,manual_boundary_seed,integer,bbox_set,,,,
charts,waterfall,task_charts__waterfall__running_total_value,running_total_value,running_total_after_step,running_total_value,task_charts__waterfall__running_total_value,manual_boundary_seed,integer,bbox_set,,,,
charts,waterfall,task_charts__waterfall__threshold_crossing_label,threshold_crossing_label,first_total_at_least_threshold,threshold_crossing_label,task_charts__waterfall__threshold_crossing_label,manual_boundary_seed,string,bbox_set,,,,
charts,waterfall,task_charts__waterfall__threshold_crossing_label,threshold_crossing_label,first_total_at_most_threshold,threshold_crossing_label,task_charts__waterfall__threshold_crossing_label,manual_boundary_seed,string,bbox_set,,,,
games,2048,task_games__2048__move_result_board_label,move_result_board_label,move_result_board_label,move_result_board_label,task_games__2048__move_result_board_label,manual_boundary_seed,string,bbox_set,,,,
games,2048,task_games__2048__move_result_value,move_result_value,max_tile_value,max_tile_value,task_games__2048__max_tile_value,manual_boundary_seed,integer,bbox_set,,,,
games,2048,task_games__2048__move_result_value,move_result_value,merge_count,merge_count,task_games__2048__merge_count,manual_boundary_seed,integer,bbox_set,,,,
games,2048,task_games__2048__move_result_value,move_result_value,score_value,score_value,task_games__2048__score_value,manual_boundary_seed,integer,bbox_set,,,,
games,backgammon,task_games__backgammon__destination_count,destination_count,blocked_destination_count,blocked_destination_count,task_games__backgammon__blocked_destination_count,manual_boundary_seed,integer,bbox_set,,,,
games,backgammon,task_games__backgammon__destination_count,destination_count,hit_move_count,legal_move_count,task_games__backgammon__legal_move_count,manual_boundary_seed,integer,bbox_set,,,,
games,backgammon,task_games__backgammon__destination_count,destination_count,legal_move_count,legal_move_count,task_games__backgammon__legal_move_count,manual_boundary_seed,integer,bbox_set,,,,
games,battleship,task_games__battleship__ship_status_count,ship_status_count,partial_ship_count,ship_status_count,task_games__battleship__ship_status_count,manual_boundary_seed,integer,keyed_point_set_map,,,,
games,battleship,task_games__battleship__ship_status_count,ship_status_count,sunk_ship_count,ship_status_count,task_games__battleship__ship_status_count,manual_boundary_seed,integer,keyed_point_set_map,,,,
games,bingo,task_games__bingo__completed_line_count,completed_line_count,completed_axis_line_count,completed_line_count,task_games__bingo__completed_line_count,manual_boundary_seed,integer,bbox_set,,,,
games,bingo,task_games__bingo__line_sum_extremum_value,line_sum_extremum_value,line_sum_extremum_value,line_sum_extremum_value,task_games__bingo__line_sum_extremum_value,manual_boundary_seed,integer,bbox_set,,,,
games,bowling,task_games__bowling__first_pin_hit_label,first_pin_hit_label,first_pin_hit_label,first_pin_hit_label,task_games__bowling__first_pin_hit_label,manual_boundary_seed,string,bbox_set,,,,
games,bowling,task_games__bowling__spare_path_label,spare_path_label,spare_path_label,spare_path_label,task_games__bowling__spare_path_label,manual_boundary_seed,string,point_pair_set,,,,
games,brick_breaker,task_games__brick_breaker__hit_row_remaining_count,hit_row_remaining_count,hit_row_remaining_count,hit_row_remaining_count,task_games__brick_breaker__hit_row_remaining_count,manual_boundary_seed,integer,bbox_set,,,,
games,brick_breaker,task_games__brick_breaker__trajectory_target_label,trajectory_target_label,next_hit_label,next_hit_label,task_games__brick_breaker__next_hit_label,manual_boundary_seed,string,bbox_set,,,,
games,brick_breaker,task_games__brick_breaker__trajectory_target_label,trajectory_target_label,paddle_catch_label,paddle_catch_label,task_games__brick_breaker__paddle_catch_label,manual_boundary_seed,string,bbox_set,,,,
games,bubble_shooter,task_games__bubble_shooter__pop_color_label,pop_color_label,pop_color_label,pop_color_label,task_games__bubble_shooter__pop_color_label,manual_boundary_seed,string,point_set,,,,
games,bubble_shooter,task_games__bubble_shooter__shot_effect_count,shot_effect_count,drop_count,drop_count,task_games__bubble_shooter__drop_count,manual_boundary_seed,integer,point_set,,,,
games,bubble_shooter,task_games__bubble_shooter__shot_effect_count,shot_effect_count,pop_count,pop_count,task_games__bubble_shooter__pop_count,manual_boundary_seed,integer,point_set,,,,
games,cards,task_games__cards__blackjack_best_hand_label,blackjack_best_hand_label,blackjack_best_hand_label,blackjack_best_hand_label,task_games__cards__blackjack_best_hand_label,manual_boundary_seed,string,bbox_set,,,,
games,cards,task_games__cards__exact_triple_count,exact_triple_count,exact_triple_count,exact_triple_count,task_games__cards__exact_triple_count,manual_boundary_seed,integer,keyed_bbox_set_map,,,,
games,cards,task_games__cards__longest_run_length,longest_run_length,longest_run_length,longest_run_length,task_games__cards__longest_run_length,manual_boundary_seed,integer,bbox_set,,,,
games,cards,task_games__cards__poker_best_hand_label,poker_best_hand_label,poker_best_hand_label,poker_best_hand_label,task_games__cards__poker_best_hand_label,manual_boundary_seed,string,bbox_set,,,,
games,cards,task_games__cards__reference_condition_count,reference_condition_count,higher_than_reference_count,higher_than_reference_count,task_games__cards__higher_than_reference_count,manual_boundary_seed,integer,bbox_set,,,,
games,cards,task_games__cards__reference_condition_count,reference_condition_count,same_suit_as_reference_count,same_suit_as_reference_count,task_games__cards__same_suit_as_reference_count,manual_boundary_seed,integer,bbox_set,,,,
games,cards,task_games__cards__trick_taking_winner_label,trick_taking_winner_label,trick_taking_winner_label,trick_taking_winner_label,task_games__cards__trick_taking_winner_label,manual_boundary_seed,string,bbox_set,,,,
games,checkers,task_games__checkers__max_capture_chain_length,max_capture_chain_length,max_capture_chain_length,max_capture_chain_length,task_games__checkers__max_capture_chain_length,manual_boundary_seed,integer,bbox_set,,,,
games,checkers,task_games__checkers__move_count,move_count,capture_move_count,move_count,task_games__checkers__move_count,manual_boundary_seed,integer,bbox_set,,,,
games,checkers,task_games__checkers__move_count,move_count,legal_move_count,move_count,task_games__checkers__move_count,manual_boundary_seed,integer,bbox_set,,,,
games,chess,task_games__chess__check_attacker_count,check_attacker_count,check_attacker_count,check_attacker_count,task_games__chess__check_attacker_count,manual_boundary_seed,integer,bbox_set,,,,
games,chess,task_games__chess__king_escape_square_count,king_escape_square_count,king_escape_square_count,king_escape_square_count,task_games__chess__king_escape_square_count,manual_boundary_seed,integer,bbox_set,,,,
games,chess,task_games__chess__marked_piece_destination_count,marked_piece_destination_count,marked_piece_capture_count,marked_piece_destination_count,task_games__chess__marked_piece_destination_count,manual_boundary_seed,integer,bbox_set,,,,
games,chess,task_games__chess__marked_piece_destination_count,marked_piece_destination_count,marked_piece_move_count,marked_piece_destination_count,task_games__chess__marked_piece_destination_count,manual_boundary_seed,integer,bbox_set,,,,
games,chess,task_games__chess__piece_type_count,piece_type_count,colored_piece_kind_count,colored_piece_kind_count,task_games__chess__colored_piece_kind_count,manual_boundary_seed,integer,bbox_set,,,,
games,chess,task_games__chess__piece_type_count,piece_type_count,piece_kind_count,piece_kind_count,task_games__chess__piece_kind_count,manual_boundary_seed,integer,bbox_set,,,,
games,chess,task_games__chess__player_capture_piece_count,player_capture_piece_count,player_capture_piece_count,player_capture_piece_count,task_games__chess__player_capture_piece_count,manual_boundary_seed,integer,bbox_set,,,,
games,chess_variant,task_games__chess_variant__marked_piece_destination_count,marked_piece_destination_count,marked_piece_capture_count,marked_piece_destination_count,task_games__chess_variant__marked_piece_destination_count,manual_boundary_seed,integer,bbox_set,,,,
games,chess_variant,task_games__chess_variant__marked_piece_destination_count,marked_piece_destination_count,marked_piece_move_count,marked_piece_destination_count,task_games__chess_variant__marked_piece_destination_count,manual_boundary_seed,integer,bbox_set,,,,
games,connect_four,task_games__connect_four__move_count,move_count,safe_move_count,safe_move_count,task_games__connect_four__safe_move_count,manual_boundary_seed,integer,bbox_set,seed=910007:RuntimeError:task_games__connect_four__move_count failed to generate a valid scene after 80 attempts,,,
games,connect_four,task_games__connect_four__move_count,move_count,winning_move_count,winning_move_count,task_games__connect_four__winning_move_count,manual_boundary_seed,integer,bbox_set,seed=910007:RuntimeError:task_games__connect_four__move_count failed to generate a valid scene after 80 attempts,,,
games,crossing,task_games__crossing__moving_object_count,moving_object_count,moving_object_count,moving_object_count,task_games__crossing__moving_object_count,manual_boundary_seed,integer,bbox_set,,,,
games,darts,task_games__darts__condition_count,condition_count,ring_count,ring_count,task_games__darts__ring_count,manual_boundary_seed,integer,point_set,,,,
games,darts,task_games__darts__condition_count,condition_count,threshold_score_count,threshold_score_count,task_games__darts__threshold_score_count,manual_boundary_seed,integer,point_set,,,,
games,darts,task_games__darts__total_score_option_label,total_score_option_label,total_score,total_score_option_label,task_games__darts__total_score_option_label,manual_boundary_seed,string,point_set,,,,
games,dominoes,task_games__dominoes__chain_play_count,chain_play_count,extendable_first_play_count,extendable_first_play_count,task_games__dominoes__extendable_first_play_count,manual_boundary_seed,integer,bbox_set,,,,
games,dominoes,task_games__dominoes__chain_play_count,chain_play_count,matching_end_count,matching_end_count,task_games__dominoes__matching_end_count,manual_boundary_seed,integer,bbox_set,,,,
games,dominoes,task_games__dominoes__chain_play_count,chain_play_count,second_play_candidate_count,second_play_candidate_count,task_games__dominoes__second_play_candidate_count,manual_boundary_seed,integer,bbox_set,,,,
games,dominoes,task_games__dominoes__property_count,property_count,double_count,double_count,task_games__dominoes__double_count,manual_boundary_seed,integer,bbox_set,,,,
games,dominoes,task_games__dominoes__property_count,property_count,higher_sum_than_reference_count,higher_sum_than_reference_count,task_games__dominoes__higher_sum_than_reference_count,manual_boundary_seed,integer,bbox_set,,,,
games,dominoes,task_games__dominoes__property_count,property_count,sum_to_target_count,sum_to_target_count,task_games__dominoes__sum_to_target_count,manual_boundary_seed,integer,bbox_set,,,,
games,dots_and_boxes,task_games__dots_and_boxes__capture_move_count,capture_move_count,capture_move_count,capture_move_count,task_games__dots_and_boxes__capture_move_count,manual_boundary_seed,integer,point_pair_set,,,,
games,dots_and_boxes,task_games__dots_and_boxes__capture_move_count,capture_move_count,highlighted_candidate_capture_count,capture_move_count,task_games__dots_and_boxes__capture_move_count,manual_boundary_seed,integer,point_pair_set,,,,
games,dots_and_boxes,task_games__dots_and_boxes__three_sided_box_count,three_sided_box_count,three_sided_box_count,three_sided_box_count,task_games__dots_and_boxes__three_sided_box_count,manual_boundary_seed,integer,bbox_set,,,,
games,go,task_games__go__group_adjacent_enemy_count,group_adjacent_enemy_count,marked_group_adjacent_enemy_count,group_adjacent_enemy_count,task_games__go__group_adjacent_enemy_count,manual_boundary_seed,integer,point_set,,,,
games,go,task_games__go__group_liberty_count,group_liberty_count,marked_group_liberty_count,group_liberty_count,task_games__go__group_liberty_count,manual_boundary_seed,integer,point_set,,,,
games,go,task_games__go__group_liberty_count,group_liberty_count,marked_group_shared_liberty_count,group_liberty_count,task_games__go__group_liberty_count,manual_boundary_seed,integer,point_set,,,,
games,hex,task_games__hex__connection_gap_count,connection_gap_count,connection_gap_count,connection_gap_count,task_games__hex__connection_gap_count,manual_boundary_seed,integer,point_set,,,,
games,hex,task_games__hex__winning_move_cell_label,winning_move_cell_label,winning_move_cell_label,winning_move_cell_label,task_games__hex__winning_move_cell_label,manual_boundary_seed,string,point_set,,,,
games,marble_chain,task_games__marble_chain__shot_direction_label,shot_direction_label,max_pop_direction_label,max_pop_direction_label,task_games__marble_chain__max_pop_direction_label,manual_boundary_seed,string,point_set,,,,
games,marble_chain,task_games__marble_chain__shot_direction_label,shot_direction_label,target_pop_direction_label,target_pop_direction_label,task_games__marble_chain__target_pop_direction_label,manual_boundary_seed,string,point_set,,,,
games,marble_chain,task_games__marble_chain__shot_effect_value,shot_effect_value,pop_count_after_marked_shot,shot_effect_value,task_games__marble_chain__shot_effect_value,manual_boundary_seed,integer,point_set,,,,
games,match3,task_games__match3__best_swap_label,best_swap_label,max_clear_swap_label,max_clear_swap_label,task_games__match3__max_clear_swap_label,manual_boundary_seed,string,point_set,,,,
games,match3,task_games__match3__gem_count,gem_count,grid_color_gem_count,grid_color_gem_count,task_games__match3__gem_count,manual_boundary_seed,integer,point_set,,,,
games,match3,task_games__match3__gem_count,gem_count,row_color_gem_count,row_color_gem_count,task_games__match3__gem_count,manual_boundary_seed,integer,point_set,,,,
games,match3,task_games__match3__gem_count,gem_count,column_color_gem_count,column_color_gem_count,task_games__match3__gem_count,manual_boundary_seed,integer,point_set,,,,
games,match3,task_games__match3__best_swap_label,best_swap_label,target_clear_swap_label,target_clear_swap_label,task_games__match3__target_clear_swap_label,manual_boundary_seed,string,point_set,,,,
games,minecraft,task_games__minecraft__ore_block_count,ore_block_count,ore_block_count,ore_block_count,task_games__minecraft__ore_block_count,manual_boundary_seed,integer,bbox_set,,,,
games,minecraft,task_games__minecraft__resource_route_cost,resource_route_cost,resource_route_cost,resource_route_cost,task_games__minecraft__resource_route_cost,manual_boundary_seed,integer,bbox_set,,,,
games,minesweeper,task_games__minesweeper__forced_cell_count,forced_cell_count,forced_mine_count,forced_cell_count,task_games__minesweeper__forced_cell_count,manual_boundary_seed,integer,bbox_set,,,,
games,minesweeper,task_games__minesweeper__forced_cell_count,forced_cell_count,forced_safe_count,forced_cell_count,task_games__minesweeper__forced_cell_count,manual_boundary_seed,integer,bbox_set,,,,
games,minesweeper,task_games__minesweeper__satisfied_clue_count,satisfied_clue_count,satisfied_clue_count,satisfied_clue_count,task_games__minesweeper__satisfied_clue_count,manual_boundary_seed,integer,bbox_set,,,,
games,minigolf,task_games__minigolf__first_obstacle_label,first_obstacle_label,first_obstacle_label,first_obstacle_label,task_games__minigolf__first_obstacle_label,manual_boundary_seed,string,point_set,,,,
games,minigolf,task_games__minigolf__shot_path_label,shot_path_label,shot_path_label,shot_path_label,task_games__minigolf__shot_path_label,manual_boundary_seed,string,point_pair_set,,,,
games,nine_mens_morris,task_games__nine_mens_morris__pieces_in_mill_count,pieces_in_mill_count,all_pieces_in_mill_count,pieces_in_mill_count,task_games__nine_mens_morris__pieces_in_mill_count,manual_boundary_seed,integer,point_set,,,,
games,pacman,task_games__pacman__next_item_label,next_item_label,next_item_label,next_item_label,task_games__pacman__next_item_label,manual_boundary_seed,string,point_set,,,,
games,pacman,task_games__pacman__route_pellet_count,route_pellet_count,path_pellet_count,path_pellet_count,task_games__pacman__path_pellet_count,manual_boundary_seed,integer,point_set,,,,
games,pacman,task_games__pacman__route_pellet_count,route_pellet_count,pellet_count_before_ghost,pellet_count_before_ghost,task_games__pacman__pellet_count_before_ghost,manual_boundary_seed,integer,point_set,,,,
games,platformer,task_games__platformer__collectible_count,collectible_count,collectible_count,collectible_count,task_games__platformer__collectible_count,manual_boundary_seed,integer,point_set,,,,
games,platformer,task_games__platformer__jump_landing_label,jump_landing_label,jump_landing_label,jump_landing_label,task_games__platformer__jump_landing_label,manual_boundary_seed,string,bbox_set,,,,
games,pool,task_games__pool__blocking_ball_count,blocking_ball_count,blocking_ball_count,blocking_ball_count,task_games__pool__blocking_ball_count,manual_boundary_seed,integer,point_set,,,,
games,pool,task_games__pool__group_ball_count,group_ball_count,current_group_ball_count,group_ball_count,task_games__pool__group_ball_count,manual_boundary_seed,integer,point_set,,,,
games,reversi,task_games__reversi__legal_destination_count,legal_destination_count,corner_move_count,legal_destination_count,task_games__reversi__legal_destination_count,manual_boundary_seed,integer,bbox_set,,,,
games,reversi,task_games__reversi__legal_destination_count,legal_destination_count,legal_move_count,legal_destination_count,task_games__reversi__legal_destination_count,manual_boundary_seed,integer,bbox_set,,,,
games,reversi,task_games__reversi__marked_move_flip_count,marked_move_flip_count,flip_count_for_marked_move,marked_move_flip_count,task_games__reversi__marked_move_flip_count,manual_boundary_seed,integer,point_set,,,,
games,rhythm,task_games__rhythm__hit_window_count,hit_window_count,lane_color_hit_count,lane_color_hit_count,task_games__rhythm__lane_color_hit_count,manual_boundary_seed,integer,bbox_set,,,,
games,rhythm,task_games__rhythm__hit_window_count,hit_window_count,lane_hit_count,lane_hit_count,task_games__rhythm__lane_hit_count,manual_boundary_seed,integer,bbox_set,,,,
games,rhythm,task_games__rhythm__lane_choice_value,lane_choice_value,earliest_hit_lane_label,earliest_hit_lane_label,task_games__rhythm__earliest_hit_lane_label,manual_boundary_seed,integer,bbox_set,,,,
games,rhythm,task_games__rhythm__lane_choice_value,lane_choice_value,most_hits_lane_label,most_hits_lane_label,task_games__rhythm__most_hits_lane_label,manual_boundary_seed,integer,bbox_set,,,,
games,rule_override_board,task_games__rule_override_board__line_result_count,line_result_count,line_override_loss_count,line_result_count,task_games__rule_override_board__line_result_count,manual_boundary_seed,integer,bbox_set,,,,
games,rule_override_board,task_games__rule_override_board__line_result_count,line_result_count,line_override_win_count,line_result_count,task_games__rule_override_board__line_result_count,manual_boundary_seed,integer,bbox_set,,,,
games,rule_override_board,task_games__rule_override_board__piece_result_count,piece_result_count,piece_override_loss_count,piece_result_count,task_games__rule_override_board__piece_result_count,manual_boundary_seed,integer,bbox_set,,,,
games,rule_override_board,task_games__rule_override_board__piece_result_count,piece_result_count,piece_override_win_count,piece_result_count,task_games__rule_override_board__piece_result_count,manual_boundary_seed,integer,bbox_set,,,,
games,snake,task_games__snake__path_outcome_option_label,path_outcome_option_label,path_result_option_label,path_outcome_option_label,task_games__snake__path_outcome_option_label,manual_boundary_seed,option_letter,bbox_set,,,,
games,snake,task_games__snake__safe_direction_count,safe_direction_count,safe_direction_count,safe_direction_count,task_games__snake__safe_direction_count,manual_boundary_seed,integer,bbox_set,,,,
games,snakes_ladders,task_games__snakes_ladders__best_roll_value,best_roll_value,best_roll_value,best_roll_value,task_games__snakes_ladders__best_roll_value,manual_boundary_seed,integer,bbox_set,,,,
games,snakes_ladders,task_games__snakes_ladders__move_outcome_value,move_outcome_value,move_outcome_value,move_outcome_value,task_games__snakes_ladders__move_outcome_value,manual_boundary_seed,integer,keyed_bbox_map,,,,
games,solitaire,task_games__solitaire__foundation_ready_count,foundation_ready_count,foundation_ready_count,foundation_ready_count,task_games__solitaire__foundation_ready_count,manual_boundary_seed,integer,bbox_set,,,,
games,solitaire,task_games__solitaire__move_legality_label,move_legality_label,move_legality_label,move_legality_label,task_games__solitaire__move_legality_label,manual_boundary_seed,string,keyed_bbox_map,,,,
games,solitaire,task_games__solitaire__tableau_sequence_count,tableau_sequence_count,tableau_sequence_count,tableau_sequence_count,task_games__solitaire__tableau_sequence_count,manual_boundary_seed,integer,bbox_set,,,,
games,space_shooter,task_games__space_shooter__clear_shot_count,clear_shot_count,clear_shot_count,clear_shot_count,task_games__space_shooter__clear_shot_count,manual_boundary_seed,integer,bbox_set,,,,
games,space_shooter,task_games__space_shooter__highest_threat_label,highest_threat_label,highest_threat_label,highest_threat_label,task_games__space_shooter__highest_threat_label,manual_boundary_seed,string,bbox_set,,,,
games,space_shooter,task_games__space_shooter__projectile_intercept_count,projectile_intercept_count,projectile_intercept_count,projectile_intercept_count,task_games__space_shooter__projectile_intercept_count,manual_boundary_seed,integer,bbox_set,,,,
games,space_shooter,task_games__space_shooter__safe_lane_count,safe_lane_count,safe_lane_count,safe_lane_count,task_games__space_shooter__safe_lane_count,manual_boundary_seed,integer,bbox_set,,,,
puzzles,sudoku,task_puzzles__sudoku__marked_cell_candidate_count,marked_cell_candidate_count,marked_cell_candidate_count,marked_cell_candidate_count,task_puzzles__sudoku__marked_cell_candidate_count,manual_boundary_seed,integer,bbox_set,,,,
puzzles,sudoku,task_puzzles__sudoku__marked_cell_value,marked_cell_value,marked_cell_value,marked_cell_value,task_puzzles__sudoku__marked_cell_value,manual_boundary_seed,integer,bbox_set,,,,
puzzles,sudoku,task_puzzles__sudoku__repeated_digit_count,repeated_digit_count,repeated_digit_count,repeated_digit_count,task_puzzles__sudoku__repeated_digit_count,manual_boundary_seed,integer,bbox_set,,,,
puzzles,sudoku,task_puzzles__sudoku__unit_missing_digits_count,unit_missing_digits_count,unit_missing_digits_count,unit_missing_digits_count,task_puzzles__sudoku__unit_missing_digits_count,manual_boundary_seed,integer,bbox_set,,,,
games,tetris,task_games__tetris__drop_result_label,drop_result_label,multi_clear_result,drop_result_label,task_games__tetris__drop_result_label,manual_boundary_seed,string,bbox_set,,,,
games,tetris,task_games__tetris__drop_result_label,drop_result_label,no_clear_result,drop_result_label,task_games__tetris__drop_result_label,manual_boundary_seed,string,bbox_set,,,,
games,tetris,task_games__tetris__drop_result_label,drop_result_label,single_clear_result,drop_result_label,task_games__tetris__drop_result_label,manual_boundary_seed,string,bbox_set,,,,
games,tetris,task_games__tetris__line_clear_count,line_clear_count,max_clear_with_next_piece,line_clear_count,task_games__tetris__line_clear_count,manual_boundary_seed,integer,keyed_bbox_map,,,,
games,ultimate_tictactoe,task_games__ultimate_tictactoe__local_tactic_label,local_tactic_label,o_blocking_move_label,line_completion_move_label,task_games__ultimate_tictactoe__line_completion_move_label,manual_boundary_seed,string,bbox_set,,,,
games,ultimate_tictactoe,task_games__ultimate_tictactoe__local_tactic_label,local_tactic_label,o_winning_move_label,line_completion_move_label,task_games__ultimate_tictactoe__line_completion_move_label,manual_boundary_seed,string,bbox_set,,,,
games,ultimate_tictactoe,task_games__ultimate_tictactoe__local_tactic_label,local_tactic_label,x_blocking_move_label,line_completion_move_label,task_games__ultimate_tictactoe__line_completion_move_label,manual_boundary_seed,string,bbox_set,,,,
games,ultimate_tictactoe,task_games__ultimate_tictactoe__local_tactic_label,local_tactic_label,x_winning_move_label,line_completion_move_label,task_games__ultimate_tictactoe__line_completion_move_label,manual_boundary_seed,string,bbox_set,,,,
games,ultimate_tictactoe,task_games__ultimate_tictactoe__small_board_status_count,small_board_status_count,drawn_board_count,small_board_status_count,task_games__ultimate_tictactoe__small_board_status_count,manual_boundary_seed,integer,bbox_set,,,,
games,ultimate_tictactoe,task_games__ultimate_tictactoe__small_board_status_count,small_board_status_count,neither_won_board_count,small_board_status_count,task_games__ultimate_tictactoe__small_board_status_count,manual_boundary_seed,integer,bbox_set,,,,
games,ultimate_tictactoe,task_games__ultimate_tictactoe__small_board_status_count,small_board_status_count,o_won_board_count,small_board_status_count,task_games__ultimate_tictactoe__small_board_status_count,manual_boundary_seed,integer,bbox_set,,,,
games,ultimate_tictactoe,task_games__ultimate_tictactoe__small_board_status_count,small_board_status_count,x_won_board_count,small_board_status_count,task_games__ultimate_tictactoe__small_board_status_count,manual_boundary_seed,integer,bbox_set,,,,
geometry,angle_relations,task_geometry__angle_relations__algebraic_angle_value,algebraic_angle_value,triangle_double_extension_expression,algebraic_angle_value,task_geometry__angle_relations__algebraic_angle_value,manual_boundary_seed,integer,keyed_point_map,,,,
geometry,angle_relations,task_geometry__angle_relations__algebraic_angle_value,algebraic_angle_value,triangle_single_extension_expression,algebraic_angle_value,task_geometry__angle_relations__algebraic_angle_value,manual_boundary_seed,integer,keyed_point_map,,,,
geometry,angle_relations,task_geometry__angle_relations__angle_chain_value,angle_chain_value,parallel_supplement_angle,parallel_supplement_angle,task_geometry__angle_relations__parallel_supplement_angle,manual_boundary_seed,integer,keyed_point_map,,,,
geometry,angle_relations,task_geometry__angle_relations__angle_chain_value,angle_chain_value,triangle_exterior_angle,triangle_exterior_angle,task_geometry__angle_relations__triangle_exterior_angle,manual_boundary_seed,integer,keyed_point_map,,,,
geometry,area_partition,task_geometry__area_partition__total_area_value,total_area_value,total_area_from_shaded_partition,total_area_value,task_geometry__area_partition__total_area_value,manual_boundary_seed,number,keyed_bbox_map,,,,
geometry,bearing_route,task_geometry__bearing_route__endpoint_position_label,endpoint_position_label,endpoint_position_label,endpoint_position_label,task_geometry__bearing_route__endpoint_position_label,manual_boundary_seed,option_letter,keyed_point_map,,,,
geometry,bearing_route,task_geometry__bearing_route__final_bearing_value,final_bearing_value,final_bearing_value,final_bearing_value,task_geometry__bearing_route__final_bearing_value,manual_boundary_seed,number,keyed_point_map,,,,
geometry,circle_theorem,task_geometry__circle_theorem__diameter_perpendicular_chord_length_value,diameter_perpendicular_chord_length_value,diameter_perpendicular_chord_length,diameter_perpendicular_chord_length_value,task_geometry__circle_theorem__diameter_perpendicular_chord_length_value,manual_boundary_seed,integer,keyed_point_map,,,,
geometry,circle_theorem,task_geometry__circle_theorem__inscribed_angle_value,inscribed_angle_value,central_angle_from_inscribed,inscribed_angle_value,task_geometry__circle_theorem__inscribed_angle_value,manual_boundary_seed,integer,keyed_point_map,,,,
geometry,circle_theorem,task_geometry__circle_theorem__inscribed_angle_value,inscribed_angle_value,inscribed_angle_from_arc,inscribed_angle_value,task_geometry__circle_theorem__inscribed_angle_value,manual_boundary_seed,integer,keyed_point_map,,,,
geometry,circle_theorem,task_geometry__circle_theorem__inscribed_angle_value,inscribed_angle_value,inscribed_angle_from_central,inscribed_angle_value,task_geometry__circle_theorem__inscribed_angle_value,manual_boundary_seed,integer,keyed_point_map,,,,
geometry,circle_theorem,task_geometry__circle_theorem__intersecting_chords_arc_measure_value,intersecting_chords_arc_measure_value,intersecting_chords_arc_measure,intersecting_chords_arc_measure_value,task_geometry__circle_theorem__intersecting_chords_arc_measure_value,manual_boundary_seed,integer,keyed_point_map,,,,
geometry,circle_theorem,task_geometry__circle_theorem__multi_step_angle_value,multi_step_angle_value,multi_step_angle_value,multi_step_angle_value,task_geometry__circle_theorem__multi_step_angle_value,manual_boundary_seed,integer,keyed_point_map,,,,
geometry,circle_theorem,task_geometry__circle_theorem__secant_secant_length_value,secant_secant_length_value,secant_secant_length,secant_secant_length_value,task_geometry__circle_theorem__secant_secant_length_value,manual_boundary_seed,integer,keyed_point_map,,,,
geometry,circle_theorem,task_geometry__circle_theorem__secant_secant_length_value,secant_secant_length_value,secant_secant_variable_segment_length,secant_secant_length_value,task_geometry__circle_theorem__secant_secant_length_value,manual_boundary_seed,integer,keyed_point_map,,,,
geometry,circle_theorem,task_geometry__circle_theorem__tangent_chord_angle_value,tangent_chord_angle_value,tangent_chord_angle_from_arc,tangent_chord_angle_value,task_geometry__circle_theorem__tangent_chord_angle_value,manual_boundary_seed,integer,keyed_point_map,,,,
geometry,circle_theorem,task_geometry__circle_theorem__tangent_chord_angle_value,tangent_chord_angle_value,tangent_chord_angle_from_inscribed,tangent_chord_angle_value,task_geometry__circle_theorem__tangent_chord_angle_value,manual_boundary_seed,integer,keyed_point_map,,,,
geometry,circle_theorem,task_geometry__circle_theorem__tangent_secant_length_value,tangent_secant_length_value,tangent_secant_length,tangent_secant_length_value,task_geometry__circle_theorem__tangent_secant_length_value,manual_boundary_seed,integer,keyed_point_map,,,,
geometry,composite_shape,task_geometry__composite_shape__composite_area_value,composite_area_value,l_shape_area,composite_area_value,task_geometry__composite_shape__composite_area_value,manual_boundary_seed,integer,keyed_bbox_map,,,,
geometry,composite_shape,task_geometry__composite_shape__composite_area_value,composite_area_value,rectangle_minus_triangle_area,composite_area_value,task_geometry__composite_shape__composite_area_value,manual_boundary_seed,integer,keyed_bbox_map,,,,
geometry,composite_shape,task_geometry__composite_shape__composite_perimeter_value,composite_perimeter_value,house_outline_perimeter,house_outline_perimeter,task_geometry__composite_shape__house_outline_perimeter,manual_boundary_seed,integer,keyed_bbox_map,,,,
geometry,composite_shape,task_geometry__composite_shape__composite_perimeter_value,composite_perimeter_value,tabbed_rectilinear_perimeter,tabbed_rectilinear_perimeter,task_geometry__composite_shape__tabbed_rectilinear_perimeter,manual_boundary_seed,integer,keyed_bbox_map,,,,
geometry,composite_shape,task_geometry__composite_shape__curvilinear_composite_area_value,curvilinear_composite_area_value,rectangle_quarter_sector_cutout_area,rectangle_quarter_sector_cutout_area,task_geometry__composite_shape__rectangle_quarter_sector_cutout_area,manual_boundary_seed,number,keyed_bbox_map,,,,
geometry,composite_shape,task_geometry__composite_shape__curvilinear_composite_area_value,curvilinear_composite_area_value,rectangle_semicircle_cap_area,rectangle_semicircle_cap_area,task_geometry__composite_shape__rectangle_semicircle_cap_area,manual_boundary_seed,number,keyed_bbox_map,,,,
geometry,composite_shape,task_geometry__composite_shape__curvilinear_composite_area_value,curvilinear_composite_area_value,rectangle_semicircle_cutout_area,rectangle_semicircle_cutout_area,task_geometry__composite_shape__rectangle_semicircle_cutout_area,manual_boundary_seed,number,keyed_bbox_map,,,,
geometry,composite_shape,task_geometry__composite_shape__curvilinear_composite_perimeter_value,curvilinear_composite_perimeter_value,rectangle_quarter_sector_cutout_perimeter,rectangle_quarter_sector_cutout_perimeter,task_geometry__composite_shape__rectangle_quarter_sector_cutout_perimeter,manual_boundary_seed,number,keyed_bbox_map,,,,
geometry,composite_shape,task_geometry__composite_shape__curvilinear_composite_perimeter_value,curvilinear_composite_perimeter_value,rectangle_semicircle_cap_perimeter,rectangle_semicircle_cap_perimeter,task_geometry__composite_shape__rectangle_semicircle_cap_perimeter,manual_boundary_seed,number,keyed_bbox_map,,,,
geometry,composite_shape,task_geometry__composite_shape__curvilinear_composite_perimeter_value,curvilinear_composite_perimeter_value,rectangle_semicircle_cutout_perimeter,rectangle_semicircle_cutout_perimeter,task_geometry__composite_shape__rectangle_semicircle_cutout_perimeter,manual_boundary_seed,number,keyed_bbox_map,,,,
geometry,composite_shape,task_geometry__composite_shape__curvilinear_missing_side_from_area_value,curvilinear_missing_side_from_area_value,missing_width_from_semicircle_cap_area,missing_width_from_semicircle_cap_area,task_geometry__composite_shape__missing_width_from_semicircle_cap_area,manual_boundary_seed,number,keyed_point_map,,,,
geometry,composite_shape,task_geometry__composite_shape__curvilinear_missing_side_from_area_value,curvilinear_missing_side_from_area_value,missing_width_from_semicircle_cutout_area,missing_width_from_semicircle_cutout_area,task_geometry__composite_shape__missing_width_from_semicircle_cutout_area,manual_boundary_seed,number,keyed_point_map,,,,
geometry,composite_shape,task_geometry__composite_shape__curvilinear_sector_angle_value,curvilinear_sector_angle_value,sector_angle_from_arc_length,sector_angle_from_arc_length,task_geometry__composite_shape__sector_angle_from_arc_length,manual_boundary_seed,number,keyed_point_map,,,,
geometry,composite_shape,task_geometry__composite_shape__curvilinear_sector_angle_value,curvilinear_sector_angle_value,sector_angle_from_area,sector_angle_from_area,task_geometry__composite_shape__sector_angle_from_area,manual_boundary_seed,number,keyed_point_map,,,,
geometry,concentric_chord,task_geometry__concentric_chord__concentric_circle_chord_value,concentric_circle_chord_value,chord_length_from_radii,chord_length_from_radii,task_geometry__concentric_chord__chord_length_from_radii,manual_boundary_seed,number,keyed_point_map,,,,
geometry,concentric_chord,task_geometry__concentric_chord__concentric_circle_chord_value,concentric_circle_chord_value,inner_radius_from_chord,inner_radius_from_chord,task_geometry__concentric_chord__inner_radius_from_chord,manual_boundary_seed,number,keyed_point_map,,,,
geometry,cone_net,task_geometry__cone_net__cone_sector_net_value,cone_sector_net_value,base_radius_from_sector_angle,base_radius_from_sector_angle,task_geometry__cone_net__base_radius_from_sector_angle,manual_boundary_seed,number,keyed_point_map,,,,
geometry,cone_net,task_geometry__cone_net__cone_sector_net_value,cone_sector_net_value,height_from_sector_angle,height_from_sector_angle,task_geometry__cone_net__height_from_sector_angle,manual_boundary_seed,number,keyed_point_map,,,,
geometry,coordinate_panels,task_geometry__coordinate_panels__quadrilateral_shape_match_label,quadrilateral_shape_match_label,parallelogram_shape_match_label,quadrilateral_shape_match_label,task_geometry__coordinate_panels__quadrilateral_shape_match_label,manual_boundary_seed,option_letter,bbox_set,,,,
geometry,coordinate_panels,task_geometry__coordinate_panels__quadrilateral_shape_match_label,quadrilateral_shape_match_label,rectangle_shape_match_label,quadrilateral_shape_match_label,task_geometry__coordinate_panels__quadrilateral_shape_match_label,manual_boundary_seed,option_letter,bbox_set,,,,
geometry,coordinate_panels,task_geometry__coordinate_panels__quadrilateral_shape_match_label,quadrilateral_shape_match_label,rhombus_shape_match_label,quadrilateral_shape_match_label,task_geometry__coordinate_panels__quadrilateral_shape_match_label,manual_boundary_seed,option_letter,bbox_set,,,,
geometry,coordinate_panels,task_geometry__coordinate_panels__quadrilateral_shape_match_label,quadrilateral_shape_match_label,square_shape_match_label,quadrilateral_shape_match_label,task_geometry__coordinate_panels__quadrilateral_shape_match_label,manual_boundary_seed,option_letter,bbox_set,,,,
geometry,coordinate_plane,task_geometry__coordinate_plane__collinear_point_count,collinear_point_count,collinear_count,collinear_point_count,task_geometry__coordinate_plane__collinear_point_count,manual_boundary_seed,integer,point_set,,,,
geometry,coordinate_plane,task_geometry__coordinate_plane__locus_panel_match_label,locus_panel_match_label,circle_inequality_panel_match,locus_panel_match_label,task_geometry__coordinate_plane__locus_panel_match_label,manual_boundary_seed,option_letter,bbox_set,,,,
geometry,coordinate_plane,task_geometry__coordinate_plane__locus_panel_match_label,locus_panel_match_label,horizontal_halfplane_panel_match,locus_panel_match_label,task_geometry__coordinate_plane__locus_panel_match_label,manual_boundary_seed,option_letter,bbox_set,,,,
geometry,coordinate_plane,task_geometry__coordinate_plane__locus_panel_match_label,locus_panel_match_label,two_inequality_panel_match,locus_panel_match_label,task_geometry__coordinate_plane__locus_panel_match_label,manual_boundary_seed,option_letter,bbox_set,,,,
geometry,coordinate_plane,task_geometry__coordinate_plane__locus_panel_match_label,locus_panel_match_label,vertical_strip_panel_match,locus_panel_match_label,task_geometry__coordinate_plane__locus_panel_match_label,manual_boundary_seed,option_letter,bbox_set,,,,
geometry,coordinate_plane,task_geometry__coordinate_plane__locus_point_label,locus_point_label,annulus_region_point,locus_point_label,task_geometry__coordinate_plane__locus_point_label,manual_boundary_seed,option_letter,point_set,,,,
geometry,coordinate_plane,task_geometry__coordinate_plane__locus_point_label,locus_point_label,circle_region_point,locus_point_label,task_geometry__coordinate_plane__locus_point_label,manual_boundary_seed,option_letter,point_set,,,,
geometry,coordinate_plane,task_geometry__coordinate_plane__locus_point_label,locus_point_label,half_plane_intersection_region_point,locus_point_label,task_geometry__coordinate_plane__locus_point_label,manual_boundary_seed,option_letter,point_set,,,,
geometry,coordinate_plane,task_geometry__coordinate_plane__locus_point_label,locus_point_label,vertical_strip_region_point,locus_point_label,task_geometry__coordinate_plane__locus_point_label,manual_boundary_seed,option_letter,point_set,,,,
geometry,coordinate_plane,task_geometry__coordinate_plane__missing_endpoint_label,missing_endpoint_label,missing_endpoint_from_midpoint,missing_endpoint_label,task_geometry__coordinate_plane__missing_endpoint_label,manual_boundary_seed,option_letter,point_set,,,,
geometry,coordinate_plane,task_geometry__coordinate_plane__missing_endpoint_label,missing_endpoint_label,missing_startpoint_from_midpoint,missing_endpoint_label,task_geometry__coordinate_plane__missing_endpoint_label,manual_boundary_seed,option_letter,point_set,,,,
geometry,coordinate_plane,task_geometry__coordinate_plane__point_in_polygon_count,point_in_polygon_count,point_in_shape_count,point_in_polygon_count,task_geometry__coordinate_plane__point_in_polygon_count,manual_boundary_seed,integer,point_set,,,,
geometry,coordinate_plane,task_geometry__coordinate_plane__quadrilateral_completion_label,quadrilateral_completion_label,parallelogram_completion_label,quadrilateral_completion_label,task_geometry__coordinate_plane__quadrilateral_completion_label,manual_boundary_seed,option_letter,point_set,,,,
geometry,coordinate_plane,task_geometry__coordinate_plane__quadrilateral_completion_label,quadrilateral_completion_label,rectangle_completion_label,quadrilateral_completion_label,task_geometry__coordinate_plane__quadrilateral_completion_label,manual_boundary_seed,option_letter,point_set,,,,
geometry,coordinate_plane,task_geometry__coordinate_plane__quadrilateral_completion_label,quadrilateral_completion_label,rhombus_completion_label,quadrilateral_completion_label,task_geometry__coordinate_plane__quadrilateral_completion_label,manual_boundary_seed,option_letter,point_set,,,,
geometry,coordinate_plane,task_geometry__coordinate_plane__quadrilateral_completion_label,quadrilateral_completion_label,square_completion_label,quadrilateral_completion_label,task_geometry__coordinate_plane__quadrilateral_completion_label,manual_boundary_seed,option_letter,point_set,,,,
geometry,coordinate_plane,task_geometry__coordinate_plane__same_quadrant_point_count,same_quadrant_point_count,same_quadrant_count,same_quadrant_point_count,task_geometry__coordinate_plane__same_quadrant_point_count,manual_boundary_seed,integer,point_set,,,,
geometry,coordinate_plane,task_geometry__coordinate_plane__section_point_label,section_point_label,one_third_from_p_to_q,section_point_label,task_geometry__coordinate_plane__section_point_label,manual_boundary_seed,option_letter,point_set,,,,
geometry,coordinate_plane,task_geometry__coordinate_plane__section_point_label,section_point_label,two_thirds_from_p_to_q,section_point_label,task_geometry__coordinate_plane__section_point_label,manual_boundary_seed,option_letter,point_set,,,,
geometry,coordinate_plane,task_geometry__coordinate_plane__segment_relation_count,segment_relation_count,parallel_count,segment_relation_count,task_geometry__coordinate_plane__segment_relation_count,manual_boundary_seed,integer,point_set,,,,
geometry,coordinate_plane,task_geometry__coordinate_plane__segment_relation_count,segment_relation_count,perpendicular_count,segment_relation_count,task_geometry__coordinate_plane__segment_relation_count,manual_boundary_seed,integer,point_set,,,,
geometry,coordinate_plane,task_geometry__coordinate_plane__transformed_point_label,transformed_point_label,reflect_over_horizontal_line,reflected_point_label,task_geometry__coordinate_plane__reflected_point_label,manual_boundary_seed,option_letter,point_set,,,,
geometry,coordinate_plane,task_geometry__coordinate_plane__transformed_point_label,transformed_point_label,reflect_over_vertical_line,reflected_point_label,task_geometry__coordinate_plane__reflected_point_label,manual_boundary_seed,option_letter,point_set,,,,
geometry,coordinate_plane,task_geometry__coordinate_plane__transformed_point_label,transformed_point_label,rotate_90_about_marked_center,rotated_point_label,task_geometry__coordinate_plane__rotated_point_label,manual_boundary_seed,option_letter,point_set,,,,
geometry,coordinate_plane,task_geometry__coordinate_plane__transformed_point_label,transformed_point_label,translate_by_reference_vector,translated_point_label,task_geometry__coordinate_plane__translated_point_label,manual_boundary_seed,option_letter,point_set,,,,
geometry,coordinate_plane,task_geometry__coordinate_plane__transformed_point_label,transformed_point_label,translate_point,translated_point_label,task_geometry__coordinate_plane__translated_point_label,manual_boundary_seed,option_letter,point_set,,,,
geometry,cuboid_views,task_geometry__cuboid_views__cuboid_projection_surface_area_value,cuboid_projection_surface_area_value,surface_area_from_orthographic_views,cuboid_projection_surface_area_value,task_geometry__cuboid_views__cuboid_projection_surface_area_value,manual_boundary_seed,number,keyed_bbox_map,,,,
geometry,cylinder_wrap,task_geometry__cylinder_wrap__surface_path_length_value,surface_path_length_value,surface_path_length_value,surface_path_length_value,task_geometry__cylinder_wrap__surface_path_length_value,manual_boundary_seed,number,keyed_bbox_map,,,,
geometry,cylinder_wrap,task_geometry__cylinder_wrap__wrapped_mark_position_label,wrapped_mark_position_label,wrapped_mark_position_label,wrapped_mark_position_label,task_geometry__cylinder_wrap__wrapped_mark_position_label,manual_boundary_seed,option_letter,keyed_point_map,,,,
geometry,function_graph,task_geometry__function_graph__average_rate_value,average_rate_value,average_rate_between_marked_points,average_rate_value,task_geometry__function_graph__average_rate_value,manual_boundary_seed,number,point_set,,,,
geometry,function_graph,task_geometry__function_graph__extremum_count,extremum_count,local_extremum_count,extremum_count,task_geometry__function_graph__extremum_count,manual_boundary_seed,integer,point_set,,,,
geometry,function_graph,task_geometry__function_graph__extremum_count,extremum_count,turning_point_count,extremum_count,task_geometry__function_graph__extremum_count,manual_boundary_seed,integer,point_set,,,,
geometry,function_graph,task_geometry__function_graph__reference_line_crossing_count,reference_line_crossing_count,reference_line_crossing_count,reference_line_crossing_count,task_geometry__function_graph__reference_line_crossing_count,manual_boundary_seed,integer,point_set,,,,
geometry,function_panels,task_geometry__function_panels__intersection_property_label,intersection_property_label,circle_circle_two_intersections_label,intersection_property_label,task_geometry__function_panels__intersection_property_label,manual_boundary_seed,option_letter,bbox_set,,,,
geometry,function_panels,task_geometry__function_panels__intersection_property_label,intersection_property_label,line_circle_tangent_label,intersection_property_label,task_geometry__function_panels__intersection_property_label,manual_boundary_seed,option_letter,bbox_set,,,,
geometry,function_panels,task_geometry__function_panels__intersection_property_label,intersection_property_label,line_circle_two_intersections_label,intersection_property_label,task_geometry__function_panels__intersection_property_label,manual_boundary_seed,option_letter,bbox_set,,,,
geometry,function_panels,task_geometry__function_panels__relation_property_label,relation_property_label,function_status_label,function_status_label,task_geometry__function_panels__function_status_label,manual_boundary_seed,option_letter,bbox_set,,,,
geometry,function_panels,task_geometry__function_panels__relation_property_label,relation_property_label,one_to_one_status_label,one_to_one_status_label,task_geometry__function_panels__one_to_one_status_label,manual_boundary_seed,option_letter,bbox_set,,,,
geometry,function_panels,task_geometry__function_panels__relation_property_label,relation_property_label,range_match_label,range_match_label,task_geometry__function_panels__range_match_label,manual_boundary_seed,option_letter,bbox_set,,,,
geometry,function_panels,task_geometry__function_panels__relation_property_label,relation_property_label,sign_interval_negative_label,sign_interval_label,task_geometry__function_panels__sign_interval_label,manual_boundary_seed,option_letter,bbox_set,,,,
geometry,function_panels,task_geometry__function_panels__relation_property_label,relation_property_label,sign_interval_positive_label,sign_interval_label,task_geometry__function_panels__sign_interval_label,manual_boundary_seed,option_letter,bbox_set,,,,
geometry,function_panels,task_geometry__function_panels__relation_property_label,relation_property_label,x_axis_symmetry_label,x_axis_symmetry_label,task_geometry__function_panels__x_axis_symmetry_label,manual_boundary_seed,option_letter,bbox_set,,,,
geometry,graph_paper,task_geometry__graph_paper__angle_extremum_label,angle_extremum_label,angle_extremum,angle_extremum_label,task_geometry__graph_paper__angle_extremum_label,manual_boundary_seed,option_letter,point_set,,,,
geometry,graph_paper,task_geometry__graph_paper__angle_type_count,angle_type_count,angle_type_count,angle_type_count,task_geometry__graph_paper__angle_type_count,manual_boundary_seed,integer,bbox_set,,,,
geometry,graph_paper,task_geometry__graph_paper__angle_value,angle_value,angle,angle_value,task_geometry__graph_paper__angle_value,manual_boundary_seed,integer,point_set,,,,
geometry,graph_paper,task_geometry__graph_paper__area_extremum_label,area_extremum_label,area_extremum,area_extremum_label,task_geometry__graph_paper__area_extremum_label,manual_boundary_seed,option_letter,point_set,,,,
geometry,graph_paper,task_geometry__graph_paper__circle_circumference_value,circle_circumference_value,perimeter,circle_circumference_value,task_geometry__graph_paper__circle_circumference_value,manual_boundary_seed,pi_expression,point_set,,,,
geometry,graph_paper,task_geometry__graph_paper__ellipse_area_value,ellipse_area_value,area,ellipse_area_value,task_geometry__graph_paper__ellipse_area_value,manual_boundary_seed,pi_expression,point_set,,,,
geometry,graph_paper,task_geometry__graph_paper__length_extremum_label,length_extremum_label,length_extremum,length_extremum_label,task_geometry__graph_paper__length_extremum_label,manual_boundary_seed,option_letter,point_set,,,,
geometry,graph_paper,task_geometry__graph_paper__line_slope_value,line_slope_value,slope,line_slope_value,task_geometry__graph_paper__line_slope_value,manual_boundary_seed,number,point_set,,,,
geometry,graph_paper,task_geometry__graph_paper__perimeter_extremum_label,perimeter_extremum_label,perimeter_extremum,perimeter_extremum_label,task_geometry__graph_paper__perimeter_extremum_label,manual_boundary_seed,option_letter,point_set,,,,
geometry,graph_paper,task_geometry__graph_paper__polygon_area_value,polygon_area_value,area,polygon_area_value,task_geometry__graph_paper__polygon_area_value,manual_boundary_seed,integer,point_set,,,,
geometry,graph_paper,task_geometry__graph_paper__polygon_convexity_count,polygon_convexity_count,polygon_convexity_count,polygon_convexity_count,task_geometry__graph_paper__polygon_convexity_count,manual_boundary_seed,integer,bbox_set,,,,
geometry,graph_paper,task_geometry__graph_paper__polygon_perimeter_value,polygon_perimeter_value,perimeter,polygon_perimeter_value,task_geometry__graph_paper__polygon_perimeter_value,manual_boundary_seed,integer,point_set,,,,
geometry,graph_paper,task_geometry__graph_paper__quadrilateral_type_count,quadrilateral_type_count,quadrilateral_type_count,quadrilateral_type_count,task_geometry__graph_paper__quadrilateral_type_count,manual_boundary_seed,integer,bbox_set,,,,
geometry,graph_paper,task_geometry__graph_paper__shape_type_count,shape_type_count,shape_type_count,shape_type_count,task_geometry__graph_paper__shape_type_count,manual_boundary_seed,integer,bbox_set,,,,
geometry,graph_paper,task_geometry__graph_paper__triangle_type_count,triangle_type_count,triangle_type_count,triangle_type_count,task_geometry__graph_paper__triangle_type_count,manual_boundary_seed,integer,bbox_set,,,,
geometry,incircle_tangents,task_geometry__incircle_tangents__incircle_radius_from_area_value,incircle_radius_from_area_value,inradius_from_area_and_tangent_segments,incircle_radius_from_area_value,task_geometry__incircle_tangents__incircle_radius_from_area_value,manual_boundary_seed,number,bbox_set,,,,
geometry,incircle_tangents,task_geometry__incircle_tangents__incircle_tangent_perimeter_value,incircle_tangent_perimeter_value,triangle_perimeter_from_tangent_segments,incircle_tangent_perimeter_value,task_geometry__incircle_tangents__incircle_tangent_perimeter_value,manual_boundary_seed,number,bbox_set,,,,
geometry,measuring_tools,task_geometry__measuring_tools__shape_angle_value,shape_angle_value,triangle_vertex_protractor_reading,shape_angle_value,task_geometry__measuring_tools__shape_angle_value,manual_boundary_seed,number,keyed_point_map,,,,
geometry,measuring_tools,task_geometry__measuring_tools__shape_angle_value,shape_angle_value,quadrilateral_vertex_protractor_reading,shape_angle_value,task_geometry__measuring_tools__shape_angle_value,manual_boundary_seed,number,keyed_point_map,,,,
geometry,measuring_tools,task_geometry__measuring_tools__shape_length_value,shape_length_value,polygon_side_ruler_reading,shape_length_value,task_geometry__measuring_tools__shape_length_value,manual_boundary_seed,number,keyed_point_map,,,,
geometry,measuring_tools,task_geometry__measuring_tools__shape_length_value,shape_length_value,circle_radius_ruler_reading,shape_length_value,task_geometry__measuring_tools__shape_length_value,manual_boundary_seed,number,keyed_point_map,,,,
geometry,paper_fold,task_geometry__paper_fold__paper_fold_angle_value,paper_fold_angle_value,fold_angle_from_total_label,paper_fold_angle_value,task_geometry__paper_fold__paper_fold_angle_value,manual_boundary_seed,number,bbox_set,,,,
geometry,pythagorean_dissection,task_geometry__pythagorean_dissection__pythagorean_square_area_value,pythagorean_square_area_value,central_square_area_from_triangle_legs,pythagorean_square_area_value,task_geometry__pythagorean_dissection__pythagorean_square_area_value,manual_boundary_seed,number,bbox_set,,,,
geometry,sector,task_geometry__sector__sector_angle_relation_value,sector_angle_relation_value,angle_from_arc_length_and_radius,angle_from_sector_measure,task_geometry__sector__angle_from_sector_measure,manual_boundary_seed,number,bbox_set,,,,
geometry,sector,task_geometry__sector__sector_angle_relation_value,sector_angle_relation_value,angle_from_area_and_radius,angle_from_sector_measure,task_geometry__sector__angle_from_sector_measure,manual_boundary_seed,number,bbox_set,,,,
geometry,sector,task_geometry__sector__sector_angle_relation_value,sector_angle_relation_value,complement_angle_from_arc_length,related_angle_from_sector_measure,task_geometry__sector__related_angle_from_sector_measure,manual_boundary_seed,number,bbox_set,,,,
geometry,sector,task_geometry__sector__sector_angle_relation_value,sector_angle_relation_value,remaining_angle_from_sector_measure,related_angle_from_sector_measure,task_geometry__sector__related_angle_from_sector_measure,manual_boundary_seed,number,bbox_set,,,,
geometry,sector,task_geometry__sector__sector_angle_relation_value,sector_angle_relation_value,supplement_angle_from_area,related_angle_from_sector_measure,task_geometry__sector__related_angle_from_sector_measure,manual_boundary_seed,number,bbox_set,,,,
geometry,sector,task_geometry__sector__sector_measure_value,sector_measure_value,arc_length_from_area_and_radius,arc_length_value,task_geometry__sector__arc_length_value,manual_boundary_seed,number,bbox_set,,,,
geometry,sector,task_geometry__sector__sector_measure_value,sector_measure_value,arc_length_from_radius_and_supplement_angle,arc_length_value,task_geometry__sector__arc_length_value,manual_boundary_seed,number,bbox_set,,,,
geometry,sector,task_geometry__sector__sector_measure_value,sector_measure_value,area_from_arc_length_and_radius,sector_area_value,task_geometry__sector__sector_area_value,manual_boundary_seed,number,bbox_set,,,,
geometry,sector,task_geometry__sector__sector_measure_value,sector_measure_value,area_from_radius_and_complement_angle,sector_area_value,task_geometry__sector__sector_area_value,manual_boundary_seed,number,bbox_set,,,,
geometry,shape_gallery,task_geometry__shape_gallery__shape_relation_count,shape_relation_count,congruent_count,congruent_count,task_geometry__shape_gallery__congruent_count,manual_boundary_seed,integer,bbox_set,,,,
geometry,shape_gallery,task_geometry__shape_gallery__shape_relation_count,shape_relation_count,similar_count,similar_count,task_geometry__shape_gallery__similar_count,manual_boundary_seed,integer,bbox_set,,,,
geometry,shape_gallery,task_geometry__shape_gallery__transformation_match_label,transformation_match_label,reflection_match,reflection_match,task_geometry__shape_gallery__reflection_match,manual_boundary_seed,option_letter,point_set,,,,
geometry,shape_gallery,task_geometry__shape_gallery__transformation_match_label,transformation_match_label,rotation_match,rotation_match,task_geometry__shape_gallery__rotation_match,manual_boundary_seed,option_letter,point_set,,,,
geometry,shape_gallery,task_geometry__shape_gallery__transformation_match_label,transformation_match_label,translation_match,translation_match,task_geometry__shape_gallery__translation_match,manual_boundary_seed,option_letter,point_set,,,,
geometry,solid_cross_section,task_geometry__solid_cross_section__solid_cross_section_area_value,solid_cross_section_area_value,cone_parallel_slice_area,cone_parallel_slice_area,task_geometry__solid_cross_section__cone_parallel_slice_area,manual_boundary_seed,number,bbox_set,,,,
geometry,solid_cross_section,task_geometry__solid_cross_section__solid_cross_section_area_value,solid_cross_section_area_value,square_pyramid_parallel_slice_area,square_pyramid_parallel_slice_area,task_geometry__solid_cross_section__square_pyramid_parallel_slice_area,manual_boundary_seed,number,bbox_set,,,,
geometry,solid_formula,task_geometry__solid_formula__solid_formula_missing_dimension_value,solid_formula_missing_dimension_value,cylinder_cone_height_from_volume_radius,cylinder_cone_height_from_volume_radius,task_geometry__solid_formula__cylinder_cone_height_from_volume_radius,manual_boundary_seed,number,bbox_set,,,,
geometry,solid_formula,task_geometry__solid_formula__solid_formula_missing_dimension_value,solid_formula_missing_dimension_value,cylinder_cone_radius_from_volume_heights,cylinder_cone_radius_from_volume_heights,task_geometry__solid_formula__cylinder_cone_radius_from_volume_heights,manual_boundary_seed,number,bbox_set,,,,
geometry,solid_formula,task_geometry__solid_formula__solid_formula_missing_dimension_value,solid_formula_missing_dimension_value,house_prism_length_from_volume,house_prism_length_from_volume,task_geometry__solid_formula__house_prism_length_from_volume,manual_boundary_seed,number,bbox_set,,,,
geometry,solid_formula,task_geometry__solid_formula__solid_formula_missing_dimension_value,solid_formula_missing_dimension_value,prism_pyramid_height_from_volume,prism_pyramid_height_from_volume,task_geometry__solid_formula__prism_pyramid_height_from_volume,manual_boundary_seed,number,bbox_set,,,,
geometry,solid_revolution,task_geometry__solid_revolution__revolution_cone_volume_value,revolution_cone_volume_value,cone_volume_from_right_triangle,revolution_cone_volume_value,task_geometry__solid_revolution__revolution_cone_volume_value,manual_boundary_seed,number,bbox_set,,,,
geometry,solid_revolution,task_geometry__solid_revolution__revolution_cylinder_volume_value,revolution_cylinder_volume_value,cylinder_volume_from_rectangle,revolution_cylinder_volume_value,task_geometry__solid_revolution__revolution_cylinder_volume_value,manual_boundary_seed,number,bbox_set,,,,
geometry,solid_revolution,task_geometry__solid_revolution__revolution_double_cone_volume_value,revolution_double_cone_volume_value,double_cone_volume_from_triangle,revolution_double_cone_volume_value,task_geometry__solid_revolution__revolution_double_cone_volume_value,manual_boundary_seed,number,bbox_set,,,,
geometry,solid_revolution,task_geometry__solid_revolution__revolution_frustum_volume_value,revolution_frustum_volume_value,frustum_volume_from_trapezoid,revolution_frustum_volume_value,task_geometry__solid_revolution__revolution_frustum_volume_value,manual_boundary_seed,number,bbox_set,,,,
geometry,tangent_packing,task_geometry__tangent_packing__tangent_packing_length_value,tangent_packing_length_value,circle_in_square_radius_from_gap_area,circle_in_square_radius_from_gap_area,task_geometry__tangent_packing__circle_in_square_radius_from_gap_area,manual_boundary_seed,number,bbox_set,,,,
geometry,tangent_packing,task_geometry__tangent_packing__tangent_packing_length_value,tangent_packing_length_value,square_in_circle_side_from_gap_area,square_in_circle_side_from_gap_area,task_geometry__tangent_packing__square_in_circle_side_from_gap_area,manual_boundary_seed,number,bbox_set,,,,
geometry,tangent_packing,task_geometry__tangent_packing__tangent_packing_length_value,tangent_packing_length_value,two_circles_in_rectangle_radius_from_gap_area,two_circles_in_rectangle_radius_from_gap_area,task_geometry__tangent_packing__two_circles_in_rectangle_radius_from_gap_area,manual_boundary_seed,number,bbox_set,,,,
geometry,tangent_packing,task_geometry__tangent_packing__tangent_packing_shaded_area_value,tangent_packing_shaded_area_value,circle_in_square_gap_area,circle_in_square_gap_area,task_geometry__tangent_packing__circle_in_square_gap_area,manual_boundary_seed,number,bbox_set,,,,
geometry,tangent_packing,task_geometry__tangent_packing__tangent_packing_shaded_area_value,tangent_packing_shaded_area_value,square_in_circle_gap_area,square_in_circle_gap_area,task_geometry__tangent_packing__square_in_circle_gap_area,manual_boundary_seed,number,bbox_set,,,,
geometry,tangent_packing,task_geometry__tangent_packing__tangent_packing_shaded_area_value,tangent_packing_shaded_area_value,two_circles_in_rectangle_gap_area,two_circles_in_rectangle_gap_area,task_geometry__tangent_packing__two_circles_in_rectangle_gap_area,manual_boundary_seed,number,bbox_set,,,,
geometry,trapezoid_extension,task_geometry__trapezoid_extension__trapezoid_extension_area_value,trapezoid_extension_area_value,trapezoid_area_from_bases_and_height,trapezoid_area_from_bases_and_height,task_geometry__trapezoid_extension__trapezoid_area_from_bases_and_height,manual_boundary_seed,number,bbox_set,,,,
geometry,trapezoid_extension,task_geometry__trapezoid_extension__trapezoid_extension_area_value,trapezoid_extension_area_value,trapezoid_area_from_extension_and_height,trapezoid_area_from_extension_and_height,task_geometry__trapezoid_extension__trapezoid_area_from_extension_and_height,manual_boundary_seed,number,bbox_set,,,,
geometry,trapezoid_extension,task_geometry__trapezoid_extension__trapezoid_extension_area_value,trapezoid_extension_area_value,trapezoid_area_from_parallelogram_area,trapezoid_area_from_parallelogram_area,task_geometry__trapezoid_extension__trapezoid_area_from_parallelogram_area,manual_boundary_seed,number,bbox_set,,,,
geometry,trapezoid_extension,task_geometry__trapezoid_extension__trapezoid_extension_length_value,trapezoid_extension_length_value,extension_from_parallelogram_area,extension_from_parallelogram_area,task_geometry__trapezoid_extension__extension_from_parallelogram_area,manual_boundary_seed,number,bbox_set,,,,
geometry,trapezoid_extension,task_geometry__trapezoid_extension__trapezoid_extension_length_value,trapezoid_extension_length_value,extension_from_parallelogram_perimeter,extension_from_parallelogram_perimeter,task_geometry__trapezoid_extension__extension_from_parallelogram_perimeter,manual_boundary_seed,number,bbox_set,,,,
geometry,triangle_relations,task_geometry__triangle_relations__angle_bisector_segment_value,angle_bisector_segment_value,angle_bisector_base_length,angle_bisector_segment_value,task_geometry__triangle_relations__angle_bisector_segment_value,manual_boundary_seed,integer,bbox_set,,,,
geometry,triangle_relations,task_geometry__triangle_relations__angle_bisector_segment_value,angle_bisector_segment_value,angle_bisector_split_length,angle_bisector_segment_value,task_geometry__triangle_relations__angle_bisector_segment_value,manual_boundary_seed,integer,bbox_set,,,,
geometry,triangle_relations,task_geometry__triangle_relations__centroid_median_segment_value,centroid_median_segment_value,centroid_vertex_segment_length,centroid_median_segment_value,task_geometry__triangle_relations__centroid_median_segment_value,manual_boundary_seed,integer,bbox_set,,,,
geometry,triangle_relations,task_geometry__triangle_relations__centroid_median_segment_value,centroid_median_segment_value,centroid_whole_median_length,centroid_median_segment_value,task_geometry__triangle_relations__centroid_median_segment_value,manual_boundary_seed,integer,bbox_set,,,,
geometry,triangle_relations,task_geometry__triangle_relations__parallel_section_length_value,parallel_section_length_value,parallel_section_base_length,parallel_section_base_length,task_geometry__triangle_relations__parallel_section_base_length,manual_boundary_seed,integer,bbox_set,,,,
geometry,triangle_relations,task_geometry__triangle_relations__parallel_section_length_value,parallel_section_length_value,parallel_section_cross_length,parallel_section_cross_length,task_geometry__triangle_relations__parallel_section_cross_length,manual_boundary_seed,integer,bbox_set,,,,
geometry,triangle_relations,task_geometry__triangle_relations__parallel_section_length_value,parallel_section_length_value,similar_triangles_side_length,similar_triangles_side_length,task_geometry__triangle_relations__similar_triangles_side_length,manual_boundary_seed,integer,bbox_set,,,,
geometry,triangle_relations,task_geometry__triangle_relations__pythagorean_length_value,pythagorean_length_value,chained_rectangle_diagonal_length,pythagorean_length_value,task_geometry__triangle_relations__pythagorean_length_value,manual_boundary_seed,integer,bbox_set,,,,
geometry,triangle_relations,task_geometry__triangle_relations__pythagorean_length_value,pythagorean_length_value,rectangle_triangle_shared_height_length,pythagorean_length_value,task_geometry__triangle_relations__pythagorean_length_value,manual_boundary_seed,integer,bbox_set,,,,
geometry,triangle_relations,task_geometry__triangle_relations__right_triangle_angle_value,right_triangle_angle_value,angle_from_adjacent_hypotenuse,right_triangle_inverse_trig_angle,task_geometry__triangle_relations__right_triangle_inverse_trig_angle,manual_boundary_seed,number,bbox_set,,,,
geometry,triangle_relations,task_geometry__triangle_relations__right_triangle_angle_value,right_triangle_angle_value,angle_from_opposite_adjacent,right_triangle_inverse_trig_angle,task_geometry__triangle_relations__right_triangle_inverse_trig_angle,manual_boundary_seed,number,bbox_set,,,,
geometry,triangle_relations,task_geometry__triangle_relations__right_triangle_angle_value,right_triangle_angle_value,angle_from_opposite_hypotenuse,right_triangle_inverse_trig_angle,task_geometry__triangle_relations__right_triangle_inverse_trig_angle,manual_boundary_seed,number,bbox_set,,,,
geometry,triangle_relations,task_geometry__triangle_relations__right_triangle_angle_value,right_triangle_angle_value,angle_of_elevation_from_height_and_distance,angle_of_elevation_value,task_geometry__triangle_relations__angle_of_elevation_value,manual_boundary_seed,number,bbox_set,,,,
geometry,triangle_relations,task_geometry__triangle_relations__right_triangle_missing_side_value,right_triangle_missing_side_value,ground_from_angle_and_height,right_triangle_missing_side_value,task_geometry__triangle_relations__right_triangle_missing_side_value,manual_boundary_seed,number,bbox_set,,,,
geometry,triangle_relations,task_geometry__triangle_relations__right_triangle_missing_side_value,right_triangle_missing_side_value,ground_from_angle_and_hypotenuse,right_triangle_missing_side_value,task_geometry__triangle_relations__right_triangle_missing_side_value,manual_boundary_seed,number,bbox_set,,,,
geometry,triangle_relations,task_geometry__triangle_relations__right_triangle_missing_side_value,right_triangle_missing_side_value,height_from_angle_and_ground,right_triangle_missing_side_value,task_geometry__triangle_relations__right_triangle_missing_side_value,manual_boundary_seed,number,bbox_set,,,,
geometry,triangle_relations,task_geometry__triangle_relations__right_triangle_missing_side_value,right_triangle_missing_side_value,height_from_angle_and_hypotenuse,right_triangle_missing_side_value,task_geometry__triangle_relations__right_triangle_missing_side_value,manual_boundary_seed,number,bbox_set,,,,
geometry,triangle_relations,task_geometry__triangle_relations__right_triangle_missing_side_value,right_triangle_missing_side_value,hypotenuse_from_angle_and_height,right_triangle_missing_side_value,task_geometry__triangle_relations__right_triangle_missing_side_value,manual_boundary_seed,number,bbox_set,,,,
graph,adjacency,task_graph__adjacency__component_count,component_count,directed_strong_component_count,directed_strong_component_count,task_graph__adjacency__directed_strong_component_count,manual_boundary_seed,integer,bbox_set,,,,
graph,adjacency,task_graph__adjacency__component_count,component_count,undirected_component_count,undirected_component_count,task_graph__adjacency__undirected_component_count,manual_boundary_seed,integer,bbox_set,,,,
graph,adjacency,task_graph__adjacency__mst_weight,mst_weight,weighted_matrix_mst_weight,mst_weight,task_graph__adjacency__mst_weight,manual_boundary_seed,integer,bbox_set,,,,
graph,adjacency,task_graph__adjacency__traversal_kth_label,traversal_kth_label,bfs_kth_visit_label,traversal_kth_label,task_graph__adjacency__traversal_kth_label,manual_boundary_seed,string,bbox_sequence,,,,
graph,adjacency,task_graph__adjacency__traversal_kth_label,traversal_kth_label,dfs_kth_visit_label,traversal_kth_label,task_graph__adjacency__traversal_kth_label,manual_boundary_seed,string,bbox_sequence,,,,
graph,automaton,task_graph__automaton__accepted_string_label,accepted_string_label,dfa_accepted_string_label,dfa_accepted_string_label,task_graph__automaton__dfa_accepted_string_label,manual_boundary_seed,string,point_sequence,,,,
graph,automaton,task_graph__automaton__accepted_string_label,accepted_string_label,nfa_accepted_string_label,nfa_accepted_string_label,task_graph__automaton__nfa_accepted_string_label,manual_boundary_seed,string,point_sequence,,,,
graph,automaton,task_graph__automaton__state_after_input_label,state_after_input_label,final_state_label,state_after_input_label,task_graph__automaton__state_after_input_label,manual_boundary_seed,string,point_sequence,,,,
graph,automaton,task_graph__automaton__state_after_input_label,state_after_input_label,transition_step_state_label,state_after_input_label,task_graph__automaton__state_after_input_label,manual_boundary_seed,string,point_sequence,,,,
graph,binary_tree,task_graph__binary_tree__bst_path_operation_label,bst_path_operation_label,bst_insert_parent_label,bst_path_operation_label,task_graph__binary_tree__bst_path_operation_label,manual_boundary_seed,string,bbox_sequence,,,,
graph,binary_tree,task_graph__binary_tree__bst_path_operation_label,bst_path_operation_label,bst_search_terminal_label,bst_path_operation_label,task_graph__binary_tree__bst_path_operation_label,manual_boundary_seed,string,bbox_sequence,,,,
graph,binary_tree,task_graph__binary_tree__heap_property_violation_label,heap_property_violation_label,heap_property_violation_label,heap_property_violation_label,task_graph__binary_tree__heap_property_violation_label,manual_boundary_seed,string,keyed_bbox_map,,,,
graph,binary_tree,task_graph__binary_tree__node_property_count,node_property_count,depth_level_node_count,depth_level_node_count,task_graph__binary_tree__depth_level_node_count,manual_boundary_seed,integer,bbox_set,,,,
graph,binary_tree,task_graph__binary_tree__node_property_count,node_property_count,internal_node_count,child_structure_node_count,task_graph__binary_tree__child_structure_node_count,manual_boundary_seed,integer,bbox_set,,,,
graph,binary_tree,task_graph__binary_tree__node_property_count,node_property_count,leaf_node_count,child_structure_node_count,task_graph__binary_tree__child_structure_node_count,manual_boundary_seed,integer,bbox_set,,,,
graph,binary_tree,task_graph__binary_tree__node_property_count,node_property_count,single_child_node_count,child_structure_node_count,task_graph__binary_tree__child_structure_node_count,manual_boundary_seed,integer,bbox_set,,,,
graph,binary_tree,task_graph__binary_tree__node_property_count,node_property_count,two_child_node_count,child_structure_node_count,task_graph__binary_tree__child_structure_node_count,manual_boundary_seed,integer,bbox_set,,,,
graph,binary_tree,task_graph__binary_tree__node_relation_label,node_relation_label,left_child_label,local_relative_node_label,task_graph__binary_tree__local_relative_node_label,manual_boundary_seed,string,keyed_bbox_map,,,,
graph,binary_tree,task_graph__binary_tree__node_relation_label,node_relation_label,lowest_common_ancestor_label,lowest_common_ancestor_label,task_graph__binary_tree__lowest_common_ancestor_label,manual_boundary_seed,string,keyed_bbox_map,,,,
graph,binary_tree,task_graph__binary_tree__node_relation_label,node_relation_label,parent_label,local_relative_node_label,task_graph__binary_tree__local_relative_node_label,manual_boundary_seed,string,keyed_bbox_map,,,,
graph,binary_tree,task_graph__binary_tree__node_relation_label,node_relation_label,right_child_label,local_relative_node_label,task_graph__binary_tree__local_relative_node_label,manual_boundary_seed,string,keyed_bbox_map,,,,
graph,binary_tree,task_graph__binary_tree__node_relation_label,node_relation_label,sibling_label,local_relative_node_label,task_graph__binary_tree__local_relative_node_label,manual_boundary_seed,string,keyed_bbox_map,,,,
graph,binary_tree,task_graph__binary_tree__traversal_kth_label,traversal_kth_label,inorder_kth_node_label,traversal_kth_label,task_graph__binary_tree__traversal_kth_label,manual_boundary_seed,string,bbox_sequence,,,,
graph,binary_tree,task_graph__binary_tree__traversal_kth_label,traversal_kth_label,level_order_kth_node_label,traversal_kth_label,task_graph__binary_tree__traversal_kth_label,manual_boundary_seed,string,bbox_sequence,,,,
graph,binary_tree,task_graph__binary_tree__traversal_kth_label,traversal_kth_label,postorder_kth_node_label,traversal_kth_label,task_graph__binary_tree__traversal_kth_label,manual_boundary_seed,string,bbox_sequence,,,,
graph,binary_tree,task_graph__binary_tree__traversal_kth_label,traversal_kth_label,preorder_kth_node_label,traversal_kth_label,task_graph__binary_tree__traversal_kth_label,manual_boundary_seed,string,bbox_sequence,,,,
graph,flow_network,task_graph__flow_network__max_flow_value,max_flow_value,max_flow_value,max_flow_value,task_graph__flow_network__max_flow_value,manual_boundary_seed,integer,point_pair_set,,,,
graph,flow_network,task_graph__flow_network__min_cut_edge_count,min_cut_edge_count,minimum_cut_edge_count,min_cut_edge_count,task_graph__flow_network__min_cut_edge_count,manual_boundary_seed,integer,point_pair_set,,,,
graph,graph_options,task_graph__graph_options__structure_match_label,structure_match_label,contained_subgraph_label,contained_subgraph_label,task_graph__graph_options__contained_subgraph_label,manual_boundary_seed,option_letter,bbox_set,,,,
graph,graph_options,task_graph__graph_options__structure_match_label,structure_match_label,same_structure_label,same_structure_label,task_graph__graph_options__same_structure_label,manual_boundary_seed,option_letter,bbox_set,,,,
graph,metro,task_graph__metro__exact_distance_station_count,exact_distance_station_count,metro_exact_distance_count,exact_distance_station_count,task_graph__metro__exact_distance_station_count,manual_boundary_seed,integer,point_set,,,,
graph,metro,task_graph__metro__shortest_path_length,shortest_path_length,metro_shortest_path_length,shortest_path_length,task_graph__metro__shortest_path_length,manual_boundary_seed,integer,point_sequence,,,,
graph,metro,task_graph__metro__station_membership_count,station_membership_count,metro_single_route_station_count,station_membership_count,task_graph__metro__station_membership_count,manual_boundary_seed,integer,point_set,,,,
graph,metro,task_graph__metro__station_membership_count,station_membership_count,metro_transfer_station_count,station_membership_count,task_graph__metro__station_membership_count,manual_boundary_seed,integer,point_set,,,,
graph,metro,task_graph__metro__transfer_count,transfer_count,metro_transfer_count,transfer_count,task_graph__metro__transfer_count,manual_boundary_seed,integer,point_sequence,,,,
graph,node_link,task_graph__node_link__articulation_point_count,articulation_point_count,articulation_point_count,articulation_point_count,task_graph__node_link__articulation_point_count,manual_boundary_seed,integer,point_set,,,,
graph,node_link,task_graph__node_link__bridge_count,bridge_count,bridge_count,bridge_count,task_graph__node_link__bridge_count,manual_boundary_seed,integer,point_pair_set,,,,
graph,node_link,task_graph__node_link__common_neighbor_count,common_neighbor_count,directed_common_predecessor_count,common_related_node_count,task_graph__node_link__common_related_node_count,manual_boundary_seed,integer,point_set,,,,
graph,node_link,task_graph__node_link__common_neighbor_count,common_neighbor_count,directed_common_successor_count,common_related_node_count,task_graph__node_link__common_related_node_count,manual_boundary_seed,integer,point_set,,,,
graph,node_link,task_graph__node_link__common_neighbor_count,common_neighbor_count,undirected_common_neighbor_count,common_related_node_count,task_graph__node_link__common_related_node_count,manual_boundary_seed,integer,point_set,,,,
graph,node_link,task_graph__node_link__component_membership_count,component_membership_count,component_size_after_edge_addition,component_size_after_edge_edit,task_graph__node_link__component_size_after_edge_edit,manual_boundary_seed,integer,point_set,,,,
graph,node_link,task_graph__node_link__component_membership_count,component_membership_count,component_size_after_edge_removal,component_size_after_edge_edit,task_graph__node_link__component_size_after_edge_edit,manual_boundary_seed,integer,point_set,,,,
graph,node_link,task_graph__node_link__component_membership_count,component_membership_count,largest_component_size,largest_component_size,task_graph__node_link__largest_component_size,manual_boundary_seed,integer,point_set,,,,
graph,node_link,task_graph__node_link__component_membership_count,component_membership_count,same_component_count,same_component_count,task_graph__node_link__same_component_count,manual_boundary_seed,integer,point_set,,,,
graph,node_link,task_graph__node_link__cross_color_edge_count,cross_color_edge_count,cross_color_edge_count,cross_color_edge_count,task_graph__node_link__cross_color_edge_count,manual_boundary_seed,integer,point_pair_set,,,,
graph,node_link,task_graph__node_link__cross_color_edge_count,cross_color_edge_count,directed_cross_color_edge_count,cross_color_edge_count,task_graph__node_link__cross_color_edge_count,manual_boundary_seed,integer,point_pair_set,,,,
graph,node_link,task_graph__node_link__degree_extremum_value,degree_extremum_value,directed_max_in_degree_value,degree_extremum_value,task_graph__node_link__degree_extremum_value,manual_boundary_seed,integer,point_set,,,,
graph,node_link,task_graph__node_link__degree_extremum_value,degree_extremum_value,directed_max_out_degree_value,degree_extremum_value,task_graph__node_link__degree_extremum_value,manual_boundary_seed,integer,point_set,,,,
graph,node_link,task_graph__node_link__degree_extremum_value,degree_extremum_value,directed_max_total_degree_value,degree_extremum_value,task_graph__node_link__degree_extremum_value,manual_boundary_seed,integer,point_set,,,,
graph,node_link,task_graph__node_link__degree_extremum_value,degree_extremum_value,directed_min_in_degree_value,degree_extremum_value,task_graph__node_link__degree_extremum_value,manual_boundary_seed,integer,point_set,,,,
graph,node_link,task_graph__node_link__degree_extremum_value,degree_extremum_value,directed_min_out_degree_value,degree_extremum_value,task_graph__node_link__degree_extremum_value,manual_boundary_seed,integer,point_set,,,,
graph,node_link,task_graph__node_link__degree_extremum_value,degree_extremum_value,directed_min_total_degree_value,degree_extremum_value,task_graph__node_link__degree_extremum_value,manual_boundary_seed,integer,point_set,,,,
graph,node_link,task_graph__node_link__degree_extremum_value,degree_extremum_value,undirected_max_degree_value,degree_extremum_value,task_graph__node_link__degree_extremum_value,manual_boundary_seed,integer,point_set,,,,
graph,node_link,task_graph__node_link__degree_extremum_value,degree_extremum_value,undirected_min_degree_value,degree_extremum_value,task_graph__node_link__degree_extremum_value,manual_boundary_seed,integer,point_set,,,,
graph,node_link,task_graph__node_link__degree_predicate_count,degree_predicate_count,directed_in_degree_count,degree_value_filter_count,task_graph__node_link__degree_value_filter_count,manual_boundary_seed,integer,point_set,,,,
graph,node_link,task_graph__node_link__degree_predicate_count,degree_predicate_count,directed_in_degree_one_filter_remaining_count,degree_after_removal_filter_count,task_graph__node_link__degree_after_removal_filter_count,manual_boundary_seed,integer,point_set,,,,
graph,node_link,task_graph__node_link__degree_predicate_count,degree_predicate_count,directed_out_degree_count,degree_value_filter_count,task_graph__node_link__degree_value_filter_count,manual_boundary_seed,integer,point_set,,,,
graph,node_link,task_graph__node_link__degree_predicate_count,degree_predicate_count,directed_out_degree_one_filter_remaining_count,degree_after_removal_filter_count,task_graph__node_link__degree_after_removal_filter_count,manual_boundary_seed,integer,point_set,,,,
graph,node_link,task_graph__node_link__degree_predicate_count,degree_predicate_count,directed_sink_count,degree_value_filter_count,task_graph__node_link__degree_value_filter_count,manual_boundary_seed,integer,point_set,,,,
graph,node_link,task_graph__node_link__degree_predicate_count,degree_predicate_count,directed_source_count,degree_value_filter_count,task_graph__node_link__degree_value_filter_count,manual_boundary_seed,integer,point_set,,,,
graph,node_link,task_graph__node_link__degree_predicate_count,degree_predicate_count,undirected_degree_count,degree_value_filter_count,task_graph__node_link__degree_value_filter_count,manual_boundary_seed,integer,point_set,,,,
graph,node_link,task_graph__node_link__degree_predicate_count,degree_predicate_count,undirected_degree_one_filter_remaining_count,degree_after_removal_filter_count,task_graph__node_link__degree_after_removal_filter_count,manual_boundary_seed,integer,point_set,,,,
graph,node_link,task_graph__node_link__edge_attribute_label,edge_attribute_label,directed_edge_between_nodes_label,edge_between_nodes_label,task_graph__node_link__edge_between_nodes_label,manual_boundary_seed,string,bbox_set,,,,
graph,node_link,task_graph__node_link__edge_attribute_label,edge_attribute_label,edge_between_nodes_label,edge_between_nodes_label,task_graph__node_link__edge_between_nodes_label,manual_boundary_seed,string,bbox_set,,,,
graph,node_link,task_graph__node_link__edge_attribute_label,edge_attribute_label,shortest_path_first_edge_label,shortest_path_first_edge_label,task_graph__node_link__shortest_path_first_edge_label,manual_boundary_seed,string,bbox_set,,,,
graph,node_link,task_graph__node_link__edge_color_count,edge_color_count,edge_color_count,edge_color_count,task_graph__node_link__edge_color_count,manual_boundary_seed,integer,point_pair_set,,,,
graph,node_link,task_graph__node_link__edge_text_count,edge_text_count,edge_text_label_count,edge_text_count,task_graph__node_link__edge_text_count,manual_boundary_seed,integer,bbox_set,,,,
graph,node_link,task_graph__node_link__isolated_after_removal_count,isolated_after_removal_count,isolated_node_count_after_node_removal,isolated_after_removal_count,task_graph__node_link__isolated_after_removal_count,manual_boundary_seed,integer,point_set,,,,
graph,node_link,task_graph__node_link__longest_path_length,longest_path_length,directed_longest_path_length,longest_path_length,task_graph__node_link__longest_path_length,manual_boundary_seed,integer,point_sequence,,,,
graph,node_link,task_graph__node_link__mst_weight,mst_weight,minimum_spanning_tree_weight,mst_weight,task_graph__node_link__mst_weight,manual_boundary_seed,integer,point_pair_set,,,,
graph,node_link,task_graph__node_link__named_node_degree_value,named_node_degree_value,directed_named_node_in_degree_value,named_node_degree_value,task_graph__node_link__named_node_degree_value,manual_boundary_seed,integer,point_pair_set,,,,
graph,node_link,task_graph__node_link__named_node_degree_value,named_node_degree_value,directed_named_node_out_degree_value,named_node_degree_value,task_graph__node_link__named_node_degree_value,manual_boundary_seed,integer,point_pair_set,,,,
graph,node_link,task_graph__node_link__named_node_degree_value,named_node_degree_value,directed_named_node_total_degree_value,named_node_degree_value,task_graph__node_link__named_node_degree_value,manual_boundary_seed,integer,point_pair_set,,,,
graph,node_link,task_graph__node_link__named_node_degree_value,named_node_degree_value,undirected_named_node_degree_value,named_node_degree_value,task_graph__node_link__named_node_degree_value,manual_boundary_seed,integer,point_pair_set,,,,
graph,node_link,task_graph__node_link__node_color_count,node_color_count,node_color_count,node_color_count,task_graph__node_link__node_color_count,manual_boundary_seed,integer,point_set,,,,
graph,node_link,task_graph__node_link__reachable_node_count,reachable_node_count,reachable_count,reachable_count,task_graph__node_link__reachable_count,manual_boundary_seed,integer,point_set,,,,
graph,node_link,task_graph__node_link__reachable_node_count,reachable_node_count,reachable_count_after_edge_addition,reachable_count_after_edge_edit,task_graph__node_link__reachable_count_after_edge_edit,manual_boundary_seed,integer,point_set,,,,
graph,node_link,task_graph__node_link__reachable_node_count,reachable_node_count,reachable_count_after_edge_removal,reachable_count_after_edge_edit,task_graph__node_link__reachable_count_after_edge_edit,manual_boundary_seed,integer,point_set,,,,
graph,node_link,task_graph__node_link__shortest_path_length,shortest_path_length,directed_shortest_path_length,shortest_path_length,task_graph__node_link__shortest_path_length,manual_boundary_seed,integer,point_sequence,,,,
graph,node_link,task_graph__node_link__shortest_path_length,shortest_path_length,undirected_shortest_path_length,shortest_path_length,task_graph__node_link__shortest_path_length,manual_boundary_seed,integer,point_sequence,,,,
graph,node_link,task_graph__node_link__topological_position_value,topological_position_value,topological_position,topological_position_value,task_graph__node_link__topological_position_value,manual_boundary_seed,integer,point_sequence,,,,
graph,node_link,task_graph__node_link__unique_cycle_size,unique_cycle_size,unique_cycle_size,unique_cycle_size,task_graph__node_link__unique_cycle_size,manual_boundary_seed,integer,point_set,,,,
graph,node_link,task_graph__node_link__unique_node_label,unique_node_label,unique_neighbor_label,unique_related_node_label,task_graph__node_link__unique_related_node_label,manual_boundary_seed,string,point_set,,,,
graph,node_link,task_graph__node_link__unique_node_label,unique_node_label,unique_predecessor_label,unique_related_node_label,task_graph__node_link__unique_related_node_label,manual_boundary_seed,string,point_set,,,,
graph,node_link,task_graph__node_link__unique_node_label,unique_node_label,unique_successor_label,unique_related_node_label,task_graph__node_link__unique_related_node_label,manual_boundary_seed,string,point_set,,,,
graph,pipe_network,task_graph__pipe_network__bridge_count,bridge_count,pipe_bridge_count,bridge_count,task_graph__pipe_network__bridge_count,manual_boundary_seed,integer,point_pair_set,,,,
graph,pipe_network,task_graph__pipe_network__junction_path_count,junction_path_count,pipe_exact_distance_count,pipe_exact_distance_count,task_graph__pipe_network__pipe_exact_distance_count,manual_boundary_seed,integer,point_set,,,,
graph,pipe_network,task_graph__pipe_network__junction_path_count,junction_path_count,pipe_reachable_junction_count,pipe_reachable_junction_count,task_graph__pipe_network__pipe_reachable_junction_count,manual_boundary_seed,integer,point_set,,,,
graph,pipe_network,task_graph__pipe_network__shortest_path_length,shortest_path_length,pipe_shortest_path_length,shortest_path_length,task_graph__pipe_network__shortest_path_length,manual_boundary_seed,integer,point_sequence,,,,
icons,icon_cutout,task_icons__icon_cutout__partial_match_label,partial_match_label,partial_icon_match_label,partial_match_label,task_icons__icon_cutout__partial_match_label,manual_boundary_seed,option_letter,keyed_bbox_map,,,,
icons,icon_field,task_icons__icon_field__type_frequency_count,type_frequency_count,most_frequent_type_count,type_frequency_count,task_icons__icon_field__type_frequency_count,manual_boundary_seed,integer,bbox_set,,,,
icons,icon_field,task_icons__icon_field__type_frequency_count,type_frequency_count,singleton_type_count,type_frequency_count,task_icons__icon_field__type_frequency_count,manual_boundary_seed,integer,bbox_set,,,,
icons,mirror_grid,task_icons__mirror_grid__mirror_symmetry_count,mirror_symmetry_count,mirror_both_axes,mirror_symmetry_count,task_icons__mirror_grid__mirror_symmetry_count,manual_boundary_seed,integer,bbox_set,,,,
icons,mirror_grid,task_icons__mirror_grid__mirror_symmetry_count,mirror_symmetry_count,mirror_diagonal_anti,mirror_symmetry_count,task_icons__mirror_grid__mirror_symmetry_count,manual_boundary_seed,integer,bbox_set,,,,
icons,mirror_grid,task_icons__mirror_grid__mirror_symmetry_count,mirror_symmetry_count,mirror_diagonal_main,mirror_symmetry_count,task_icons__mirror_grid__mirror_symmetry_count,manual_boundary_seed,integer,bbox_set,,,,
icons,mirror_grid,task_icons__mirror_grid__mirror_symmetry_count,mirror_symmetry_count,mirror_horizontal,mirror_symmetry_count,task_icons__mirror_grid__mirror_symmetry_count,manual_boundary_seed,integer,bbox_set,,,,
icons,mirror_grid,task_icons__mirror_grid__mirror_symmetry_count,mirror_symmetry_count,mirror_vertical,mirror_symmetry_count,task_icons__mirror_grid__mirror_symmetry_count,manual_boundary_seed,integer,bbox_set,,,,
icons,named_field,task_icons__named_field__closer_to_reference_count,closer_to_reference_count,closer_to_reference_a_count,closer_to_reference_count,task_icons__named_field__closer_to_reference_count,manual_boundary_seed,integer,bbox_set,,,,
icons,named_field,task_icons__named_field__closer_to_reference_count,closer_to_reference_count,closer_to_reference_b_count,closer_to_reference_count,task_icons__named_field__closer_to_reference_count,manual_boundary_seed,integer,bbox_set,,,,
icons,named_field,task_icons__named_field__reference_distance_rank_label,reference_distance_rank_label,closest_to_named_reference_label,reference_distance_rank_label,task_icons__named_field__reference_distance_rank_label,manual_boundary_seed,option_letter,keyed_bbox_map,,,,
icons,named_field,task_icons__named_field__reference_distance_rank_label,reference_distance_rank_label,farthest_from_named_reference_label,reference_distance_rank_label,task_icons__named_field__reference_distance_rank_label,manual_boundary_seed,option_letter,keyed_bbox_map,,,,
icons,named_field,task_icons__named_field__reference_distance_rank_label,reference_distance_rank_label,second_closest_to_named_reference_label,reference_distance_rank_label,task_icons__named_field__reference_distance_rank_label,manual_boundary_seed,option_letter,keyed_bbox_map,,,,
icons,named_field,task_icons__named_field__region_shape_count,region_shape_count,inside_band_count,scoped_attribute_count,task_icons__named_field__scoped_attribute_count,manual_boundary_seed,integer,bbox_set,,,,
icons,named_field,task_icons__named_field__region_shape_count,region_shape_count,inside_quadrant_count,scoped_attribute_count,task_icons__named_field__scoped_attribute_count,manual_boundary_seed,integer,bbox_set,,,,
icons,named_field,task_icons__named_field__region_shape_count,region_shape_count,inside_shape_count,scoped_attribute_count,task_icons__named_field__scoped_attribute_count,manual_boundary_seed,integer,bbox_set,,,,
icons,named_field,task_icons__named_field__region_shape_count,region_shape_count,inside_shelf_count,scoped_attribute_count,task_icons__named_field__scoped_attribute_count,manual_boundary_seed,integer,bbox_set,,,,
icons,named_field,task_icons__named_field__region_shape_count,region_shape_count,outside_band_count,scoped_attribute_count,task_icons__named_field__scoped_attribute_count,manual_boundary_seed,integer,bbox_set,,,,
icons,named_field,task_icons__named_field__region_shape_count,region_shape_count,outside_shape_count,scoped_attribute_count,task_icons__named_field__scoped_attribute_count,manual_boundary_seed,integer,bbox_set,,,,
icons,named_field,task_icons__named_field__shape_attribute_boolean_count,shape_attribute_boolean_count,color_and_not_shape_count,multi_attribute_exclusion_count,task_icons__named_field__multi_attribute_exclusion_count,manual_boundary_seed,integer,bbox_set,,,,
icons,named_field,task_icons__named_field__shape_attribute_boolean_count,shape_attribute_boolean_count,exactly_one_shape_or_color_count,multi_attribute_xor_count,task_icons__named_field__multi_attribute_xor_count,manual_boundary_seed,integer,bbox_set,,,,
icons,named_field,task_icons__named_field__shape_attribute_boolean_count,shape_attribute_boolean_count,neither_shape_nor_color_count,multi_attribute_complement_count,task_icons__named_field__multi_attribute_complement_count,manual_boundary_seed,integer,bbox_set,,,,
icons,named_field,task_icons__named_field__shape_attribute_boolean_count,shape_attribute_boolean_count,shape_and_color_count,multi_attribute_and_count,task_icons__named_field__multi_attribute_and_count,manual_boundary_seed,integer,bbox_set,,,,
icons,named_field,task_icons__named_field__shape_attribute_boolean_count,shape_attribute_boolean_count,shape_and_not_color_count,multi_attribute_exclusion_count,task_icons__named_field__multi_attribute_exclusion_count,manual_boundary_seed,integer,bbox_set,,,,
icons,named_field,task_icons__named_field__shape_attribute_boolean_count,shape_attribute_boolean_count,shape_or_color_count,multi_attribute_or_count,task_icons__named_field__multi_attribute_or_count,manual_boundary_seed,integer,bbox_set,,,,
icons,named_field,task_icons__named_field__shape_count,shape_count,named_shape_count,single_attribute_membership_count,task_icons__named_field__single_attribute_membership_count,manual_boundary_seed,integer,bbox_set,,,,
icons,named_field,task_icons__named_field__shape_counterfactual_count,shape_counterfactual_count,target_count_after_remove_and_replace,counterfactual_attribute_count,task_icons__named_field__counterfactual_attribute_count,manual_boundary_seed,integer,bbox_set,,,,
icons,named_field,task_icons__named_field__shape_counterfactual_count,shape_counterfactual_count,target_count_after_shape_replacement,counterfactual_attribute_count,task_icons__named_field__counterfactual_attribute_count,manual_boundary_seed,integer,bbox_set,,,,
icons,named_field,task_icons__named_field__shape_counterfactual_count,shape_counterfactual_count,total_count_after_shape_removal,counterfactual_total_count,task_icons__named_field__counterfactual_total_count,manual_boundary_seed,integer,bbox_set,,,,
icons,named_field,task_icons__named_field__shape_pair_arithmetic_count,shape_pair_arithmetic_count,two_bound_color_difference_count,count_arithmetic,task_icons__named_field__count_arithmetic,manual_boundary_seed,integer,keyed_bbox_map,,,,
icons,named_field,task_icons__named_field__shape_pair_arithmetic_count,shape_pair_arithmetic_count,two_bound_color_total_count,count_arithmetic,task_icons__named_field__count_arithmetic,manual_boundary_seed,integer,keyed_bbox_map,,,,
icons,named_field,task_icons__named_field__shape_pair_arithmetic_count,shape_pair_arithmetic_count,two_shape_difference_count,count_arithmetic,task_icons__named_field__count_arithmetic,manual_boundary_seed,integer,keyed_bbox_map,,,,
icons,named_field,task_icons__named_field__shape_pair_arithmetic_count,shape_pair_arithmetic_count,two_shape_total_count,count_arithmetic,task_icons__named_field__count_arithmetic,manual_boundary_seed,integer,keyed_bbox_map,,,,
icons,named_grid,task_icons__named_grid__line_condition_count,line_condition_count,column_at_least_shape_count,group_predicate_count,task_icons__named_grid__group_predicate_count,manual_boundary_seed,integer,bbox_set,,,,
icons,named_grid,task_icons__named_grid__line_condition_count,line_condition_count,column_exactly_shape_count,group_predicate_count,task_icons__named_grid__group_predicate_count,manual_boundary_seed,integer,bbox_set,,,,
icons,named_grid,task_icons__named_grid__line_condition_count,line_condition_count,column_no_shape_count,group_predicate_count,task_icons__named_grid__group_predicate_count,manual_boundary_seed,integer,bbox_set,,,,
icons,named_grid,task_icons__named_grid__line_condition_count,line_condition_count,row_at_least_shape_count,group_predicate_count,task_icons__named_grid__group_predicate_count,manual_boundary_seed,integer,bbox_set,,,,
icons,named_grid,task_icons__named_grid__line_condition_count,line_condition_count,row_exactly_shape_count,group_predicate_count,task_icons__named_grid__group_predicate_count,manual_boundary_seed,integer,bbox_set,,,,
icons,named_grid,task_icons__named_grid__line_condition_count,line_condition_count,row_no_shape_count,group_predicate_count,task_icons__named_grid__group_predicate_count,manual_boundary_seed,integer,bbox_set,,,,
icons,named_grid,task_icons__named_grid__row_column_shape_count,row_column_shape_count,column_shape_count,scoped_attribute_count,task_icons__named_grid__scoped_attribute_count,manual_boundary_seed,integer,bbox_set,,,,
icons,named_grid,task_icons__named_grid__row_column_shape_count,row_column_shape_count,row_shape_count,scoped_attribute_count,task_icons__named_grid__scoped_attribute_count,manual_boundary_seed,integer,bbox_set,,,,
icons,named_grid,task_icons__named_grid__row_column_shape_extreme_number,row_column_shape_extreme_number,column_fewest_shape_number,row_column_shape_extreme_number,task_icons__named_grid__row_column_shape_extreme_number,manual_boundary_seed,integer,bbox_set,,,,
icons,named_grid,task_icons__named_grid__row_column_shape_extreme_number,row_column_shape_extreme_number,column_most_shape_number,row_column_shape_extreme_number,task_icons__named_grid__row_column_shape_extreme_number,manual_boundary_seed,integer,bbox_set,,,,
icons,named_grid,task_icons__named_grid__row_column_shape_extreme_number,row_column_shape_extreme_number,row_fewest_shape_number,row_column_shape_extreme_number,task_icons__named_grid__row_column_shape_extreme_number,manual_boundary_seed,integer,bbox_set,,,,
icons,named_grid,task_icons__named_grid__row_column_shape_extreme_number,row_column_shape_extreme_number,row_most_shape_number,row_column_shape_extreme_number,task_icons__named_grid__row_column_shape_extreme_number,manual_boundary_seed,integer,bbox_set,,,,
icons,named_path,task_icons__named_path__path_neighbor_label,path_neighbor_label,after_first_shape_label,path_neighbor_label,task_icons__named_path__path_neighbor_label,manual_boundary_seed,option_letter,keyed_bbox_map,,,,
icons,named_path,task_icons__named_path__path_neighbor_label,path_neighbor_label,after_last_shape_label,path_neighbor_label,task_icons__named_path__path_neighbor_label,manual_boundary_seed,option_letter,keyed_bbox_map,,,,
icons,named_path,task_icons__named_path__path_neighbor_label,path_neighbor_label,after_second_shape_label,path_neighbor_label,task_icons__named_path__path_neighbor_label,manual_boundary_seed,option_letter,keyed_bbox_map,,,,
icons,named_path,task_icons__named_path__path_neighbor_label,path_neighbor_label,before_first_shape_label,path_neighbor_label,task_icons__named_path__path_neighbor_label,manual_boundary_seed,option_letter,keyed_bbox_map,,,,
icons,named_path,task_icons__named_path__path_neighbor_label,path_neighbor_label,before_last_shape_label,path_neighbor_label,task_icons__named_path__path_neighbor_label,manual_boundary_seed,option_letter,keyed_bbox_map,,,,
icons,named_path,task_icons__named_path__path_neighbor_label,path_neighbor_label,before_second_shape_label,path_neighbor_label,task_icons__named_path__path_neighbor_label,manual_boundary_seed,option_letter,keyed_bbox_map,,,,
icons,named_ring,task_icons__named_ring__arc_shape_count,arc_shape_count,clockwise_arc_shape_count,scoped_attribute_count,task_icons__named_ring__scoped_attribute_count,manual_boundary_seed,integer,bbox_set,,,,
icons,named_ring,task_icons__named_ring__arc_shape_count,arc_shape_count,counterclockwise_arc_shape_count,scoped_attribute_count,task_icons__named_ring__scoped_attribute_count,manual_boundary_seed,integer,bbox_set,,,,
icons,named_strip,task_icons__named_strip__shape_run_length,shape_run_length,longest_shape_run_length,shape_run_length,task_icons__named_strip__shape_run_length,manual_boundary_seed,integer,bbox_set,,,,
icons,named_strip,task_icons__named_strip__shape_run_length,shape_run_length,shortest_shape_run_length,shape_run_length,task_icons__named_strip__shape_run_length,manual_boundary_seed,integer,bbox_set,,,,
icons,overlap_grid,task_icons__overlap_grid__occlusion_order_count,occlusion_order_count,same_front_to_back_order,occlusion_order_count,task_icons__overlap_grid__occlusion_order_count,manual_boundary_seed,integer,bbox_set,,,,
icons,pair_grid,task_icons__pair_grid__pair_relation_count,pair_relation_count,color_and_size_change,attribute_delta_pair_count,task_icons__pair_grid__attribute_delta_pair_count,manual_boundary_seed,integer,bbox_set,,,,
icons,pair_grid,task_icons__pair_grid__pair_relation_count,pair_relation_count,color_only_change,attribute_delta_pair_count,task_icons__pair_grid__attribute_delta_pair_count,manual_boundary_seed,integer,bbox_set,,,,
icons,pair_grid,task_icons__pair_grid__pair_relation_count,pair_relation_count,same_pair_transform,reference_transform_match_count,task_icons__pair_grid__reference_transform_match_count,manual_boundary_seed,integer,bbox_set,,,,
icons,pair_grid,task_icons__pair_grid__pair_relation_count,pair_relation_count,size_only_change,attribute_delta_pair_count,task_icons__pair_grid__attribute_delta_pair_count,manual_boundary_seed,integer,bbox_set,,,,
icons,paired_canvas,task_icons__paired_canvas__original_attribute_label,original_attribute_label,original_color_shape_label,original_attribute_label,task_icons__paired_canvas__original_attribute_label,manual_boundary_seed,option_letter,keyed_bbox_map,,,,
icons,paired_canvas,task_icons__paired_canvas__original_attribute_label,original_attribute_label,original_fill_shape_label,original_attribute_label,task_icons__paired_canvas__original_attribute_label,manual_boundary_seed,option_letter,keyed_bbox_map,,,,
icons,paired_canvas,task_icons__paired_canvas__original_attribute_label,original_attribute_label,original_shape_label,original_attribute_label,task_icons__paired_canvas__original_attribute_label,manual_boundary_seed,option_letter,keyed_bbox_map,,,,
icons,paired_canvas,task_icons__paired_canvas__panel_attribute_change_count,panel_attribute_change_count,color_changed_count,panel_attribute_change_count,task_icons__paired_canvas__panel_attribute_change_count,manual_boundary_seed,integer,bbox_set,,,,
icons,paired_canvas,task_icons__paired_canvas__panel_attribute_change_count,panel_attribute_change_count,rotation_changed_count,panel_attribute_change_count,task_icons__paired_canvas__panel_attribute_change_count,manual_boundary_seed,integer,bbox_set,,,,
icons,paired_canvas,task_icons__paired_canvas__panel_attribute_change_count,panel_attribute_change_count,size_changed_count,panel_attribute_change_count,task_icons__paired_canvas__panel_attribute_change_count,manual_boundary_seed,integer,bbox_set,,,,
icons,paired_canvas,task_icons__paired_canvas__panel_movement_direction_count,panel_movement_direction_count,moved_down_count,panel_movement_direction_count,task_icons__paired_canvas__panel_movement_direction_count,manual_boundary_seed,integer,bbox_set,,,,
icons,paired_canvas,task_icons__paired_canvas__panel_movement_direction_count,panel_movement_direction_count,moved_left_count,panel_movement_direction_count,task_icons__paired_canvas__panel_movement_direction_count,manual_boundary_seed,integer,bbox_set,,,,
icons,paired_canvas,task_icons__paired_canvas__panel_movement_direction_count,panel_movement_direction_count,moved_right_count,panel_movement_direction_count,task_icons__paired_canvas__panel_movement_direction_count,manual_boundary_seed,integer,bbox_set,,,,
icons,paired_canvas,task_icons__paired_canvas__panel_movement_direction_count,panel_movement_direction_count,moved_up_count,panel_movement_direction_count,task_icons__paired_canvas__panel_movement_direction_count,manual_boundary_seed,integer,bbox_set,,,,
icons,paired_canvas,task_icons__paired_canvas__panel_set_relation_count,panel_set_relation_count,added_in_right_count,panel_set_relation_count,task_icons__paired_canvas__panel_set_relation_count,manual_boundary_seed,integer,bbox_set,,,,
icons,paired_canvas,task_icons__paired_canvas__panel_set_relation_count,panel_set_relation_count,missing_from_right_count,panel_set_relation_count,task_icons__paired_canvas__panel_set_relation_count,manual_boundary_seed,integer,bbox_set,,,,
icons,paired_canvas,task_icons__paired_canvas__panel_set_relation_count,panel_set_relation_count,right_exact_match_count,panel_set_relation_count,task_icons__paired_canvas__panel_set_relation_count,manual_boundary_seed,integer,bbox_set,,,,
icons,pattern_grid,task_icons__pattern_grid__attribute_pattern_violation_index,attribute_pattern_violation_index,grid_color_violation,attribute_pattern_violation_index,task_icons__pattern_grid__attribute_pattern_violation_index,manual_boundary_seed,integer,bbox_set,,,,
icons,pattern_grid,task_icons__pattern_grid__attribute_pattern_violation_index,attribute_pattern_violation_index,grid_size_violation,attribute_pattern_violation_index,task_icons__pattern_grid__attribute_pattern_violation_index,manual_boundary_seed,integer,bbox_set,,,,
icons,reference_canvas,task_icons__reference_canvas__anchor_position_count,anchor_position_count,above_anchor,anchor_position_count,task_icons__reference_canvas__anchor_position_count,manual_boundary_seed,integer,bbox_set,,,,
icons,reference_canvas,task_icons__reference_canvas__anchor_position_count,anchor_position_count,below_anchor,anchor_position_count,task_icons__reference_canvas__anchor_position_count,manual_boundary_seed,integer,bbox_set,,,,
icons,reference_canvas,task_icons__reference_canvas__anchor_position_count,anchor_position_count,left_of_anchor,anchor_position_count,task_icons__reference_canvas__anchor_position_count,manual_boundary_seed,integer,bbox_set,,,,
icons,reference_canvas,task_icons__reference_canvas__anchor_position_count,anchor_position_count,right_of_anchor,anchor_position_count,task_icons__reference_canvas__anchor_position_count,manual_boundary_seed,integer,bbox_set,,,,
icons,reference_canvas,task_icons__reference_canvas__reference_predicate_count,reference_predicate_count,match_color,reference_attribute_match_count,task_icons__reference_canvas__reference_attribute_match_count,manual_boundary_seed,integer,bbox_set,,,,
icons,reference_canvas,task_icons__reference_canvas__reference_predicate_count,reference_predicate_count,match_rotation,reference_attribute_match_count,task_icons__reference_canvas__reference_attribute_match_count,manual_boundary_seed,integer,bbox_set,,,,
icons,reference_canvas,task_icons__reference_canvas__reference_predicate_count,reference_predicate_count,match_type,reference_attribute_match_count,task_icons__reference_canvas__reference_attribute_match_count,manual_boundary_seed,integer,bbox_set,,,,
icons,reference_canvas,task_icons__reference_canvas__reference_predicate_count,reference_predicate_count,match_type_color_rotation,reference_attribute_match_count,task_icons__reference_canvas__reference_attribute_match_count,manual_boundary_seed,integer,bbox_set,,,,
icons,reference_canvas,task_icons__reference_canvas__reference_predicate_count,reference_predicate_count,size_larger,reference_metric_relation_count,task_icons__reference_canvas__reference_metric_relation_count,manual_boundary_seed,integer,bbox_set,,,,
icons,reference_canvas,task_icons__reference_canvas__reference_predicate_count,reference_predicate_count,size_smaller,reference_metric_relation_count,task_icons__reference_canvas__reference_metric_relation_count,manual_boundary_seed,integer,bbox_set,,,,
icons,sequence_strip,task_icons__sequence_strip__missing_count_value,missing_count_value,arithmetic_progression,missing_count_value,task_icons__sequence_strip__missing_count_value,manual_boundary_seed,integer,bbox_set,,,,
icons,sequence_strip,task_icons__sequence_strip__rotation_sequence_violation_index,rotation_sequence_violation_index,row_rotation_violation,rotation_sequence_violation_index,task_icons__sequence_strip__rotation_sequence_violation_index,manual_boundary_seed,integer,bbox_set,,,,
icons,two_anchor,task_icons__two_anchor__between_anchors_count,between_anchors_count,inside_horizontal_strip,between_anchors_count,task_icons__two_anchor__between_anchors_count,manual_boundary_seed,integer,bbox_set,,,,
icons,two_anchor,task_icons__two_anchor__between_anchors_count,between_anchors_count,inside_vertical_strip,between_anchors_count,task_icons__two_anchor__between_anchors_count,manual_boundary_seed,integer,bbox_set,,,,
icons,venn_field,task_icons__venn_field__venn_region_shape_count,venn_region_shape_count,inside_both_circles_count,scoped_attribute_count,task_icons__venn_field__scoped_attribute_count,manual_boundary_seed,integer,bbox_set,,,,
icons,venn_field,task_icons__venn_field__venn_region_shape_count,venn_region_shape_count,inside_either_circle_count,scoped_attribute_count,task_icons__venn_field__scoped_attribute_count,manual_boundary_seed,integer,bbox_set,,,,
icons,venn_field,task_icons__venn_field__venn_region_shape_count,venn_region_shape_count,inside_exactly_one_circle_count,scoped_attribute_count,task_icons__venn_field__scoped_attribute_count,manual_boundary_seed,integer,bbox_set,,,,
icons,venn_field,task_icons__venn_field__venn_region_shape_count,venn_region_shape_count,outside_both_circles_count,scoped_attribute_count,task_icons__venn_field__scoped_attribute_count,manual_boundary_seed,integer,bbox_set,,,,
pages,calendar,task_pages__calendar__marked_day_class_count,marked_day_class_count,count_marked_weekday_days,marked_day_class_count,task_pages__calendar__marked_day_class_count,manual_boundary_seed,integer,bbox_set,,,,
pages,calendar,task_pages__calendar__marked_day_class_count,marked_day_class_count,count_marked_weekend_days,marked_day_class_count,task_pages__calendar__marked_day_class_count,manual_boundary_seed,integer,bbox_set,,,,
pages,calendar,task_pages__calendar__weekday_occurrence_date,weekday_occurrence_date,date_of_weekday_occurrence,weekday_occurrence_date,task_pages__calendar__weekday_occurrence_date,manual_boundary_seed,integer,bbox_set,,,,
pages,command_matrix,task_pages__command_matrix__command_intent_target_label,command_intent_target_label,command_intent_target_label,command_intent_target_label,task_pages__command_matrix__command_intent_target_label,manual_boundary_seed,option_letter,keyed_bbox_map,,,,
pages,command_matrix,task_pages__command_matrix__command_intent_target_label,command_intent_target_label,dual_guide_command_label,dual_guide_command_label,task_pages__command_matrix__dual_guide_command_label,manual_boundary_seed,option_letter,keyed_bbox_map,,,,
pages,concept_map,task_pages__concept_map__node_filter_count,node_filter_count,branch_child_count,branch_child_count,task_pages__concept_map__branch_child_count,manual_boundary_seed,integer,bbox_set,,,,
pages,concept_map,task_pages__concept_map__node_filter_count,node_filter_count,marked_child_count,marked_child_count,task_pages__concept_map__marked_child_count,manual_boundary_seed,integer,bbox_set,,,,
pages,concept_map,task_pages__concept_map__ordered_child_label,ordered_child_label,nth_child_label,ordered_child_label,task_pages__concept_map__ordered_child_label,manual_boundary_seed,string,keyed_bbox_map,,,,
pages,control_board,task_pages__control_board__control_filter_count,control_filter_count,disabled_controls_in_group_count,disabled_controls_in_group_count,task_pages__control_board__disabled_controls_in_group_count,manual_boundary_seed,integer,bbox_set,,,,
pages,control_board,task_pages__control_board__control_filter_count,control_filter_count,selected_enabled_controls_in_group_count,selected_enabled_controls_in_group_count,task_pages__control_board__selected_enabled_controls_in_group_count,manual_boundary_seed,integer,bbox_set,,,,
pages,cycle,task_pages__cycle__offset_stage_label,offset_stage_label,after_offset_stage_label,offset_stage_label,task_pages__cycle__offset_stage_label,manual_boundary_seed,string,bbox_set,,,,
pages,cycle,task_pages__cycle__offset_stage_label,offset_stage_label,before_offset_stage_label,offset_stage_label,task_pages__cycle__offset_stage_label,manual_boundary_seed,string,bbox_set,,,,
pages,record_table,task_pages__record_table__enabled_action_for_type_count,enabled_action_for_type_count,enabled_action_for_type_count,enabled_action_for_type_count,task_pages__record_table__enabled_action_for_type_count,manual_boundary_seed,integer,bbox_set,,,,
pages,record_table,task_pages__record_table__selected_rows_with_status_count,selected_rows_with_status_count,selected_rows_with_status_count,selected_rows_with_status_count,task_pages__record_table__selected_rows_with_status_count,manual_boundary_seed,integer,bbox_set,,,,
pages,record_table,task_pages__record_table__value_threshold_in_group_count,value_threshold_in_group_count,value_threshold_in_group_count,value_threshold_in_group_count,task_pages__record_table__value_threshold_in_group_count,manual_boundary_seed,integer,bbox_set,,,,
pages,form_section,task_pages__form_section__section_expression_value,section_expression_value,difference_two_amounts_in_section,difference_two_amounts_in_section,task_pages__form_section__difference_two_amounts_in_section,manual_boundary_seed,string,keyed_bbox_map,,,,
pages,form_section,task_pages__form_section__section_expression_value,section_expression_value,sum_minus_amount_in_section,sum_minus_amount_in_section,task_pages__form_section__sum_minus_amount_in_section,manual_boundary_seed,string,keyed_bbox_map,,,,
pages,form_section,task_pages__form_section__section_expression_value,section_expression_value,sum_two_amounts_in_section,sum_two_amounts_in_section,task_pages__form_section__sum_two_amounts_in_section,manual_boundary_seed,string,keyed_bbox_map,,,,
pages,hierarchy,task_pages__hierarchy__path_length_count,path_length_count,path_length_between_two_nodes,path_length_count,task_pages__hierarchy__path_length_count,manual_boundary_seed,integer,bbox_sequence,,,,
pages,hierarchy,task_pages__hierarchy__subtree_node_count,subtree_node_count,subtree_descendant_count,subtree_descendant_count,task_pages__hierarchy__subtree_descendant_count,manual_boundary_seed,integer,bbox_set,,,,
pages,hierarchy,task_pages__hierarchy__subtree_node_count,subtree_node_count,subtree_leaf_count,subtree_leaf_count,task_pages__hierarchy__subtree_leaf_count,manual_boundary_seed,integer,bbox_set,,,,
pages,infographic,task_pages__infographic__fact_lookup_label,fact_lookup_label,detail_for_named_item,detail_for_named_item,task_pages__infographic__detail_for_named_item,manual_boundary_seed,string,keyed_bbox_map,,,,
pages,infographic,task_pages__infographic__fact_lookup_label,fact_lookup_label,item_for_named_value,item_for_named_value,task_pages__infographic__item_for_named_value,manual_boundary_seed,string,keyed_bbox_map,,,,
pages,infographic,task_pages__infographic__fact_lookup_label,fact_lookup_label,value_for_named_item,value_for_named_item,task_pages__infographic__value_for_named_item,manual_boundary_seed,string,keyed_bbox_map,,,,
pages,infographic,task_pages__infographic__metric_arithmetic_value,metric_arithmetic_value,section_extrema_arithmetic,section_extrema_arithmetic,task_pages__infographic__section_extrema_arithmetic,manual_boundary_seed,integer,keyed_bbox_map,,,,
pages,infographic,task_pages__infographic__metric_arithmetic_value,metric_arithmetic_value,section_icon_total_difference_value,section_icon_total_difference_value,task_pages__infographic__section_icon_total_difference_value,manual_boundary_seed,integer,keyed_bbox_map,,,,
pages,infographic,task_pages__infographic__metric_arithmetic_value,metric_arithmetic_value,section_icon_total_value,section_icon_total_value,task_pages__infographic__section_icon_total_value,manual_boundary_seed,integer,keyed_bbox_map,,,,
pages,infographic,task_pages__infographic__metric_arithmetic_value,metric_arithmetic_value,section_total_except_named,section_total_except_named,task_pages__infographic__section_total_except_named,manual_boundary_seed,integer,keyed_bbox_map,,,,
pages,infographic,task_pages__infographic__metric_arithmetic_value,metric_arithmetic_value,section_total_extrema_difference,section_total_extrema_difference,task_pages__infographic__section_total_extrema_difference,manual_boundary_seed,integer,keyed_bbox_map,,,,
pages,infographic,task_pages__infographic__metric_arithmetic_value,metric_arithmetic_value,sum_named_metrics,sum_named_metrics,task_pages__infographic__sum_named_metrics,manual_boundary_seed,integer,keyed_bbox_map,,,,
pages,infographic,task_pages__infographic__section_rank_label,section_rank_label,section_icon_extremum_label,section_icon_extremum_label,task_pages__infographic__section_icon_extremum_label,manual_boundary_seed,string,keyed_bbox_map,,,,
pages,infographic,task_pages__infographic__section_rank_label,section_rank_label,section_ranked_total_label,section_ranked_total_label,task_pages__infographic__section_ranked_total_label,manual_boundary_seed,string,keyed_bbox_map,,,,
pages,map,task_pages__map__navigation_label,navigation_label,destination_after_directions,destination_after_directions,task_pages__map__destination_after_directions,manual_boundary_seed,string,bbox_sequence,,,,
pages,map,task_pages__map__navigation_label,navigation_label,landmark_after_route_step,landmark_after_route_step,task_pages__map__landmark_after_route_step,manual_boundary_seed,string,bbox_sequence,,,,
pages,navigation_flow,task_pages__navigation_flow__navigation_path_target_label,navigation_path_target_label,menu_path_target_label,menu_path_target_label,task_pages__navigation_flow__menu_path_target_label,manual_boundary_seed,option_letter,keyed_bbox_map|role,,,,
pages,navigation_flow,task_pages__navigation_flow__navigation_path_target_label,navigation_path_target_label,ribbon_group_command_label,ribbon_group_command_label,task_pages__navigation_flow__ribbon_group_command_label,manual_boundary_seed,option_letter,keyed_bbox_map|role,,,,
pages,paired_forms,task_pages__paired_forms__reconciliation_value,reconciliation_value,shortfall_minus_overage_value,shortfall_minus_overage_value,task_pages__paired_forms__shortfall_minus_overage_value,manual_boundary_seed,integer,bbox_set,,,,
pages,paired_forms,task_pages__paired_forms__reconciliation_value,reconciliation_value,sum_absolute_quantity_differences,sum_absolute_quantity_differences,task_pages__paired_forms__sum_absolute_quantity_differences,manual_boundary_seed,integer,bbox_set,,,,
pages,paired_forms,task_pages__paired_forms__reconciliation_value,reconciliation_value,total_amount_delta,total_amount_delta,task_pages__paired_forms__total_amount_delta,manual_boundary_seed,integer,bbox_set,,,,
pages,process_flow,task_pages__process_flow__actor_handoff_count,actor_handoff_count,all_cross_lane_handoff_count,all_cross_lane_handoff_count,task_pages__process_flow__all_cross_lane_handoff_count,manual_boundary_seed,integer,point_pair_set,,,,
pages,process_flow,task_pages__process_flow__actor_handoff_count,actor_handoff_count,lane_involved_handoff_count,lane_filtered_handoff_count,task_pages__process_flow__lane_filtered_handoff_count,manual_boundary_seed,integer,point_pair_set,,,,
pages,process_flow,task_pages__process_flow__actor_handoff_count,actor_handoff_count,lane_outgoing_handoff_count,lane_filtered_handoff_count,task_pages__process_flow__lane_filtered_handoff_count,manual_boundary_seed,integer,point_pair_set,,,,
pages,process_flow,task_pages__process_flow__condition_path_endpoint_label,condition_path_endpoint_label,condition_path_endpoint_label,condition_path_endpoint_label,task_pages__process_flow__condition_path_endpoint_label,manual_boundary_seed,string,keyed_bbox_map,,,,
pages,process_flow,task_pages__process_flow__filtered_node_count,filtered_node_count,role_node_count,filtered_node_count,task_pages__process_flow__filtered_node_count,manual_boundary_seed,integer,bbox_set,,,,
pages,process_flow,task_pages__process_flow__filtered_node_count,filtered_node_count,shape_node_count,filtered_node_count,task_pages__process_flow__filtered_node_count,manual_boundary_seed,integer,bbox_set,,,,
pages,process_flow,task_pages__process_flow__filtered_node_count,filtered_node_count,status_node_count,filtered_node_count,task_pages__process_flow__filtered_node_count,manual_boundary_seed,integer,bbox_set,,,,
pages,profile_card_grid,task_pages__profile_card_grid__attribute_lookup_label,attribute_lookup_label,profile_for_field_value,profile_for_field_value,task_pages__profile_card_grid__profile_for_field_value,manual_boundary_seed,string,keyed_bbox_map,,,,
pages,profile_card_grid,task_pages__profile_card_grid__attribute_lookup_label,attribute_lookup_label,value_for_named_profile_field,value_for_named_profile_field,task_pages__profile_card_grid__value_for_named_profile_field,manual_boundary_seed,string,keyed_bbox_map,,,,
pages,ranked_list,task_pages__ranked_list__ordinal_entry_label,ordinal_entry_label,entry_after_named_entry,entry_after_named_entry,task_pages__ranked_list__entry_after_named_entry,manual_boundary_seed,string,keyed_bbox_map,,,,
pages,ranked_list,task_pages__ranked_list__ordinal_entry_label,ordinal_entry_label,from_end_entry_label,ordinal_entry_label,task_pages__ranked_list__ordinal_entry_label,manual_boundary_seed,string,keyed_bbox_map,,,,
pages,ranked_list,task_pages__ranked_list__ordinal_entry_label,ordinal_entry_label,nth_entry_label,ordinal_entry_label,task_pages__ranked_list__ordinal_entry_label,manual_boundary_seed,string,keyed_bbox_map,,,,
pages,schedule,task_pages__schedule__maximum_non_overlapping_count,maximum_non_overlapping_count,maximum_non_overlapping_count,maximum_non_overlapping_count,task_pages__schedule__maximum_non_overlapping_count,manual_boundary_seed,integer,bbox_set,,,,
pages,schedule,task_pages__schedule__reference_interval_count,reference_interval_count,longer_than_reference_count,longer_than_reference_count,task_pages__schedule__longer_than_reference_count,manual_boundary_seed,integer,bbox_set,,,,
pages,schedule,task_pages__schedule__reference_interval_count,reference_interval_count,overlap_count,overlap_count,task_pages__schedule__overlap_count,manual_boundary_seed,integer,bbox_set,,,,
pages,schema,task_pages__schema__field_role_count,field_role_count,all_field_count,field_role_count,task_pages__schema__field_role_count,manual_boundary_seed,integer,bbox_set,,,,
pages,schema,task_pages__schema__field_role_count,field_role_count,attribute_field_count,field_role_count,task_pages__schema__field_role_count,manual_boundary_seed,integer,bbox_set,,,,
pages,schema,task_pages__schema__relationship_count,relationship_count,total_relationship_count,relationship_count,task_pages__schema__relationship_count,manual_boundary_seed,integer,point_pair_set,,,,
pages,step_list,task_pages__step_list__ordinal_step_detail_label,ordinal_step_detail_label,nth_step_detail,nth_step_lookup_label,task_pages__step_list__nth_step_lookup_label,manual_boundary_seed,string,keyed_bbox_map,,,,
pages,step_list,task_pages__step_list__ordinal_step_detail_label,ordinal_step_detail_label,nth_step_title,nth_step_lookup_label,task_pages__step_list__nth_step_lookup_label,manual_boundary_seed,string,keyed_bbox_map,,,,
pages,step_list,task_pages__step_list__ordinal_step_detail_label,ordinal_step_detail_label,step_after_named_step,step_after_named_step,task_pages__step_list__step_after_named_step,manual_boundary_seed,string,keyed_bbox_map,,,,
pages,timeline,task_pages__timeline__interval_membership_count,interval_membership_count,between_reference_events_count,interval_membership_count,task_pages__timeline__interval_membership_count,manual_boundary_seed,integer,bbox_set,,,,
pages,timeline,task_pages__timeline__interval_membership_count,interval_membership_count,outside_reference_interval_count,interval_membership_count,task_pages__timeline__interval_membership_count,manual_boundary_seed,integer,bbox_set,,,,
pages,web_action,task_pages__web_action__web_action_target_label,web_action_target_label,click_target_label,click_target_label,task_pages__web_action__click_target_label,manual_boundary_seed,option_letter,keyed_bbox_map|role,,,,
pages,web_action,task_pages__web_action__web_action_target_label,web_action_target_label,select_option_label,select_option_label,task_pages__web_action__select_option_label,manual_boundary_seed,option_letter,keyed_bbox_map|role,,,,
pages,web_action,task_pages__web_action__web_action_target_label,web_action_target_label,type_field_label,type_field_label,task_pages__web_action__type_field_label,manual_boundary_seed,option_letter,keyed_bbox_map|role,,,,
pages,workspace,task_pages__workspace__professional_target_label,professional_target_label,canvas_workspace_control_label,canvas_workspace_control_label,task_pages__workspace__canvas_workspace_control_label,manual_boundary_seed,option_letter,keyed_bbox_map|role,,,,
pages,workspace,task_pages__workspace__professional_target_label,professional_target_label,code_workspace_control_label,code_workspace_control_label,task_pages__workspace__code_workspace_control_label,manual_boundary_seed,option_letter,keyed_bbox_map|role,,,,
pages,workspace,task_pages__workspace__professional_target_label,professional_target_label,file_dialog_control_label,file_dialog_control_label,task_pages__workspace__file_dialog_control_label,manual_boundary_seed,option_letter,keyed_bbox_map|role,,,,
pages,workspace,task_pages__workspace__professional_target_label,professional_target_label,toolbar_palette_control_label,toolbar_palette_control_label,task_pages__workspace__toolbar_palette_control_label,manual_boundary_seed,option_letter,keyed_bbox_map|role,,,,
physics,circuit_equivalent,task_physics__circuit_equivalent__total_capacitance_value,total_capacitance_value,total_capacitance,total_capacitance_value,task_physics__circuit_equivalent__total_capacitance_value,manual_boundary_seed,integer,keyed_bbox_map,,,,
physics,circuit_equivalent,task_physics__circuit_equivalent__total_resistance_value,total_resistance_value,total_resistance,total_resistance_value,task_physics__circuit_equivalent__total_resistance_value,manual_boundary_seed,integer,keyed_bbox_map,,,,
physics,collision,task_physics__collision__sticky_collision_direction_choice,sticky_collision_direction_choice,direction_choice,sticky_collision_direction_choice,task_physics__collision__sticky_collision_direction_choice,manual_boundary_seed,option_letter,keyed_point_map,,,,
physics,collision,task_physics__collision__sticky_collision_velocity_component_value,sticky_collision_velocity_component_value,velocity_component,sticky_collision_velocity_component_value,task_physics__collision__sticky_collision_velocity_component_value,manual_boundary_seed,integer,keyed_point_map,,,,
physics,electrostatic_field,task_physics__electrostatic_field__field_direction_choice,field_direction_choice,field_direction_choice,field_direction_choice,task_physics__electrostatic_field__field_direction_choice,manual_boundary_seed,option_letter,keyed_point_map,,,,
physics,electrostatic_field,task_physics__electrostatic_field__potential_value,potential_value,potential_value,potential_value,task_physics__electrostatic_field__potential_value,manual_boundary_seed,integer,keyed_point_map,,,,
physics,electrostatic_field,task_physics__electrostatic_field__zero_field_point_label,zero_field_point_label,zero_field_point_label,zero_field_point_label,task_physics__electrostatic_field__zero_field_point_label,manual_boundary_seed,option_letter,keyed_point_map,,,,
physics,fluid_flow,task_physics__fluid_flow__continuity_speed_value,continuity_speed_value,continuity_missing_speed,continuity_speed_value,task_physics__fluid_flow__continuity_speed_value,manual_boundary_seed,integer,keyed_bbox_map,,,,
physics,hydraulic,task_physics__hydraulic__hydraulic_missing_value,hydraulic_missing_value,missing_input_force,hydraulic_missing_value,task_physics__hydraulic__hydraulic_missing_value,manual_boundary_seed,integer,keyed_bbox_map,,,,
physics,hydraulic,task_physics__hydraulic__hydraulic_missing_value,hydraulic_missing_value,missing_output_force,hydraulic_missing_value,task_physics__hydraulic__hydraulic_missing_value,manual_boundary_seed,integer,keyed_bbox_map,,,,
physics,hydraulic,task_physics__hydraulic__hydraulic_missing_value,hydraulic_missing_value,missing_piston_area,hydraulic_missing_value,task_physics__hydraulic__hydraulic_missing_value,manual_boundary_seed,integer,keyed_bbox_map,,,,
physics,hydraulic,task_physics__hydraulic__hydraulic_missing_value,hydraulic_missing_value,missing_input_area,hydraulic_missing_value,task_physics__hydraulic__hydraulic_missing_value,manual_boundary_seed,integer,keyed_bbox_map,,,,
physics,lever,task_physics__lever__missing_weight_balance_value,missing_weight_balance_value,missing_weight_to_balance,missing_weight_balance_value,task_physics__lever__missing_weight_balance_value,manual_boundary_seed,integer,keyed_bbox_set_map,,,,
physics,lever,task_physics__lever__side_torque_value,side_torque_value,side_torque,side_torque_value,task_physics__lever__side_torque_value,manual_boundary_seed,integer,bbox_set|unordered,,,,
physics,magnetic_force,task_physics__magnetic_force__force_direction_choice,force_direction_choice,force_direction_choice,force_direction_choice,task_physics__magnetic_force__force_direction_choice,manual_boundary_seed,option_letter,keyed_bbox_map,,,,
physics,motion_graph,task_physics__motion_graph__speed_change_state_choice,speed_change_state_choice,speed_change_state_choice,speed_change_state_choice,task_physics__motion_graph__speed_change_state_choice,manual_boundary_seed,option_letter,keyed_bbox_map,,,,
physics,motion_graph,task_physics__motion_graph__velocity_sign_choice,velocity_sign_choice,velocity_sign_choice,velocity_sign_choice,task_physics__motion_graph__velocity_sign_choice,manual_boundary_seed,option_letter,keyed_bbox_map,,,,
physics,pulley,task_physics__pulley__pulley_mechanical_advantage,pulley_mechanical_advantage,force_relation,pulley_mechanical_advantage,task_physics__pulley__pulley_mechanical_advantage,manual_boundary_seed,integer,keyed_bbox_map,,,,
physics,pv_diagram,task_physics__pv_diagram__pv_process_sign_choice,pv_process_sign_choice,process_sign_choice,pv_process_sign_choice,task_physics__pv_diagram__pv_process_sign_choice,manual_boundary_seed,option_letter,bbox_set|unordered,,,,
physics,pv_diagram,task_physics__pv_diagram__pv_work_value,pv_work_value,work_value,pv_work_value,task_physics__pv_diagram__pv_work_value,manual_boundary_seed,integer,bbox_set|unordered,,,,
physics,ray_optics,task_physics__ray_optics__ray_bounce_count,ray_bounce_count,bounce_count,ray_bounce_count,task_physics__ray_optics__ray_bounce_count,manual_boundary_seed,integer,point_set|unordered,,,,
physics,ray_optics,task_physics__ray_optics__ray_target_hit_count,ray_target_hit_count,target_hit_count,ray_target_hit_count,task_physics__ray_optics__ray_target_hit_count,manual_boundary_seed,integer,point_set|unordered,,,,
physics,spring,task_physics__spring__spring_extension_difference,spring_extension_difference,extension_difference,spring_extension_difference,task_physics__spring__spring_extension_difference,manual_boundary_seed,integer,bbox_set|unordered,,,,
physics,spring,task_physics__spring__spring_missing_value,spring_missing_value,missing_value,spring_missing_value,task_physics__spring__spring_missing_value,manual_boundary_seed,integer,keyed_bbox_map,,,,
physics,wave_interference,task_physics__wave_interference__interference_point_choice,interference_point_choice,interference_point_choice,interference_point_choice,task_physics__wave_interference__interference_point_choice,manual_boundary_seed,option_letter,point_set|unordered,,,,
physics,wave_interference,task_physics__wave_interference__path_difference_value,path_difference_value,path_difference_value,path_difference_value,task_physics__wave_interference__path_difference_value,manual_boundary_seed,integer,keyed_bbox_map,,,,
physics,signal_transform,task_physics__signal_transform__periodic_harmonic_spectrum_match_label,periodic_harmonic_spectrum_match_label,periodic_wave_harmonic_spectrum,periodic_harmonic_spectrum_match_label,task_physics__signal_transform__periodic_harmonic_spectrum_match_label,manual_boundary_seed,option_letter,keyed_bbox_map,,,,
physics,signal_transform,task_physics__signal_transform__pulse_width_spectrum_match_label,pulse_width_spectrum_match_label,pulse_width_spectrum,pulse_width_spectrum_match_label,task_physics__signal_transform__pulse_width_spectrum_match_label,manual_boundary_seed,option_letter,keyed_bbox_map,,,,
physics,signal_transform,task_physics__signal_transform__sinusoid_component_spectrum_match_label,sinusoid_component_spectrum_match_label,sinusoid_component_spectrum,sinusoid_component_spectrum_match_label,task_physics__signal_transform__sinusoid_component_spectrum_match_label,manual_boundary_seed,option_letter,keyed_bbox_map,,,,
misc,agent_automaton,task_misc__agent_automaton__agent_cell_flip_count,agent_cell_flip_count,marked_region_flip_count,agent_cell_flip_count,task_misc__agent_automaton__agent_cell_flip_count,manual_boundary_seed,integer,bbox_set,,,,
misc,agent_automaton,task_misc__agent_automaton__agent_final_pose_label,agent_final_pose_label,binary_rule_final_pose,agent_final_pose_label,task_misc__agent_automaton__agent_final_pose_label,manual_boundary_seed,option_letter,keyed_bbox_map,,,,
misc,agent_automaton,task_misc__agent_automaton__agent_final_pose_label,agent_final_pose_label,three_state_rule_final_pose,agent_final_pose_label,task_misc__agent_automaton__agent_final_pose_label,manual_boundary_seed,option_letter,keyed_bbox_map,,,,
misc,analog_clock,task_misc__analog_clock__offset_readout,offset_readout,minutes_after,offset_readout,task_misc__analog_clock__offset_readout,manual_boundary_seed,string,keyed_point_map,,,,
misc,analog_clock,task_misc__analog_clock__offset_readout,offset_readout,minutes_before,offset_readout,task_misc__analog_clock__offset_readout,manual_boundary_seed,string,keyed_point_map,,,,
puzzles,arithmetic_constraint,task_puzzles__arithmetic_constraint__arithmetic_constraint_value,arithmetic_constraint_value,consecutive_window_sum_value,consecutive_window_sum_value,task_puzzles__arithmetic_constraint__consecutive_window_sum_value,manual_boundary_seed,integer,bbox_set,,,,
puzzles,arithmetic_constraint,task_puzzles__arithmetic_constraint__arithmetic_constraint_value,arithmetic_constraint_value,equal_sum_line_constraint_value,equal_sum_line_constraint_value,task_puzzles__arithmetic_constraint__equal_sum_line_constraint_value,manual_boundary_seed,integer,bbox_set,,,,
puzzles,arithmetic_constraint,task_puzzles__arithmetic_constraint__arithmetic_constraint_value,arithmetic_constraint_value,paired_cluster_sum_relation_value,paired_cluster_sum_relation_value,task_puzzles__arithmetic_constraint__paired_cluster_sum_relation_value,manual_boundary_seed,integer,bbox_set,,,,
puzzles,arithmetic_constraint,task_puzzles__arithmetic_constraint__cryptarithm_digit_value,cryptarithm_digit_value,hidden_addition_digit_value,vertical_arithmetic_hidden_digit_value,task_puzzles__arithmetic_constraint__vertical_arithmetic_hidden_digit_value,manual_boundary_seed,integer,bbox_set,,,,
puzzles,arithmetic_constraint,task_puzzles__arithmetic_constraint__cryptarithm_digit_value,cryptarithm_digit_value,hidden_subtraction_digit_value,vertical_arithmetic_hidden_digit_value,task_puzzles__arithmetic_constraint__vertical_arithmetic_hidden_digit_value,manual_boundary_seed,integer,bbox_set,,,,
puzzles,arithmetic_constraint,task_puzzles__arithmetic_constraint__cryptarithm_digit_value,cryptarithm_digit_value,letter_digit_value,letter_digit_value,task_puzzles__arithmetic_constraint__letter_digit_value,manual_boundary_seed,integer,bbox_set,,,,
puzzles,arithmetic_constraint,task_puzzles__arithmetic_constraint__number_wall_value,number_wall_value,addition_wall_missing_value,number_wall_value,task_puzzles__arithmetic_constraint__number_wall_value,manual_boundary_seed,integer,bbox_set,,,,
puzzles,arithmetic_constraint,task_puzzles__arithmetic_constraint__number_wall_value,number_wall_value,difference_wall_missing_value,number_wall_value,task_puzzles__arithmetic_constraint__number_wall_value,manual_boundary_seed,integer,bbox_set,,,,
puzzles,arithmetic_constraint,task_puzzles__arithmetic_constraint__number_wall_value,number_wall_value,multiplication_pyramid_value,number_wall_value,task_puzzles__arithmetic_constraint__number_wall_value,manual_boundary_seed,integer,bbox_set,,,,
puzzles,arithmetic_constraint,task_puzzles__arithmetic_constraint__operator_grid_value,operator_grid_value,operation_table_cell_value,operation_table_cell_value,task_puzzles__arithmetic_constraint__operation_table_cell_value,manual_boundary_seed,integer,bbox_set,,,,
puzzles,arithmetic_constraint,task_puzzles__arithmetic_constraint__operator_grid_value,operator_grid_value,row_column_total_missing_value,row_column_total_missing_value,task_puzzles__arithmetic_constraint__row_column_total_missing_value,manual_boundary_seed,integer,bbox_set,,,,
puzzles,cell_board,task_puzzles__cell_board__attribute_count,attribute_count,color_cell_count,single_attribute_membership_count,task_puzzles__cell_board__single_attribute_membership_count,manual_contract_v0_count_family_refinement,integer,point_set,,,,
puzzles,cell_board,task_puzzles__cell_board__attribute_count,attribute_count,column_color_cell_count,scoped_attribute_count,task_puzzles__cell_board__scoped_attribute_count,manual_contract_v0_count_family_refinement,integer,point_set,,,,
puzzles,cell_board,task_puzzles__cell_board__attribute_count,attribute_count,edge_color_cell_count,scoped_attribute_count,task_puzzles__cell_board__scoped_attribute_count,manual_contract_v0_count_family_refinement,integer,point_set,,,,
puzzles,cell_board,task_puzzles__cell_board__attribute_count,attribute_count,row_color_cell_count,scoped_attribute_count,task_puzzles__cell_board__scoped_attribute_count,manual_contract_v0_count_family_refinement,integer,point_set,,,,
puzzles,cell_board,task_puzzles__cell_board__color_region_count,color_region_count,color_components,color_component_count,task_puzzles__cell_board__color_component_count,manual_boundary_seed,integer,point_set,,,,
puzzles,cell_board,task_puzzles__cell_board__color_region_count,color_region_count,largest_component_size,largest_component_size,task_puzzles__cell_board__largest_component_size,manual_boundary_seed,integer,point_set,,,,
puzzles,cell_board,task_puzzles__cell_board__path_distance,path_distance,min_distance,minimum_color_set_distance_value,task_puzzles__cell_board__minimum_color_set_distance_value,manual_boundary_seed,integer,point_sequence,,,,
puzzles,cell_board,task_puzzles__cell_board__path_distance,path_distance,shortest_path,shortest_path_length_value,task_puzzles__cell_board__shortest_path_length_value,manual_boundary_seed,integer,point_sequence,,,,
puzzles,cell_board,task_puzzles__cell_board__reachability_count,reachability_count,reachable_target_count,reachable_target_count,task_puzzles__cell_board__reachable_target_count,manual_boundary_seed,integer,point_set,,,,
puzzles,cell_board,task_puzzles__cell_board__reachability_count,reachability_count,region_size,reachable_region_size,task_puzzles__cell_board__reachable_region_size,manual_boundary_seed,integer,point_set,,,,
puzzles,cell_board,task_puzzles__cell_board__reachability_count,reachability_count,unreachable_target_count,reachable_target_count,task_puzzles__cell_board__reachable_target_count,manual_boundary_seed,integer,point_set,,,,
puzzles,cell_board,task_puzzles__cell_board__symmetry_violation_count,symmetry_violation_count,symmetry_violation_count,symmetry_violation_count,task_puzzles__cell_board__symmetry_violation_count,manual_boundary_seed,integer,point_set,,,,
misc,clock_collection,task_misc__clock_collection__compare,compare,earliest_time_label,compare,task_misc__clock_collection__compare,manual_boundary_seed,string,bbox_set,,,,
misc,clock_collection,task_misc__clock_collection__compare,compare,latest_time_label,compare,task_misc__clock_collection__compare,manual_boundary_seed,string,bbox_set,,,,
puzzles,color_gradient,task_puzzles__color_gradient__color_gradient_completion_label,color_gradient_completion_label,linear_gradient_completion_label,color_gradient_completion_label,task_puzzles__color_gradient__color_gradient_completion_label,manual_boundary_seed,option_letter,keyed_bbox_map,,,,
puzzles,color_gradient,task_puzzles__color_gradient__color_gradient_violation_cell_label,color_gradient_violation_cell_label,color_gradient_violation_cell_label,color_gradient_violation_cell_label,task_puzzles__color_gradient__color_gradient_violation_cell_label,manual_boundary_seed,option_letter,bbox_set,,,,
puzzles,counterfactual_board,task_puzzles__counterfactual_board__board_grid_count,board_grid_count,column_count,board_dimension_count,task_puzzles__counterfactual_board__board_dimension_count,manual_boundary_seed,integer,bbox_set,,,,
puzzles,counterfactual_board,task_puzzles__counterfactual_board__board_grid_count,board_grid_count,horizontal_line_count,board_line_count,task_puzzles__counterfactual_board__board_line_count,manual_boundary_seed,integer,bbox_set,,,,
puzzles,counterfactual_board,task_puzzles__counterfactual_board__board_grid_count,board_grid_count,row_count,board_dimension_count,task_puzzles__counterfactual_board__board_dimension_count,manual_boundary_seed,integer,bbox_set,,,,
puzzles,counterfactual_board,task_puzzles__counterfactual_board__board_grid_count,board_grid_count,vertical_line_count,board_line_count,task_puzzles__counterfactual_board__board_line_count,manual_boundary_seed,integer,bbox_set,,,,
puzzles,cube_net,task_puzzles__cube_net__cube_net_face_relation_label,cube_net_face_relation_label,marked_edge_neighbor_face_label,cube_net_face_relation_label,task_puzzles__cube_net__cube_net_face_relation_label,manual_boundary_seed,option_letter,keyed_bbox_map,,,,
puzzles,cube_net,task_puzzles__cube_net__cube_net_face_relation_label,cube_net_face_relation_label,opposite_face_label,cube_net_face_relation_label,task_puzzles__cube_net__cube_net_face_relation_label,manual_boundary_seed,option_letter,keyed_bbox_map,,,,
puzzles,cube_net,task_puzzles__cube_net__cube_rolling_result_label,cube_rolling_result_label,final_front_face_label,cube_rolling_result_label,task_puzzles__cube_net__cube_rolling_result_label,manual_boundary_seed,option_letter,keyed_bbox_map,,,,
puzzles,cube_net,task_puzzles__cube_net__cube_rolling_result_label,cube_rolling_result_label,final_right_face_label,cube_rolling_result_label,task_puzzles__cube_net__cube_rolling_result_label,manual_boundary_seed,option_letter,keyed_bbox_map,,,,
puzzles,cube_net,task_puzzles__cube_net__cube_rolling_result_label,cube_rolling_result_label,final_top_face_label,cube_rolling_result_label,task_puzzles__cube_net__cube_rolling_result_label,manual_boundary_seed,option_letter,keyed_bbox_map,,,,
puzzles,cube_net,task_puzzles__cube_net__surface_net_path_label,surface_net_path_label,folded_path_endpoint_label,folded_path_endpoint_label,task_puzzles__cube_net__folded_path_endpoint_label,manual_boundary_seed,option_letter,keyed_bbox_map,,,,
puzzles,cube_net,task_puzzles__cube_net__surface_net_path_label,surface_net_path_label,folded_path_face_sequence_label,folded_path_face_sequence_label,task_puzzles__cube_net__folded_path_face_sequence_label,manual_boundary_seed,option_letter,keyed_bbox_map,,,,
puzzles,cyclic_order,task_puzzles__cyclic_order__cyclic_order_equivalent_label,cyclic_order_equivalent_label,cyclic_order_equivalent_label,cyclic_order_equivalent_label,task_puzzles__cyclic_order__cyclic_order_equivalent_label,manual_boundary_seed,option_letter,bbox_set,,,,
misc,dice_probability,task_misc__dice_probability__dice_conditional_event_value,dice_conditional_event_value,conditional_color_given_value_property_probability,dice_conditional_event_value,task_misc__dice_probability__dice_conditional_event_value,manual_boundary_seed,string,keyed_bbox_map,,,,
misc,dice_probability,task_misc__dice_probability__dice_conditional_event_value,dice_conditional_event_value,conditional_color_given_value_set_probability,dice_conditional_event_value,task_misc__dice_probability__dice_conditional_event_value,manual_boundary_seed,string,keyed_bbox_map,,,,
misc,dice_probability,task_misc__dice_probability__dice_conditional_event_value,dice_conditional_event_value,conditional_value_property_given_color_probability,dice_conditional_event_value,task_misc__dice_probability__dice_conditional_event_value,manual_boundary_seed,string,keyed_bbox_map,,,,
misc,dice_probability,task_misc__dice_probability__dice_pair_event_value,dice_pair_event_value,pair_color_value_combo_probability,pair_attribute_combo_probability,task_misc__dice_probability__pair_attribute_combo_probability,manual_boundary_seed,string,keyed_bbox_map,,,,
misc,dice_probability,task_misc__dice_probability__dice_pair_event_value,dice_pair_event_value,pair_difference_probability,pair_difference_probability,task_misc__dice_probability__pair_difference_probability,manual_boundary_seed,string,keyed_bbox_map,,,,
misc,dice_probability,task_misc__dice_probability__dice_pair_event_value,dice_pair_event_value,pair_parity_combo_probability,pair_attribute_combo_probability,task_misc__dice_probability__pair_attribute_combo_probability,manual_boundary_seed,string,keyed_bbox_map,,,,
misc,dice_probability,task_misc__dice_probability__dice_pair_event_value,dice_pair_event_value,pair_sum_probability,pair_sum_probability,task_misc__dice_probability__pair_sum_probability,manual_boundary_seed,string,keyed_bbox_map,,,,
misc,dice_probability,task_misc__dice_probability__dice_pair_event_value,dice_pair_event_value,pair_sum_threshold_probability,pair_sum_threshold_probability,task_misc__dice_probability__pair_sum_threshold_probability,manual_boundary_seed,string,keyed_bbox_map,,,,
misc,dice_probability,task_misc__dice_probability__dice_single_event_value,dice_single_event_value,single_color_and_value_probability,single_attribute_probability,task_misc__dice_probability__single_attribute_probability,manual_boundary_seed,string,keyed_bbox_map,,,,
misc,dice_probability,task_misc__dice_probability__dice_single_event_value,dice_single_event_value,single_color_or_value_probability,single_attribute_probability,task_misc__dice_probability__single_attribute_probability,manual_boundary_seed,string,keyed_bbox_map,,,,
misc,dice_probability,task_misc__dice_probability__dice_single_event_value,dice_single_event_value,single_parity_probability,single_attribute_probability,task_misc__dice_probability__single_attribute_probability,manual_boundary_seed,string,keyed_bbox_map,,,,
misc,dice_probability,task_misc__dice_probability__dice_single_event_value,dice_single_event_value,single_threshold_probability,single_threshold_probability,task_misc__dice_probability__single_threshold_probability,manual_boundary_seed,string,keyed_bbox_map,,,,
misc,dice_probability,task_misc__dice_probability__dice_single_event_value,dice_single_event_value,single_value_set_probability,single_attribute_probability,task_misc__dice_probability__single_attribute_probability,manual_boundary_seed,string,keyed_bbox_map,,,,
misc,life_automaton,task_misc__life_automaton__life_future_grid_label,life_future_grid_label,one_step_future_grid,life_future_grid_label,task_misc__life_automaton__life_future_grid_label,manual_boundary_seed,option_letter,keyed_bbox_map,,,,
misc,life_automaton,task_misc__life_automaton__life_future_grid_label,life_future_grid_label,two_step_future_grid,life_future_grid_label,task_misc__life_automaton__life_future_grid_label,manual_boundary_seed,option_letter,keyed_bbox_map,,,,
misc,life_automaton,task_misc__life_automaton__life_population_count,life_population_count,marked_line_live_count,life_population_count,task_misc__life_automaton__life_population_count,manual_boundary_seed,integer,bbox_set,,,,
puzzles,logic_grid,task_puzzles__logic_grid__grid_king_non_touch_label,grid_king_non_touch_label,king_non_touch,grid_king_non_touch_label,task_puzzles__logic_grid__grid_king_non_touch_label,manual_boundary_seed,option_letter,keyed_bbox_map,,,,
puzzles,logic_grid,task_puzzles__logic_grid__grid_uniqueness_completion_label,grid_uniqueness_completion_label,grid_uniqueness_completion,grid_uniqueness_completion_label,task_puzzles__logic_grid__grid_uniqueness_completion_label,manual_boundary_seed,option_letter,keyed_bbox_map,,,,
puzzles,matchstick,task_puzzles__matchstick__matchstick_loose_endpoint_extremum_label,matchstick_loose_endpoint_extremum_label,fewest_loose_endpoints,matchstick_loose_endpoint_extremum_label,task_puzzles__matchstick__matchstick_loose_endpoint_extremum_label,manual_boundary_seed,option_letter,bbox_set,,,,
puzzles,matchstick,task_puzzles__matchstick__matchstick_loose_endpoint_extremum_label,matchstick_loose_endpoint_extremum_label,most_loose_endpoints,matchstick_loose_endpoint_extremum_label,task_puzzles__matchstick__matchstick_loose_endpoint_extremum_label,manual_boundary_seed,option_letter,bbox_set,,,,
puzzles,matchstick,task_puzzles__matchstick__matchstick_number_transform_label,matchstick_number_transform_label,add_one_stick,matchstick_number_transform_label,task_puzzles__matchstick__matchstick_number_transform_label,manual_boundary_seed,option_letter,keyed_bbox_map,,,,
puzzles,matchstick,task_puzzles__matchstick__matchstick_number_transform_label,matchstick_number_transform_label,remove_one_stick,matchstick_number_transform_label,task_puzzles__matchstick__matchstick_number_transform_label,manual_boundary_seed,option_letter,keyed_bbox_map,,,,
puzzles,maze,task_puzzles__maze__exit_reachability_label,exit_reachability_label,exit_reachability_label,exit_reachability_label,task_puzzles__maze__exit_reachability_label,manual_boundary_seed,string,bbox_set,,,,
puzzles,maze,task_puzzles__maze__reachable_exit_count,reachable_exit_count,reachable_exit_count,reachable_exit_count,task_puzzles__maze__reachable_exit_count,manual_boundary_seed,integer,bbox_set,,,,
misc,music_staff,task_misc__music_staff__bar_count_value,bar_count_value,bar_count_value,bar_count_value,task_misc__music_staff__bar_count_value,manual_boundary_seed,integer,bbox_set,,,,
misc,music_staff,task_misc__music_staff__chord_harmony_label,chord_harmony_label,chord_inversion_label,chord_harmony_label,task_misc__music_staff__chord_harmony_label,manual_boundary_seed,string,bbox_set,,,,
misc,music_staff,task_misc__music_staff__chord_harmony_label,chord_harmony_label,chord_quality_label,chord_harmony_label,task_misc__music_staff__chord_harmony_label,manual_boundary_seed,string,bbox_set,,,,
misc,music_staff,task_misc__music_staff__chord_harmony_label,chord_harmony_label,roman_numeral_label,chord_harmony_label,task_misc__music_staff__chord_harmony_label,manual_boundary_seed,string,bbox_set,,,,
misc,music_staff,task_misc__music_staff__dominant_chord_count,dominant_chord_count,dominant_count_value,dominant_chord_count,task_misc__music_staff__dominant_chord_count,manual_boundary_seed,integer,bbox_set,,,,
misc,music_staff,task_misc__music_staff__duration_equivalence_label,duration_equivalence_label,duration_equivalence_label,duration_equivalence_label,task_misc__music_staff__duration_equivalence_label,manual_boundary_seed,string,bbox_set,,,,
misc,music_staff,task_misc__music_staff__key_scale_label,key_scale_label,key_signature_label,key_signature_label,task_misc__music_staff__key_signature_label,manual_boundary_seed,string,bbox_set,,,,
misc,music_staff,task_misc__music_staff__key_scale_label,key_scale_label,scale_degree_function_label,scale_degree_function_label,task_misc__music_staff__scale_degree_function_label,manual_boundary_seed,string,bbox_set,,,,
misc,music_staff,task_misc__music_staff__key_scale_label,key_scale_label,scale_validation_truth_label,scale_validation_truth_label,task_misc__music_staff__scale_validation_truth_label,manual_boundary_seed,string,bbox_set,,,,
misc,music_staff,task_misc__music_staff__meter_rhythm_label,meter_rhythm_label,articulation_symbol_label,articulation_symbol_label,task_misc__music_staff__articulation_symbol_label,manual_boundary_seed,string,bbox_set,,,,
misc,music_staff,task_misc__music_staff__meter_rhythm_label,meter_rhythm_label,meter_type_label,meter_type_label,task_misc__music_staff__meter_type_label,manual_boundary_seed,string,bbox_set,,,,
misc,music_staff,task_misc__music_staff__meter_rhythm_label,meter_rhythm_label,time_signature_label,time_signature_label,task_misc__music_staff__time_signature_label,manual_boundary_seed,string,bbox_set,,,,
misc,music_staff,task_misc__music_staff__pitch_interval_label,pitch_interval_label,interval_name_label,interval_name_label,task_misc__music_staff__interval_name_label,manual_boundary_seed,string,bbox_set,,,,
misc,music_staff,task_misc__music_staff__pitch_interval_label,pitch_interval_label,note_name_label,note_name_label,task_misc__music_staff__note_name_label,manual_boundary_seed,string,bbox_set,,,,
misc,music_staff,task_misc__music_staff__pitch_interval_label,pitch_interval_label,same_pitch_truth_label,same_pitch_truth_label,task_misc__music_staff__same_pitch_truth_label,manual_boundary_seed,string,bbox_set,,,,
misc,music_staff,task_misc__music_staff__pitch_interval_label,pitch_interval_label,transposed_pitch_truth_label,transposed_pitch_truth_label,task_misc__music_staff__transposed_pitch_truth_label,manual_boundary_seed,string,bbox_set,,,,
puzzles,nonogram,task_puzzles__nonogram__nonogram_candidate_solution_label,nonogram_candidate_solution_label,candidate_solution_label,nonogram_candidate_solution_label,task_puzzles__nonogram__nonogram_candidate_solution_label,manual_boundary_seed,option_letter,bbox_set,,,,
puzzles,nonogram,task_puzzles__nonogram__nonogram_line_completion_label,nonogram_line_completion_label,line_completion_label,nonogram_line_completion_label,task_puzzles__nonogram__nonogram_line_completion_label,manual_boundary_seed,option_letter,bbox_set,,,,
puzzles,overlay,task_puzzles__overlay__overlay_result_label,overlay_result_label,overlay_result,overlay_result_label,task_puzzles__overlay__overlay_result_label,manual_boundary_seed,option_letter,bbox_set,,,,
puzzles,paper_fold,task_puzzles__paper_fold__paper_fold_result_label,paper_fold_result_label,paper_fold_result,paper_fold_result_label,task_puzzles__paper_fold__paper_fold_result_label,manual_boundary_seed,option_letter,bbox_set,,,,
puzzles,paper_fold_cut,task_puzzles__paper_fold_cut__paper_fold_cut_result_label,paper_fold_cut_result_label,paper_fold_cut_result,paper_fold_cut_result_label,task_puzzles__paper_fold_cut__paper_fold_cut_result_label,manual_boundary_seed,option_letter,bbox_set,,,,
puzzles,pipe_flow,task_puzzles__pipe_flow__pipe_flow_repair_tile_label,pipe_flow_repair_tile_label,flow_repair_tile_label,pipe_flow_repair_tile_label,task_puzzles__pipe_flow__pipe_flow_repair_tile_label,manual_boundary_seed,option_letter,bbox_set,,,,
puzzles,polyomino_missing,task_puzzles__polyomino_missing__polyomino_missing_region_piece_label,polyomino_missing_region_piece_label,marked_region_piece_label,marked_region_piece_label,task_puzzles__polyomino_missing__marked_region_piece_label,manual_boundary_seed,option_letter,bbox_set,,,,
puzzles,polyomino_missing,task_puzzles__polyomino_missing__polyomino_missing_region_piece_label,polyomino_missing_region_piece_label,rectangle_complement_piece,rectangle_complement_piece,task_puzzles__polyomino_missing__rectangle_complement_piece,manual_boundary_seed,option_letter,bbox_set,,,,
puzzles,raven_matrix,task_puzzles__raven_matrix__raven_analogical_transform_label,raven_analogical_transform_label,analogical_transform_matrix,raven_analogical_transform_label,task_puzzles__raven_matrix__raven_analogical_transform_label,manual_boundary_seed,option_letter,bbox_set,,,,
puzzles,raven_matrix,task_puzzles__raven_matrix__raven_count_progression_label,raven_count_progression_label,count_progression_matrix,raven_count_progression_label,task_puzzles__raven_matrix__raven_count_progression_label,manual_boundary_seed,option_letter,bbox_set,,,,
puzzles,raven_matrix,task_puzzles__raven_matrix__raven_position_progression_label,raven_position_progression_label,position_progression_matrix,raven_position_progression_label,task_puzzles__raven_matrix__raven_position_progression_label,manual_boundary_seed,option_letter,bbox_set,,,,
puzzles,raven_matrix,task_puzzles__raven_matrix__raven_set_operation_label,raven_set_operation_label,set_operation_matrix,raven_set_operation_label,task_puzzles__raven_matrix__raven_set_operation_label,manual_boundary_seed,option_letter,bbox_set,,,,
puzzles,raven_matrix,task_puzzles__raven_matrix__raven_spatial_transform_label,raven_spatial_transform_label,spatial_transform_matrix,raven_spatial_transform_label,task_puzzles__raven_matrix__raven_spatial_transform_label,manual_boundary_seed,option_letter,bbox_set,,,,
puzzles,rubiks_net,task_puzzles__rubiks_net__rubiks_face_color_count_label,rubiks_face_color_count_label,one_move_face_color_count_label,post_move_face_color_count_label,task_puzzles__rubiks_net__post_move_face_color_count_label,manual_boundary_seed,option_letter,bbox_set,,,,
puzzles,rubiks_net,task_puzzles__rubiks_net__rubiks_face_color_count_label,rubiks_face_color_count_label,short_sequence_face_color_count_label,post_move_face_color_count_label,task_puzzles__rubiks_net__post_move_face_color_count_label,manual_boundary_seed,option_letter,bbox_set,,,,
puzzles,rubiks_net,task_puzzles__rubiks_net__rubiks_face_color_count_label,rubiks_face_color_count_label,static_face_color_count_label,static_face_color_count_label,task_puzzles__rubiks_net__static_face_color_count_label,manual_boundary_seed,option_letter,bbox_set,,,,
puzzles,rubiks_net,task_puzzles__rubiks_net__rubiks_move_result_label,rubiks_move_result_label,inverse_sequence_result_label,rubiks_move_result_label,task_puzzles__rubiks_net__rubiks_move_result_label,manual_boundary_seed,option_letter,bbox_set,,,,
puzzles,rubiks_net,task_puzzles__rubiks_net__rubiks_move_result_label,rubiks_move_result_label,one_move_result_label,rubiks_move_result_label,task_puzzles__rubiks_net__rubiks_move_result_label,manual_boundary_seed,option_letter,bbox_set,,,,
puzzles,rubiks_net,task_puzzles__rubiks_net__rubiks_move_result_label,rubiks_move_result_label,two_move_result_label,rubiks_move_result_label,task_puzzles__rubiks_net__rubiks_move_result_label,manual_boundary_seed,option_letter,bbox_set,,,,
puzzles,rubiks_net,task_puzzles__rubiks_net__rubiks_sticker_color_label,rubiks_sticker_color_label,one_move_sticker_color_label,post_move_sticker_color_label,task_puzzles__rubiks_net__post_move_sticker_color_label,manual_boundary_seed,option_letter,bbox_set,,,,
puzzles,rubiks_net,task_puzzles__rubiks_net__rubiks_sticker_color_label,rubiks_sticker_color_label,short_sequence_sticker_color_label,post_move_sticker_color_label,task_puzzles__rubiks_net__post_move_sticker_color_label,manual_boundary_seed,option_letter,bbox_set,,,,
puzzles,rubiks_net,task_puzzles__rubiks_net__rubiks_sticker_color_label,rubiks_sticker_color_label,static_sticker_color_label,static_sticker_color_label,task_puzzles__rubiks_net__static_sticker_color_label,manual_boundary_seed,option_letter,bbox_set,,,,
games,sliding_block,task_games__sliding_block__sliding_block_blocker_count,sliding_block_blocker_count,sliding_block_blocker_count,sliding_block_blocker_count,task_games__sliding_block__sliding_block_blocker_count,manual_boundary_seed,integer,bbox_set,,,,
games,sliding_block,task_games__sliding_block__movable_block_count,movable_block_count,movable_block_count,movable_block_count,task_games__sliding_block__movable_block_count,manual_boundary_seed,integer,bbox_set,,,,
games,sliding_block,task_games__sliding_block__sliding_block_move_result_label,sliding_block_move_result_label,sliding_block_move_result_label,sliding_block_move_result_label,task_games__sliding_block__sliding_block_move_result_label,manual_boundary_seed,option_letter,bbox_set,,,,
games,sokoban,task_games__sokoban__box_target_manhattan_rank_label,box_target_manhattan_rank_label,box_target_manhattan_rank_label,box_target_manhattan_rank_label,task_games__sokoban__box_target_manhattan_rank_label,manual_boundary_seed,option_letter,bbox_set,,,,
games,sokoban,task_games__sokoban__nearest_counterpart_label,nearest_counterpart_label,nearest_counterpart_label,nearest_counterpart_label,task_games__sokoban__nearest_counterpart_label,manual_boundary_seed,option_letter,bbox_set,,,,
games,sokoban,task_games__sokoban__path_validity_sequence_label,path_validity_sequence_label,path_validity_sequence_label,path_validity_sequence_label,task_games__sokoban__path_validity_sequence_label,manual_boundary_seed,option_letter,bbox_set,,,,
games,sokoban,task_games__sokoban__shortest_path_sequence_label,shortest_path_sequence_label,shortest_path_sequence_label,shortest_path_sequence_label,task_games__sokoban__shortest_path_sequence_label,manual_boundary_seed,option_letter,bbox_set,,,,
misc,spinner_probability,task_misc__spinner_probability__spinner_compound_event_value,spinner_compound_event_value,single_color_and_shape_probability,multi_attribute_and_probability,task_misc__spinner_probability__multi_attribute_and_probability,manual_boundary_seed,string,bbox_set,,,,
misc,spinner_probability,task_misc__spinner_probability__spinner_compound_event_value,spinner_compound_event_value,single_color_or_shape_probability,multi_attribute_or_probability,task_misc__spinner_probability__multi_attribute_or_probability,manual_boundary_seed,string,bbox_set,,,,
misc,spinner_probability,task_misc__spinner_probability__spinner_compound_event_value,spinner_compound_event_value,single_color_probability,single_attribute_probability,task_misc__spinner_probability__single_attribute_probability,manual_boundary_seed,string,bbox_set,,,,
misc,spinner_probability,task_misc__spinner_probability__spinner_compound_event_value,spinner_compound_event_value,single_shape_probability,single_attribute_probability,task_misc__spinner_probability__single_attribute_probability,manual_boundary_seed,string,bbox_set,,,,
misc,spinner_probability,task_misc__spinner_probability__spinner_pair_event_value,spinner_pair_event_value,pair_at_least_one_target_color_probability,spinner_pair_event_value,task_misc__spinner_probability__spinner_pair_event_value,manual_boundary_seed,string,bbox_set,,,,
misc,spinner_probability,task_misc__spinner_probability__spinner_pair_event_value,spinner_pair_event_value,pair_both_target_color_probability,spinner_pair_event_value,task_misc__spinner_probability__spinner_pair_event_value,manual_boundary_seed,string,bbox_set,,,,
misc,spinner_probability,task_misc__spinner_probability__spinner_pair_event_value,spinner_pair_event_value,pair_same_color_probability,spinner_pair_event_value,task_misc__spinner_probability__spinner_pair_event_value,manual_boundary_seed,string,bbox_set,,,,
puzzles,star_battle,task_puzzles__star_battle__star_battle_remaining_count,star_battle_remaining_count,remaining_valid_cells_in_marked_column_count,star_battle_remaining_count,task_puzzles__star_battle__star_battle_remaining_count,manual_boundary_seed,integer,bbox_set,,,,
puzzles,star_battle,task_puzzles__star_battle__star_battle_remaining_count,star_battle_remaining_count,remaining_valid_cells_in_marked_region_count,star_battle_remaining_count,task_puzzles__star_battle__star_battle_remaining_count,manual_boundary_seed,integer,bbox_set,,,,
puzzles,star_battle,task_puzzles__star_battle__star_battle_remaining_count,star_battle_remaining_count,remaining_valid_cells_in_marked_row_count,star_battle_remaining_count,task_puzzles__star_battle__star_battle_remaining_count,manual_boundary_seed,integer,bbox_set,,,,
puzzles,star_battle,task_puzzles__star_battle__star_battle_valid_cell_label,star_battle_valid_cell_label,valid_cell_anywhere_label,valid_cell_anywhere_label,task_puzzles__star_battle__valid_cell_anywhere_label,manual_boundary_seed,option_letter,bbox_set,,,,
puzzles,star_battle,task_puzzles__star_battle__star_battle_valid_cell_label,star_battle_valid_cell_label,valid_cell_for_marked_row_label,scoped_valid_cell_label,task_puzzles__star_battle__scoped_valid_cell_label,manual_boundary_seed,option_letter,bbox_set,,,,
puzzles,star_battle,task_puzzles__star_battle__star_battle_valid_cell_label,star_battle_valid_cell_label,valid_cell_in_marked_region_label,scoped_valid_cell_label,task_puzzles__star_battle__scoped_valid_cell_label,manual_boundary_seed,option_letter,bbox_set,,,,
puzzles,string_topology,task_puzzles__string_topology__string_component_count,string_component_count,closed_loop_count,string_component_count,task_puzzles__string_topology__string_component_count,manual_boundary_seed,integer,bbox_set,,,,
puzzles,string_topology,task_puzzles__string_topology__string_component_count,string_component_count,knotted_component_count,string_component_count,task_puzzles__string_topology__string_component_count,manual_boundary_seed,integer,bbox_set,,,,
puzzles,string_topology,task_puzzles__string_topology__string_component_count,string_component_count,open_rope_count,string_component_count,task_puzzles__string_topology__string_component_count,manual_boundary_seed,integer,bbox_set,,,,
puzzles,tangram,task_puzzles__tangram__tangram_contact_count,tangram_contact_count,contact_count,tangram_contact_count,task_puzzles__tangram__tangram_contact_count,manual_boundary_seed,integer,bbox_set,,,,
puzzles,tangram,task_puzzles__tangram__tangram_missing_piece_label,tangram_missing_piece_label,missing_piece_label,tangram_missing_piece_label,task_puzzles__tangram__tangram_missing_piece_label,manual_boundary_seed,option_letter,bbox_set,,,,
puzzles,tents,task_puzzles__tents__tents_missing_tent_cell_label,tents_missing_tent_cell_label,missing_tent_cell_label,tents_missing_tent_cell_label,task_puzzles__tents__tents_missing_tent_cell_label,manual_boundary_seed,option_letter,bbox_set,,,,
puzzles,tents,task_puzzles__tents__tents_valid_candidate_count,tents_valid_candidate_count,valid_candidate_count,tents_valid_candidate_count,task_puzzles__tents__tents_valid_candidate_count,manual_boundary_seed,integer,bbox_set,,,,
puzzles,toggle_grid,task_puzzles__toggle_grid__toggle_repair_switch_label,toggle_repair_switch_label,toggle_repair_switch_label,toggle_repair_switch_label,task_puzzles__toggle_grid__toggle_repair_switch_label,manual_boundary_seed,option_letter,bbox_set,,,,
puzzles,toggle_grid,task_puzzles__toggle_grid__toggle_result_label,toggle_result_label,toggle_result_label,toggle_result_label,task_puzzles__toggle_grid__toggle_result_label,manual_boundary_seed,option_letter,bbox_set,,,,
misc,turing_tape,task_misc__turing_tape__turing_written_symbol_count,turing_written_symbol_count,written_symbol_count,turing_written_symbol_count,task_misc__turing_tape__turing_written_symbol_count,manual_boundary_seed,integer,bbox_set,,,,
puzzles,voxel_cube,task_puzzles__voxel_cube__cube_count,cube_count,cube_count,cube_count,task_puzzles__voxel_cube__cube_count,manual_boundary_seed,integer,bbox_set,,,,
puzzles,voxel_cube,task_puzzles__voxel_cube__cube_painted_face_count,cube_painted_face_count,painted_face_count,cube_painted_face_count,task_puzzles__voxel_cube__cube_painted_face_count,manual_boundary_seed,integer,bbox_set,,,,
puzzles,voxel_cube,task_puzzles__voxel_cube__cube_projection_consistency_label,cube_projection_consistency_label,projection_consistency_label,cube_projection_consistency_label,task_puzzles__voxel_cube__cube_projection_consistency_label,manual_boundary_seed,string,bbox_set,,,,
puzzles,voxel_cube,task_puzzles__voxel_cube__cube_projection_match_label,cube_projection_match_label,projection_match_label,cube_projection_match_label,task_puzzles__voxel_cube__cube_projection_match_label,manual_boundary_seed,string,bbox_set,,,,
puzzles,voxel_cube,task_puzzles__voxel_cube__cube_structure_change_count,cube_structure_change_count,cube_structure_change_count,cube_structure_change_count,task_puzzles__voxel_cube__cube_structure_change_count,manual_boundary_seed,integer,bbox_set,,,,
puzzles,voxel_cube,task_puzzles__voxel_cube__cube_visible_projection_count,cube_visible_projection_count,visible_cube_count,cube_visible_projection_count,task_puzzles__voxel_cube__cube_visible_projection_count,manual_boundary_seed,integer,bbox_set,,,,
puzzles,voxel_ladder,task_puzzles__voxel_ladder__checkpoint_reachability,checkpoint_reachability,reachable_checkpoint_count,reachable_checkpoint_count,task_puzzles__voxel_ladder__reachable_checkpoint_count,manual_boundary_seed,integer,bbox_set,,,,
puzzles,voxel_ladder,task_puzzles__voxel_ladder__checkpoint_reachability,checkpoint_reachability,unreachable_checkpoint_label,unreachable_checkpoint_label,task_puzzles__voxel_ladder__unreachable_checkpoint_label,manual_boundary_seed,string,bbox_set,,,,
puzzles,voxel_ladder,task_puzzles__voxel_ladder__checkpoint_sequence_label,checkpoint_sequence_label,checkpoint_sequence_label,checkpoint_sequence_label,task_puzzles__voxel_ladder__checkpoint_sequence_label,manual_boundary_seed,option_letter,bbox_set,,,,
puzzles,word_search,task_puzzles__word_search__search_letter_count_value,search_letter_count_value,letter_count_value,search_letter_count_value,task_puzzles__word_search__search_letter_count_value,manual_boundary_seed,integer,bbox_set,,,,
puzzles,word_search,task_puzzles__word_search__search_location_label,search_location_label,word_location_label,search_location_label,task_puzzles__word_search__search_location_label,manual_boundary_seed,option_letter,bbox_set,,,,
puzzles,word_search,task_puzzles__word_search__search_present_word_count,search_present_word_count,present_word_count,search_present_word_count,task_puzzles__word_search__search_present_word_count,manual_boundary_seed,integer,bbox_set,,,,
three_d,object_cluster,task_three_d__object_cluster__instance_count,instance_count,type_count,single_attribute_membership_count,task_three_d__object_cluster__single_attribute_membership_count,manual_boundary_seed,integer,bbox_set|unordered,,,,
three_d,object_scene,task_three_d__object_scene__between_references_label,between_references_label,between_references,between_references_label,task_three_d__object_scene__between_references_label,manual_boundary_seed,option_letter,bbox_set|one,,,,
three_d,object_scene,task_three_d__object_scene__camera_distance_extremum_label,camera_distance_extremum_label,closest_to_camera,camera_distance_extremum_label,task_three_d__object_scene__camera_distance_extremum_label,manual_boundary_seed,option_letter,bbox_set|one,,,,
three_d,object_scene,task_three_d__object_scene__camera_distance_extremum_label,camera_distance_extremum_label,farthest_from_camera,camera_distance_extremum_label,task_three_d__object_scene__camera_distance_extremum_label,manual_boundary_seed,option_letter,bbox_set|one,,,,
three_d,object_scene,task_three_d__object_scene__counterfactual_attribute_count,counterfactual_attribute_count,attribute_count_after_edits,counterfactual_count,task_three_d__object_scene__counterfactual_count,manual_boundary_seed,integer,bbox_set|unordered,,,,
three_d,object_scene,task_three_d__object_scene__height_extremum_label,height_extremum_label,highest_above_floor,height_extremum_label,task_three_d__object_scene__height_extremum_label,manual_boundary_seed,option_letter,bbox_set|one,,,,
three_d,object_scene,task_three_d__object_scene__height_extremum_label,height_extremum_label,lowest_above_floor,height_extremum_label,task_three_d__object_scene__height_extremum_label,manual_boundary_seed,option_letter,bbox_set|one,,,,
three_d,object_scene,task_three_d__object_scene__landmark_correspondence_label,landmark_correspondence_label,landmark_correspondence,landmark_correspondence_label,task_three_d__object_scene__landmark_correspondence_label,manual_boundary_seed,option_letter,keyed_point_map|role,,,,
three_d,object_scene,task_three_d__object_scene__logical_predicate_count,logical_predicate_count,color_and_not_object_type_count,multi_attribute_exclusion_count,task_three_d__object_scene__multi_attribute_exclusion_count,manual_contract_v0_count_family_refinement,integer,bbox_set|unordered,,,,
three_d,object_scene,task_three_d__object_scene__logical_predicate_count,logical_predicate_count,color_union_count,single_attribute_membership_count,task_three_d__object_scene__single_attribute_membership_count,manual_contract_v0_count_family_refinement,integer,bbox_set|unordered,,,,
three_d,object_scene,task_three_d__object_scene__logical_predicate_count,logical_predicate_count,exactly_one_object_type_or_color_count,multi_attribute_xor_count,task_three_d__object_scene__multi_attribute_xor_count,manual_contract_v0_count_family_refinement,integer,bbox_set|unordered,,,,
three_d,object_scene,task_three_d__object_scene__logical_predicate_count,logical_predicate_count,object_type_and_color_count,multi_attribute_and_count,task_three_d__object_scene__multi_attribute_and_count,manual_contract_v0_count_family_refinement,integer,bbox_set|unordered,,,,
three_d,object_scene,task_three_d__object_scene__logical_predicate_count,logical_predicate_count,object_type_and_not_color_count,multi_attribute_exclusion_count,task_three_d__object_scene__multi_attribute_exclusion_count,manual_contract_v0_count_family_refinement,integer,bbox_set|unordered,,,,
three_d,object_scene,task_three_d__object_scene__logical_predicate_count,logical_predicate_count,object_type_or_color_count,multi_attribute_or_count,task_three_d__object_scene__multi_attribute_or_count,manual_contract_v0_count_family_refinement,integer,bbox_set|unordered,,,,
three_d,object_scene,task_three_d__object_scene__logical_predicate_count,logical_predicate_count,object_type_union_count,single_attribute_membership_count,task_three_d__object_scene__single_attribute_membership_count,manual_contract_v0_count_family_refinement,integer,bbox_set|unordered,,,,
three_d,object_scene,task_three_d__object_scene__marked_point_depth_extremum_label,marked_point_depth_extremum_label,closest_marked_point,marked_point_depth_extremum_label,task_three_d__object_scene__marked_point_depth_extremum_label,manual_boundary_seed,option_letter,keyed_point_map|role,,,,
three_d,object_scene,task_three_d__object_scene__marked_point_depth_extremum_label,marked_point_depth_extremum_label,farthest_marked_point,marked_point_depth_extremum_label,task_three_d__object_scene__marked_point_depth_extremum_label,manual_boundary_seed,option_letter,keyed_point_map|role,,,,
three_d,object_scene,task_three_d__object_scene__marked_point_vertical_relation_label,marked_point_vertical_relation_label,directly_above_reference,marked_point_vertical_relation_label,task_three_d__object_scene__marked_point_vertical_relation_label,manual_boundary_seed,option_letter,keyed_point_map|role,,,,
three_d,object_scene,task_three_d__object_scene__multiview_object_match_label,multiview_object_match_label,same_object_in_second_view,multiview_object_match_label,task_three_d__object_scene__multiview_object_match_label,manual_boundary_seed,option_letter,keyed_bbox_map|role,,,,
three_d,object_scene,task_three_d__object_scene__named_object_count,named_object_count,object_type_count,single_attribute_membership_count,task_three_d__object_scene__single_attribute_membership_count,manual_contract_v0_count_family_refinement,integer,bbox_set|unordered,,,,
three_d,object_scene,task_three_d__object_scene__object_relation_label,object_relation_label,inside_prop,object_relation_label,task_three_d__object_scene__object_relation_label,manual_boundary_seed,option_letter,bbox_set|one,,,,
three_d,object_scene,task_three_d__object_scene__object_relation_label,object_relation_label,on_top_of_prop,object_relation_label,task_three_d__object_scene__object_relation_label,manual_boundary_seed,option_letter,bbox_set|one,,,,
three_d,object_scene,task_three_d__object_scene__object_relation_label,object_relation_label,under_prop,object_relation_label,task_three_d__object_scene__object_relation_label,manual_boundary_seed,option_letter,bbox_set|one,,,,
three_d,object_scene,task_three_d__object_scene__occlusion_order_label,occlusion_order_label,in_front_of_reference,occlusion_order_label,task_three_d__object_scene__occlusion_order_label,manual_boundary_seed,option_letter,bbox_set|one,,,,
three_d,object_scene,task_three_d__object_scene__reference_nearest_label,reference_nearest_label,closest_to_reference,reference_nearest_label,task_three_d__object_scene__reference_nearest_label,manual_boundary_seed,option_letter,bbox_set|one,,,,
three_d,object_scene,task_three_d__object_scene__spatial_relation_count,spatial_relation_count,inside_reference_count,relation_attribute_count,task_three_d__object_scene__relation_attribute_count,manual_boundary_seed,integer,bbox_set|unordered,,,,
three_d,object_scene,task_three_d__object_scene__spatial_relation_count,spatial_relation_count,on_top_of_reference_count,relation_attribute_count,task_three_d__object_scene__relation_attribute_count,manual_boundary_seed,integer,bbox_set|unordered,,,,
three_d,object_scene,task_three_d__object_scene__spatial_relation_count,spatial_relation_count,under_reference_count,relation_attribute_count,task_three_d__object_scene__relation_attribute_count,manual_boundary_seed,integer,bbox_set|unordered,,,,
three_d,object_scene,task_three_d__object_scene__view_relation_count,view_relation_count,closer_to_camera_than_reference_count,camera_depth_relation_count,task_three_d__object_scene__camera_depth_relation_count,manual_boundary_seed,integer,bbox_set|unordered,,,,
three_d,object_scene,task_three_d__object_scene__view_relation_count,view_relation_count,farther_from_camera_than_reference_count,camera_depth_relation_count,task_three_d__object_scene__camera_depth_relation_count,manual_boundary_seed,integer,bbox_set|unordered,,,,
three_d,object_scene,task_three_d__object_scene__view_relation_count,view_relation_count,left_of_reference_in_view_count,image_plane_lateral_relation_count,task_three_d__object_scene__image_plane_lateral_relation_count,manual_boundary_seed,integer,bbox_set|unordered,,,,
three_d,object_scene,task_three_d__object_scene__view_relation_count,view_relation_count,right_of_reference_in_view_count,image_plane_lateral_relation_count,task_three_d__object_scene__image_plane_lateral_relation_count,manual_boundary_seed,integer,bbox_set|unordered,,,,
three_d,room,task_three_d__room__wall_mounted_object_count,wall_mounted_object_count,air_conditioner_wall_mounted_count,multi_attribute_and_count,task_three_d__room__multi_attribute_and_count,manual_boundary_seed,integer,bbox_set,,,,
three_d,room,task_three_d__room__wall_mounted_object_count,wall_mounted_object_count,clock_wall_mounted_count,multi_attribute_and_count,task_three_d__room__multi_attribute_and_count,manual_boundary_seed,integer,bbox_set,,,,
three_d,room,task_three_d__room__wall_mounted_object_count,wall_mounted_object_count,hanging_coat_wall_mounted_count,multi_attribute_and_count,task_three_d__room__multi_attribute_and_count,manual_boundary_seed,integer,bbox_set,,,,
three_d,room,task_three_d__room__wall_mounted_object_count,wall_mounted_object_count,mirror_wall_mounted_count,multi_attribute_and_count,task_three_d__room__multi_attribute_and_count,manual_boundary_seed,integer,bbox_set,,,,
three_d,room,task_three_d__room__wall_mounted_object_count,wall_mounted_object_count,picture_frame_wall_mounted_count,multi_attribute_and_count,task_three_d__room__multi_attribute_and_count,manual_boundary_seed,integer,bbox_set,,,,
three_d,room,task_three_d__room__wall_mounted_object_count,wall_mounted_object_count,tv_wall_mounted_count,multi_attribute_and_count,task_three_d__room__multi_attribute_and_count,manual_boundary_seed,integer,bbox_set,,,,
three_d,room,task_three_d__room__wall_mounted_object_count,wall_mounted_object_count,wall_fan_wall_mounted_count,multi_attribute_and_count,task_three_d__room__multi_attribute_and_count,manual_boundary_seed,integer,bbox_set,,,,
three_d,room,task_three_d__room__wall_mounted_object_count,wall_mounted_object_count,wall_shelf_wall_mounted_count,multi_attribute_and_count,task_three_d__room__multi_attribute_and_count,manual_boundary_seed,integer,bbox_set,,,,
three_d,room,task_three_d__room__wall_object_camera_distance_label,wall_object_camera_distance_label,closest_to_camera,wall_object_camera_distance_label,task_three_d__room__wall_object_camera_distance_label,manual_boundary_seed,option_letter,bbox_set|one,,,,
three_d,room,task_three_d__room__wall_object_same_wall_reference_label,wall_object_same_wall_reference_label,same_wall_as_reference,wall_object_same_wall_reference_label,task_three_d__room__wall_object_same_wall_reference_label,manual_boundary_seed,option_letter,bbox_set|one,,,,
three_d,room,task_three_d__room__wall_object_side_relation_label,wall_object_side_relation_label,left_of_reference_on_wall,wall_object_side_relation_label,task_three_d__room__wall_object_side_relation_label,manual_boundary_seed,option_letter,bbox_set|one,,,,
three_d,room,task_three_d__room__wall_object_side_relation_label,wall_object_side_relation_label,right_of_reference_on_wall,wall_object_side_relation_label,task_three_d__room__wall_object_side_relation_label,manual_boundary_seed,option_letter,bbox_set|one,,,,
three_d,street,task_three_d__street__intersection_nearest_label,intersection_nearest_label,closest_to_intersection,intersection_nearest_label,task_three_d__street__intersection_nearest_label,manual_boundary_seed,option_letter,bbox_set|one,,,,
three_d,street,task_three_d__street__lane_ahead_object_label,lane_ahead_object_label,ahead_along_lane,lane_ahead_object_label,task_three_d__street__lane_ahead_object_label,manual_boundary_seed,option_letter,bbox_set|one,,,,
three_d,street,task_three_d__street__same_road_arm_reference_label,same_road_arm_reference_label,same_road_arm_as_reference,same_road_arm_reference_label,task_three_d__street__same_road_arm_reference_label,manual_boundary_seed,option_letter,bbox_set|one,,,,
three_d,warehouse,task_three_d__warehouse__robot_forward_path_label,robot_forward_path_label,first_object_ahead,robot_forward_path_label,task_three_d__warehouse__robot_forward_path_label,manual_boundary_seed,option_letter,bbox_set|one,,,,
three_d,warehouse,task_three_d__warehouse__robot_nearest_object_label,robot_nearest_object_label,closest_object_to_robot,nearest_candidate_to_reference_label,task_three_d__warehouse__nearest_candidate_to_reference_label,manual_contract_v0_nearest_role_refinement,option_letter,bbox_set|one,,,,
three_d,warehouse,task_three_d__warehouse__robot_nearest_object_label,robot_nearest_object_label,closest_robot_to_reference,nearest_candidate_to_reference_label,task_three_d__warehouse__nearest_candidate_to_reference_label,manual_contract_v0_nearest_role_refinement,option_letter,bbox_set|one,,,,
three_d,warehouse,task_three_d__warehouse__shelf_level_object_count,shelf_level_object_count,bottom_shelf_item_count,scoped_attribute_count,task_three_d__warehouse__scoped_attribute_count,manual_boundary_seed,integer,bbox_set,,,,
three_d,warehouse,task_three_d__warehouse__shelf_level_object_count,shelf_level_object_count,middle_shelf_item_count,scoped_attribute_count,task_three_d__warehouse__scoped_attribute_count,manual_boundary_seed,integer,bbox_set,,,,
three_d,warehouse,task_three_d__warehouse__shelf_level_object_count,shelf_level_object_count,top_shelf_item_count,scoped_attribute_count,task_three_d__warehouse__scoped_attribute_count,manual_boundary_seed,integer,bbox_set,,,,
illustrations,environment,task_illustrations__environment__crossing_feature_count,crossing_feature_count,crossing_feature_count,crossing_feature_count,task_illustrations__environment__crossing_feature_count,manual_boundary_seed,integer,bbox_set,,,,
illustrations,environment,task_illustrations__environment__feature_side_object_count,feature_side_object_count,feature_side_object_count,feature_side_object_count,task_illustrations__environment__feature_side_object_count,manual_boundary_seed,integer,bbox_set,,,,
illustrations,environment,task_illustrations__environment__lit_window_count,lit_window_count,building_window_count,lit_window_count,task_illustrations__environment__lit_window_count,manual_boundary_seed,integer,bbox_set,,,,
illustrations,environment,task_illustrations__environment__on_feature_object_count,on_feature_object_count,on_feature_object_count,on_feature_object_count,task_illustrations__environment__on_feature_object_count,manual_boundary_seed,integer,bbox_set,,,,
illustrations,image_cutout_board,task_illustrations__image_cutout_board__jigsaw_piece_order,jigsaw_piece_order,jigsaw_piece_order,jigsaw_piece_order,task_illustrations__image_cutout_board__jigsaw_piece_order,manual_boundary_seed,string,bbox_sequence,,,,
illustrations,image_cutout_board,task_illustrations__image_cutout_board__rotated_tile_label,rotated_tile_label,rotated_tile_label,rotated_tile_label,task_illustrations__image_cutout_board__rotated_tile_label,manual_boundary_seed,option_letter,bbox_set,,,,
illustrations,indoor_room,task_illustrations__indoor_room__furniture_side_count,furniture_side_count,furniture_side_count,furniture_side_count,task_illustrations__indoor_room__furniture_side_count,manual_boundary_seed,integer,bbox_set,,,,
illustrations,indoor_room,task_illustrations__indoor_room__surface_object_count,surface_object_count,object_type_on_surface_count,surface_object_count,task_illustrations__indoor_room__surface_object_count,manual_boundary_seed,integer,bbox_set,,,,
illustrations,library,task_illustrations__library__books_in_section_count,books_in_section_count,books_in_section_count,books_in_section_count,task_illustrations__library__books_in_section_count,manual_boundary_seed,integer,bbox_set,,,,
illustrations,library,task_illustrations__library__filtered_book_in_section_count,filtered_book_in_section_count,book_color_in_section_count,filtered_book_in_section_count,task_illustrations__library__filtered_book_in_section_count,manual_boundary_seed,integer,bbox_set,,,,
illustrations,library,task_illustrations__library__filtered_book_in_section_count,filtered_book_in_section_count,upright_book_in_section_count,filtered_book_in_section_count,task_illustrations__library__filtered_book_in_section_count,manual_boundary_seed,integer,bbox_set,,,,
illustrations,library,task_illustrations__library__filtered_book_in_section_count,filtered_book_in_section_count,horizontal_book_in_section_count,filtered_book_in_section_count,task_illustrations__library__filtered_book_in_section_count,manual_boundary_seed,integer,bbox_set,,,,
illustrations,park_playground,task_illustrations__park_playground__activity_person_count,activity_person_count,sitting_person_count,activity_person_count,task_illustrations__park_playground__activity_person_count,manual_boundary_seed,integer,bbox_set,,,,
illustrations,park_playground,task_illustrations__park_playground__activity_person_count,activity_person_count,walking_person_count,activity_person_count,task_illustrations__park_playground__activity_person_count,manual_boundary_seed,integer,bbox_set,,,,
illustrations,park_playground,task_illustrations__park_playground__activity_person_count,activity_person_count,standing_person_count,activity_person_count,task_illustrations__park_playground__activity_person_count,manual_boundary_seed,integer,bbox_set,,,,
illustrations,park_playground,task_illustrations__park_playground__activity_person_count,activity_person_count,playing_ball_person_count,activity_person_count,task_illustrations__park_playground__activity_person_count,manual_boundary_seed,integer,bbox_set,,,,
illustrations,park_playground,task_illustrations__park_playground__area_person_count,area_person_count,playground_area_person_count,area_person_count,task_illustrations__park_playground__area_person_count,manual_boundary_seed,integer,bbox_set,,,,
illustrations,park_playground,task_illustrations__park_playground__area_person_count,area_person_count,garden_area_person_count,area_person_count,task_illustrations__park_playground__area_person_count,manual_boundary_seed,integer,bbox_set,,,,
illustrations,park_playground,task_illustrations__park_playground__equipment_use_person_count,equipment_use_person_count,person_using_slide_count,equipment_use_person_count,task_illustrations__park_playground__equipment_use_person_count,manual_boundary_seed,integer,bbox_set,,,,
illustrations,park_playground,task_illustrations__park_playground__equipment_use_person_count,equipment_use_person_count,person_using_swing_set_count,equipment_use_person_count,task_illustrations__park_playground__equipment_use_person_count,manual_boundary_seed,integer,bbox_set,,,,
illustrations,park_playground,task_illustrations__park_playground__equipment_use_person_count,equipment_use_person_count,person_using_seesaw_count,equipment_use_person_count,task_illustrations__park_playground__equipment_use_person_count,manual_boundary_seed,integer,bbox_set,,,,
illustrations,park_playground,task_illustrations__park_playground__playground_equipment_count,playground_equipment_count,slide_count,playground_equipment_count,task_illustrations__park_playground__playground_equipment_count,manual_boundary_seed,integer,bbox_set,,,,
illustrations,park_playground,task_illustrations__park_playground__playground_equipment_count,playground_equipment_count,swing_set_count,playground_equipment_count,task_illustrations__park_playground__playground_equipment_count,manual_boundary_seed,integer,bbox_set,,,,
illustrations,park_playground,task_illustrations__park_playground__playground_equipment_count,playground_equipment_count,seesaw_count,playground_equipment_count,task_illustrations__park_playground__playground_equipment_count,manual_boundary_seed,integer,bbox_set,,,,
illustrations,park_playground,task_illustrations__park_playground__playground_equipment_count,playground_equipment_count,climbing_frame_count,playground_equipment_count,task_illustrations__park_playground__playground_equipment_count,manual_boundary_seed,integer,bbox_set,,,,
illustrations,single_object_figure,task_illustrations__single_object_figure__visible_part_count,visible_part_count,airplane_visible_wing_count,visible_part_count,task_illustrations__single_object_figure__visible_part_count,manual_boundary_seed,integer,bbox_set,,,,
illustrations,single_object_figure,task_illustrations__single_object_figure__visible_part_count,visible_part_count,bird_visible_leg_count,visible_part_count,task_illustrations__single_object_figure__visible_part_count,manual_boundary_seed,integer,bbox_set,,,,
illustrations,single_object_figure,task_illustrations__single_object_figure__visible_part_count,visible_part_count,butterfly_visible_wing_count,visible_part_count,task_illustrations__single_object_figure__visible_part_count,manual_boundary_seed,integer,bbox_set,,,,
illustrations,single_object_figure,task_illustrations__single_object_figure__visible_part_count,visible_part_count,bicycle_visible_wheel_count,visible_part_count,task_illustrations__single_object_figure__visible_part_count,manual_boundary_seed,integer,bbox_set,,,,
illustrations,single_object_figure,task_illustrations__single_object_figure__visible_part_count,visible_part_count,chair_visible_leg_count,visible_part_count,task_illustrations__single_object_figure__visible_part_count,manual_boundary_seed,integer,bbox_set,,,,
illustrations,single_object_figure,task_illustrations__single_object_figure__visible_part_count,visible_part_count,clover_visible_leaf_count,visible_part_count,task_illustrations__single_object_figure__visible_part_count,manual_boundary_seed,integer,bbox_set,,,,
illustrations,single_object_figure,task_illustrations__single_object_figure__visible_part_count,visible_part_count,fork_visible_tine_count,visible_part_count,task_illustrations__single_object_figure__visible_part_count,manual_boundary_seed,integer,bbox_set,,,,
illustrations,single_object_figure,task_illustrations__single_object_figure__visible_part_count,visible_part_count,glove_visible_finger_count,visible_part_count,task_illustrations__single_object_figure__visible_part_count,manual_boundary_seed,integer,bbox_set,,,,
illustrations,single_object_figure,task_illustrations__single_object_figure__visible_part_count,visible_part_count,quadruped_visible_leg_count,visible_part_count,task_illustrations__single_object_figure__visible_part_count,manual_boundary_seed,integer,bbox_set,,,,
illustrations,single_object_figure,task_illustrations__single_object_figure__visible_part_count,visible_part_count,snowflake_visible_arm_count,visible_part_count,task_illustrations__single_object_figure__visible_part_count,manual_boundary_seed,integer,bbox_set,,,,
illustrations,single_object_figure,task_illustrations__single_object_figure__visible_part_count,visible_part_count,star_visible_point_count,visible_part_count,task_illustrations__single_object_figure__visible_part_count,manual_boundary_seed,integer,bbox_set,,,,
illustrations,single_object_figure,task_illustrations__single_object_figure__visible_part_count,visible_part_count,traffic_light_visible_lens_count,visible_part_count,task_illustrations__single_object_figure__visible_part_count,manual_boundary_seed,integer,bbox_set,,,,
illustrations,source_scene_edit,task_illustrations__source_scene_edit__object_count_after_edit,object_count_after_edit,after_added_k_objects_count,object_count_after_edit,task_illustrations__source_scene_edit__object_count_after_edit,manual_boundary_seed,integer,bbox_set,,,,
illustrations,source_scene_edit,task_illustrations__source_scene_edit__object_count_after_edit,object_count_after_edit,after_removed_k_objects_count,object_count_after_edit,task_illustrations__source_scene_edit__object_count_after_edit,manual_boundary_seed,integer,bbox_set,,,,
illustrations,transit_terminal,task_illustrations__transit_terminal__luggage_in_boarding_area_count,luggage_in_boarding_area_count,luggage_in_boarding_area_count,luggage_in_boarding_area_count,task_illustrations__transit_terminal__luggage_in_boarding_area_count,manual_boundary_seed,integer,bbox_set,,,,
illustrations,transit_terminal,task_illustrations__transit_terminal__person_in_boarding_area_count,person_in_boarding_area_count,person_in_boarding_area_count,person_in_boarding_area_count,task_illustrations__transit_terminal__person_in_boarding_area_count,manual_boundary_seed,integer,bbox_set,,,,
illustrations,transit_terminal,task_illustrations__transit_terminal__person_in_queue_count,person_in_queue_count,person_in_queue_count,person_in_queue_count,task_illustrations__transit_terminal__person_in_queue_count,manual_boundary_seed,integer,bbox_set,,,,
misc,clock_match_panel,task_misc__clock_match_panel__equivalent_time_label,equivalent_time_label,analog_reference_digital_options,equivalent_time_label,task_misc__clock_match_panel__equivalent_time_label,manual_boundary_seed,string,keyed_bbox_map,,,,
misc,clock_match_panel,task_misc__clock_match_panel__equivalent_time_label,equivalent_time_label,digital_reference_analog_options,equivalent_time_label,task_misc__clock_match_panel__equivalent_time_label,manual_boundary_seed,string,keyed_bbox_map,,,,
misc,dice_probability,task_misc__dice_probability__pair_attribute_combo_probability,pair_attribute_combo_probability,pair_color_value_combo_probability,pair_attribute_combo_probability,task_misc__dice_probability__pair_attribute_combo_probability,manual_boundary_seed,string,keyed_bbox_map,,,,
misc,dice_probability,task_misc__dice_probability__pair_attribute_combo_probability,pair_attribute_combo_probability,pair_parity_combo_probability,pair_attribute_combo_probability,task_misc__dice_probability__pair_attribute_combo_probability,manual_boundary_seed,string,keyed_bbox_map,,,,
misc,dice_probability,task_misc__dice_probability__single_attribute_probability,single_attribute_probability,single_color_and_value_probability,single_attribute_probability,task_misc__dice_probability__single_attribute_probability,manual_boundary_seed,string,keyed_bbox_map,,,,
misc,dice_probability,task_misc__dice_probability__single_attribute_probability,single_attribute_probability,single_color_or_value_probability,single_attribute_probability,task_misc__dice_probability__single_attribute_probability,manual_boundary_seed,string,keyed_bbox_map,,,,
misc,dice_probability,task_misc__dice_probability__single_attribute_probability,single_attribute_probability,single_parity_probability,single_attribute_probability,task_misc__dice_probability__single_attribute_probability,manual_boundary_seed,string,keyed_bbox_map,,,,
misc,dice_probability,task_misc__dice_probability__single_attribute_probability,single_attribute_probability,single_value_set_probability,single_attribute_probability,task_misc__dice_probability__single_attribute_probability,manual_boundary_seed,string,keyed_bbox_map,,,,
misc,logic_gate_circuit,task_misc__logic_gate_circuit__output_value_count,output_value_count,output_one_count,output_value_count,task_misc__logic_gate_circuit__output_value_count,manual_boundary_seed,integer,point_set,,,,
misc,logic_gate_circuit,task_misc__logic_gate_circuit__output_value_count,output_value_count,output_zero_count,output_value_count,task_misc__logic_gate_circuit__output_value_count,manual_boundary_seed,integer,point_set,,,,
misc,logic_gate_circuit,task_misc__logic_gate_circuit__satisfying_assignment_label,satisfying_assignment_label,assignment_outputs_one_label,satisfying_assignment_label,task_misc__logic_gate_circuit__satisfying_assignment_label,manual_boundary_seed,string,keyed_bbox_map,,,,
misc,logic_gate_circuit,task_misc__logic_gate_circuit__satisfying_assignment_label,satisfying_assignment_label,assignment_outputs_zero_label,satisfying_assignment_label,task_misc__logic_gate_circuit__satisfying_assignment_label,manual_boundary_seed,string,keyed_bbox_map,,,,
misc,spinner_probability,task_misc__spinner_probability__multi_attribute_and_probability,multi_attribute_and_probability,single_color_and_shape_probability,multi_attribute_and_probability,task_misc__spinner_probability__multi_attribute_and_probability,manual_boundary_seed,string,bbox_set,,,,
misc,spinner_probability,task_misc__spinner_probability__multi_attribute_or_probability,multi_attribute_or_probability,single_color_or_shape_probability,multi_attribute_or_probability,task_misc__spinner_probability__multi_attribute_or_probability,manual_boundary_seed,string,bbox_set,,,,
misc,spinner_probability,task_misc__spinner_probability__single_attribute_probability,single_attribute_probability,single_color_probability,single_attribute_probability,task_misc__spinner_probability__single_attribute_probability,manual_boundary_seed,string,bbox_set,,,,
misc,spinner_probability,task_misc__spinner_probability__single_attribute_probability,single_attribute_probability,single_shape_probability,single_attribute_probability,task_misc__spinner_probability__single_attribute_probability,manual_boundary_seed,string,bbox_set,,,,
illustrations,construction_site,task_illustrations__construction_site__equipment_zone_count,equipment_zone_count,vehicle_in_zone_count,equipment_zone_count,task_illustrations__construction_site__equipment_zone_count,manual_boundary_seed,integer,bbox_set,,,,
illustrations,construction_site,task_illustrations__construction_site__missing_patch_label,missing_patch_label,plain_patch_label,missing_patch_label,task_illustrations__construction_site__missing_patch_label,manual_boundary_seed,option_letter,keyed_bbox_map,,,,
illustrations,construction_site,task_illustrations__construction_site__missing_patch_label,missing_patch_label,transformed_patch_label,missing_patch_label,task_illustrations__construction_site__missing_patch_label,manual_boundary_seed,option_letter,keyed_bbox_map,,,,
illustrations,construction_site,task_illustrations__construction_site__worker_attribute_count,worker_attribute_count,hard_hat_color_worker_count,worker_attribute_count,task_illustrations__construction_site__worker_attribute_count,manual_boundary_seed,integer,bbox_set,,,,
illustrations,construction_site,task_illustrations__construction_site__worker_attribute_count,worker_attribute_count,tool_holding_worker_count,worker_attribute_count,task_illustrations__construction_site__worker_attribute_count,manual_boundary_seed,integer,bbox_set,,,,
illustrations,construction_site,task_illustrations__construction_site__worker_attribute_count,worker_attribute_count,vest_color_worker_count,worker_attribute_count,task_illustrations__construction_site__worker_attribute_count,manual_boundary_seed,integer,bbox_set,,,,
