domain,scene_id,task_id,source_path,config_path,prompt_path,task_doc_path,review_path,answer_schema_doc,annotation_schema_doc,answer_schema_observed,annotation_schema_observed,query_ids_doc,query_ids_class,query_ids_manifest,query_ids_observed,program_contract,closest_neighbor,uniqueness_decision,notes
geometry,angle_relations,task_geometry__angle_relations__algebraic_angle_value,trace/tasks/geometry/angle_relations/algebraic_angle_value.py,configs/domains/geometry/angle_relations.yaml,,docs/tasks/geometry/angle_relations/task_geometry__angle_relations__algebraic_angle_value.md,review/task-reviews/geometry/angle_relations/task_geometry__angle_relations__algebraic_angle_value,integer_value,point_map,integer,point_map,target_angle_value,"target_angle_value,variable_x_value","target_angle_value,variable_x_value","target_angle_value,variable_x_value","derive_geometry_metric(visible_angle_relations_measurements, derivation_rule=algebraic_triangle_extension_expression, output_role=target_angle_measure|variable_x); scene=angle_relations; scope=algebraic_angle_value",task_geometry__angle_relations__triangle_exterior_angle (0.74),keep,
geometry,angle_relations,task_geometry__angle_relations__parallel_algebraic_angle_value,trace/tasks/geometry/angle_relations/parallel_algebraic_angle_value.py,configs/domains/geometry/angle_relations.yaml,,docs/tasks/geometry/angle_relations/task_geometry__angle_relations__parallel_algebraic_angle_value.md,review/task-reviews/geometry/angle_relations/task_geometry__angle_relations__parallel_algebraic_angle_value,integer_value,point_map,integer,point_map,single,single,single,single,"derive_geometry_metric(visible_parallel_line_angle_expressions, derivation_rule=same_side_supplementary_parallel_transversal_algebra, output_role=target_angle_measure); scene=angle_relations; scope=parallel_algebraic_angle_value",task_geometry__angle_relations__parallel_supplement_angle (0.63),keep,
geometry,angle_relations,task_geometry__angle_relations__parallel_supplement_angle,trace/tasks/geometry/angle_relations/parallel_supplement_angle.py,configs/domains/geometry/angle_relations.yaml,,docs/tasks/geometry/angle_relations/task_geometry__angle_relations__parallel_supplement_angle.md,review/task-reviews/geometry/angle_relations/task_geometry__angle_relations__parallel_supplement_angle,integer_value,point_map,integer,point_map,single,single,single,single,"derive_geometry_metric(visible_angle_relations_measurements, derivation_rule=parallel_supplement_angle, output_role=angle_measure); scene=angle_relations; scope=parallel_supplement_angle",task_geometry__angle_relations__triangle_exterior_angle (0.83),keep,
geometry,angle_relations,task_geometry__angle_relations__parallel_transversal_triangle_angle_value,trace/tasks/geometry/angle_relations/parallel_transversal_triangle_angle_value.py,configs/domains/geometry/angle_relations.yaml,,docs/tasks/geometry/angle_relations/task_geometry__angle_relations__parallel_transversal_triangle_angle_value.md,review/task-reviews/geometry/angle_relations/task_geometry__angle_relations__parallel_transversal_triangle_angle_value,integer_value,point_map,integer,point_map,single,single,single,single,"derive_geometry_metric(visible_parallel_line_opposite_triangle_exterior_angles, derivation_rule=supplementary_line_angles_then_triangle_sum_then_vertical_opposite_angle, output_role=angle_measure); scene=angle_relations; scope=parallel_transversal_triangle_angle_value",task_geometry__angle_relations__triangle_exterior_angle (0.67),keep,
geometry,angle_relations,task_geometry__angle_relations__triangle_exterior_angle,trace/tasks/geometry/angle_relations/triangle_exterior_angle.py,configs/domains/geometry/angle_relations.yaml,,docs/tasks/geometry/angle_relations/task_geometry__angle_relations__triangle_exterior_angle.md,review/task-reviews/geometry/angle_relations/task_geometry__angle_relations__triangle_exterior_angle,integer_value,point_map,integer,point_map,single,single,single,single,"derive_geometry_metric(visible_angle_relations_measurements, derivation_rule=triangle_exterior_angle, output_role=angle_measure); scene=angle_relations; scope=triangle_exterior_angle",task_geometry__angle_relations__parallel_supplement_angle (0.83),keep,
geometry,area_partition,task_geometry__area_partition__total_area_value,trace/tasks/geometry/area_partition/total_area_value.py,configs/domains/geometry/area_partition.yaml,,docs/tasks/geometry/area_partition/task_geometry__area_partition__total_area_value.md,review/task-reviews/geometry/area_partition/task_geometry__area_partition__total_area_value,integer_value,bbox_map,integer,bbox_map,single,single,single,single,"solve_formula(visible_area_partition_measurements, unknown_role=area_measure, formula_schema=shaded_unit_fraction_area_to_total_area, partition_rule=visible_fraction_partition_rule); scene=area_partition; scope=total_area_value",,keep,
geometry,bearing_route,task_geometry__bearing_route__endpoint_position_label,trace/tasks/geometry/bearing_route/endpoint_position_label.py,configs/domains/geometry/bearing_route.yaml,,docs/tasks/geometry/bearing_route/task_geometry__bearing_route__endpoint_position_label.md,review/task-reviews/geometry/bearing_route/task_geometry__bearing_route__endpoint_position_label,option_letter,point_map,option_letter,point_map,single,single,single,single,"follow_cardinal_bearing_steps_on_graph_paper(route_steps, candidate_endpoint_labels, unknown_role=selected_label); scene=bearing_route; scope=endpoint_position_label",task_geometry__bearing_route__final_bearing_value (0.29),keep,
geometry,bearing_route,task_geometry__bearing_route__final_bearing_value,trace/tasks/geometry/bearing_route/final_bearing_value.py,configs/domains/geometry/bearing_route.yaml,,docs/tasks/geometry/bearing_route/task_geometry__bearing_route__final_bearing_value.md,review/task-reviews/geometry/bearing_route/task_geometry__bearing_route__final_bearing_value,integer,point_map,integer,point_map,single,single,single,single,"solve_formula(visible_bearing_route_measurements, unknown_role=angle_measure, formula_schema=final_bearing_value); scene=bearing_route; scope=final_bearing_value",task_geometry__bearing_route__endpoint_position_label (0.29),keep,
geometry,circle_centerline_overlap,task_geometry__circle_centerline_overlap__segment_length_value,trace/tasks/geometry/circle_centerline_overlap/segment_length_value.py,configs/domains/geometry/circle_centerline_overlap.yaml,,docs/tasks/geometry/circle_centerline_overlap/task_geometry__circle_centerline_overlap__segment_length_value.md,review/task-reviews/geometry/circle_centerline_overlap/task_geometry__circle_centerline_overlap__segment_length_value,integer_value,segment,integer,segment,center_distance_from_overlap,"center_distance_from_overlap,boundary_segment_from_overlap","boundary_segment_from_overlap,center_distance_from_overlap","boundary_segment_from_overlap,center_distance_from_overlap","solve_formula(visible_collinear_circle_overlap_measurements, unknown_role=target_centerline_segment, formula_schema=circle_centerline_overlap_segment_length); scene=circle_centerline_overlap; scope=segment_length_value",,keep,
geometry,circle_pair_tangents,task_geometry__circle_pair_tangents__external_tangent_segment_length_value,trace/tasks/geometry/circle_pair_tangents/external_tangent_segment_length_value.py,configs/domains/geometry/circle_pair_tangents.yaml,,docs/tasks/geometry/circle_pair_tangents/task_geometry__circle_pair_tangents__external_tangent_segment_length_value.md,review/task-reviews/geometry/circle_pair_tangents/task_geometry__circle_pair_tangents__external_tangent_segment_length_value,integer_value,point_map,integer,point_map,tangent_segment_length_from_center_distance,"tangent_segment_length_from_center_distance,center_distance_from_tangent_segment_length","center_distance_from_tangent_segment_length,tangent_segment_length_from_center_distance","center_distance_from_tangent_segment_length,tangent_segment_length_from_center_distance","solve_formula(visible_external_common_tangent_measurements, unknown_role=tangent_length|center_distance, formula_schema=external_common_tangent_right_triangle); scene=circle_pair_tangents; scope=external_tangent_segment_length_value",,keep,
geometry,circle_polygon_composite,task_geometry__circle_polygon_composite__tangent_angle_value,trace/tasks/geometry/circle_polygon_composite/tangent_angle_value.py,configs/domains/geometry/circle_polygon_composite.yaml,,docs/tasks/geometry/circle_polygon_composite/task_geometry__circle_polygon_composite__tangent_angle_value.md,review/task-reviews/geometry/circle_polygon_composite/task_geometry__circle_polygon_composite__tangent_angle_value,integer_value,point_map,integer,point_map,single,single,single,single,"solve_formula(circle_polygon_tangent_angle_construction, unknown_role=target_angle, formula_schema=tangent_radius_perpendicular_angle_transfer); scene=circle_polygon_composite; scope=tangent_angle_value",task_geometry__circle_polygon_composite__tangential_quadrilateral_side_length_value (0.53),keep,
geometry,circle_polygon_composite,task_geometry__circle_polygon_composite__tangential_quadrilateral_side_length_value,trace/tasks/geometry/circle_polygon_composite/tangential_quadrilateral_side_length_value.py,configs/domains/geometry/circle_polygon_composite.yaml,,docs/tasks/geometry/circle_polygon_composite/task_geometry__circle_polygon_composite__tangential_quadrilateral_side_length_value.md,review/task-reviews/geometry/circle_polygon_composite/task_geometry__circle_polygon_composite__tangential_quadrilateral_side_length_value,integer_value,point_map,integer,point_map,missing_side_from_tangent_quadrilateral,single,single,single,"solve_formula(tangential_quadrilateral, unknown_role=missing_side_length, formula_schema=pitot_theorem); scene=circle_polygon_composite; scope=tangential_quadrilateral_side_length_value",task_geometry__circle_polygon_composite__tangent_angle_value (0.53),keep,
geometry,circle_theorem,task_geometry__circle_theorem__chord_length_from_radius_central_angle_value,trace/tasks/geometry/circle_theorem/chord_length_from_radius_central_angle_value.py,configs/domains/geometry/circle_theorem.yaml,,docs/tasks/geometry/circle_theorem/task_geometry__circle_theorem__chord_length_from_radius_central_angle_value.md,review/task-reviews/geometry/circle_theorem/task_geometry__circle_theorem__chord_length_from_radius_central_angle_value,number,point_map,number,point_map,single,single,single,single,"solve_formula(visible_circle_radius_and_central_angle, unknown_role=chord_length, formula_schema=chord_length_from_radius_central_angle); scene=circle_theorem; scope=chord_length_from_radius_central_angle_value",task_geometry__circle_theorem__chord_length_from_radius_inscribed_angle_value (0.88),keep,
geometry,circle_theorem,task_geometry__circle_theorem__chord_length_from_radius_inscribed_angle_value,trace/tasks/geometry/circle_theorem/chord_length_from_radius_inscribed_angle_value.py,configs/domains/geometry/circle_theorem.yaml,,docs/tasks/geometry/circle_theorem/task_geometry__circle_theorem__chord_length_from_radius_inscribed_angle_value.md,review/task-reviews/geometry/circle_theorem/task_geometry__circle_theorem__chord_length_from_radius_inscribed_angle_value,number,point_map,number,point_map,single,single,single,single,"solve_formula(visible_circle_radius_and_inscribed_angle, unknown_role=chord_length, formula_schema=inscribed_angle_to_central_angle_then_chord_length); scene=circle_theorem; scope=chord_length_from_radius_inscribed_angle_value",task_geometry__circle_theorem__chord_length_from_radius_central_angle_value (0.88),keep,
geometry,circle_theorem,task_geometry__circle_theorem__cyclic_quadrilateral_exterior_angle_value,trace/tasks/geometry/circle_theorem/cyclic_quadrilateral_exterior_angle_value.py,configs/domains/geometry/circle_theorem.yaml,,docs/tasks/geometry/circle_theorem/task_geometry__circle_theorem__cyclic_quadrilateral_exterior_angle_value.md,review/task-reviews/geometry/circle_theorem/task_geometry__circle_theorem__cyclic_quadrilateral_exterior_angle_value,integer_value,point_map,integer,point_map,single,single,single,single,"derive_geometry_metric(visible_cyclic_quadrilateral_with_extension_angles, derivation_rule=exterior_angle_equals_opposite_interior_angle, output_role=angle_measure); scene=circle_theorem; scope=cyclic_quadrilateral_exterior_angle_value",task_geometry__circle_theorem__cyclic_quadrilateral_opposite_angle_value (0.79),keep,
geometry,circle_theorem,task_geometry__circle_theorem__cyclic_quadrilateral_opposite_angle_value,trace/tasks/geometry/circle_theorem/cyclic_quadrilateral_opposite_angle_value.py,configs/domains/geometry/circle_theorem.yaml,,docs/tasks/geometry/circle_theorem/task_geometry__circle_theorem__cyclic_quadrilateral_opposite_angle_value.md,review/task-reviews/geometry/circle_theorem/task_geometry__circle_theorem__cyclic_quadrilateral_opposite_angle_value,integer_value,point_map,integer,point_map,single,single,single,single,"derive_geometry_metric(visible_cyclic_quadrilateral_angles, derivation_rule=opposite_angles_supplementary, output_role=angle_measure); scene=circle_theorem; scope=cyclic_quadrilateral_opposite_angle_value",task_geometry__circle_theorem__cyclic_quadrilateral_exterior_angle_value (0.79),keep,
geometry,circle_theorem,task_geometry__circle_theorem__diameter_perpendicular_chord_length_value,trace/tasks/geometry/circle_theorem/diameter_perpendicular_chord_length_value.py,configs/domains/geometry/circle_theorem.yaml,,docs/tasks/geometry/circle_theorem/task_geometry__circle_theorem__diameter_perpendicular_chord_length_value.md,review/task-reviews/geometry/circle_theorem/task_geometry__circle_theorem__diameter_perpendicular_chord_length_value,integer_value,point_map,integer,point_map,single,single,single,single,"solve_formula(visible_circle_theorem_measurements, unknown_role=length_measure, formula_schema=diameter_perpendicular_chord_length); scene=circle_theorem; scope=diameter_perpendicular_chord_length_value",task_geometry__circle_theorem__secant_secant_length_value (0.83),keep,
geometry,circle_theorem,task_geometry__circle_theorem__external_secant_angle_value,trace/tasks/geometry/circle_theorem/external_secant_angle_value.py,configs/domains/geometry/circle_theorem.yaml,,docs/tasks/geometry/circle_theorem/task_geometry__circle_theorem__external_secant_angle_value.md,review/task-reviews/geometry/circle_theorem/task_geometry__circle_theorem__external_secant_angle_value,integer_value,point_map,integer,point_map,single,single,single,single,"derive_geometry_metric(visible_circle_theorem_measurements, derivation_rule=external_two_secants_angle_from_arcs, output_role=angle_measure); scene=circle_theorem; scope=external_secant_angle_value",task_geometry__circle_theorem__inscribed_angle_value_inscribed_angle_from_arc (0.75),keep,
geometry,circle_theorem,task_geometry__circle_theorem__inscribed_angle_value_inscribed_angle_from_arc,trace/tasks/geometry/circle_theorem/inscribed_angle_value_inscribed_angle_from_arc.py,configs/domains/geometry/circle_theorem.yaml,,docs/tasks/geometry/circle_theorem/task_geometry__circle_theorem__inscribed_angle_value_inscribed_angle_from_arc.md,review/task-reviews/geometry/circle_theorem/task_geometry__circle_theorem__inscribed_angle_value_inscribed_angle_from_arc,integer_value,point_map,integer,point_map,single,single,single,single,"derive_geometry_metric(visible_circle_theorem_measurements, derivation_rule=inscribed_angle_from_arc, output_role=angle_measure); scene=circle_theorem; scope=inscribed_angle_value_inscribed_angle_from_arc",task_geometry__circle_theorem__tangent_chord_angle_value_tangent_chord_angle_from_arc (0.88),keep,
geometry,circle_theorem,task_geometry__circle_theorem__inscribed_central_angle_value,trace/tasks/geometry/circle_theorem/inscribed_central_angle_value.py,configs/domains/geometry/circle_theorem.yaml,,docs/tasks/geometry/circle_theorem/task_geometry__circle_theorem__inscribed_central_angle_value.md,review/task-reviews/geometry/circle_theorem/task_geometry__circle_theorem__inscribed_central_angle_value,integer_value,point_map,integer,point_map,inscribed_angle_from_central,"inscribed_angle_from_central,central_angle_from_inscribed","central_angle_from_inscribed,inscribed_angle_from_central","central_angle_from_inscribed,inscribed_angle_from_central","derive_geometry_metric(visible_circle_theorem_measurements, derivation_rule=central_inscribed_angle_relation, output_role=angle_measure); scene=circle_theorem; scope=inscribed_central_angle_value",task_geometry__circle_theorem__inscribed_angle_value_inscribed_angle_from_arc (0.84),keep,
geometry,circle_theorem,task_geometry__circle_theorem__intersecting_chords_arc_measure_value,trace/tasks/geometry/circle_theorem/intersecting_chords_arc_measure_value.py,configs/domains/geometry/circle_theorem.yaml,,docs/tasks/geometry/circle_theorem/task_geometry__circle_theorem__intersecting_chords_arc_measure_value.md,review/task-reviews/geometry/circle_theorem/task_geometry__circle_theorem__intersecting_chords_arc_measure_value,integer_value,point_map,integer,point_map,single,single,single,single,"solve_formula(visible_circle_theorem_measurements, unknown_role=arc_measure, formula_schema=intersecting_chords_arc_measure); scene=circle_theorem; scope=intersecting_chords_arc_measure_value",task_geometry__circle_theorem__secant_secant_length_value (0.78),keep,
geometry,circle_theorem,task_geometry__circle_theorem__multi_step_angle_value,trace/tasks/geometry/circle_theorem/multi_step_angle_value.py,configs/domains/geometry/circle_theorem.yaml,,docs/tasks/geometry/circle_theorem/task_geometry__circle_theorem__multi_step_angle_value.md,review/task-reviews/geometry/circle_theorem/task_geometry__circle_theorem__multi_step_angle_value,integer_value,point_map,integer,point_map,single,single,single,single,"derive_geometry_metric(visible_circle_theorem_measurements, derivation_rule=multi_step_angle_value, output_role=angle_measure); scene=circle_theorem; scope=multi_step_angle_value",task_geometry__circle_theorem__inscribed_angle_value_inscribed_angle_from_arc (0.80),keep,
geometry,circle_theorem,task_geometry__circle_theorem__radius_from_external_distance_and_angle_value,trace/tasks/geometry/circle_theorem/radius_from_external_distance_and_angle_value.py,configs/domains/geometry/circle_theorem.yaml,,docs/tasks/geometry/circle_theorem/task_geometry__circle_theorem__radius_from_external_distance_and_angle_value.md,review/task-reviews/geometry/circle_theorem/task_geometry__circle_theorem__radius_from_external_distance_and_angle_value,number,point_map,number,point_map,single,single,single,single,"solve_formula(visible_tangent_radius_right_triangle, unknown_role=radius_length, formula_schema=radius_from_external_distance_and_angle); scene=circle_theorem; scope=radius_from_external_distance_and_angle_value",task_geometry__circle_theorem__tangent_length_from_radius_and_external_distance_value (0.96),keep,
geometry,circle_theorem,task_geometry__circle_theorem__secant_secant_length_value,trace/tasks/geometry/circle_theorem/secant_secant_length_value.py,configs/domains/geometry/circle_theorem.yaml,,docs/tasks/geometry/circle_theorem/task_geometry__circle_theorem__secant_secant_length_value.md,review/task-reviews/geometry/circle_theorem/task_geometry__circle_theorem__secant_secant_length_value,integer_value,point_map,integer,point_map,secant_secant_length,"secant_secant_length,secant_secant_variable_segment_length","secant_secant_length,secant_secant_variable_segment_length","secant_secant_length,secant_secant_variable_segment_length","solve_formula(visible_circle_theorem_measurements, unknown_role=length_measure, formula_schema=secant_secant_length); scene=circle_theorem; scope=secant_secant_length_value",task_geometry__circle_theorem__tangent_secant_length_value (0.95),keep,
geometry,circle_theorem,task_geometry__circle_theorem__tangent_chord_angle_value_tangent_chord_angle_from_arc,trace/tasks/geometry/circle_theorem/tangent_chord_angle_value_tangent_chord_angle_from_arc.py,configs/domains/geometry/circle_theorem.yaml,,docs/tasks/geometry/circle_theorem/task_geometry__circle_theorem__tangent_chord_angle_value_tangent_chord_angle_from_arc.md,review/task-reviews/geometry/circle_theorem/task_geometry__circle_theorem__tangent_chord_angle_value_tangent_chord_angle_from_arc,integer_value,point_map,integer,point_map,single,single,single,single,"derive_geometry_metric(visible_circle_theorem_measurements, derivation_rule=tangent_chord_angle_from_arc, output_role=angle_measure); scene=circle_theorem; scope=tangent_chord_angle_value_tangent_chord_angle_from_arc",task_geometry__circle_theorem__tangent_chord_angle_value_tangent_chord_angle_from_inscribed (0.92),keep,
geometry,circle_theorem,task_geometry__circle_theorem__tangent_chord_angle_value_tangent_chord_angle_from_inscribed,trace/tasks/geometry/circle_theorem/tangent_chord_angle_value_tangent_chord_angle_from_inscribed.py,configs/domains/geometry/circle_theorem.yaml,,docs/tasks/geometry/circle_theorem/task_geometry__circle_theorem__tangent_chord_angle_value_tangent_chord_angle_from_inscribed.md,review/task-reviews/geometry/circle_theorem/task_geometry__circle_theorem__tangent_chord_angle_value_tangent_chord_angle_from_inscribed,integer_value,point_map,integer,point_map,single,single,single,single,"derive_geometry_metric(visible_circle_theorem_measurements, derivation_rule=tangent_chord_angle_from_inscribed, output_role=angle_measure); scene=circle_theorem; scope=tangent_chord_angle_value_tangent_chord_angle_from_inscribed",task_geometry__circle_theorem__tangent_chord_angle_value_tangent_chord_angle_from_arc (0.92),keep,
geometry,circle_theorem,task_geometry__circle_theorem__tangent_length_from_radius_and_external_distance_value,trace/tasks/geometry/circle_theorem/tangent_length_from_radius_and_external_distance_value.py,configs/domains/geometry/circle_theorem.yaml,,docs/tasks/geometry/circle_theorem/task_geometry__circle_theorem__tangent_length_from_radius_and_external_distance_value.md,review/task-reviews/geometry/circle_theorem/task_geometry__circle_theorem__tangent_length_from_radius_and_external_distance_value,number,point_map,number,point_map,single,single,single,single,"solve_formula(visible_tangent_radius_right_triangle, unknown_role=tangent_length, formula_schema=tangent_length_from_radius_and_external_distance); scene=circle_theorem; scope=tangent_length_from_radius_and_external_distance_value",task_geometry__circle_theorem__radius_from_external_distance_and_angle_value (0.96),keep,
geometry,circle_theorem,task_geometry__circle_theorem__tangent_secant_length_value,trace/tasks/geometry/circle_theorem/tangent_secant_length_value.py,configs/domains/geometry/circle_theorem.yaml,,docs/tasks/geometry/circle_theorem/task_geometry__circle_theorem__tangent_secant_length_value.md,review/task-reviews/geometry/circle_theorem/task_geometry__circle_theorem__tangent_secant_length_value,integer_value,point_map,integer,point_map,single,single,single,single,"solve_formula(visible_circle_theorem_measurements, unknown_role=length_measure, formula_schema=tangent_secant_length); scene=circle_theorem; scope=tangent_secant_length_value",task_geometry__circle_theorem__secant_secant_length_value (0.95),keep,
geometry,composite_shape,task_geometry__composite_shape__house_outline_perimeter,trace/tasks/geometry/composite_shape/house_outline_perimeter.py,configs/domains/geometry/composite_shape.yaml,,docs/tasks/geometry/composite_shape/task_geometry__composite_shape__house_outline_perimeter.md,review/task-reviews/geometry/composite_shape/task_geometry__composite_shape__house_outline_perimeter,integer_value,point_map,integer,point_map,single,single,single,single,"solve_formula(visible_composite_shape_measurements, unknown_role=perimeter_measure, formula_schema=house_outline_perimeter); scene=composite_shape; scope=house_outline_perimeter",task_geometry__composite_shape__tabbed_rectilinear_perimeter (0.83),keep,
geometry,composite_shape,task_geometry__composite_shape__l_profile_area,trace/tasks/geometry/composite_shape/l_profile_area.py,configs/domains/geometry/composite_shape.yaml,,docs/tasks/geometry/composite_shape/task_geometry__composite_shape__l_profile_area.md,review/task-reviews/geometry/composite_shape/task_geometry__composite_shape__l_profile_area,integer_value,point_map,integer,point_map,single,single,single,single,"solve_formula(visible_composite_shape_measurements, unknown_role=area_measure, formula_schema=outer_rectangle_minus_corner_rectangle); scene=composite_shape; scope=l_profile_area",task_geometry__composite_shape__rectangle_triangle_cutout_area (0.81),keep,
geometry,composite_shape,task_geometry__composite_shape__missing_width_from_semicircle_area,trace/tasks/geometry/composite_shape/missing_width_from_semicircle_area.py,configs/domains/geometry/composite_shape.yaml,,docs/tasks/geometry/composite_shape/task_geometry__composite_shape__missing_width_from_semicircle_area.md,review/task-reviews/geometry/composite_shape/task_geometry__composite_shape__missing_width_from_semicircle_area,number,point_map,number,point_map,cap_from_total_area,"cap_from_total_area,cutout_from_total_area","cap_from_total_area,cutout_from_total_area","cap_from_total_area,cutout_from_total_area","solve_formula(visible_composite_shape_measurements, unknown_role=width_length, formula_schema=semicircle_composite_area_inverse); scene=composite_shape; scope=missing_width_from_semicircle_area",task_geometry__composite_shape__rectangle_semicircle_area (0.72),keep,
geometry,composite_shape,task_geometry__composite_shape__rectangle_quarter_sector_cutout_area,trace/tasks/geometry/composite_shape/rectangle_quarter_sector_cutout_area.py,configs/domains/geometry/composite_shape.yaml,,docs/tasks/geometry/composite_shape/task_geometry__composite_shape__rectangle_quarter_sector_cutout_area.md,review/task-reviews/geometry/composite_shape/task_geometry__composite_shape__rectangle_quarter_sector_cutout_area,number,point_map,number,point_map,single,single,single,single,"solve_formula(visible_composite_shape_measurements, unknown_role=area_measure, formula_schema=rectangle_quarter_sector_cutout_area); scene=composite_shape; scope=rectangle_quarter_sector_cutout_area",task_geometry__composite_shape__rectangle_quarter_sector_cutout_perimeter (0.91),keep,
geometry,composite_shape,task_geometry__composite_shape__rectangle_quarter_sector_cutout_perimeter,trace/tasks/geometry/composite_shape/rectangle_quarter_sector_cutout_perimeter.py,configs/domains/geometry/composite_shape.yaml,,docs/tasks/geometry/composite_shape/task_geometry__composite_shape__rectangle_quarter_sector_cutout_perimeter.md,review/task-reviews/geometry/composite_shape/task_geometry__composite_shape__rectangle_quarter_sector_cutout_perimeter,number,point_map,number,point_map,single,single,single,single,"solve_formula(visible_composite_shape_measurements, unknown_role=perimeter_measure, formula_schema=rectangle_quarter_sector_cutout_perimeter); scene=composite_shape; scope=rectangle_quarter_sector_cutout_perimeter",task_geometry__composite_shape__rectangle_quarter_sector_cutout_area (0.91),keep,
geometry,composite_shape,task_geometry__composite_shape__rectangle_semicircle_area,trace/tasks/geometry/composite_shape/rectangle_semicircle_area.py,configs/domains/geometry/composite_shape.yaml,,docs/tasks/geometry/composite_shape/task_geometry__composite_shape__rectangle_semicircle_area.md,review/task-reviews/geometry/composite_shape/task_geometry__composite_shape__rectangle_semicircle_area,number,point_map,number,point_map,cap_area,"cap_area,cutout_area","cap_area,cutout_area","cap_area,cutout_area","solve_formula(visible_composite_shape_measurements, unknown_role=area_measure, formula_schema=rectangle_semicircle_area); scene=composite_shape; scope=rectangle_semicircle_area",task_geometry__composite_shape__rectangle_quarter_sector_cutout_area (0.83),keep,
geometry,composite_shape,task_geometry__composite_shape__rectangle_semicircle_perimeter,trace/tasks/geometry/composite_shape/rectangle_semicircle_perimeter.py,configs/domains/geometry/composite_shape.yaml,,docs/tasks/geometry/composite_shape/task_geometry__composite_shape__rectangle_semicircle_perimeter.md,review/task-reviews/geometry/composite_shape/task_geometry__composite_shape__rectangle_semicircle_perimeter,number,point_map,number,point_map,cap_perimeter,"cap_perimeter,cutout_perimeter","cap_perimeter,cutout_perimeter","cap_perimeter,cutout_perimeter","solve_formula(visible_composite_shape_measurements, unknown_role=perimeter_measure, formula_schema=rectangle_semicircle_boundary_with_side_remainders); scene=composite_shape; scope=rectangle_semicircle_perimeter",task_geometry__composite_shape__rectangle_semicircle_area (0.76),keep,
geometry,composite_shape,task_geometry__composite_shape__rectangle_triangle_cutout_area,trace/tasks/geometry/composite_shape/rectangle_triangle_cutout_area.py,configs/domains/geometry/composite_shape.yaml,,docs/tasks/geometry/composite_shape/task_geometry__composite_shape__rectangle_triangle_cutout_area.md,review/task-reviews/geometry/composite_shape/task_geometry__composite_shape__rectangle_triangle_cutout_area,integer_value,point_map,integer,point_map,single,single,single,single,"solve_formula(visible_composite_shape_measurements, unknown_role=area_measure, formula_schema=outer_rectangle_minus_triangle); scene=composite_shape; scope=rectangle_triangle_cutout_area",task_geometry__composite_shape__l_profile_area (0.81),keep,
geometry,composite_shape,task_geometry__composite_shape__sector_angle_value,trace/tasks/geometry/composite_shape/sector_angle_value.py,configs/domains/geometry/composite_shape.yaml,,docs/tasks/geometry/composite_shape/task_geometry__composite_shape__sector_angle_value.md,review/task-reviews/geometry/composite_shape/task_geometry__composite_shape__sector_angle_value,number,point_map,number,point_map,from_arc_length,"from_arc_length,from_sector_area","from_arc_length,from_sector_area","from_arc_length,from_sector_area","derive_geometry_metric(visible_composite_shape_measurements, derivation_rule=sector_angle_from_visible_measure, output_role=central_angle); scene=composite_shape; scope=sector_angle_value",task_geometry__composite_shape__rectangle_quarter_sector_cutout_area (0.45),keep,
geometry,composite_shape,task_geometry__composite_shape__tabbed_rectilinear_perimeter,trace/tasks/geometry/composite_shape/tabbed_rectilinear_perimeter.py,configs/domains/geometry/composite_shape.yaml,,docs/tasks/geometry/composite_shape/task_geometry__composite_shape__tabbed_rectilinear_perimeter.md,review/task-reviews/geometry/composite_shape/task_geometry__composite_shape__tabbed_rectilinear_perimeter,integer_value,point_map,integer,point_map,single,single,single,single,"solve_formula(visible_composite_shape_measurements, unknown_role=perimeter_measure, formula_schema=tabbed_rectilinear_perimeter); scene=composite_shape; scope=tabbed_rectilinear_perimeter",task_geometry__composite_shape__house_outline_perimeter (0.83),keep,
geometry,concentric_chord,task_geometry__concentric_chord__chord_length_from_radii,trace/tasks/geometry/concentric_chord/chord_length_from_radii.py,configs/domains/geometry/concentric_chord.yaml,,docs/tasks/geometry/concentric_chord/task_geometry__concentric_chord__chord_length_from_radii.md,review/task-reviews/geometry/concentric_chord/task_geometry__concentric_chord__chord_length_from_radii,integer,point_map,integer,point_map,single,single,single,single,"solve_formula(visible_concentric_chord_measurements, unknown_role=length_measure, formula_schema=chord_length_from_radii); scene=concentric_chord; scope=chord_length_from_radii",task_geometry__concentric_chord__inner_radius_from_chord (0.82),keep,
geometry,concentric_chord,task_geometry__concentric_chord__inner_radius_from_chord,trace/tasks/geometry/concentric_chord/inner_radius_from_chord.py,configs/domains/geometry/concentric_chord.yaml,,docs/tasks/geometry/concentric_chord/task_geometry__concentric_chord__inner_radius_from_chord.md,review/task-reviews/geometry/concentric_chord/task_geometry__concentric_chord__inner_radius_from_chord,integer,point_map,integer,point_map,single,single,single,single,"solve_formula(visible_concentric_chord_measurements, unknown_role=radius_length, formula_schema=inner_radius_from_chord); scene=concentric_chord; scope=inner_radius_from_chord",task_geometry__concentric_chord__chord_length_from_radii (0.82),keep,
geometry,cone_net,task_geometry__cone_net__base_radius_from_sector_angle,trace/tasks/geometry/cone_net/base_radius_from_sector_angle.py,configs/domains/geometry/cone_net.yaml,,docs/tasks/geometry/cone_net/task_geometry__cone_net__base_radius_from_sector_angle.md,review/task-reviews/geometry/cone_net/task_geometry__cone_net__base_radius_from_sector_angle,number,point_map,number,point_map,single,single,single,single,"derive_geometry_metric(visible_cone_net_measurements, derivation_rule=base_radius_from_sector_angle, output_role=radius_length); scene=cone_net; scope=base_radius_from_sector_angle",task_geometry__cone_net__height_from_sector_angle (0.88),keep,
geometry,cone_net,task_geometry__cone_net__height_from_sector_angle,trace/tasks/geometry/cone_net/height_from_sector_angle.py,configs/domains/geometry/cone_net.yaml,,docs/tasks/geometry/cone_net/task_geometry__cone_net__height_from_sector_angle.md,review/task-reviews/geometry/cone_net/task_geometry__cone_net__height_from_sector_angle,number,point_map,number,point_map,single,single,single,single,"derive_geometry_metric(visible_cone_net_measurements, derivation_rule=height_from_sector_angle, output_role=height_length); scene=cone_net; scope=height_from_sector_angle",task_geometry__cone_net__base_radius_from_sector_angle (0.88),keep,
geometry,container_volume_transfer,task_geometry__container_volume_transfer__fill_count_value,trace/tasks/geometry/container_volume_transfer/fill_count_value.py,configs/domains/geometry/container_volume_transfer.yaml,,docs/tasks/geometry/container_volume_transfer/task_geometry__container_volume_transfer__fill_count_value.md,review/task-reviews/geometry/container_volume_transfer/task_geometry__container_volume_transfer__fill_count_value,integer_value,bbox_map,integer,bbox_map,cone_to_cylinder_fill_count,"cone_to_cylinder_fill_count,cylinder_to_cuboid_fill_count","cone_to_cylinder_fill_count,cylinder_to_cuboid_fill_count","cone_to_cylinder_fill_count,cylinder_to_cuboid_fill_count","solve_formula(visible_source_target_container_transfer, unknown_role=full_pour_count, formula_schema=container_volume_transfer_fill_count); scene=container_volume_transfer; scope=fill_count_value",task_geometry__container_volume_transfer__target_capacity_value (0.79),keep,
geometry,container_volume_transfer,task_geometry__container_volume_transfer__resulting_height_value,trace/tasks/geometry/container_volume_transfer/resulting_height_value.py,configs/domains/geometry/container_volume_transfer.yaml,,docs/tasks/geometry/container_volume_transfer/task_geometry__container_volume_transfer__resulting_height_value.md,review/task-reviews/geometry/container_volume_transfer/task_geometry__container_volume_transfer__resulting_height_value,number,bbox_map,number,bbox_map,cone_pours_to_cylinder_height,"cone_pours_to_cylinder_height,cylinder_pours_to_cuboid_height","cone_pours_to_cylinder_height,cylinder_pours_to_cuboid_height","cone_pours_to_cylinder_height,cylinder_pours_to_cuboid_height","solve_formula(visible_source_target_container_transfer, unknown_role=resulting_liquid_height, formula_schema=container_volume_transfer_resulting_height); scene=container_volume_transfer; scope=resulting_height_value",task_geometry__container_volume_transfer__target_capacity_value (0.75),keep,
geometry,container_volume_transfer,task_geometry__container_volume_transfer__target_capacity_value,trace/tasks/geometry/container_volume_transfer/target_capacity_value.py,configs/domains/geometry/container_volume_transfer.yaml,,docs/tasks/geometry/container_volume_transfer/task_geometry__container_volume_transfer__target_capacity_value.md,review/task-reviews/geometry/container_volume_transfer/task_geometry__container_volume_transfer__target_capacity_value,integer_value,bbox_map,integer,bbox_map,single,single,single,single,"solve_formula(visible_source_target_container_transfer, unknown_role=target_capacity, formula_schema=container_volume_transfer_target_capacity); scene=container_volume_transfer; scope=target_capacity_value",task_geometry__container_volume_transfer__fill_count_value (0.79),keep,
geometry,container_volume_transfer,task_geometry__container_volume_transfer__transferred_volume_value,trace/tasks/geometry/container_volume_transfer/transferred_volume_value.py,configs/domains/geometry/container_volume_transfer.yaml,,docs/tasks/geometry/container_volume_transfer/task_geometry__container_volume_transfer__transferred_volume_value.md,review/task-reviews/geometry/container_volume_transfer/task_geometry__container_volume_transfer__transferred_volume_value,integer_value,bbox_map,integer,bbox_map,repeated_cone_pours_total_volume,"repeated_cone_pours_total_volume,repeated_cylinder_pours_total_volume","repeated_cone_pours_total_volume,repeated_cylinder_pours_total_volume","repeated_cone_pours_total_volume,repeated_cylinder_pours_total_volume","solve_formula(visible_source_container_and_repeated_pours, target=total_transferred_volume, formula_schema=container_volume_transfer_transferred_volume); scene=container_volume_transfer; scope=transferred_volume_value",task_geometry__container_volume_transfer__target_capacity_value (0.68),keep,
geometry,coordinate_composite,task_geometry__coordinate_composite__boundary_point_match_label,trace/tasks/geometry/coordinate_composite/boundary_point_match_label.py,configs/domains/geometry/coordinate_composite.yaml,,docs/tasks/geometry/coordinate_composite/task_geometry__coordinate_composite__boundary_point_match_label.md,review/task-reviews/geometry/coordinate_composite/task_geometry__coordinate_composite__boundary_point_match_label,option_letter,point,option_letter,point,line_circle_boundary_point,"line_circle_boundary_point,circle_polygon_boundary_point,line_polygon_boundary_point","circle_polygon_boundary_point,line_circle_boundary_point,line_polygon_boundary_point","circle_polygon_boundary_point,line_circle_boundary_point,line_polygon_boundary_point","select(candidate_point where on_boundary(candidate_point, object_a) and on_boundary(candidate_point, object_b)); scene=coordinate_composite; scope=boundary_point_match_label",task_geometry__coordinate_composite__region_membership_label (0.52),keep,
geometry,coordinate_composite,task_geometry__coordinate_composite__intersection_point_count,trace/tasks/geometry/coordinate_composite/intersection_point_count.py,configs/domains/geometry/coordinate_composite.yaml,,docs/tasks/geometry/coordinate_composite/task_geometry__coordinate_composite__intersection_point_count.md,review/task-reviews/geometry/coordinate_composite/task_geometry__coordinate_composite__intersection_point_count,integer_count,point_set,integer,point_set,line_circle_intersection_count,"line_circle_intersection_count,circle_circle_intersection_count,line_polygon_intersection_count,circle_polygon_intersection_count,mixed_object_intersection_count","circle_circle_intersection_count,circle_polygon_intersection_count,line_circle_intersection_count,line_polygon_intersection_count,mixed_object_intersection_count","circle_circle_intersection_count,circle_polygon_intersection_count,line_circle_intersection_count,line_polygon_intersection_count,mixed_object_intersection_count","count(intersection_points(filter_pairs(objects, pair_filter))); scene=coordinate_composite; scope=intersection_point_count",task_geometry__coordinate_composite__region_membership_label (0.31),keep,
geometry,coordinate_composite,task_geometry__coordinate_composite__region_membership_label,trace/tasks/geometry/coordinate_composite/region_membership_label.py,configs/domains/geometry/coordinate_composite.yaml,,docs/tasks/geometry/coordinate_composite/task_geometry__coordinate_composite__region_membership_label.md,review/task-reviews/geometry/coordinate_composite/task_geometry__coordinate_composite__region_membership_label,option_letter,point,option_letter,point,inside_circle_outside_polygon,"inside_circle_outside_polygon,inside_polygon_outside_circle,inside_circle_above_line,inside_polygon_below_line","inside_circle_above_line,inside_circle_outside_polygon,inside_polygon_below_line,inside_polygon_outside_circle","inside_circle_above_line,inside_circle_outside_polygon,inside_polygon_below_line,inside_polygon_outside_circle","select(candidate_point where region_predicate(candidate_point, drawn_objects)); scene=coordinate_composite; scope=region_membership_label",task_geometry__coordinate_composite__boundary_point_match_label (0.52),keep,
geometry,coordinate_panels,task_geometry__coordinate_panels__point_set_transform_match_label,trace/tasks/geometry/coordinate_panels/point_set_transform_match_label.py,configs/domains/geometry/coordinate_panels.yaml,,docs/tasks/geometry/coordinate_panels/task_geometry__coordinate_panels__point_set_transform_match_label.md,review/task-reviews/geometry/coordinate_panels/task_geometry__coordinate_panels__point_set_transform_match_label,option_letter,point_set,option_letter,point_set,reflection_x_match_label,"translation_match_label,reflection_x_match_label,reflection_y_match_label,rotation_180_match_label","reflection_x_match_label,reflection_y_match_label,rotation_180_match_label,translation_match_label","reflection_x_match_label,reflection_y_match_label,rotation_180_match_label,translation_match_label","label(select_panel(candidate_coordinate_panels_6, point_set_transform)); scene=coordinate_panels; scope=point_set_transform_match_label",task_geometry__coordinate_panels__quadrilateral_shape_match_label (0.80),keep,
geometry,coordinate_panels,task_geometry__coordinate_panels__quadrilateral_shape_match_label,trace/tasks/geometry/coordinate_panels/quadrilateral_shape_match_label.py,configs/domains/geometry/coordinate_panels.yaml,,docs/tasks/geometry/coordinate_panels/task_geometry__coordinate_panels__quadrilateral_shape_match_label.md,review/task-reviews/geometry/coordinate_panels/task_geometry__coordinate_panels__quadrilateral_shape_match_label,option_letter,point_set,option_letter,point_set,parallelogram_shape_match_label,"square_shape_match_label,rectangle_shape_match_label,rhombus_shape_match_label,parallelogram_shape_match_label","parallelogram_shape_match_label,rectangle_shape_match_label,rhombus_shape_match_label,square_shape_match_label","parallelogram_shape_match_label,rectangle_shape_match_label,rhombus_shape_match_label,square_shape_match_label","label(select_panel(candidate_coordinate_panels_6, quadrilateral_type)); scene=coordinate_panels; scope=quadrilateral_shape_match_label",task_geometry__coordinate_panels__point_set_transform_match_label (0.80),keep,
geometry,coordinate_panels,task_geometry__coordinate_panels__segment_relation_match_label,trace/tasks/geometry/coordinate_panels/segment_relation_match_label.py,configs/domains/geometry/coordinate_panels.yaml,,docs/tasks/geometry/coordinate_panels/task_geometry__coordinate_panels__segment_relation_match_label.md,review/task-reviews/geometry/coordinate_panels/task_geometry__coordinate_panels__segment_relation_match_label,option_letter,segment_set,option_letter,segment_set,equal_length_segments_match_label,"parallel_segments_match_label,perpendicular_segments_match_label,equal_length_segments_match_label","equal_length_segments_match_label,parallel_segments_match_label,perpendicular_segments_match_label","equal_length_segments_match_label,parallel_segments_match_label,perpendicular_segments_match_label","label(select_panel(candidate_coordinate_panels_6, segment_relation)); scene=coordinate_panels; scope=segment_relation_match_label",task_geometry__coordinate_panels__point_set_transform_match_label (0.79),keep,
geometry,coordinate_plane,task_geometry__coordinate_plane__collinear_point_count,trace/tasks/geometry/coordinate_plane/collinear_point_count.py,configs/domains/geometry/coordinate_plane.yaml,,docs/tasks/geometry/coordinate_plane/task_geometry__coordinate_plane__collinear_point_count.md,review/task-reviews/geometry/coordinate_plane/task_geometry__coordinate_plane__collinear_point_count,integer_count,point_set,integer,point_set,single,single,single,single,"count(filter(candidate_points, collinear_with_reference_line(point, reference_line))); scene=coordinate_plane; scope=collinear_point_count",task_geometry__coordinate_plane__same_quadrant_point_count (0.68),keep,
geometry,coordinate_plane,task_geometry__coordinate_plane__locus_panel_match_label,trace/tasks/geometry/coordinate_plane/locus_panel_match_label.py,configs/domains/geometry/coordinate_plane.yaml,,docs/tasks/geometry/coordinate_plane/task_geometry__coordinate_plane__locus_panel_match_label.md,review/task-reviews/geometry/coordinate_plane/task_geometry__coordinate_plane__locus_panel_match_label,option_letter,bbox,option_letter,bbox,circle_inequality_panel_match,"circle_inequality_panel_match,vertical_strip_panel_match,horizontal_halfplane_panel_match,two_inequality_panel_match","circle_inequality_panel_match,horizontal_halfplane_panel_match,two_inequality_panel_match,vertical_strip_panel_match","circle_inequality_panel_match,horizontal_halfplane_panel_match,two_inequality_panel_match,vertical_strip_panel_match","label(select_panel(candidate_region_panels, condition_box, region_rule_family)); scene=coordinate_plane; scope=locus_panel_match_label",task_geometry__coordinate_plane__locus_point_label (0.56),keep,
geometry,coordinate_plane,task_geometry__coordinate_plane__locus_point_label,trace/tasks/geometry/coordinate_plane/locus_point_label.py,configs/domains/geometry/coordinate_plane.yaml,,docs/tasks/geometry/coordinate_plane/task_geometry__coordinate_plane__locus_point_label.md,review/task-reviews/geometry/coordinate_plane/task_geometry__coordinate_plane__locus_point_label,option_letter,point,option_letter,point,circle_region_point,"circle_region_point,annulus_region_point,vertical_strip_region_point,half_plane_intersection_region_point","annulus_region_point,circle_region_point,half_plane_intersection_region_point,vertical_strip_region_point","annulus_region_point,circle_region_point,half_plane_intersection_region_point,vertical_strip_region_point","label(select_point(lettered_candidate_points, predicate=inside_shaded_region, region_rule_family)); scene=coordinate_plane; scope=locus_point_label",task_geometry__coordinate_plane__translated_point_label (0.61),keep,
geometry,coordinate_plane,task_geometry__coordinate_plane__missing_endpoint_label,trace/tasks/geometry/coordinate_plane/missing_endpoint_label.py,configs/domains/geometry/coordinate_plane.yaml,,docs/tasks/geometry/coordinate_plane/task_geometry__coordinate_plane__missing_endpoint_label.md,review/task-reviews/geometry/coordinate_plane/task_geometry__coordinate_plane__missing_endpoint_label,option_letter,point,option_letter,point,missing_endpoint_from_midpoint,"missing_endpoint_from_midpoint,missing_startpoint_from_midpoint","missing_endpoint_from_midpoint,missing_startpoint_from_midpoint","missing_endpoint_from_midpoint,missing_startpoint_from_midpoint","label(select_candidate_point(candidate_points, coordinate_rule=midpoint_inverse_endpoint, unknown_endpoint_role=endpoint_role)); scene=coordinate_plane; scope=missing_endpoint_label",task_geometry__coordinate_plane__translated_point_label (0.64),keep,
geometry,coordinate_plane,task_geometry__coordinate_plane__point_in_polygon_count,trace/tasks/geometry/coordinate_plane/point_in_polygon_count.py,configs/domains/geometry/coordinate_plane.yaml,,docs/tasks/geometry/coordinate_plane/task_geometry__coordinate_plane__point_in_polygon_count.md,review/task-reviews/geometry/coordinate_plane/task_geometry__coordinate_plane__point_in_polygon_count,integer_count,point_set,integer,point_set,single,single,single,single,"count(filter(candidate_points, inside_polygon(point, target_polygon))); scene=coordinate_plane; scope=point_in_polygon_count",task_geometry__coordinate_plane__collinear_point_count (0.62),keep,
geometry,coordinate_plane,task_geometry__coordinate_plane__quadrilateral_completion_label,trace/tasks/geometry/coordinate_plane/quadrilateral_completion_label.py,configs/domains/geometry/coordinate_plane.yaml,,docs/tasks/geometry/coordinate_plane/task_geometry__coordinate_plane__quadrilateral_completion_label.md,review/task-reviews/geometry/coordinate_plane/task_geometry__coordinate_plane__quadrilateral_completion_label,option_letter,point,option_letter,point,parallelogram_completion_label,"parallelogram_completion_label,rectangle_completion_label,square_completion_label,rhombus_completion_label","parallelogram_completion_label,rectangle_completion_label,rhombus_completion_label,square_completion_label","parallelogram_completion_label,rectangle_completion_label,rhombus_completion_label,square_completion_label","label(select_candidate_point(candidate_points, quadrilateral_completion_rule=quadrilateral_type)); scene=coordinate_plane; scope=quadrilateral_completion_label",task_geometry__coordinate_plane__translated_point_label (0.74),keep,
geometry,coordinate_plane,task_geometry__coordinate_plane__reflected_point_label,trace/tasks/geometry/coordinate_plane/reflected_point_label.py,configs/domains/geometry/coordinate_plane.yaml,,docs/tasks/geometry/coordinate_plane/task_geometry__coordinate_plane__reflected_point_label.md,review/task-reviews/geometry/coordinate_plane/task_geometry__coordinate_plane__reflected_point_label,option_letter,point,option_letter,point,reflect_over_vertical_line,"reflect_over_vertical_line,reflect_over_horizontal_line","reflect_over_horizontal_line,reflect_over_vertical_line","reflect_over_horizontal_line,reflect_over_vertical_line","label(select_candidate_point(candidate_points, coordinate_rule=reflection_across_reference_line, reflection_axis)); scene=coordinate_plane; scope=reflected_point_label",task_geometry__coordinate_plane__translated_point_label (0.64),keep,
geometry,coordinate_plane,task_geometry__coordinate_plane__rotated_point_label,trace/tasks/geometry/coordinate_plane/rotated_point_label.py,configs/domains/geometry/coordinate_plane.yaml,,docs/tasks/geometry/coordinate_plane/task_geometry__coordinate_plane__rotated_point_label.md,review/task-reviews/geometry/coordinate_plane/task_geometry__coordinate_plane__rotated_point_label,option_letter,point,option_letter,point,single,single,single,single,"label(select_candidate_point(candidate_points, coordinate_rule=rotation_about_marked_center, rotation_rule)); scene=coordinate_plane; scope=rotated_point_label",task_geometry__coordinate_plane__translated_point_label (0.67),keep,
geometry,coordinate_plane,task_geometry__coordinate_plane__same_quadrant_point_count,trace/tasks/geometry/coordinate_plane/same_quadrant_point_count.py,configs/domains/geometry/coordinate_plane.yaml,,docs/tasks/geometry/coordinate_plane/task_geometry__coordinate_plane__same_quadrant_point_count.md,review/task-reviews/geometry/coordinate_plane/task_geometry__coordinate_plane__same_quadrant_point_count,integer_count,point_set,integer,point_set,single,single,single,single,"count(filter(points, quadrant(point)=quadrant(reference_point))); scene=coordinate_plane; scope=same_quadrant_point_count",task_geometry__coordinate_plane__collinear_point_count (0.68),keep,
geometry,coordinate_plane,task_geometry__coordinate_plane__section_point_label,trace/tasks/geometry/coordinate_plane/section_point_label.py,configs/domains/geometry/coordinate_plane.yaml,,docs/tasks/geometry/coordinate_plane/task_geometry__coordinate_plane__section_point_label.md,review/task-reviews/geometry/coordinate_plane/task_geometry__coordinate_plane__section_point_label,option_letter,point,option_letter,point,one_third_from_p_to_q,"one_third_from_p_to_q,two_thirds_from_p_to_q","one_third_from_p_to_q,two_thirds_from_p_to_q","one_third_from_p_to_q,two_thirds_from_p_to_q","label(select_candidate_point(candidate_points, coordinate_rule=section_formula, section_ratio=ratio_from_p_to_q)); scene=coordinate_plane; scope=section_point_label",task_geometry__coordinate_plane__translated_point_label (0.61),keep,
geometry,coordinate_plane,task_geometry__coordinate_plane__segment_relation_count,trace/tasks/geometry/coordinate_plane/segment_relation_count.py,configs/domains/geometry/coordinate_plane.yaml,,docs/tasks/geometry/coordinate_plane/task_geometry__coordinate_plane__segment_relation_count.md,review/task-reviews/geometry/coordinate_plane/task_geometry__coordinate_plane__segment_relation_count,integer_count,segment_set,integer,segment_set,parallel_count,"parallel_count,perpendicular_count","parallel_count,perpendicular_count","parallel_count,perpendicular_count","count(filter(coordinate_plane_segment_pairs, segment_relation(pair)=target_segment_relation)); scene=coordinate_plane; scope=segment_relation_count",task_geometry__coordinate_plane__point_in_polygon_count (0.52),keep,
geometry,coordinate_plane,task_geometry__coordinate_plane__translated_point_label,trace/tasks/geometry/coordinate_plane/translated_point_label.py,configs/domains/geometry/coordinate_plane.yaml,,docs/tasks/geometry/coordinate_plane/task_geometry__coordinate_plane__translated_point_label.md,review/task-reviews/geometry/coordinate_plane/task_geometry__coordinate_plane__translated_point_label,option_letter,point,option_letter,point,translate_point,"translate_point,translate_by_reference_vector","translate_by_reference_vector,translate_point","translate_by_reference_vector,translate_point","label(select_candidate_point(candidate_points, coordinate_rule=translation, translation_rule)); scene=coordinate_plane; scope=translated_point_label",task_geometry__coordinate_plane__quadrilateral_completion_label (0.74),keep,
geometry,cuboid_views,task_geometry__cuboid_views__cuboid_projection_surface_area_value,trace/tasks/geometry/cuboid_views/cuboid_projection_surface_area_value.py,configs/domains/geometry/cuboid_views.yaml,,docs/tasks/geometry/cuboid_views/task_geometry__cuboid_views__cuboid_projection_surface_area_value.md,review/task-reviews/geometry/cuboid_views/task_geometry__cuboid_views__cuboid_projection_surface_area_value,integer,bbox_map,integer,bbox_map,single,single,single,single,"solve_formula(visible_cuboid_views_measurements, unknown_role=surface_area, formula_schema=surface_area_from_orthographic_views); scene=cuboid_views; scope=cuboid_projection_surface_area_value",,keep,
geometry,cylinder_wrap,task_geometry__cylinder_wrap__surface_path_length_value,trace/tasks/geometry/cylinder_wrap/surface_path_length_value.py,configs/domains/geometry/cylinder_wrap.yaml,,docs/tasks/geometry/cylinder_wrap/task_geometry__cylinder_wrap__surface_path_length_value.md,review/task-reviews/geometry/cylinder_wrap/task_geometry__cylinder_wrap__surface_path_length_value,integer,bbox_map,integer,bbox_map,single,single,single,single,"solve_formula(visible_cylinder_wrap_measurements, unknown_role=marked_surface_path_length, formula_schema=surface_path_pythagorean_length); scene=cylinder_wrap; scope=surface_path_length_value",task_geometry__cylinder_wrap__wrapped_mark_position_label (0.21),keep,
geometry,cylinder_wrap,task_geometry__cylinder_wrap__wrapped_mark_position_label,trace/tasks/geometry/cylinder_wrap/wrapped_mark_position_label.py,configs/domains/geometry/cylinder_wrap.yaml,,docs/tasks/geometry/cylinder_wrap/task_geometry__cylinder_wrap__wrapped_mark_position_label.md,review/task-reviews/geometry/cylinder_wrap/task_geometry__cylinder_wrap__wrapped_mark_position_label,option_letter,point_map,option_letter,point_map,single,single,single,single,"label(select_rim_candidate(rim_positions, unwrap_mapping(strip_mark)), output_role=matching_candidate_label); scene=cylinder_wrap; scope=wrapped_mark_position_label",task_geometry__cylinder_wrap__surface_path_length_value (0.21),keep,
geometry,function_graph,task_geometry__function_graph__average_rate_value,trace/tasks/geometry/function_graph/average_rate_value.py,configs/domains/geometry/function_graph.yaml,,docs/tasks/geometry/function_graph/task_geometry__function_graph__average_rate_value.md,review/task-reviews/geometry/function_graph/task_geometry__function_graph__average_rate_value,number,point_map,number,point_map,single,single,single,single,"average_rate(marked_function_points, point_roles=A|B); scene=function_graph; scope=average_rate_value",task_geometry__function_graph__extremum_count_turning_point_count (0.32),keep,
geometry,function_graph,task_geometry__function_graph__extremum_count_local_extremum_count,trace/tasks/geometry/function_graph/extremum_count_local_extremum_count.py,configs/domains/geometry/function_graph.yaml,,docs/tasks/geometry/function_graph/task_geometry__function_graph__extremum_count_local_extremum_count.md,review/task-reviews/geometry/function_graph/task_geometry__function_graph__extremum_count_local_extremum_count,integer_count,point_set,integer,point_set,minimum,"minimum,maximum","maximum,minimum","maximum,minimum","count(filter(function_graph_feature_points, feature_type=local_extremum, extremum_kind=minimum|maximum)); scene=function_graph; scope=extremum_count_local_extremum_count",task_geometry__function_graph__extremum_count_turning_point_count (0.75),keep,
geometry,function_graph,task_geometry__function_graph__extremum_count_turning_point_count,trace/tasks/geometry/function_graph/extremum_count_turning_point_count.py,configs/domains/geometry/function_graph.yaml,,docs/tasks/geometry/function_graph/task_geometry__function_graph__extremum_count_turning_point_count.md,review/task-reviews/geometry/function_graph/task_geometry__function_graph__extremum_count_turning_point_count,integer_count,point_set,integer,point_set,single,single,single,single,"count(filter(function_graph_feature_points, feature_type=turning_point)); scene=function_graph; scope=extremum_count_turning_point_count",task_geometry__function_graph__extremum_count_local_extremum_count (0.75),keep,
geometry,function_panels,task_geometry__function_panels__function_status_label,trace/tasks/geometry/function_panels/function_status_label.py,configs/domains/geometry/function_panels.yaml,,docs/tasks/geometry/function_panels/task_geometry__function_panels__function_status_label.md,review/task-reviews/geometry/function_panels/task_geometry__function_panels__function_status_label,option_letter,bbox,option_letter,bbox,,single,single,single,"label(select_panel(candidate_coordinate_relations, relation_passes_vertical_line_test)); scene=function_panels; scope=function_status_label",task_geometry__function_panels__one_to_one_status_label (0.71),keep,
geometry,function_panels,task_geometry__function_panels__intersection_property_label,trace/tasks/geometry/function_panels/intersection_property_label.py,configs/domains/geometry/function_panels.yaml,,docs/tasks/geometry/function_panels/task_geometry__function_panels__intersection_property_label.md,review/task-reviews/geometry/function_panels/task_geometry__function_panels__intersection_property_label,option_letter,bbox,option_letter,bbox,,"line_circle_tangent_label,line_circle_two_intersections_label,circle_circle_two_intersections_label","circle_circle_two_intersections_label,line_circle_tangent_label,line_circle_two_intersections_label","circle_circle_two_intersections_label,line_circle_tangent_label,line_circle_two_intersections_label","label(select_panel(candidate_coordinate_primitive_pairs, requested_intersection_condition)); scene=function_panels; scope=intersection_property_label",task_geometry__function_panels__one_to_one_status_label (0.54),keep,
geometry,function_panels,task_geometry__function_panels__one_to_one_status_label,trace/tasks/geometry/function_panels/one_to_one_status_label.py,configs/domains/geometry/function_panels.yaml,,docs/tasks/geometry/function_panels/task_geometry__function_panels__one_to_one_status_label.md,review/task-reviews/geometry/function_panels/task_geometry__function_panels__one_to_one_status_label,option_letter,bbox,option_letter,bbox,,single,single,single,"label(select_panel(candidate_coordinate_relations, relation_is_one_to_one_function)); scene=function_panels; scope=one_to_one_status_label",task_geometry__function_panels__function_status_label (0.71),keep,
geometry,function_panels,task_geometry__function_panels__range_match_label,trace/tasks/geometry/function_panels/range_match_label.py,configs/domains/geometry/function_panels.yaml,,docs/tasks/geometry/function_panels/task_geometry__function_panels__range_match_label.md,review/task-reviews/geometry/function_panels/task_geometry__function_panels__range_match_label,option_letter,bbox,option_letter,bbox,,single,single,single,"label(select_panel(candidate_coordinate_relations, relation_range_equals_prompted_interval)); scene=function_panels; scope=range_match_label",task_geometry__function_panels__sign_interval_label (0.78),keep,
geometry,function_panels,task_geometry__function_panels__sign_interval_label,trace/tasks/geometry/function_panels/sign_interval_label.py,configs/domains/geometry/function_panels.yaml,,docs/tasks/geometry/function_panels/task_geometry__function_panels__sign_interval_label.md,review/task-reviews/geometry/function_panels/task_geometry__function_panels__sign_interval_label,option_letter,bbox,option_letter,bbox,,"sign_interval_positive_label,sign_interval_negative_label","sign_interval_negative_label,sign_interval_positive_label","sign_interval_negative_label,sign_interval_positive_label","label(select_panel(candidate_coordinate_relations, relation_sign_over_prompted_interval)); scene=function_panels; scope=sign_interval_label",task_geometry__function_panels__range_match_label (0.78),keep,
geometry,function_panels,task_geometry__function_panels__x_axis_symmetry_label,trace/tasks/geometry/function_panels/x_axis_symmetry_label.py,configs/domains/geometry/function_panels.yaml,,docs/tasks/geometry/function_panels/task_geometry__function_panels__x_axis_symmetry_label.md,review/task-reviews/geometry/function_panels/task_geometry__function_panels__x_axis_symmetry_label,option_letter,bbox,option_letter,bbox,,single,single,single,"label(select_panel(candidate_coordinate_relations, relation_has_x_axis_symmetry)); scene=function_panels; scope=x_axis_symmetry_label",task_geometry__function_panels__one_to_one_status_label (0.67),keep,
geometry,graph_paper,task_geometry__graph_paper__angle_extremum_label,trace/tasks/geometry/graph_paper/angle_extremum_label.py,configs/domains/geometry/graph_paper.yaml,,docs/tasks/geometry/graph_paper/task_geometry__graph_paper__angle_extremum_label.md,review/task-reviews/geometry/graph_paper/task_geometry__graph_paper__angle_extremum_label,option_letter,point,option_letter,point,,"largest,smallest","largest,smallest","largest,smallest","select_labeled_angle_extremum(extremum={largest|smallest}, output_role=angle_label); scene=graph_paper; scope=labeled_angle_set",task_geometry__graph_paper__length_extremum_label (0.81),keep,
geometry,graph_paper,task_geometry__graph_paper__angle_type_count,trace/tasks/geometry/graph_paper/angle_type_count.py,configs/domains/geometry/graph_paper.yaml,,docs/tasks/geometry/graph_paper/task_geometry__graph_paper__angle_type_count.md,review/task-reviews/geometry/graph_paper/task_geometry__graph_paper__angle_type_count,integer,bbox_set,integer,bbox_set,,"acute_angle_count,right_angle_count,obtuse_angle_count","acute_angle_count,obtuse_angle_count,right_angle_count","acute_angle_count,obtuse_angle_count,right_angle_count","count_angle_class(query_id={acute_angle_count|right_angle_count|obtuse_angle_count}, target_class={acute|right|obtuse}, output_role=count); scene=graph_paper; scope=angle_set",task_geometry__graph_paper__triangle_type_count (0.69),keep,
geometry,graph_paper,task_geometry__graph_paper__area_extremum_label,trace/tasks/geometry/graph_paper/area_extremum_label.py,configs/domains/geometry/graph_paper.yaml,,docs/tasks/geometry/graph_paper/task_geometry__graph_paper__area_extremum_label.md,review/task-reviews/geometry/graph_paper/task_geometry__graph_paper__area_extremum_label,option_letter,bbox,option_letter,bbox,,"largest,smallest","largest,smallest","largest,smallest","select_shape_area_extremum(extremum={largest|smallest}, shape_family={rectangle|right_triangle}, output_role=shape_label); scene=graph_paper; scope=labeled_shape_set",task_geometry__graph_paper__perimeter_extremum_label (0.92),keep,
geometry,graph_paper,task_geometry__graph_paper__circle_circumference_value,trace/tasks/geometry/graph_paper/circle_circumference_value.py,configs/domains/geometry/graph_paper.yaml,,docs/tasks/geometry/graph_paper/task_geometry__graph_paper__circle_circumference_value.md,review/task-reviews/geometry/graph_paper/task_geometry__graph_paper__circle_circumference_value,string,bbox,string,bbox,,single,single,single,"compute_circle_circumference_from_grid_radius(target=circle, output_role=exact_pi_expression); scene=graph_paper; scope=single_circle",task_geometry__graph_paper__ellipse_area_value (0.76),keep,
geometry,graph_paper,task_geometry__graph_paper__ellipse_area_value,trace/tasks/geometry/graph_paper/ellipse_area_value.py,configs/domains/geometry/graph_paper.yaml,,docs/tasks/geometry/graph_paper/task_geometry__graph_paper__ellipse_area_value.md,review/task-reviews/geometry/graph_paper/task_geometry__graph_paper__ellipse_area_value,string,bbox,string,bbox,,single,single,single,"compute_ellipse_area_from_grid_radii(target=ellipse, output_role=exact_pi_expression); scene=graph_paper; scope=single_ellipse",task_geometry__graph_paper__circle_circumference_value (0.76),keep,
geometry,graph_paper,task_geometry__graph_paper__length_extremum_label,trace/tasks/geometry/graph_paper/length_extremum_label.py,configs/domains/geometry/graph_paper.yaml,,docs/tasks/geometry/graph_paper/task_geometry__graph_paper__length_extremum_label.md,review/task-reviews/geometry/graph_paper/task_geometry__graph_paper__length_extremum_label,option_letter,segment,option_letter,segment,,"largest,smallest","largest,smallest","largest,smallest","select_segment_length_extremum(extremum={largest|smallest}, output_role=segment_label); scene=graph_paper; scope=labeled_segment_set",task_geometry__graph_paper__angle_extremum_label (0.81),keep,
geometry,graph_paper,task_geometry__graph_paper__line_slope_value,trace/tasks/geometry/graph_paper/line_slope_value.py,configs/domains/geometry/graph_paper.yaml,,docs/tasks/geometry/graph_paper/task_geometry__graph_paper__line_slope_value.md,review/task-reviews/geometry/graph_paper/task_geometry__graph_paper__line_slope_value,number,segment,number,segment,,single,single,single,"compute_segment_slope_from_grid_rise_run(target=line_segment, output_role=slope_number); scene=graph_paper; scope=single_segment",task_geometry__graph_paper__circle_circumference_value (0.50),keep,
geometry,graph_paper,task_geometry__graph_paper__perimeter_extremum_label,trace/tasks/geometry/graph_paper/perimeter_extremum_label.py,configs/domains/geometry/graph_paper.yaml,,docs/tasks/geometry/graph_paper/task_geometry__graph_paper__perimeter_extremum_label.md,review/task-reviews/geometry/graph_paper/task_geometry__graph_paper__perimeter_extremum_label,option_letter,bbox,option_letter,bbox,,"largest,smallest","largest,smallest","largest,smallest","select_shape_perimeter_extremum(extremum={largest|smallest}, shape_family={rectangle|right_triangle}, output_role=shape_label); scene=graph_paper; scope=labeled_shape_set",task_geometry__graph_paper__area_extremum_label (0.92),keep,
geometry,graph_paper,task_geometry__graph_paper__polygon_area_value,trace/tasks/geometry/graph_paper/polygon_area_value.py,configs/domains/geometry/graph_paper.yaml,,docs/tasks/geometry/graph_paper/task_geometry__graph_paper__polygon_area_value.md,review/task-reviews/geometry/graph_paper/task_geometry__graph_paper__polygon_area_value,integer,point_set,integer,point_set,,single,single,single,"compute_lattice_polygon_area(target=polygon, shape_family={rectangle|triangle|parallelogram}, output_role=area_integer); scene=graph_paper; scope=single_polygon",task_geometry__graph_paper__polygon_perimeter_value (0.92),keep,
geometry,graph_paper,task_geometry__graph_paper__polygon_convexity_count,trace/tasks/geometry/graph_paper/polygon_convexity_count.py,configs/domains/geometry/graph_paper.yaml,,docs/tasks/geometry/graph_paper/task_geometry__graph_paper__polygon_convexity_count.md,review/task-reviews/geometry/graph_paper/task_geometry__graph_paper__polygon_convexity_count,integer,bbox_set,integer,bbox_set,,"convex_polygon_count,concave_polygon_count","concave_polygon_count,convex_polygon_count","concave_polygon_count,convex_polygon_count","count_polygon_convexity_class(query_id={convex_polygon_count|concave_polygon_count}, target_class={convex|concave}, output_role=count); scene=graph_paper; scope=polygon_set",task_geometry__graph_paper__angle_type_count (0.64),keep,
geometry,graph_paper,task_geometry__graph_paper__polygon_perimeter_value,trace/tasks/geometry/graph_paper/polygon_perimeter_value.py,configs/domains/geometry/graph_paper.yaml,,docs/tasks/geometry/graph_paper/task_geometry__graph_paper__polygon_perimeter_value.md,review/task-reviews/geometry/graph_paper/task_geometry__graph_paper__polygon_perimeter_value,integer,point_set,integer,point_set,,single,single,single,"compute_lattice_polygon_perimeter(target=polygon, shape_family={rectangle|triangle|parallelogram}, output_role=perimeter_integer); scene=graph_paper; scope=single_polygon",task_geometry__graph_paper__polygon_area_value (0.92),keep,
geometry,graph_paper,task_geometry__graph_paper__quadrilateral_type_count,trace/tasks/geometry/graph_paper/quadrilateral_type_count.py,configs/domains/geometry/graph_paper.yaml,,docs/tasks/geometry/graph_paper/task_geometry__graph_paper__quadrilateral_type_count.md,review/task-reviews/geometry/graph_paper/task_geometry__graph_paper__quadrilateral_type_count,integer,bbox_set,integer,bbox_set,,"square_count,non_square_rectangle_count,non_square_rhombus_count,slanted_parallelogram_count","non_square_rectangle_count,non_square_rhombus_count,slanted_parallelogram_count,square_count","non_square_rectangle_count,non_square_rhombus_count,slanted_parallelogram_count,square_count","count_quadrilateral_class(query_id={square_count|non_square_rectangle_count|non_square_rhombus_count|slanted_parallelogram_count}, target_class={square|non_square_rectangle|non_square_rhombus|slanted_parallelogram}, output_role=count); scene=graph_paper; scope=quadrilateral_set",task_geometry__graph_paper__triangle_type_count (0.62),keep,
geometry,graph_paper,task_geometry__graph_paper__shape_type_count,trace/tasks/geometry/graph_paper/shape_type_count.py,configs/domains/geometry/graph_paper.yaml,,docs/tasks/geometry/graph_paper/task_geometry__graph_paper__shape_type_count.md,review/task-reviews/geometry/graph_paper/task_geometry__graph_paper__shape_type_count,integer,bbox_set,integer,bbox_set,,"triangle_count,quadrilateral_count,pentagon_count,hexagon_count,circle_count,ellipse_count","circle_count,ellipse_count,hexagon_count,pentagon_count,quadrilateral_count,triangle_count","circle_count,ellipse_count,hexagon_count,pentagon_count,quadrilateral_count,triangle_count","count_shape_class(query_id={triangle_count|quadrilateral_count|pentagon_count|hexagon_count|circle_count|ellipse_count}, target_class={triangle|quadrilateral|pentagon|hexagon|circle|ellipse}, output_role=count); scene=graph_paper; scope=mixed_shape_set",task_geometry__graph_paper__triangle_type_count (0.60),keep,
geometry,graph_paper,task_geometry__graph_paper__triangle_type_count,trace/tasks/geometry/graph_paper/triangle_type_count.py,configs/domains/geometry/graph_paper.yaml,,docs/tasks/geometry/graph_paper/task_geometry__graph_paper__triangle_type_count.md,review/task-reviews/geometry/graph_paper/task_geometry__graph_paper__triangle_type_count,integer,bbox_set,integer,bbox_set,,"equilateral_triangle_count,right_triangle_count,scalene_triangle_count,non_equilateral_isosceles_triangle_count","equilateral_triangle_count,non_equilateral_isosceles_triangle_count,right_triangle_count,scalene_triangle_count","equilateral_triangle_count,non_equilateral_isosceles_triangle_count,right_triangle_count,scalene_triangle_count","count_triangle_class(query_id={equilateral_triangle_count|right_triangle_count|scalene_triangle_count|non_equilateral_isosceles_triangle_count}, target_class={equilateral|right|scalene|non_equilateral_isosceles}, output_role=count); scene=graph_paper; scope=triangle_set",task_geometry__graph_paper__angle_type_count (0.69),keep,
geometry,incircle_tangents,task_geometry__incircle_tangents__incircle_radius_from_area_value,trace/tasks/geometry/incircle_tangents/incircle_radius_from_area_value.py,configs/domains/geometry/incircle_tangents.yaml,,docs/tasks/geometry/incircle_tangents/task_geometry__incircle_tangents__incircle_radius_from_area_value.md,review/task-reviews/geometry/incircle_tangents/task_geometry__incircle_tangents__incircle_radius_from_area_value,number,point_map,number,point_map,single,single,single,single,"radius(incircle_tangent_triangle, tangent_equalities={AD=AF,BD=BE,CE=CF}); scene=incircle_tangents; scope=incircle_radius_from_area_value",task_geometry__incircle_tangents__incircle_tangent_perimeter_value (0.75),keep,
geometry,incircle_tangents,task_geometry__incircle_tangents__incircle_tangent_perimeter_value,trace/tasks/geometry/incircle_tangents/incircle_tangent_perimeter_value.py,configs/domains/geometry/incircle_tangents.yaml,,docs/tasks/geometry/incircle_tangents/task_geometry__incircle_tangents__incircle_tangent_perimeter_value.md,review/task-reviews/geometry/incircle_tangents/task_geometry__incircle_tangents__incircle_tangent_perimeter_value,integer,point_map,integer,point_map,single,single,single,single,"perimeter(incircle_tangent_triangle, tangent_equalities={AD=AF,BD=BE,CE=CF}); scene=incircle_tangents; scope=incircle_tangent_perimeter_value",task_geometry__incircle_tangents__incircle_radius_from_area_value (0.75),keep,
geometry,measuring_tools,task_geometry__measuring_tools__protractor_angle_value,trace/tasks/geometry/measuring_tools/protractor_angle_value.py,configs/domains/geometry/measuring_tools.yaml,,docs/tasks/geometry/measuring_tools/task_geometry__measuring_tools__protractor_angle_value.md,review/task-reviews/geometry/measuring_tools/task_geometry__measuring_tools__protractor_angle_value,integer,point_map,integer,point_map,,single,single,single,"read_visible_measurement_tool(tool=protractor, candidate=marked_angle_on_carrier_shape, unit=degrees, operation=read_protractor_tick, output_role=angle_measure_integer, annotation_witness={angle_vertex,protractor_reading_tick}); scene=measuring_tools; scope=protractor_angle_value",task_geometry__measuring_tools__ruler_length_value (0.63),keep,
geometry,measuring_tools,task_geometry__measuring_tools__ruler_length_value,trace/tasks/geometry/measuring_tools/ruler_length_value.py,configs/domains/geometry/measuring_tools.yaml,,docs/tasks/geometry/measuring_tools/task_geometry__measuring_tools__ruler_length_value.md,review/task-reviews/geometry/measuring_tools/task_geometry__measuring_tools__ruler_length_value,integer,segment,integer,segment,,single,single,single,"read_visible_measurement_tool(tool=ruler, candidate=marked_length_on_carrier_shape, unit=centimeters, operation=read_ruler_span, output_role=length_measure_integer, annotation_witness=measured_segment); scene=measuring_tools; scope=ruler_length_value",task_geometry__measuring_tools__protractor_angle_value (0.63),keep,
geometry,paper_fold,task_geometry__paper_fold__folded_segment_length_value,trace/tasks/geometry/paper_fold/folded_segment_length_value.py,configs/domains/geometry/paper_fold.yaml,,docs/tasks/geometry/paper_fold/task_geometry__paper_fold__folded_segment_length_value.md,review/task-reviews/geometry/paper_fold/task_geometry__paper_fold__folded_segment_length_value,integer,segment,integer,segment,single,single,single,single,"solve_formula(visible_paper_fold_side_labels, unknown_role=folded_segment_length, formula_schema=pythagorean_leg_then_fold_correspondence, output=integer_length); scene=paper_fold; scope=folded_segment_length_value",task_geometry__paper_fold__paper_fold_angle_value (0.43),keep,
geometry,paper_fold,task_geometry__paper_fold__paper_fold_angle_value,trace/tasks/geometry/paper_fold/paper_fold_angle_value.py,configs/domains/geometry/paper_fold.yaml,,docs/tasks/geometry/paper_fold/task_geometry__paper_fold__paper_fold_angle_value.md,review/task-reviews/geometry/paper_fold/task_geometry__paper_fold__paper_fold_angle_value,number,bbox_map,number,bbox_map,single,single,single,single,"solve_formula(visible_paper_fold_angle_labels, unknown_role=half_angle_x, formula_schema=fold_bisector_with_straight_angle, output=angle_degrees_1dp); scene=paper_fold; scope=paper_fold_angle_value",task_geometry__paper_fold__folded_segment_length_value (0.43),keep,
geometry,polar_graph_paper,task_geometry__polar_graph_paper__coordinate_difference_value,trace/tasks/geometry/polar_graph_paper/coordinate_difference_value.py,configs/domains/geometry/polar_graph_paper.yaml,,docs/tasks/geometry/polar_graph_paper/task_geometry__polar_graph_paper__coordinate_difference_value.md,review/task-reviews/geometry/polar_graph_paper/task_geometry__polar_graph_paper__coordinate_difference_value,integer,point_map,integer,point_map,radius_difference_value,"radius_difference_value,angle_difference_value","angle_difference_value,radius_difference_value","angle_difference_value,radius_difference_value","compare_two_polar_graph_components(candidates={P,Q}, component={radius|angle_degrees}, operation={absolute_radius_difference|smaller_angular_difference}, output_role=integer_difference_value, annotation_witness=point_map_P_Q); scene=polar_graph_paper; scope=coordinate_difference_value",task_geometry__polar_graph_paper__readout_value (0.54),keep,
geometry,polar_graph_paper,task_geometry__polar_graph_paper__readout_value,trace/tasks/geometry/polar_graph_paper/readout_value.py,configs/domains/geometry/polar_graph_paper.yaml,,docs/tasks/geometry/polar_graph_paper/task_geometry__polar_graph_paper__readout_value.md,review/task-reviews/geometry/polar_graph_paper/task_geometry__polar_graph_paper__readout_value,integer,point,integer,point,radius_readout_value,"radius_readout_value,angle_readout_value","angle_readout_value,radius_readout_value","angle_readout_value,radius_readout_value","read_polar_graph_component(candidate=P, component={radius|angle_degrees}, operation=read_ring_or_spoke_value, output_role=integer_component_value, annotation_witness=point_P); scene=polar_graph_paper; scope=readout_value",task_geometry__polar_graph_paper__coordinate_difference_value (0.54),keep,
geometry,polygon_equation_diagram,task_geometry__polygon_equation_diagram__equal_angle_measure_value,trace/tasks/geometry/polygon_equation_diagram/equal_angle_measure_value.py,configs/domains/geometry/polygon_equation_diagram.yaml,,docs/tasks/geometry/polygon_equation_diagram/task_geometry__polygon_equation_diagram__equal_angle_measure_value.md,review/task-reviews/geometry/polygon_equation_diagram/task_geometry__polygon_equation_diagram__equal_angle_measure_value,integer,point_map,integer,point_map,,single,single,single,"solve_formula(visible_equal_angle_polygon_equation, unknown_role=target_angle_measure, formula_schema=equal_angle_expression_angle_measure_value); scene=polygon_equation_diagram; scope=equal_angle_measure_value",task_geometry__polygon_equation_diagram__equal_angle_variable_value (0.87),keep,
geometry,polygon_equation_diagram,task_geometry__polygon_equation_diagram__equal_angle_variable_value,trace/tasks/geometry/polygon_equation_diagram/equal_angle_variable_value.py,configs/domains/geometry/polygon_equation_diagram.yaml,,docs/tasks/geometry/polygon_equation_diagram/task_geometry__polygon_equation_diagram__equal_angle_variable_value.md,review/task-reviews/geometry/polygon_equation_diagram/task_geometry__polygon_equation_diagram__equal_angle_variable_value,integer,point_map,integer,point_map,,single,single,single,"solve_formula(visible_equal_angle_polygon_equation, unknown_role=variable_value, formula_schema=equal_angle_expression_variable_value); scene=polygon_equation_diagram; scope=equal_angle_variable_value",task_geometry__polygon_equation_diagram__equal_side_variable_value (0.91),keep,
geometry,polygon_equation_diagram,task_geometry__polygon_equation_diagram__equal_side_length_value,trace/tasks/geometry/polygon_equation_diagram/equal_side_length_value.py,configs/domains/geometry/polygon_equation_diagram.yaml,,docs/tasks/geometry/polygon_equation_diagram/task_geometry__polygon_equation_diagram__equal_side_length_value.md,review/task-reviews/geometry/polygon_equation_diagram/task_geometry__polygon_equation_diagram__equal_side_length_value,integer,point_map,integer,point_map,,single,single,single,"solve_formula(visible_equal_side_polygon_equation, unknown_role=target_side_length, formula_schema=equal_side_expression_side_length_value); scene=polygon_equation_diagram; scope=equal_side_length_value",task_geometry__polygon_equation_diagram__equal_side_variable_value (0.87),keep,
geometry,polygon_equation_diagram,task_geometry__polygon_equation_diagram__equal_side_variable_value,trace/tasks/geometry/polygon_equation_diagram/equal_side_variable_value.py,configs/domains/geometry/polygon_equation_diagram.yaml,,docs/tasks/geometry/polygon_equation_diagram/task_geometry__polygon_equation_diagram__equal_side_variable_value.md,review/task-reviews/geometry/polygon_equation_diagram/task_geometry__polygon_equation_diagram__equal_side_variable_value,integer,point_map,integer,point_map,,single,single,single,"solve_formula(visible_equal_side_polygon_equation, unknown_role=variable_value, formula_schema=equal_side_expression_variable_value); scene=polygon_equation_diagram; scope=equal_side_variable_value",task_geometry__polygon_equation_diagram__equal_angle_variable_value (0.91),keep,
geometry,polygon_equation_diagram,task_geometry__polygon_equation_diagram__interior_angle_sum_angle_value,trace/tasks/geometry/polygon_equation_diagram/interior_angle_sum_angle_value.py,configs/domains/geometry/polygon_equation_diagram.yaml,,docs/tasks/geometry/polygon_equation_diagram/task_geometry__polygon_equation_diagram__interior_angle_sum_angle_value.md,review/task-reviews/geometry/polygon_equation_diagram/task_geometry__polygon_equation_diagram__interior_angle_sum_angle_value,integer,point_map,integer,point_map,,single,single,single,"solve_formula(visible_polygon_interior_angle_sum_equation, unknown_role=target_angle_measure, formula_schema=interior_angle_sum_angle_measure_value); scene=polygon_equation_diagram; scope=interior_angle_sum_angle_value",task_geometry__polygon_equation_diagram__interior_angle_sum_variable_value (0.87),keep,
geometry,polygon_equation_diagram,task_geometry__polygon_equation_diagram__interior_angle_sum_variable_value,trace/tasks/geometry/polygon_equation_diagram/interior_angle_sum_variable_value.py,configs/domains/geometry/polygon_equation_diagram.yaml,,docs/tasks/geometry/polygon_equation_diagram/task_geometry__polygon_equation_diagram__interior_angle_sum_variable_value.md,review/task-reviews/geometry/polygon_equation_diagram/task_geometry__polygon_equation_diagram__interior_angle_sum_variable_value,integer,point_map,integer,point_map,,single,single,single,"solve_formula(visible_polygon_interior_angle_sum_equation, unknown_role=variable_value, formula_schema=interior_angle_sum_variable_value); scene=polygon_equation_diagram; scope=interior_angle_sum_variable_value",task_geometry__polygon_equation_diagram__interior_angle_sum_angle_value (0.87),keep,
geometry,polygon_equation_diagram,task_geometry__polygon_equation_diagram__side_expression_perimeter_value,trace/tasks/geometry/polygon_equation_diagram/side_expression_perimeter_value.py,configs/domains/geometry/polygon_equation_diagram.yaml,,docs/tasks/geometry/polygon_equation_diagram/task_geometry__polygon_equation_diagram__side_expression_perimeter_value.md,review/task-reviews/geometry/polygon_equation_diagram/task_geometry__polygon_equation_diagram__side_expression_perimeter_value,integer,point_map,integer,point_map,,single,single,single,"solve_formula(visible_equal_side_polygon_equation_then_perimeter_sum, unknown_role=perimeter_value, formula_schema=equal_side_expression_perimeter_value); scene=polygon_equation_diagram; scope=side_expression_perimeter_value",task_geometry__polygon_equation_diagram__equal_side_variable_value (0.83),keep,
geometry,pythagorean_dissection,task_geometry__pythagorean_dissection__pythagorean_square_area_value,trace/tasks/geometry/pythagorean_dissection/pythagorean_square_area_value.py,configs/domains/geometry/pythagorean_dissection.yaml,,docs/tasks/geometry/pythagorean_dissection/task_geometry__pythagorean_dissection__pythagorean_square_area_value.md,review/task-reviews/geometry/pythagorean_dissection/task_geometry__pythagorean_dissection__pythagorean_square_area_value,integer_value,point_map,integer,point_map,single,single,single,single,"derive_geometry_metric(visible_pythagorean_square_dissection, derivation_rule=leg_a_squared_plus_leg_b_squared, output_role=square_EFGH_area); scene=pythagorean_dissection; scope=pythagorean_square_area_value",,keep,
geometry,pythagorean_tree,task_geometry__pythagorean_tree__missing_square_area_value,trace/tasks/geometry/pythagorean_tree/missing_square_area_value.py,configs/domains/geometry/pythagorean_tree.yaml,,docs/tasks/geometry/pythagorean_tree/task_geometry__pythagorean_tree__missing_square_area_value.md,review/task-reviews/geometry/pythagorean_tree/task_geometry__pythagorean_tree__missing_square_area_value,integer_value,bbox,integer,bbox,hypotenuse_square_area,"hypotenuse_square_area,leg_square_area","hypotenuse_square_area,leg_square_area","hypotenuse_square_area,leg_square_area","solve_formula(attached_square_areas_on_right_triangle, unknown_role=square_area, formula_schema=pythagorean_square_area_sum); scene=pythagorean_tree; scope=missing_square_area_value",,keep,
geometry,rectangular_solid,task_geometry__rectangular_solid__cube_edge_from_frame_length_value,trace/tasks/geometry/rectangular_solid/cube_edge_from_frame_length_value.py,configs/domains/geometry/rectangular_solid.yaml,,docs/tasks/geometry/rectangular_solid/task_geometry__rectangular_solid__cube_edge_from_frame_length_value.md,review/task-reviews/geometry/rectangular_solid/task_geometry__rectangular_solid__cube_edge_from_frame_length_value,integer_value,bbox,integer,bbox,,single,single,single,"solve_formula(cube_wire_frame_length_measurement, unknown_role=cube_edge, formula_schema=edge_length_from_frame_edge_count); scene=rectangular_solid; scope=cube_edge_from_frame_length_value",task_geometry__rectangular_solid__cuboid_surface_area_value (0.50),keep,
geometry,rectangular_solid,task_geometry__rectangular_solid__cuboid_surface_area_value,trace/tasks/geometry/rectangular_solid/cuboid_surface_area_value.py,configs/domains/geometry/rectangular_solid.yaml,,docs/tasks/geometry/rectangular_solid/task_geometry__rectangular_solid__cuboid_surface_area_value.md,review/task-reviews/geometry/rectangular_solid/task_geometry__rectangular_solid__cuboid_surface_area_value,integer_value,bbox,integer,bbox,,single,single,single,"solve_formula(cuboid_dimension_measurements, unknown_role=surface_area, formula_schema=cuboid_total_surface_area); scene=rectangular_solid; scope=cuboid_surface_area_value",task_geometry__rectangular_solid__cuboid_volume_missing_dimension_value (0.62),keep,
geometry,rectangular_solid,task_geometry__rectangular_solid__cuboid_volume_missing_dimension_value,trace/tasks/geometry/rectangular_solid/cuboid_volume_missing_dimension_value.py,configs/domains/geometry/rectangular_solid.yaml,,docs/tasks/geometry/rectangular_solid/task_geometry__rectangular_solid__cuboid_volume_missing_dimension_value.md,review/task-reviews/geometry/rectangular_solid/task_geometry__rectangular_solid__cuboid_volume_missing_dimension_value,integer_value,segment,integer,segment,,"missing_length_from_volume,missing_width_from_volume,missing_height_from_volume","missing_height_from_volume,missing_length_from_volume,missing_width_from_volume","missing_height_from_volume,missing_length_from_volume,missing_width_from_volume","solve_formula(cuboid_volume_measurements, unknown_role=length|width|height, formula_schema=cuboid_volume_missing_dimension); scene=rectangular_solid; scope=cuboid_volume_missing_dimension_value",task_geometry__rectangular_solid__cuboid_surface_area_value (0.62),keep,
geometry,rectangular_solid,task_geometry__rectangular_solid__open_box_net_dimension_value,trace/tasks/geometry/rectangular_solid/open_box_net_dimension_value.py,configs/domains/geometry/rectangular_solid.yaml,,docs/tasks/geometry/rectangular_solid/task_geometry__rectangular_solid__open_box_net_dimension_value.md,review/task-reviews/geometry/rectangular_solid/task_geometry__rectangular_solid__open_box_net_dimension_value,integer_value,segment,integer,segment,,single,single,single,"solve_formula(corner_cut_open_box_net, unknown_role=base_dimension, formula_schema=open_box_corner_cut_dimensions); scene=rectangular_solid; scope=open_box_net_dimension_value",task_geometry__rectangular_solid__cuboid_volume_missing_dimension_value (0.52),keep,
geometry,regular_polygon_decomposition,task_geometry__regular_polygon_decomposition__central_angle_value,trace/tasks/geometry/regular_polygon_decomposition/central_angle_value.py,configs/domains/geometry/regular_polygon_decomposition.yaml,,docs/tasks/geometry/regular_polygon_decomposition/task_geometry__regular_polygon_decomposition__central_angle_value.md,review/task-reviews/geometry/regular_polygon_decomposition/task_geometry__regular_polygon_decomposition__central_angle_value,integer,point_map,integer,point_map,,single,single,single,"solve_formula(regular_polygon_equal_wedge_decomposition, target=marked_central_angle, formula_schema=marked_wedge_count_times_360_degrees_divided_by_side_count); scene=regular_polygon_decomposition; scope=central_angle_value",task_geometry__regular_polygon_decomposition__marked_piece_area_value (0.69),keep,
geometry,regular_polygon_decomposition,task_geometry__regular_polygon_decomposition__marked_piece_area_value,trace/tasks/geometry/regular_polygon_decomposition/marked_piece_area_value.py,configs/domains/geometry/regular_polygon_decomposition.yaml,,docs/tasks/geometry/regular_polygon_decomposition/task_geometry__regular_polygon_decomposition__marked_piece_area_value.md,review/task-reviews/geometry/regular_polygon_decomposition/task_geometry__regular_polygon_decomposition__marked_piece_area_value,number,point_map,number,point_map,,single,single,single,"solve_formula(regular_polygon_equal_wedge_decomposition, target=marked_wedge_group_area, formula_schema=total_area_divided_by_side_count_times_marked_wedge_count); scene=regular_polygon_decomposition; scope=marked_piece_area_value",task_geometry__regular_polygon_decomposition__central_angle_value (0.69),keep,
geometry,regular_polygon_decomposition,task_geometry__regular_polygon_decomposition__perimeter_value,trace/tasks/geometry/regular_polygon_decomposition/perimeter_value.py,configs/domains/geometry/regular_polygon_decomposition.yaml,,docs/tasks/geometry/regular_polygon_decomposition/task_geometry__regular_polygon_decomposition__perimeter_value.md,review/task-reviews/geometry/regular_polygon_decomposition/task_geometry__regular_polygon_decomposition__perimeter_value,integer,point_map,integer,point_map,,single,single,single,"solve_formula(regular_polygon_equal_wedge_decomposition, target=regular_polygon_perimeter, formula_schema=two_area_divided_by_apothem); scene=regular_polygon_decomposition; scope=perimeter_value",task_geometry__regular_polygon_decomposition__side_length_value (0.79),keep,
geometry,regular_polygon_decomposition,task_geometry__regular_polygon_decomposition__side_length_value,trace/tasks/geometry/regular_polygon_decomposition/side_length_value.py,configs/domains/geometry/regular_polygon_decomposition.yaml,,docs/tasks/geometry/regular_polygon_decomposition/task_geometry__regular_polygon_decomposition__side_length_value.md,review/task-reviews/geometry/regular_polygon_decomposition/task_geometry__regular_polygon_decomposition__side_length_value,integer,point_map,integer,point_map,,"side_length_from_perimeter,side_length_from_total_area_and_apothem,side_length_from_wedge_area_and_apothem","side_length_from_perimeter,side_length_from_total_area_and_apothem,side_length_from_wedge_area_and_apothem","side_length_from_perimeter,side_length_from_total_area_and_apothem,side_length_from_wedge_area_and_apothem","solve_formula(regular_polygon_equal_wedge_decomposition, target=regular_polygon_side_length, formula_schema=perimeter_divided_by_side_count_or_area_apothem_relation); scene=regular_polygon_decomposition; scope=side_length_value",task_geometry__regular_polygon_decomposition__perimeter_value (0.79),keep,
geometry,regular_polygon_decomposition,task_geometry__regular_polygon_decomposition__wedge_area_from_side_apothem_value,trace/tasks/geometry/regular_polygon_decomposition/wedge_area_from_side_apothem_value.py,configs/domains/geometry/regular_polygon_decomposition.yaml,,docs/tasks/geometry/regular_polygon_decomposition/task_geometry__regular_polygon_decomposition__wedge_area_from_side_apothem_value.md,review/task-reviews/geometry/regular_polygon_decomposition/task_geometry__regular_polygon_decomposition__wedge_area_from_side_apothem_value,number,point_map,number,point_map,,single,single,single,"solve_formula(regular_polygon_equal_wedge_decomposition, target=single_wedge_area, formula_schema=side_length_times_apothem_divided_by_two); scene=regular_polygon_decomposition; scope=wedge_area_from_side_apothem_value",task_geometry__regular_polygon_decomposition__perimeter_value (0.72),keep,
geometry,sector,task_geometry__sector__arc_length_from_sector_area_value,trace/tasks/geometry/sector/arc_length_from_sector_area_value.py,configs/domains/geometry/sector.yaml,,docs/tasks/geometry/sector/task_geometry__sector__arc_length_from_sector_area_value.md,review/task-reviews/geometry/sector/task_geometry__sector__arc_length_from_sector_area_value,number,bbox,number,bbox,,single,single,single,"solve_formula(circular_sector, target=arc_length, formula_schema=arc_length_from_sector_area_and_radius); scene=sector; scope=arc_length_from_sector_area_value",task_geometry__sector__arc_length_from_supplement_angle_value (0.86),keep,
geometry,sector,task_geometry__sector__arc_length_from_supplement_angle_value,trace/tasks/geometry/sector/arc_length_from_supplement_angle_value.py,configs/domains/geometry/sector.yaml,,docs/tasks/geometry/sector/task_geometry__sector__arc_length_from_supplement_angle_value.md,review/task-reviews/geometry/sector/task_geometry__sector__arc_length_from_supplement_angle_value,number,bbox,number,bbox,,single,single,single,"solve_formula(circular_sector, target=arc_length, formula_schema=arc_length_from_radius_and_supplement_angle); scene=sector; scope=arc_length_from_supplement_angle_value",task_geometry__sector__arc_length_from_sector_area_value (0.86),keep,
geometry,sector,task_geometry__sector__central_angle_from_sector_measure_value,trace/tasks/geometry/sector/central_angle_from_sector_measure_value.py,configs/domains/geometry/sector.yaml,,docs/tasks/geometry/sector/task_geometry__sector__central_angle_from_sector_measure_value.md,review/task-reviews/geometry/sector/task_geometry__sector__central_angle_from_sector_measure_value,number,bbox,number,bbox,,"from_arc_length,from_sector_area","from_arc_length,from_sector_area","from_arc_length,from_sector_area","solve_formula(circular_sector, target=central_angle, formula_schema=derive_central_angle_from_visible_sector_measure_and_radius); scene=sector; scope=central_angle_from_sector_measure_value",task_geometry__sector__sector_area_from_complement_angle_value (0.74),keep,
geometry,sector,task_geometry__sector__related_angle_from_sector_measure_value,trace/tasks/geometry/sector/related_angle_from_sector_measure_value.py,configs/domains/geometry/sector.yaml,,docs/tasks/geometry/sector/task_geometry__sector__related_angle_from_sector_measure_value.md,review/task-reviews/geometry/sector/task_geometry__sector__related_angle_from_sector_measure_value,number,bbox,number,bbox,,"complement_from_arc_length,supplement_from_sector_area,remaining_from_arc_length","complement_from_arc_length,remaining_from_arc_length,supplement_from_sector_area","complement_from_arc_length,remaining_from_arc_length,supplement_from_sector_area","solve_formula(circular_sector, target=related_angle, formula_schema=derive_sector_angle_from_visible_measure_then_apply_visible_angle_relation); scene=sector; scope=related_angle_from_sector_measure_value",task_geometry__sector__central_angle_from_sector_measure_value (0.72),keep,
geometry,sector,task_geometry__sector__sector_area_from_complement_angle_value,trace/tasks/geometry/sector/sector_area_from_complement_angle_value.py,configs/domains/geometry/sector.yaml,,docs/tasks/geometry/sector/task_geometry__sector__sector_area_from_complement_angle_value.md,review/task-reviews/geometry/sector/task_geometry__sector__sector_area_from_complement_angle_value,number,bbox,number,bbox,,single,single,single,"solve_formula(circular_sector, target=sector_area, formula_schema=sector_area_from_radius_and_complement_angle); scene=sector; scope=sector_area_from_complement_angle_value",task_geometry__sector__arc_length_from_sector_area_value (0.81),keep,
geometry,shape_reference,task_geometry__shape_reference__congruent_match,trace/tasks/geometry/shape_reference/congruent_match.py,configs/domains/geometry/shape_reference.yaml,,docs/tasks/geometry/shape_reference/task_geometry__shape_reference__congruent_match.md,review/task-reviews/geometry/shape_reference/task_geometry__shape_reference__congruent_match,option_letter,point_set,option_letter,point_set,single,single,single,single,"label(select_option(candidate_shapes, shape_relation(shape, reference_shape)=congruent_to_reference)); scene=shape_reference; scope=congruent_match",task_geometry__shape_reference__similar_match (0.89),keep,
geometry,shape_reference,task_geometry__shape_reference__reflection_match,trace/tasks/geometry/shape_reference/reflection_match.py,configs/domains/geometry/shape_reference.yaml,,docs/tasks/geometry/shape_reference/task_geometry__shape_reference__reflection_match.md,review/task-reviews/geometry/shape_reference/task_geometry__shape_reference__reflection_match,option_letter,point_set,option_letter,point_set,single,single,single,single,"label(select_option(candidate_shapes, transform_rule=reflection_match)); scene=shape_reference; scope=reflection_match",task_geometry__shape_reference__rotation_match (0.89),keep,
geometry,shape_reference,task_geometry__shape_reference__rotation_match,trace/tasks/geometry/shape_reference/rotation_match.py,configs/domains/geometry/shape_reference.yaml,,docs/tasks/geometry/shape_reference/task_geometry__shape_reference__rotation_match.md,review/task-reviews/geometry/shape_reference/task_geometry__shape_reference__rotation_match,option_letter,point_set,option_letter,point_set,single,single,single,single,"label(select_option(candidate_shapes, transform_rule=rotation_match)); scene=shape_reference; scope=rotation_match",task_geometry__shape_reference__reflection_match (0.89),keep,
geometry,shape_reference,task_geometry__shape_reference__similar_match,trace/tasks/geometry/shape_reference/similar_match.py,configs/domains/geometry/shape_reference.yaml,,docs/tasks/geometry/shape_reference/task_geometry__shape_reference__similar_match.md,review/task-reviews/geometry/shape_reference/task_geometry__shape_reference__similar_match,option_letter,point_set,option_letter,point_set,single,single,single,single,"label(select_option(candidate_shapes, shape_relation(shape, reference_shape)=similar_to_reference)); scene=shape_reference; scope=similar_match",task_geometry__shape_reference__congruent_match (0.89),keep,
geometry,shape_reference,task_geometry__shape_reference__translation_match,trace/tasks/geometry/shape_reference/translation_match.py,configs/domains/geometry/shape_reference.yaml,,docs/tasks/geometry/shape_reference/task_geometry__shape_reference__translation_match.md,review/task-reviews/geometry/shape_reference/task_geometry__shape_reference__translation_match,option_letter,point_set,option_letter,point_set,single,single,single,single,"label(select_option(candidate_shapes, transform_rule=translation_match)); scene=shape_reference; scope=translation_match",task_geometry__shape_reference__reflection_match (0.89),keep,
geometry,similar_figure_measure_transfer,task_geometry__similar_figure_measure_transfer__area_scale_side_length_value,trace/tasks/geometry/similar_figure_measure_transfer/area_scale_side_length_value.py,configs/domains/geometry/similar_figure_measure_transfer.yaml,,docs/tasks/geometry/similar_figure_measure_transfer/task_geometry__similar_figure_measure_transfer__area_scale_side_length_value.md,review/task-reviews/geometry/similar_figure_measure_transfer/task_geometry__similar_figure_measure_transfer__area_scale_side_length_value,integer,point_map,integer,point_map,side_length_from_area_pair,"side_length_from_area_pair,side_length_from_area_ratio","side_length_from_area_pair,side_length_from_area_ratio","side_length_from_area_pair,side_length_from_area_ratio","solve_formula(visible_similar_figure_area_scale_relation, unknown_role=target_corresponding_side_length, formula_schema=area_scale_to_linear_scale); scene=similar_figure_measure_transfer; scope=area_scale_side_length_value",task_geometry__similar_figure_measure_transfer__corresponding_side_value (0.93),keep,
geometry,similar_figure_measure_transfer,task_geometry__similar_figure_measure_transfer__corresponding_side_value,trace/tasks/geometry/similar_figure_measure_transfer/corresponding_side_value.py,configs/domains/geometry/similar_figure_measure_transfer.yaml,,docs/tasks/geometry/similar_figure_measure_transfer/task_geometry__similar_figure_measure_transfer__corresponding_side_value.md,review/task-reviews/geometry/similar_figure_measure_transfer/task_geometry__similar_figure_measure_transfer__corresponding_side_value,integer,point_map,integer,point_map,single,single,single,single,"solve_formula(visible_similar_figure_side_relation, unknown_role=target_corresponding_side_length, formula_schema=linear_scale_transfer); scene=similar_figure_measure_transfer; scope=corresponding_side_value",task_geometry__similar_figure_measure_transfer__area_scale_side_length_value (0.93),keep,
geometry,similar_figure_measure_transfer,task_geometry__similar_figure_measure_transfer__variable_value,trace/tasks/geometry/similar_figure_measure_transfer/variable_value.py,configs/domains/geometry/similar_figure_measure_transfer.yaml,,docs/tasks/geometry/similar_figure_measure_transfer/task_geometry__similar_figure_measure_transfer__variable_value.md,review/task-reviews/geometry/similar_figure_measure_transfer/task_geometry__similar_figure_measure_transfer__variable_value,number,point_map,number,point_map,single,single,single,single,"solve_formula(visible_similar_figure_marked_side_equation, unknown_role=variable_value, formula_schema=similar_side_ratio); scene=similar_figure_measure_transfer; scope=variable_value",task_geometry__similar_figure_measure_transfer__corresponding_side_value (0.60),keep,
geometry,solid_cross_section,task_geometry__solid_cross_section__cone_parallel_slice_area,trace/tasks/geometry/solid_cross_section/cone_parallel_slice_area.py,configs/domains/geometry/solid_cross_section.yaml,,docs/tasks/geometry/solid_cross_section/task_geometry__solid_cross_section__cone_parallel_slice_area.md,review/task-reviews/geometry/solid_cross_section/task_geometry__solid_cross_section__cone_parallel_slice_area,number,bbox,number,bbox,,single,single,single,"solve_formula(visible_solid_cross_section_measurements, unknown_role=area_measure, formula_schema=cone_parallel_slice_area); scene=solid_cross_section; scope=cone_parallel_slice_area",task_geometry__solid_cross_section__square_pyramid_parallel_slice_area (0.87),keep,
geometry,solid_cross_section,task_geometry__solid_cross_section__square_pyramid_parallel_slice_area,trace/tasks/geometry/solid_cross_section/square_pyramid_parallel_slice_area.py,configs/domains/geometry/solid_cross_section.yaml,,docs/tasks/geometry/solid_cross_section/task_geometry__solid_cross_section__square_pyramid_parallel_slice_area.md,review/task-reviews/geometry/solid_cross_section/task_geometry__solid_cross_section__square_pyramid_parallel_slice_area,number,bbox,number,bbox,,single,single,single,"solve_formula(visible_solid_cross_section_measurements, unknown_role=area_measure, formula_schema=square_pyramid_parallel_slice_area); scene=solid_cross_section; scope=square_pyramid_parallel_slice_area",task_geometry__solid_cross_section__cone_parallel_slice_area (0.87),keep,
geometry,solid_formula,task_geometry__solid_formula__cylinder_cone_height_from_volume_radius,trace/tasks/geometry/solid_formula/cylinder_cone_height_from_volume_radius.py,configs/domains/geometry/solid_formula.yaml,,docs/tasks/geometry/solid_formula/task_geometry__solid_formula__cylinder_cone_height_from_volume_radius.md,review/task-reviews/geometry/solid_formula/task_geometry__solid_formula__cylinder_cone_height_from_volume_radius,number,bbox,number,bbox,,single,single,single,"solve_formula(visible_solid_formula_measurements, unknown_role=cylinder_height, formula_schema=cylinder_cone_height_from_volume_radius); scene=solid_formula; scope=cylinder_cone_height_from_volume_radius",task_geometry__solid_formula__cylinder_cone_radius_from_volume_heights (0.86),keep,
geometry,solid_formula,task_geometry__solid_formula__cylinder_cone_radius_from_volume_heights,trace/tasks/geometry/solid_formula/cylinder_cone_radius_from_volume_heights.py,configs/domains/geometry/solid_formula.yaml,,docs/tasks/geometry/solid_formula/task_geometry__solid_formula__cylinder_cone_radius_from_volume_heights.md,review/task-reviews/geometry/solid_formula/task_geometry__solid_formula__cylinder_cone_radius_from_volume_heights,number,bbox,number,bbox,,single,single,single,"solve_formula(visible_solid_formula_measurements, unknown_role=radius_length, formula_schema=cylinder_cone_radius_from_volume_heights); scene=solid_formula; scope=cylinder_cone_radius_from_volume_heights",task_geometry__solid_formula__cylinder_cone_height_from_volume_radius (0.86),keep,
geometry,solid_formula,task_geometry__solid_formula__house_prism_length_from_volume,trace/tasks/geometry/solid_formula/house_prism_length_from_volume.py,configs/domains/geometry/solid_formula.yaml,,docs/tasks/geometry/solid_formula/task_geometry__solid_formula__house_prism_length_from_volume.md,review/task-reviews/geometry/solid_formula/task_geometry__solid_formula__house_prism_length_from_volume,number,bbox,number,bbox,,single,single,single,"solve_formula(visible_solid_formula_measurements, unknown_role=prism_length, formula_schema=house_prism_length_from_volume); scene=solid_formula; scope=house_prism_length_from_volume",task_geometry__solid_formula__prism_pyramid_height_from_volume (0.81),keep,
geometry,solid_formula,task_geometry__solid_formula__prism_pyramid_height_from_volume,trace/tasks/geometry/solid_formula/prism_pyramid_height_from_volume.py,configs/domains/geometry/solid_formula.yaml,,docs/tasks/geometry/solid_formula/task_geometry__solid_formula__prism_pyramid_height_from_volume.md,review/task-reviews/geometry/solid_formula/task_geometry__solid_formula__prism_pyramid_height_from_volume,number,bbox,number,bbox,,single,single,single,"solve_formula(visible_solid_formula_measurements, unknown_role=prism_height, formula_schema=prism_pyramid_height_from_volume); scene=solid_formula; scope=prism_pyramid_height_from_volume",task_geometry__solid_formula__house_prism_length_from_volume (0.81),keep,
geometry,solid_revolution,task_geometry__solid_revolution__revolution_cone_volume_value,trace/tasks/geometry/solid_revolution/revolution_cone_volume_value.py,configs/domains/geometry/solid_revolution.yaml,,docs/tasks/geometry/solid_revolution/task_geometry__solid_revolution__revolution_cone_volume_value.md,review/task-reviews/geometry/solid_revolution/task_geometry__solid_revolution__revolution_cone_volume_value,number,bbox_map,number,bbox_map,,single,single,single,"solve_formula(visible_solid_revolution_measurements, formula_schema=cone_volume_from_right_triangle, target=volume); scene=solid_revolution; scope=revolution_cone_volume_value",task_geometry__solid_revolution__revolution_double_cone_volume_value (0.91),keep,
geometry,solid_revolution,task_geometry__solid_revolution__revolution_cylinder_volume_from_diagonal_value,trace/tasks/geometry/solid_revolution/revolution_cylinder_volume_from_diagonal_value.py,configs/domains/geometry/solid_revolution.yaml,,docs/tasks/geometry/solid_revolution/task_geometry__solid_revolution__revolution_cylinder_volume_from_diagonal_value.md,review/task-reviews/geometry/solid_revolution/task_geometry__solid_revolution__revolution_cylinder_volume_from_diagonal_value,number,bbox_map,number,bbox_map,,single,single,single,"solve_formula(visible_solid_revolution_measurements, formula_schema=cylinder_volume_from_rectangle_diagonal, target=volume); scene=solid_revolution; scope=revolution_cylinder_volume_from_diagonal_value",task_geometry__solid_revolution__revolution_cylinder_volume_value (0.95),keep,
geometry,solid_revolution,task_geometry__solid_revolution__revolution_cylinder_volume_value,trace/tasks/geometry/solid_revolution/revolution_cylinder_volume_value.py,configs/domains/geometry/solid_revolution.yaml,,docs/tasks/geometry/solid_revolution/task_geometry__solid_revolution__revolution_cylinder_volume_value.md,review/task-reviews/geometry/solid_revolution/task_geometry__solid_revolution__revolution_cylinder_volume_value,number,bbox_map,number,bbox_map,,single,single,single,"solve_formula(visible_solid_revolution_measurements, formula_schema=cylinder_volume_from_rectangle, target=volume); scene=solid_revolution; scope=revolution_cylinder_volume_value",task_geometry__solid_revolution__revolution_cylinder_volume_from_diagonal_value (0.95),keep,
geometry,solid_revolution,task_geometry__solid_revolution__revolution_double_cone_volume_value,trace/tasks/geometry/solid_revolution/revolution_double_cone_volume_value.py,configs/domains/geometry/solid_revolution.yaml,,docs/tasks/geometry/solid_revolution/task_geometry__solid_revolution__revolution_double_cone_volume_value.md,review/task-reviews/geometry/solid_revolution/task_geometry__solid_revolution__revolution_double_cone_volume_value,number,bbox_map,number,bbox_map,,single,single,single,"solve_formula(visible_solid_revolution_measurements, formula_schema=double_cone_volume_from_triangle, target=volume); scene=solid_revolution; scope=revolution_double_cone_volume_value",task_geometry__solid_revolution__revolution_cone_volume_value (0.91),keep,
geometry,solid_revolution,task_geometry__solid_revolution__revolution_frustum_volume_value,trace/tasks/geometry/solid_revolution/revolution_frustum_volume_value.py,configs/domains/geometry/solid_revolution.yaml,,docs/tasks/geometry/solid_revolution/task_geometry__solid_revolution__revolution_frustum_volume_value.md,review/task-reviews/geometry/solid_revolution/task_geometry__solid_revolution__revolution_frustum_volume_value,number,bbox_map,number,bbox_map,,single,single,single,"solve_formula(visible_solid_revolution_measurements, formula_schema=frustum_volume_from_trapezoid, target=volume); scene=solid_revolution; scope=revolution_frustum_volume_value",task_geometry__solid_revolution__revolution_cylinder_volume_value (0.82),keep,
geometry,special_quadrilateral,task_geometry__special_quadrilateral__algebraic_angle_value,trace/tasks/geometry/special_quadrilateral/algebraic_angle_value.py,configs/domains/geometry/special_quadrilateral.yaml,,docs/tasks/geometry/special_quadrilateral/task_geometry__special_quadrilateral__algebraic_angle_value.md,review/task-reviews/geometry/special_quadrilateral/task_geometry__special_quadrilateral__algebraic_angle_value,integer,point_map,integer,point_map,,"parallelogram_opposite_angle_expression,parallelogram_consecutive_angle_expression,rhombus_diagonal_half_angle_expression,kite_opposite_angle_expression","kite_opposite_angle_expression,parallelogram_consecutive_angle_expression,parallelogram_opposite_angle_expression,rhombus_diagonal_half_angle_expression","kite_opposite_angle_expression,parallelogram_consecutive_angle_expression,parallelogram_opposite_angle_expression,rhombus_diagonal_half_angle_expression","formula.solve_unknown(visible_quadrilateral=parallelogram|rhombus|kite, visible_expressions=two_marked_angle_expressions, relation=opposite_angles_equal|consecutive_angles_supplementary|diagonal_bisects_angle, target=marked_angle_measure); scene=special_quadrilateral; scope=algebraic_angle_value",task_geometry__special_quadrilateral__segment_length_value (0.61),keep,
geometry,special_quadrilateral,task_geometry__special_quadrilateral__segment_length_value,trace/tasks/geometry/special_quadrilateral/segment_length_value.py,configs/domains/geometry/special_quadrilateral.yaml,,docs/tasks/geometry/special_quadrilateral/task_geometry__special_quadrilateral__segment_length_value.md,review/task-reviews/geometry/special_quadrilateral/task_geometry__special_quadrilateral__segment_length_value,integer,point_map,integer,point_map,,"parallelogram_opposite_side_expression,rhombus_all_sides_expression,kite_adjacent_equal_side_expression,parallelogram_diagonal_bisection_expression","kite_adjacent_equal_side_expression,parallelogram_diagonal_bisection_expression,parallelogram_opposite_side_expression,rhombus_all_sides_expression","kite_adjacent_equal_side_expression,parallelogram_diagonal_bisection_expression,parallelogram_opposite_side_expression,rhombus_all_sides_expression","formula.solve_unknown(visible_quadrilateral=parallelogram|rhombus|kite, visible_expressions=two_marked_side_or_diagonal_segment_expressions, relation=opposite_sides_equal|all_sides_equal|adjacent_kite_sides_equal|diagonals_bisect, target=marked_segment_length); scene=special_quadrilateral; scope=segment_length_value",task_geometry__special_quadrilateral__algebraic_angle_value (0.61),keep,
geometry,survey_traverse,task_geometry__survey_traverse__outgoing_bearing_from_turn_value,trace/tasks/geometry/survey_traverse/outgoing_bearing_from_turn_value.py,configs/domains/geometry/survey_traverse.yaml,,docs/tasks/geometry/survey_traverse/task_geometry__survey_traverse__outgoing_bearing_from_turn_value.md,review/task-reviews/geometry/survey_traverse/task_geometry__survey_traverse__outgoing_bearing_from_turn_value,integer,bbox_map,integer,bbox_map,,single,single,single,"survey_outgoing_bearing_from_turn(visible_station_line, visible_north_reference, incoming_bearing, turn_angle, turn_direction=left|right) -> outgoing_bearing_degrees; scene=survey_traverse; scope=outgoing_bearing_from_turn_value",task_geometry__survey_traverse__station_elevation_value (0.38),keep,
geometry,survey_traverse,task_geometry__survey_traverse__station_elevation_value,trace/tasks/geometry/survey_traverse/station_elevation_value.py,configs/domains/geometry/survey_traverse.yaml,,docs/tasks/geometry/survey_traverse/task_geometry__survey_traverse__station_elevation_value.md,review/task-reviews/geometry/survey_traverse/task_geometry__survey_traverse__station_elevation_value,integer,bbox_map,integer,bbox_map,,single,single,single,"survey_station_elevation_value(visible_station_profile, visible_field_note, branch=leveling_station_elevation) -> target_station_elevation; scene=survey_traverse; scope=station_elevation_value",task_geometry__survey_traverse__traverse_area_value (0.58),keep,
geometry,survey_traverse,task_geometry__survey_traverse__traverse_area_value,trace/tasks/geometry/survey_traverse/traverse_area_value.py,configs/domains/geometry/survey_traverse.yaml,,docs/tasks/geometry/survey_traverse/task_geometry__survey_traverse__traverse_area_value.md,review/task-reviews/geometry/survey_traverse/task_geometry__survey_traverse__traverse_area_value,integer,bbox_map,integer,bbox_map,,single,single,single,"survey_traverse_area_value(visible_traverse_shape, visible_field_note, branch=offset_trapezoid_area) -> enclosed_area; scene=survey_traverse; scope=traverse_area_value",task_geometry__survey_traverse__station_elevation_value (0.58),keep,
geometry,tangent_packing,task_geometry__tangent_packing__circle_in_square_gap_area,trace/tasks/geometry/tangent_packing/circle_in_square_gap_area.py,configs/domains/geometry/tangent_packing.yaml,,docs/tasks/geometry/tangent_packing/task_geometry__tangent_packing__circle_in_square_gap_area.md,review/task-reviews/geometry/tangent_packing/task_geometry__tangent_packing__circle_in_square_gap_area,number,bbox,number,bbox,,single,single,single,"curvilinear_gap_area(container=square, packed_shape=circle, given=square_side, target=shaded_area); scene=tangent_packing; scope=circle_in_square_gap_area",task_geometry__tangent_packing__square_in_circle_gap_area (0.91),keep,
geometry,tangent_packing,task_geometry__tangent_packing__circle_in_square_radius_from_gap_area,trace/tasks/geometry/tangent_packing/circle_in_square_radius_from_gap_area.py,configs/domains/geometry/tangent_packing.yaml,,docs/tasks/geometry/tangent_packing/task_geometry__tangent_packing__circle_in_square_radius_from_gap_area.md,review/task-reviews/geometry/tangent_packing/task_geometry__tangent_packing__circle_in_square_radius_from_gap_area,number,bbox,number,bbox,,single,single,single,"inverse_curvilinear_gap_measure(container=square, packed_shape=circle, given=shaded_area, target=circle_radius); scene=tangent_packing; scope=circle_in_square_radius_from_gap_area",task_geometry__tangent_packing__square_in_circle_side_from_gap_area (0.92),keep,
geometry,tangent_packing,task_geometry__tangent_packing__square_in_circle_gap_area,trace/tasks/geometry/tangent_packing/square_in_circle_gap_area.py,configs/domains/geometry/tangent_packing.yaml,,docs/tasks/geometry/tangent_packing/task_geometry__tangent_packing__square_in_circle_gap_area.md,review/task-reviews/geometry/tangent_packing/task_geometry__tangent_packing__square_in_circle_gap_area,number,bbox,number,bbox,,single,single,single,"curvilinear_gap_area(container=circle, packed_shape=square, given=circle_radius, target=shaded_area); scene=tangent_packing; scope=square_in_circle_gap_area",task_geometry__tangent_packing__circle_in_square_gap_area (0.91),keep,
geometry,tangent_packing,task_geometry__tangent_packing__square_in_circle_side_from_gap_area,trace/tasks/geometry/tangent_packing/square_in_circle_side_from_gap_area.py,configs/domains/geometry/tangent_packing.yaml,,docs/tasks/geometry/tangent_packing/task_geometry__tangent_packing__square_in_circle_side_from_gap_area.md,review/task-reviews/geometry/tangent_packing/task_geometry__tangent_packing__square_in_circle_side_from_gap_area,number,bbox,number,bbox,,single,single,single,"inverse_curvilinear_gap_measure(container=circle, packed_shape=square, given=shaded_area, target=square_side); scene=tangent_packing; scope=square_in_circle_side_from_gap_area",task_geometry__tangent_packing__circle_in_square_radius_from_gap_area (0.92),keep,
geometry,tangent_packing,task_geometry__tangent_packing__two_circles_in_rectangle_gap_area,trace/tasks/geometry/tangent_packing/two_circles_in_rectangle_gap_area.py,configs/domains/geometry/tangent_packing.yaml,,docs/tasks/geometry/tangent_packing/task_geometry__tangent_packing__two_circles_in_rectangle_gap_area.md,review/task-reviews/geometry/tangent_packing/task_geometry__tangent_packing__two_circles_in_rectangle_gap_area,number,bbox,number,bbox,,single,single,single,"curvilinear_gap_area(container=rectangle, packed_shape=two_equal_circles, given=rectangle_width, target=shaded_area); scene=tangent_packing; scope=two_circles_in_rectangle_gap_area",task_geometry__tangent_packing__two_circles_in_rectangle_radius_from_gap_area (0.79),keep,
geometry,tangent_packing,task_geometry__tangent_packing__two_circles_in_rectangle_radius_from_gap_area,trace/tasks/geometry/tangent_packing/two_circles_in_rectangle_radius_from_gap_area.py,configs/domains/geometry/tangent_packing.yaml,,docs/tasks/geometry/tangent_packing/task_geometry__tangent_packing__two_circles_in_rectangle_radius_from_gap_area.md,review/task-reviews/geometry/tangent_packing/task_geometry__tangent_packing__two_circles_in_rectangle_radius_from_gap_area,number,bbox,number,bbox,,single,single,single,"inverse_curvilinear_gap_measure(container=rectangle, packed_shape=two_equal_circles, given=shaded_area, target=circle_radius); scene=tangent_packing; scope=two_circles_in_rectangle_radius_from_gap_area",task_geometry__tangent_packing__circle_in_square_radius_from_gap_area (0.82),keep,
geometry,trapezoid_extension,task_geometry__trapezoid_extension__extension_from_parallelogram_area,trace/tasks/geometry/trapezoid_extension/extension_from_parallelogram_area.py,configs/domains/geometry/trapezoid_extension.yaml,,docs/tasks/geometry/trapezoid_extension/task_geometry__trapezoid_extension__extension_from_parallelogram_area.md,review/task-reviews/geometry/trapezoid_extension/task_geometry__trapezoid_extension__extension_from_parallelogram_area,number,segment,number,segment,,single,single,single,"solve_formula(visible_trapezoid_extension_measurements, unknown_role=length_measure, formula_schema=extension_from_parallelogram_area); scene=trapezoid_extension; scope=extension_from_parallelogram_area",task_geometry__trapezoid_extension__extension_from_parallelogram_perimeter (0.90),keep,
geometry,trapezoid_extension,task_geometry__trapezoid_extension__extension_from_parallelogram_perimeter,trace/tasks/geometry/trapezoid_extension/extension_from_parallelogram_perimeter.py,configs/domains/geometry/trapezoid_extension.yaml,,docs/tasks/geometry/trapezoid_extension/task_geometry__trapezoid_extension__extension_from_parallelogram_perimeter.md,review/task-reviews/geometry/trapezoid_extension/task_geometry__trapezoid_extension__extension_from_parallelogram_perimeter,number,segment,number,segment,,single,single,single,"solve_formula(visible_trapezoid_extension_measurements, unknown_role=length_measure, formula_schema=extension_from_parallelogram_perimeter); scene=trapezoid_extension; scope=extension_from_parallelogram_perimeter",task_geometry__trapezoid_extension__extension_from_parallelogram_area (0.90),keep,
geometry,trapezoid_extension,task_geometry__trapezoid_extension__trapezoid_area_from_extension_and_height,trace/tasks/geometry/trapezoid_extension/trapezoid_area_from_extension_and_height.py,configs/domains/geometry/trapezoid_extension.yaml,,docs/tasks/geometry/trapezoid_extension/task_geometry__trapezoid_extension__trapezoid_area_from_extension_and_height.md,review/task-reviews/geometry/trapezoid_extension/task_geometry__trapezoid_extension__trapezoid_area_from_extension_and_height,number,bbox,number,bbox,,single,single,single,"solve_formula(visible_trapezoid_extension_measurements, unknown_role=area_measure, formula_schema=trapezoid_area_from_extension_and_height); scene=trapezoid_extension; scope=trapezoid_area_from_extension_and_height",task_geometry__trapezoid_extension__trapezoid_area_from_parallelogram_area (0.86),keep,
geometry,trapezoid_extension,task_geometry__trapezoid_extension__trapezoid_area_from_parallelogram_area,trace/tasks/geometry/trapezoid_extension/trapezoid_area_from_parallelogram_area.py,configs/domains/geometry/trapezoid_extension.yaml,,docs/tasks/geometry/trapezoid_extension/task_geometry__trapezoid_extension__trapezoid_area_from_parallelogram_area.md,review/task-reviews/geometry/trapezoid_extension/task_geometry__trapezoid_extension__trapezoid_area_from_parallelogram_area,number,bbox,number,bbox,,single,single,single,"solve_formula(visible_trapezoid_extension_measurements, unknown_role=area_measure, formula_schema=trapezoid_area_from_parallelogram_area); scene=trapezoid_extension; scope=trapezoid_area_from_parallelogram_area",task_geometry__trapezoid_extension__trapezoid_area_from_parallelogram_perimeter (0.95),keep,
geometry,trapezoid_extension,task_geometry__trapezoid_extension__trapezoid_area_from_parallelogram_perimeter,trace/tasks/geometry/trapezoid_extension/trapezoid_area_from_parallelogram_perimeter.py,configs/domains/geometry/trapezoid_extension.yaml,,docs/tasks/geometry/trapezoid_extension/task_geometry__trapezoid_extension__trapezoid_area_from_parallelogram_perimeter.md,review/task-reviews/geometry/trapezoid_extension/task_geometry__trapezoid_extension__trapezoid_area_from_parallelogram_perimeter,number,bbox,number,bbox,,single,single,single,"solve_formula(visible_trapezoid_extension_measurements, unknown_role=area_measure, formula_schema=trapezoid_area_from_parallelogram_perimeter); scene=trapezoid_extension; scope=trapezoid_area_from_parallelogram_perimeter",task_geometry__trapezoid_extension__trapezoid_area_from_parallelogram_area (0.95),keep,
geometry,triangle_relations,task_geometry__triangle_relations__altitude_to_hypotenuse_value,trace/tasks/geometry/triangle_relations/altitude_to_hypotenuse_value.py,configs/domains/geometry/triangle_relations.yaml,,docs/tasks/geometry/triangle_relations/task_geometry__triangle_relations__altitude_to_hypotenuse_value.md,review/task-reviews/geometry/triangle_relations/task_geometry__triangle_relations__altitude_to_hypotenuse_value,integer,point_map,integer,point_map,,"altitude_from_split_hypotenuse,missing_projection_from_altitude","altitude_from_split_hypotenuse,missing_projection_from_altitude","altitude_from_split_hypotenuse,missing_projection_from_altitude","solve_formula(right_triangle_altitude_to_hypotenuse, target=altitude_or_projection_length, formula_schema=altitude_geometric_mean); scene=triangle_relations; scope=altitude_to_hypotenuse_value",task_geometry__triangle_relations__leg_projection_length_value (0.81),keep,
geometry,triangle_relations,task_geometry__triangle_relations__angle_bisector_segment_value,trace/tasks/geometry/triangle_relations/angle_bisector_segment_value.py,configs/domains/geometry/triangle_relations.yaml,,docs/tasks/geometry/triangle_relations/task_geometry__triangle_relations__angle_bisector_segment_value.md,review/task-reviews/geometry/triangle_relations/task_geometry__triangle_relations__angle_bisector_segment_value,integer_value,segment,integer,segment,single,single,single,single,"solve_formula(visible_triangle_relations_measurements, unknown_role=segment_length, formula_schema=angle_bisector_theorem_segment_length); scene=triangle_relations; scope=angle_bisector_segment_value",task_geometry__triangle_relations__centroid_median_segment_value (0.74),keep,
geometry,triangle_relations,task_geometry__triangle_relations__angle_bisector_variable_value,trace/tasks/geometry/triangle_relations/angle_bisector_variable_value.py,configs/domains/geometry/triangle_relations.yaml,,docs/tasks/geometry/triangle_relations/task_geometry__triangle_relations__angle_bisector_variable_value.md,review/task-reviews/geometry/triangle_relations/task_geometry__triangle_relations__angle_bisector_variable_value,integer,point_map,integer,point_map,single,single,single,single,"solve_formula(angle_bisector_theorem_variable, unknown_role=variable_value, formula_schema=angle_bisector_side_split_ratio); scene=triangle_relations; scope=angle_bisector_variable_value",task_geometry__triangle_relations__angle_bisector_segment_value (0.62),keep,
geometry,triangle_relations,task_geometry__triangle_relations__centroid_median_segment_value,trace/tasks/geometry/triangle_relations/centroid_median_segment_value.py,configs/domains/geometry/triangle_relations.yaml,,docs/tasks/geometry/triangle_relations/task_geometry__triangle_relations__centroid_median_segment_value.md,review/task-reviews/geometry/triangle_relations/task_geometry__triangle_relations__centroid_median_segment_value,integer_value,segment,integer,segment,single,single,single,single,"solve_formula(visible_triangle_relations_measurements, unknown_role=median_segment_length, formula_schema=centroid_median_ratio); scene=triangle_relations; scope=centroid_median_segment_value",task_geometry__triangle_relations__angle_bisector_segment_value (0.74),keep,
geometry,triangle_relations,task_geometry__triangle_relations__leg_projection_length_value,trace/tasks/geometry/triangle_relations/leg_projection_length_value.py,configs/domains/geometry/triangle_relations.yaml,,docs/tasks/geometry/triangle_relations/task_geometry__triangle_relations__leg_projection_length_value.md,review/task-reviews/geometry/triangle_relations/task_geometry__triangle_relations__leg_projection_length_value,integer,point_map,integer,point_map,,"leg_from_hypotenuse_projection,projection_from_leg_and_hypotenuse","leg_from_hypotenuse_projection,projection_from_leg_and_hypotenuse","leg_from_hypotenuse_projection,projection_from_leg_and_hypotenuse","solve_formula(right_triangle_leg_projection_relation, target=leg_or_projection_length, formula_schema=leg_geometric_mean_with_hypotenuse_projection); scene=triangle_relations; scope=leg_projection_length_value",task_geometry__triangle_relations__altitude_to_hypotenuse_value (0.81),keep,
geometry,triangle_relations,task_geometry__triangle_relations__parallel_section_segment_value,trace/tasks/geometry/triangle_relations/parallel_section_segment_value.py,configs/domains/geometry/triangle_relations.yaml,,docs/tasks/geometry/triangle_relations/task_geometry__triangle_relations__parallel_section_segment_value.md,review/task-reviews/geometry/triangle_relations/task_geometry__triangle_relations__parallel_section_segment_value,integer_value,segment,integer,segment,single,single,single,single,"solve_formula(visible_triangle_relations_measurements, unknown_role=segment_length, formula_schema=parallel_section_scale); scene=triangle_relations; scope=parallel_section_segment_value",task_geometry__triangle_relations__angle_bisector_segment_value (0.74),keep,
geometry,triangle_relations,task_geometry__triangle_relations__pythagorean_length_value_chained_rectangle_diagonal_length,trace/tasks/geometry/triangle_relations/pythagorean_length_value_chained_rectangle_diagonal_length.py,configs/domains/geometry/triangle_relations.yaml,,docs/tasks/geometry/triangle_relations/task_geometry__triangle_relations__pythagorean_length_value_chained_rectangle_diagonal_length.md,review/task-reviews/geometry/triangle_relations/task_geometry__triangle_relations__pythagorean_length_value_chained_rectangle_diagonal_length,integer_value,segment,integer,segment,single,single,single,single,"solve_formula(visible_triangle_relations_measurements, unknown_role=length_measure, formula_schema=chained_rectangle_diagonal_length); scene=triangle_relations; scope=pythagorean_length_value_chained_rectangle_diagonal_length",task_geometry__triangle_relations__pythagorean_length_value_rectangle_triangle_shared_height_length (0.83),keep,
geometry,triangle_relations,task_geometry__triangle_relations__pythagorean_length_value_rectangle_triangle_shared_height_length,trace/tasks/geometry/triangle_relations/pythagorean_length_value_rectangle_triangle_shared_height_length.py,configs/domains/geometry/triangle_relations.yaml,,docs/tasks/geometry/triangle_relations/task_geometry__triangle_relations__pythagorean_length_value_rectangle_triangle_shared_height_length.md,review/task-reviews/geometry/triangle_relations/task_geometry__triangle_relations__pythagorean_length_value_rectangle_triangle_shared_height_length,integer_value,segment,integer,segment,single,single,single,single,"solve_formula(visible_triangle_relations_measurements, unknown_role=length_measure, formula_schema=rectangle_triangle_shared_height_length); scene=triangle_relations; scope=pythagorean_length_value_rectangle_triangle_shared_height_length",task_geometry__triangle_relations__pythagorean_length_value_chained_rectangle_diagonal_length (0.83),keep,
geometry,triangle_relations,task_geometry__triangle_relations__right_triangle_missing_side_value,trace/tasks/geometry/triangle_relations/right_triangle_missing_side_value.py,configs/domains/geometry/triangle_relations.yaml,,docs/tasks/geometry/triangle_relations/task_geometry__triangle_relations__right_triangle_missing_side_value.md,review/task-reviews/geometry/triangle_relations/task_geometry__triangle_relations__right_triangle_missing_side_value,number,segment,number,segment,single,single,single,single,"solve_formula(visible_triangle_relations_measurements, unknown_role=side_length, formula_schema=right_triangle_trig_missing_side); scene=triangle_relations; scope=right_triangle_missing_side_value",task_geometry__triangle_relations__similar_triangles_side_length (0.68),keep,
geometry,triangle_relations,task_geometry__triangle_relations__similar_triangles_side_length,trace/tasks/geometry/triangle_relations/similar_triangles_side_length.py,configs/domains/geometry/triangle_relations.yaml,,docs/tasks/geometry/triangle_relations/task_geometry__triangle_relations__similar_triangles_side_length.md,review/task-reviews/geometry/triangle_relations/task_geometry__triangle_relations__similar_triangles_side_length,integer_value,segment,integer,segment,single,single,single,single,"solve_formula(visible_triangle_relations_measurements, unknown_role=length_measure, formula_schema=similar_triangles_side_length); scene=triangle_relations; scope=similar_triangles_side_length",task_geometry__triangle_relations__pythagorean_length_value_chained_rectangle_diagonal_length (0.72),keep,
geometry,triangle_relations,task_geometry__triangle_relations__split_triangle_angle_value,trace/tasks/geometry/triangle_relations/split_triangle_angle_value.py,configs/domains/geometry/triangle_relations.yaml,,docs/tasks/geometry/triangle_relations/task_geometry__triangle_relations__split_triangle_angle_value.md,review/task-reviews/geometry/triangle_relations/task_geometry__triangle_relations__split_triangle_angle_value,integer,point_map,integer,point_map,single,single,single,single,"solve_formula(split_triangle_angle_sum, unknown_role=target_angle_measure, formula_schema=triangle_angle_sum_or_adjacent_straight_angle); scene=triangle_relations; scope=split_triangle_angle_value",task_geometry__triangle_relations__angle_bisector_variable_value (0.61),keep,
geometry,triangle_relations,task_geometry__triangle_relations__split_triangle_trig_side_length_value,trace/tasks/geometry/triangle_relations/split_triangle_trig_side_length_value.py,configs/domains/geometry/triangle_relations.yaml,,docs/tasks/geometry/triangle_relations/task_geometry__triangle_relations__split_triangle_trig_side_length_value.md,review/task-reviews/geometry/triangle_relations/task_geometry__triangle_relations__split_triangle_trig_side_length_value,number,point_map,number,point_map,single,single,single,single,"solve_formula(shared_altitude_right_triangle_trig, unknown_role=target_side_length, formula_schema=shared_altitude_right_triangle_trig); scene=triangle_relations; scope=split_triangle_trig_side_length_value",task_geometry__triangle_relations__right_triangle_missing_side_value (0.63),keep,
geometry,volume_equivalence_conversion,task_geometry__volume_equivalence_conversion__equal_volume_option_label,trace/tasks/geometry/volume_equivalence_conversion/equal_volume_option_label.py,configs/domains/geometry/volume_equivalence_conversion.yaml,,docs/tasks/geometry/volume_equivalence_conversion/task_geometry__volume_equivalence_conversion__equal_volume_option_label.md,review/task-reviews/geometry/volume_equivalence_conversion/task_geometry__volume_equivalence_conversion__equal_volume_option_label,option_letter,bbox,option_letter,bbox,,"cone_matches_cylinder_option,cylinder_matches_cone_option,cuboid_matches_cylinder_option","cone_matches_cylinder_option,cuboid_matches_cylinder_option,cylinder_matches_cone_option","cone_matches_cylinder_option,cuboid_matches_cylinder_option,cylinder_matches_cone_option","select_option(equal_volume_solid_conversion_options, target=option_with_matching_volume); scene=volume_equivalence_conversion; scope=equal_volume_option_label",task_geometry__volume_equivalence_conversion__missing_dimension_value (0.42),keep,
geometry,volume_equivalence_conversion,task_geometry__volume_equivalence_conversion__missing_dimension_value,trace/tasks/geometry/volume_equivalence_conversion/missing_dimension_value.py,configs/domains/geometry/volume_equivalence_conversion.yaml,,docs/tasks/geometry/volume_equivalence_conversion/task_geometry__volume_equivalence_conversion__missing_dimension_value.md,review/task-reviews/geometry/volume_equivalence_conversion/task_geometry__volume_equivalence_conversion__missing_dimension_value,integer,bbox_map,integer,bbox_map,,"cuboid_to_cylinder_length,cylinder_to_cone_height,cone_to_cuboid_height","cone_to_cuboid_height,cuboid_to_cylinder_length,cylinder_to_cone_height","cone_to_cuboid_height,cuboid_to_cylinder_length,cylinder_to_cone_height","solve_formula(equal_volume_solid_conversion, target=missing_dimension, formula_schema=volume_equivalence_missing_dimension); scene=volume_equivalence_conversion; scope=missing_dimension_value",task_geometry__volume_equivalence_conversion__equal_volume_option_label (0.42),keep,
