step,train_accuracy,train_accuracy_ema50,train_overall_reward,train_format,train_zero_reward,response_length_mean,response_length_max,prompt_length_mean,pg_clipfrac,pg_clipfrac_lower,pg_clipfrac_higher,source_run_id,source_run_dir,source_experiment_name,source_run_order
1,0.1875,0.1875,0.22387695312499994,0.9150390625,0.8125,172.3681640625,1222,1141.53125,,0,0,71x4fc3d,run-20260710_074053-71x4fc3d,trace_qwen25vl3b_easyr1_answer_nokl_noref_step200_bsz128_rollout8_val500_20260710T073846Z,0
2,0.220703125,0.18880208333333334,0.25546875,0.916015625,0.779296875,162.740234375,1083,1111.5390625,,0,0,71x4fc3d,run-20260710_074053-71x4fc3d,trace_qwen25vl3b_easyr1_answer_nokl_noref_step200_bsz128_rollout8_val500_20260710T073846Z,0
3,0.1708984375,0.18809997957516342,0.20854492187499996,0.923828125,0.8291015625,195.771484375,2048,1147.6015625,,0,0,71x4fc3d,run-20260710_074053-71x4fc3d,trace_qwen25vl3b_easyr1_answer_nokl_noref_step200_bsz128_rollout8_val500_20260710T073846Z,0
4,0.181640625,0.18784667155260798,0.21777343749999994,0.904296875,0.818359375,207.5,1517,1077.9375,,0,0,71x4fc3d,run-20260710_074053-71x4fc3d,trace_qwen25vl3b_easyr1_answer_nokl_noref_step200_bsz128_rollout8_val500_20260710T073846Z,0
5,0.203125,0.18844582168779983,0.23896484374999993,0.919921875,0.796875,175.912109375,1347,1165.65625,,0,0,71x4fc3d,run-20260710_074053-71x4fc3d,trace_qwen25vl3b_easyr1_answer_nokl_noref_step200_bsz128_rollout8_val500_20260710T073846Z,0
6,0.177734375,0.18802576495494494,0.21650390624999996,0.953125,0.822265625,191.3076171875,1150,1167.890625,,0,0,71x4fc3d,run-20260710_074053-71x4fc3d,trace_qwen25vl3b_easyr1_answer_nokl_noref_step200_bsz128_rollout8_val500_20260710T073846Z,0
7,0.17578125,0.18754558789788828,0.21386718749999997,0.9375,0.82421875,186.951171875,1171,1161.5390625,,0,0,71x4fc3d,run-20260710_074053-71x4fc3d,trace_qwen25vl3b_easyr1_answer_nokl_noref_step200_bsz128_rollout8_val500_20260710T073846Z,0
8,0.21875,0.1887692903332652,0.255517578125,0.9541015625,0.78125,180.21484375,1441,1153.1796875,,0,0,71x4fc3d,run-20260710_074053-71x4fc3d,trace_qwen25vl3b_easyr1_answer_nokl_noref_step200_bsz128_rollout8_val500_20260710T073846Z,0
9,0.185546875,0.1886429211045097,0.22382812499999993,0.951171875,0.814453125,195.203125,1743,1155.546875,,0,0,71x4fc3d,run-20260710_074053-71x4fc3d,trace_qwen25vl3b_easyr1_answer_nokl_noref_step200_bsz128_rollout8_val500_20260710T073846Z,0
10,0.2138671875,0.1896321080219799,0.25117187499999993,0.9599609375,0.7861328125,177.0205078125,1442,1126.5546875,,0,0,71x4fc3d,run-20260710_074053-71x4fc3d,trace_qwen25vl3b_easyr1_answer_nokl_noref_step200_bsz128_rollout8_val500_20260710T073846Z,0
11,0.21875,0.190773986138765,0.25571289062499997,0.9580078125,0.78125,220.6455078125,1035,1097.7109375,,0,0,71x4fc3d,run-20260710_074053-71x4fc3d,trace_qwen25vl3b_easyr1_answer_nokl_noref_step200_bsz128_rollout8_val500_20260710T073846Z,0
12,0.177734375,0.19026262883920558,0.21713867187499997,0.9658203125,0.822265625,209.310546875,1561,1118.203125,,0,0,71x4fc3d,run-20260710_074053-71x4fc3d,trace_qwen25vl3b_easyr1_answer_nokl_noref_step200_bsz128_rollout8_val500_20260710T073846Z,0
13,0.1962890625,0.19049895957100144,0.23525390624999995,0.9755859375,0.8037109375,211.9326171875,786,1088.0390625,,0,0,71x4fc3d,run-20260710_074053-71x4fc3d,trace_qwen25vl3b_easyr1_answer_nokl_noref_step200_bsz128_rollout8_val500_20260710T073846Z,0
14,0.2001953125,0.19087920870547195,0.23828124999999994,0.9619140625,0.7998046875,223.3427734375,2048,1125.703125,,0,0,71x4fc3d,run-20260710_074053-71x4fc3d,trace_qwen25vl3b_easyr1_answer_nokl_noref_step200_bsz128_rollout8_val500_20260710T073846Z,0
15,0.2001953125,0.19124454610917893,0.23906249999999996,0.9775390625,0.7998046875,211.88671875,800,1113.3125,,0,0,71x4fc3d,run-20260710_074053-71x4fc3d,trace_qwen25vl3b_easyr1_answer_nokl_noref_step200_bsz128_rollout8_val500_20260710T073846Z,0
16,0.22265625,0.19247637763430916,0.26054687499999996,0.98046875,0.77734375,202.8271484375,1340,1148.046875,,0,0,71x4fc3d,run-20260710_074053-71x4fc3d,trace_qwen25vl3b_easyr1_answer_nokl_noref_step200_bsz128_rollout8_val500_20260710T073846Z,0
17,0.1943359375,0.19254930155061079,0.23349609374999994,0.9775390625,0.8056640625,221.970703125,1073,1098.578125,,0,0,71x4fc3d,run-20260710_074053-71x4fc3d,trace_qwen25vl3b_easyr1_answer_nokl_noref_step200_bsz128_rollout8_val500_20260710T073846Z,0
18,0.203125,0.19296403482313584,0.24179687499999994,0.9765625,0.796875,199.646484375,942,1117.59375,,0,0,71x4fc3d,run-20260710_074053-71x4fc3d,trace_qwen25vl3b_easyr1_answer_nokl_noref_step200_bsz128_rollout8_val500_20260710T073846Z,0
19,0.2099609375,0.19363058002615013,0.2479003906249999,0.96875,0.7900390625,206.2109375,1078,1042.546875,,0,0,71x4fc3d,run-20260710_074053-71x4fc3d,trace_qwen25vl3b_easyr1_answer_nokl_noref_step200_bsz128_rollout8_val500_20260710T073846Z,0
20,0.2333984375,0.19519010384865407,0.27070312499999993,0.9794921875,0.7666015625,205.390625,1468,1112.21875,,0,0,71x4fc3d,run-20260710_074053-71x4fc3d,trace_qwen25vl3b_easyr1_answer_nokl_noref_step200_bsz128_rollout8_val500_20260710T073846Z,0
21,0.224609375,0.19634380075655,0.2626953124999999,0.986328125,0.775390625,205.6025390625,1542,1124.7421875,,0,0,71x4fc3d,run-20260710_074053-71x4fc3d,trace_qwen25vl3b_easyr1_answer_nokl_noref_step200_bsz128_rollout8_val500_20260710T073846Z,0
22,0.181640625,0.19576720562884214,0.22172851562499996,0.9833984375,0.818359375,211.1474609375,1391,1139.28125,,0,0,71x4fc3d,run-20260710_074053-71x4fc3d,trace_qwen25vl3b_easyr1_answer_nokl_noref_step200_bsz128_rollout8_val500_20260710T073846Z,0
23,0.2119140625,0.1964004157022209,0.250146484375,0.9765625,0.7880859375,209.1796875,901,1098.6171875,,0,0,71x4fc3d,run-20260710_074053-71x4fc3d,trace_qwen25vl3b_easyr1_answer_nokl_noref_step200_bsz128_rollout8_val500_20260710T073846Z,0
24,0.203125,0.19666412489036908,0.24233398437499998,0.9873046875,0.796875,211.9990234375,985,1069.578125,,0,0,71x4fc3d,run-20260710_074053-71x4fc3d,trace_qwen25vl3b_easyr1_answer_nokl_noref_step200_bsz128_rollout8_val500_20260710T073846Z,0
25,0.189453125,0.19638134058094284,0.22915039062499995,0.9833984375,0.810546875,202.056640625,1617,1118.4296875,,0,0,71x4fc3d,run-20260710_074053-71x4fc3d,trace_qwen25vl3b_easyr1_answer_nokl_noref_step200_bsz128_rollout8_val500_20260710T073846Z,0
26,0.189453125,0.1961096458522784,0.22915039062499995,0.9833984375,0.810546875,230.9375,1385,1099.109375,,0,0,71x4fc3d,run-20260710_074053-71x4fc3d,trace_qwen25vl3b_easyr1_answer_nokl_noref_step200_bsz128_rollout8_val500_20260710T073846Z,0
27,0.205078125,0.19646135091689493,0.24423828124999997,0.98828125,0.794921875,201.958984375,1425,1173.1640625,,0,0,71x4fc3d,run-20260710_074053-71x4fc3d,trace_qwen25vl3b_easyr1_answer_nokl_noref_step200_bsz128_rollout8_val500_20260710T073846Z,0
28,0.193359375,0.19633970480250687,0.23305664062499992,0.9873046875,0.806640625,205.0576171875,944,1104.1171875,,0,0,71x4fc3d,run-20260710_074053-71x4fc3d,trace_qwen25vl3b_easyr1_answer_nokl_noref_step200_bsz128_rollout8_val500_20260710T073846Z,0
29,0.216796875,0.19714194677103603,0.25532226562499993,0.9873046875,0.783203125,198.1728515625,1347,1203.78125,,0,0,71x4fc3d,run-20260710_074053-71x4fc3d,trace_qwen25vl3b_easyr1_answer_nokl_noref_step200_bsz128_rollout8_val500_20260710T073846Z,0
30,0.1953125,0.19707020376040718,0.23520507812499997,0.9931640625,0.8046875,206.92578125,1890,1121.1484375,,0,0,71x4fc3d,run-20260710_074053-71x4fc3d,trace_qwen25vl3b_easyr1_answer_nokl_noref_step200_bsz128_rollout8_val500_20260710T073846Z,0
31,0.2216796875,0.1980352815541167,0.2601074218749999,0.990234375,0.7783203125,223.310546875,1116,1076.3125,,0,0,71x4fc3d,run-20260710_074053-71x4fc3d,trace_qwen25vl3b_easyr1_answer_nokl_noref_step200_bsz128_rollout8_val500_20260710T073846Z,0
32,0.216796875,0.19877103031670038,0.25556640624999993,0.9921875,0.783203125,201.6875,1251,1179.3125,,0,0,71x4fc3d,run-20260710_074053-71x4fc3d,trace_qwen25vl3b_easyr1_answer_nokl_noref_step200_bsz128_rollout8_val500_20260710T073846Z,0
33,0.255859375,0.20100978893173174,0.29248046874999994,0.98828125,0.744140625,214.3583984375,885,1097.703125,,0,0,71x4fc3d,run-20260710_074053-71x4fc3d,trace_qwen25vl3b_easyr1_answer_nokl_noref_step200_bsz128_rollout8_val500_20260710T073846Z,0
34,0.2216796875,0.2018203731893109,0.26020507812499993,0.9921875,0.7783203125,204.6708984375,1181,1173.8515625,,0,0,71x4fc3d,run-20260710_074053-71x4fc3d,trace_qwen25vl3b_easyr1_answer_nokl_noref_step200_bsz128_rollout8_val500_20260710T073846Z,0
35,0.23046875,0.20294383894659282,0.26831054687499994,0.9873046875,0.76953125,215.755859375,1031,1099.84375,,0,0,71x4fc3d,run-20260710_074053-71x4fc3d,trace_qwen25vl3b_easyr1_answer_nokl_noref_step200_bsz128_rollout8_val500_20260710T073846Z,0
36,0.197265625,0.20272116388986372,0.23701171874999996,0.9921875,0.802734375,233.064453125,1192,1141.2109375,,0,0,71x4fc3d,run-20260710_074053-71x4fc3d,trace_qwen25vl3b_easyr1_answer_nokl_noref_step200_bsz128_rollout8_val500_20260710T073846Z,0
37,0.2080078125,0.20292848344320238,0.24711914062499996,0.990234375,0.7919921875,227.9912109375,1449,1058.984375,,0,0,71x4fc3d,run-20260710_074053-71x4fc3d,trace_qwen25vl3b_easyr1_answer_nokl_noref_step200_bsz128_rollout8_val500_20260710T073846Z,0
38,0.2626953125,0.20527228066111602,0.29907226562499994,0.990234375,0.7373046875,226.7919921875,1722,1094.234375,,0,0,71x4fc3d,run-20260710_074053-71x4fc3d,trace_qwen25vl3b_easyr1_answer_nokl_noref_step200_bsz128_rollout8_val500_20260710T073846Z,0
39,0.2431640625,0.20675823289009185,0.28046874999999993,0.9892578125,0.7568359375,230.0263671875,893,1031.8203125,,0,0,71x4fc3d,run-20260710_074053-71x4fc3d,trace_qwen25vl3b_easyr1_answer_nokl_noref_step200_bsz128_rollout8_val500_20260710T073846Z,0
40,0.1923828125,0.20619449091400982,0.23232421874999998,0.9912109375,0.8076171875,235.1298828125,1181,1118.5078125,,0,0,71x4fc3d,run-20260710_074053-71x4fc3d,trace_qwen25vl3b_easyr1_answer_nokl_noref_step200_bsz128_rollout8_val500_20260710T073846Z,0
41,0.1953125,0.20576774617228394,0.23510742187499994,0.9912109375,0.8046875,215.50390625,1253,1109.375,,0,0,71x4fc3d,run-20260710_074053-71x4fc3d,trace_qwen25vl3b_easyr1_answer_nokl_noref_step200_bsz128_rollout8_val500_20260710T073846Z,0
42,0.2236328125,0.20646833700866496,0.26196289062499994,0.990234375,0.7763671875,240.3828125,1280,1116.8984375,,0,0,71x4fc3d,run-20260710_074053-71x4fc3d,trace_qwen25vl3b_easyr1_answer_nokl_noref_step200_bsz128_rollout8_val500_20260710T073846Z,0
43,0.23046875,0.20740952967499182,0.26845703125,0.990234375,0.76953125,234.208984375,1113,1087.515625,,0,0,71x4fc3d,run-20260710_074053-71x4fc3d,trace_qwen25vl3b_easyr1_answer_nokl_noref_step200_bsz128_rollout8_val500_20260710T073846Z,0
44,0.2216796875,0.2079691437073451,0.26025390624999994,0.9931640625,0.7783203125,235.43359375,2048,1161.21875,,0,0,71x4fc3d,run-20260710_074053-71x4fc3d,trace_qwen25vl3b_easyr1_answer_nokl_noref_step200_bsz128_rollout8_val500_20260710T073846Z,0
45,0.224609375,0.20862170179725315,0.26323242187499996,0.9970703125,0.775390625,230.0380859375,1566,1115.59375,,0,0,71x4fc3d,run-20260710_074053-71x4fc3d,trace_qwen25vl3b_easyr1_answer_nokl_noref_step200_bsz128_rollout8_val500_20260710T073846Z,0
46,0.1904296875,0.20790828947187068,0.23041992187499996,0.990234375,0.8095703125,238.5908203125,2048,1122.25,,0,0,71x4fc3d,run-20260710_074053-71x4fc3d,trace_qwen25vl3b_easyr1_answer_nokl_noref_step200_bsz128_rollout8_val500_20260710T073846Z,0
47,0.2490234375,0.20952064821807184,0.28608398437499993,0.990234375,0.7509765625,231.58203125,2048,1096.625,,0,0,71x4fc3d,run-20260710_074053-71x4fc3d,trace_qwen25vl3b_easyr1_answer_nokl_noref_step200_bsz128_rollout8_val500_20260710T073846Z,0
48,0.234375,0.21049532868010823,0.27202148437499996,0.9873046875,0.765625,242.7216796875,1407,1107.484375,,0,0,71x4fc3d,run-20260710_074053-71x4fc3d,trace_qwen25vl3b_easyr1_answer_nokl_noref_step200_bsz128_rollout8_val500_20260710T073846Z,0
49,0.2001953125,0.21009140647696672,0.23989257812499992,0.994140625,0.7998046875,240.9990234375,942,1090.4375,,0,0,71x4fc3d,run-20260710_074053-71x4fc3d,trace_qwen25vl3b_easyr1_answer_nokl_noref_step200_bsz128_rollout8_val500_20260710T073846Z,0
50,0.2392578125,0.21123518710532097,0.27680664062499993,0.990234375,0.7607421875,230.7666015625,1728,1138.3984375,,0,0,71x4fc3d,run-20260710_074053-71x4fc3d,trace_qwen25vl3b_easyr1_answer_nokl_noref_step200_bsz128_rollout8_val500_20260710T073846Z,0
51,0.224609375,0.21175966506197505,0.26298828124999996,0.9921875,0.775390625,249.2783203125,1234,1148.9453125,,0,0,71x4fc3d,run-20260710_074053-71x4fc3d,trace_qwen25vl3b_easyr1_answer_nokl_noref_step200_bsz128_rollout8_val500_20260710T073846Z,0
52,0.2548828125,0.21345076888307407,0.2915039062499999,0.9873046875,0.7451171875,238.603515625,968,1160.2265625,,0,0,71x4fc3d,run-20260710_074053-71x4fc3d,trace_qwen25vl3b_easyr1_answer_nokl_noref_step200_bsz128_rollout8_val500_20260710T073846Z,0
53,0.2333984375,0.21423303039746333,0.27138671875,0.9931640625,0.7666015625,233.787109375,1253,1140.171875,,0,0,71x4fc3d,run-20260710_074053-71x4fc3d,trace_qwen25vl3b_easyr1_answer_nokl_noref_step200_bsz128_rollout8_val500_20260710T073846Z,0
54,0.2353515625,0.21506120812697457,0.27319335937499994,0.9921875,0.7646484375,241.5732421875,1691,1142.984375,,0,0,71x4fc3d,run-20260710_074053-71x4fc3d,trace_qwen25vl3b_easyr1_answer_nokl_noref_step200_bsz128_rollout8_val500_20260710T073846Z,0
55,0.2421875,0.21612498427885793,0.27958984374999996,0.990234375,0.7578125,235.02734375,1120,1117.875,,0,0,71x4fc3d,run-20260710_074053-71x4fc3d,trace_qwen25vl3b_easyr1_answer_nokl_noref_step200_bsz128_rollout8_val500_20260710T073846Z,0
56,0.2119140625,0.21595985009145174,0.2509765624999999,0.9931640625,0.7880859375,262.2392578125,2048,1106.7578125,,0,0,71x4fc3d,run-20260710_074053-71x4fc3d,trace_qwen25vl3b_easyr1_answer_nokl_noref_step200_bsz128_rollout8_val500_20260710T073846Z,0
57,0.234375,0.21668201283296343,0.27241210937499993,0.9951171875,0.765625,238.6005859375,1291,1120.125,,0,0,71x4fc3d,run-20260710_074053-71x4fc3d,trace_qwen25vl3b_easyr1_answer_nokl_noref_step200_bsz128_rollout8_val500_20260710T073846Z,0
58,0.263671875,0.2185247525257884,0.30034179687499996,0.9970703125,0.736328125,242.7216796875,1158,1097.984375,,0,0,71x4fc3d,run-20260710_074053-71x4fc3d,trace_qwen25vl3b_easyr1_answer_nokl_noref_step200_bsz128_rollout8_val500_20260710T073846Z,0
59,0.181640625,0.21707831615222806,0.22231445312499998,0.9951171875,0.818359375,225.2099609375,1561,1157.7421875,,0,0,71x4fc3d,run-20260710_074053-71x4fc3d,trace_qwen25vl3b_easyr1_answer_nokl_noref_step200_bsz128_rollout8_val500_20260710T073846Z,0
60,0.2587890625,0.21871403169527795,0.2950683593749999,0.984375,0.7412109375,249.08203125,2048,1109.640625,,0,0,71x4fc3d,run-20260710_074053-71x4fc3d,trace_qwen25vl3b_easyr1_answer_nokl_noref_step200_bsz128_rollout8_val500_20260710T073846Z,0
61,0.2314453125,0.21921329760918862,0.26972656249999993,0.9970703125,0.7685546875,253.0390625,2048,1095.9765625,,0,0,71x4fc3d,run-20260710_074053-71x4fc3d,trace_qwen25vl3b_easyr1_answer_nokl_noref_step200_bsz128_rollout8_val500_20260710T073846Z,0
62,0.2275390625,0.219539798193142,0.265869140625,0.994140625,0.7724609375,235.2490234375,924,1120.2890625,,0,0,71x4fc3d,run-20260710_074053-71x4fc3d,trace_qwen25vl3b_easyr1_answer_nokl_noref_step200_bsz128_rollout8_val500_20260710T073846Z,0
63,0.240234375,0.22035135022478353,0.27788085937499996,0.9931640625,0.759765625,236.2705078125,1125,1146.7265625,,0,0,71x4fc3d,run-20260710_074053-71x4fc3d,trace_qwen25vl3b_easyr1_answer_nokl_noref_step200_bsz128_rollout8_val500_20260710T073846Z,0
64,0.2412109375,0.22116937325518418,0.2786621093749999,0.990234375,0.7587890625,239.2333984375,2048,1134.4375,,0,0,71x4fc3d,run-20260710_074053-71x4fc3d,trace_qwen25vl3b_easyr1_answer_nokl_noref_step200_bsz128_rollout8_val500_20260710T073846Z,0
65,0.19140625,0.22000219195105933,0.23149414062499996,0.9931640625,0.80859375,243.658203125,1019,1144.890625,,0,0,71x4fc3d,run-20260710_074053-71x4fc3d,trace_qwen25vl3b_easyr1_answer_nokl_noref_step200_bsz128_rollout8_val500_20260710T073846Z,0
66,0.2548828125,0.2213700594235668,0.29204101562499996,0.998046875,0.7451171875,243.7353515625,1232,1173.53125,,0,0,71x4fc3d,run-20260710_074053-71x4fc3d,trace_qwen25vl3b_easyr1_answer_nokl_noref_step200_bsz128_rollout8_val500_20260710T073846Z,0
67,0.248046875,0.22241620905401518,0.28540039062499994,0.9951171875,0.751953125,230.4130859375,1052,1198.6015625,,0,0,71x4fc3d,run-20260710_074053-71x4fc3d,trace_qwen25vl3b_easyr1_answer_nokl_noref_step200_bsz128_rollout8_val500_20260710T073846Z,0
68,0.205078125,0.22173628418915187,0.24458007812499996,0.9951171875,0.794921875,252.8291015625,2048,1134.640625,,0,0,71x4fc3d,run-20260710_074053-71x4fc3d,trace_qwen25vl3b_easyr1_answer_nokl_noref_step200_bsz128_rollout8_val500_20260710T073846Z,0
69,0.2490234375,0.22280636863271455,0.28618164062499996,0.9921875,0.7509765625,250.830078125,2048,1130.546875,,0,0,71x4fc3d,run-20260710_074053-71x4fc3d,trace_qwen25vl3b_easyr1_answer_nokl_noref_step200_bsz128_rollout8_val500_20260710T073846Z,0
70,0.189453125,0.22149839829417672,0.22983398437499997,0.9970703125,0.810546875,238.1298828125,820,1139.1875,,0,0,71x4fc3d,run-20260710_074053-71x4fc3d,trace_qwen25vl3b_easyr1_answer_nokl_noref_step200_bsz128_rollout8_val500_20260710T073846Z,0
71,0.193359375,0.22039490718460117,0.23330078124999998,0.9921875,0.806640625,233.662109375,818,1128.40625,,0,0,71x4fc3d,run-20260710_074053-71x4fc3d,trace_qwen25vl3b_easyr1_answer_nokl_noref_step200_bsz128_rollout8_val500_20260710T073846Z,0
72,0.2578125,0.2218622637655972,0.29462890624999993,0.994140625,0.7421875,255.3955078125,1674,1130.6171875,,0,0,71x4fc3d,run-20260710_074053-71x4fc3d,trace_qwen25vl3b_easyr1_answer_nokl_noref_step200_bsz128_rollout8_val500_20260710T073846Z,0
73,0.2392578125,0.22254444214733848,0.27685546874999994,0.9912109375,0.7607421875,269.3134765625,1758,1133.9609375,,0,0,71x4fc3d,run-20260710_074053-71x4fc3d,trace_qwen25vl3b_easyr1_answer_nokl_noref_step200_bsz128_rollout8_val500_20260710T073846Z,0
74,0.2314453125,0.22289349588665855,0.2693847656249999,0.990234375,0.7685546875,260.1015625,1527,1056.4609375,,0,0,71x4fc3d,run-20260710_074053-71x4fc3d,trace_qwen25vl3b_easyr1_answer_nokl_noref_step200_bsz128_rollout8_val500_20260710T073846Z,0
75,0.232421875,0.22326715781267195,0.2706054687499999,0.99609375,0.767578125,258.1396484375,2048,1129.90625,,0,0,71x4fc3d,run-20260710_074053-71x4fc3d,trace_qwen25vl3b_easyr1_answer_nokl_noref_step200_bsz128_rollout8_val500_20260710T073846Z,0
76,0.23828125,0.22385594574158676,0.27587890624999994,0.990234375,0.76171875,276.966796875,2002,1108.9609375,,0,0,71x4fc3d,run-20260710_074053-71x4fc3d,trace_qwen25vl3b_easyr1_answer_nokl_noref_step200_bsz128_rollout8_val500_20260710T073846Z,0
77,0.1845703125,0.22231533267328923,0.22514648437499996,0.99609375,0.8154296875,253.046875,1297,1088.6640625,,0,0,71x4fc3d,run-20260710_074053-71x4fc3d,trace_qwen25vl3b_easyr1_answer_nokl_noref_step200_bsz128_rollout8_val500_20260710T073846Z,0
78,0.2587890625,0.22374567501943476,0.2955078124999999,0.9931640625,0.7412109375,259.6669921875,1273,1182.6484375,,0,0,71x4fc3d,run-20260710_074053-71x4fc3d,trace_qwen25vl3b_easyr1_answer_nokl_noref_step200_bsz128_rollout8_val500_20260710T073846Z,0
79,0.2392578125,0.22435399413631968,0.2770019531249999,0.994140625,0.7607421875,274.580078125,1630,1129.0078125,,0,0,71x4fc3d,run-20260710_074053-71x4fc3d,trace_qwen25vl3b_easyr1_answer_nokl_noref_step200_bsz128_rollout8_val500_20260710T073846Z,0
80,0.265625,0.2259724649545032,0.3020996093749999,0.9951171875,0.734375,245.978515625,2048,1165.6015625,,0,0,71x4fc3d,run-20260710_074053-71x4fc3d,trace_qwen25vl3b_easyr1_answer_nokl_noref_step200_bsz128_rollout8_val500_20260710T073846Z,0
81,0.212890625,0.22545945162295408,0.25190429687499993,0.9931640625,0.787109375,269.6533203125,1782,1112.625,,0,0,71x4fc3d,run-20260710_074053-71x4fc3d,trace_qwen25vl3b_easyr1_answer_nokl_noref_step200_bsz128_rollout8_val500_20260710T073846Z,0
82,0.220703125,0.22527292901028922,0.259423828125,0.9951171875,0.779296875,252.69921875,1000,1137.71875,,0,0,71x4fc3d,run-20260710_074053-71x4fc3d,trace_qwen25vl3b_easyr1_answer_nokl_noref_step200_bsz128_rollout8_val500_20260710T073846Z,0
83,0.220703125,0.22509372100988576,0.2594238281249999,0.9951171875,0.779296875,270.3408203125,1058,1139.1953125,,0,0,71x4fc3d,run-20260710_074053-71x4fc3d,trace_qwen25vl3b_easyr1_answer_nokl_noref_step200_bsz128_rollout8_val500_20260710T073846Z,0
84,0.1796875,0.22331308489185103,0.22041015624999996,0.994140625,0.8203125,289.880859375,2048,1100.3046875,,0,0,71x4fc3d,run-20260710_074053-71x4fc3d,trace_qwen25vl3b_easyr1_answer_nokl_noref_step200_bsz128_rollout8_val500_20260710T073846Z,0
85,0.255859375,0.2245894099941314,0.29296874999999994,0.998046875,0.744140625,262.455078125,1211,1124.7265625,,0,0,71x4fc3d,run-20260710_074053-71x4fc3d,trace_qwen25vl3b_easyr1_answer_nokl_noref_step200_bsz128_rollout8_val500_20260710T073846Z,0
86,0.240234375,0.22520293803357724,0.27802734374999993,0.99609375,0.759765625,266.2431640625,2048,1153.84375,,0,0,71x4fc3d,run-20260710_074053-71x4fc3d,trace_qwen25vl3b_easyr1_answer_nokl_noref_step200_bsz128_rollout8_val500_20260710T073846Z,0
87,0.267578125,0.22686471007147618,0.3041992187499999,1,0.732421875,271.5419921875,1251,1124.7890625,,0,0,71x4fc3d,run-20260710_074053-71x4fc3d,trace_qwen25vl3b_easyr1_answer_nokl_noref_step200_bsz128_rollout8_val500_20260710T073846Z,0
88,0.232421875,0.2270826381078889,0.27060546874999997,0.99609375,0.767578125,273.958984375,1449,1066.8984375,,0,0,71x4fc3d,run-20260710_074053-71x4fc3d,trace_qwen25vl3b_easyr1_answer_nokl_noref_step200_bsz128_rollout8_val500_20260710T073846Z,0
89,0.251953125,0.22805795131934425,0.2889648437499999,0.9921875,0.748046875,267.546875,2048,1165.9296875,,0,0,71x4fc3d,run-20260710_074053-71x4fc3d,trace_qwen25vl3b_easyr1_answer_nokl_noref_step200_bsz128_rollout8_val500_20260710T073846Z,0
90,0.2392578125,0.2284971615617229,0.27709960937499994,0.99609375,0.7607421875,288.3427734375,1515,1150.2109375,,0,0,71x4fc3d,run-20260710_074053-71x4fc3d,trace_qwen25vl3b_easyr1_answer_nokl_noref_step200_bsz128_rollout8_val500_20260710T073846Z,0
91,0.2626953125,0.2298382655200867,0.299462890625,0.998046875,0.7373046875,271.703125,1574,1130.96875,,0,0,71x4fc3d,run-20260710_074053-71x4fc3d,trace_qwen25vl3b_easyr1_answer_nokl_noref_step200_bsz128_rollout8_val500_20260710T073846Z,0
92,0.2294921875,0.2298246938330245,0.26787109374999996,0.9970703125,0.7705078125,299.359375,2048,1130.6875,,0,0,71x4fc3d,run-20260710_074053-71x4fc3d,trace_qwen25vl3b_easyr1_answer_nokl_noref_step200_bsz128_rollout8_val500_20260710T073846Z,0
93,0.23828125,0.2301563234866314,0.27617187499999996,0.99609375,0.76171875,273.076171875,1534,1182.375,,0,0,71x4fc3d,run-20260710_074053-71x4fc3d,trace_qwen25vl3b_easyr1_answer_nokl_noref_step200_bsz128_rollout8_val500_20260710T073846Z,0
94,0.2236328125,0.22990049952637134,0.26230468749999997,0.9970703125,0.7763671875,265.1767578125,1236,1156.453125,,0,0,71x4fc3d,run-20260710_074053-71x4fc3d,trace_qwen25vl3b_easyr1_answer_nokl_noref_step200_bsz128_rollout8_val500_20260710T073846Z,0
95,0.2216796875,0.22957811474102346,0.26030273437499996,0.994140625,0.7783203125,265.79296875,1165,1131.8828125,,0,0,71x4fc3d,run-20260710_074053-71x4fc3d,trace_qwen25vl3b_easyr1_answer_nokl_noref_step200_bsz128_rollout8_val500_20260710T073846Z,0
96,0.25390625,0.23053215926098333,0.29106445312499996,0.9970703125,0.74609375,280.060546875,2048,1138.8984375,,0,0,71x4fc3d,run-20260710_074053-71x4fc3d,trace_qwen25vl3b_easyr1_answer_nokl_noref_step200_bsz128_rollout8_val500_20260710T073846Z,0
97,0.25390625,0.23144879027035653,0.2911132812499999,0.998046875,0.74609375,273.734375,2048,1130.328125,,0,0,71x4fc3d,run-20260710_074053-71x4fc3d,trace_qwen25vl3b_easyr1_answer_nokl_noref_step200_bsz128_rollout8_val500_20260710T073846Z,0
98,0.251953125,0.23225288182838177,0.28916015624999997,0.99609375,0.748046875,295.41015625,2048,1127.25,,0,0,71x4fc3d,run-20260710_074053-71x4fc3d,trace_qwen25vl3b_easyr1_answer_nokl_noref_step200_bsz128_rollout8_val500_20260710T073846Z,0
99,0.2666015625,0.2335998889135433,0.303125,0.9970703125,0.7333984375,287.0712890625,1662,1130.5859375,,0,0,71x4fc3d,run-20260710_074053-71x4fc3d,trace_qwen25vl3b_easyr1_answer_nokl_noref_step200_bsz128_rollout8_val500_20260710T073846Z,0
100,0.2353515625,0.23366858199536514,0.27348632812499996,0.998046875,0.7646484375,296.5078125,1890,1089.71875,,0,0,71x4fc3d,run-20260710_074053-71x4fc3d,trace_qwen25vl3b_easyr1_answer_nokl_noref_step200_bsz128_rollout8_val500_20260710T073846Z,0
101,0.203125,0.23247079446613514,0.24272460937499996,0.9951171875,0.796875,298.94140625,2048,1125.25,,0,0,71x4fc3d,run-20260710_074053-71x4fc3d,trace_qwen25vl3b_easyr1_answer_nokl_noref_step200_bsz128_rollout8_val500_20260710T073846Z,0
102,0.26953125,0.2339241456635416,0.3057617187499999,0.994140625,0.73046875,285.083984375,2048,1138.125,,0,0,71x4fc3d,run-20260710_074053-71x4fc3d,trace_qwen25vl3b_easyr1_answer_nokl_noref_step200_bsz128_rollout8_val500_20260710T073846Z,0
103,0.2236328125,0.2335205639708537,0.2623046874999999,0.9970703125,0.7763671875,299.3994140625,1187,1054.265625,,0,0,71x4fc3d,run-20260710_074053-71x4fc3d,trace_qwen25vl3b_easyr1_answer_nokl_noref_step200_bsz128_rollout8_val500_20260710T073846Z,0
104,0.232421875,0.23347747812885944,0.2707519531249999,0.9990234375,0.767578125,262.8798828125,2048,1143.2265625,,0,0,71x4fc3d,run-20260710_074053-71x4fc3d,trace_qwen25vl3b_easyr1_answer_nokl_noref_step200_bsz128_rollout8_val500_20260710T073846Z,0
105,0.2490234375,0.23408712359439438,0.28642578124999996,0.9970703125,0.7509765625,302.533203125,2048,1120.046875,,0,0,71x4fc3d,run-20260710_074053-71x4fc3d,trace_qwen25vl3b_easyr1_answer_nokl_noref_step200_bsz128_rollout8_val500_20260710T073846Z,0
106,0.244140625,0.23448137855147697,0.2816406249999999,0.994140625,0.755859375,295.521484375,1526,1162.171875,,0,0,71x4fc3d,run-20260710_074053-71x4fc3d,trace_qwen25vl3b_easyr1_answer_nokl_noref_step200_bsz128_rollout8_val500_20260710T073846Z,0
107,0.3017578125,0.23711967007887003,0.33623046874999996,0.9912109375,0.6982421875,303.27734375,2048,1146.4609375,,0,0,71x4fc3d,run-20260710_074053-71x4fc3d,trace_qwen25vl3b_easyr1_answer_nokl_noref_step200_bsz128_rollout8_val500_20260710T073846Z,0
108,0.240234375,0.23724181536989475,0.278076171875,0.9970703125,0.759765625,302.1171875,2048,1118.1015625,,0,0,71x4fc3d,run-20260710_074053-71x4fc3d,trace_qwen25vl3b_easyr1_answer_nokl_noref_step200_bsz128_rollout8_val500_20260710T073846Z,0
109,0.2509765625,0.2377804329044087,0.28813476562499996,0.994140625,0.7490234375,311.1787109375,2048,1104.40625,,0,0,71x4fc3d,run-20260710_074053-71x4fc3d,trace_qwen25vl3b_easyr1_answer_nokl_noref_step200_bsz128_rollout8_val500_20260710T073846Z,0
110,0.2021484375,0.23638309975129465,0.24179687499999997,0.9951171875,0.7978515625,306.62890625,2048,1182.140625,,0,0,71x4fc3d,run-20260710_074053-71x4fc3d,trace_qwen25vl3b_easyr1_answer_nokl_noref_step200_bsz128_rollout8_val500_20260710T073846Z,0
111,0.240234375,0.23653413015320468,0.27807617187499994,0.9970703125,0.759765625,293.6279296875,1474,1112.015625,,0,0,71x4fc3d,run-20260710_074053-71x4fc3d,trace_qwen25vl3b_easyr1_answer_nokl_noref_step200_bsz128_rollout8_val500_20260710T073846Z,0
112,0.259765625,0.2374451691668045,0.29663085937499994,0.9970703125,0.740234375,301.7197265625,2048,1144.2265625,,0,0,71x4fc3d,run-20260710_074053-71x4fc3d,trace_qwen25vl3b_easyr1_answer_nokl_noref_step200_bsz128_rollout8_val500_20260710T073846Z,0
113,0.248046875,0.23786092233673375,0.2854980468749999,0.9970703125,0.751953125,281.7109375,2048,1087.734375,,0,0,71x4fc3d,run-20260710_074053-71x4fc3d,trace_qwen25vl3b_easyr1_answer_nokl_noref_step200_bsz128_rollout8_val500_20260710T073846Z,0
114,0.2490234375,0.23829866802941088,0.286279296875,0.994140625,0.7509765625,294.11328125,2048,1076.7890625,,0,0,71x4fc3d,run-20260710_074053-71x4fc3d,trace_qwen25vl3b_easyr1_answer_nokl_noref_step200_bsz128_rollout8_val500_20260710T073846Z,0
115,0.26171875,0.23921710261649282,0.2983886718749999,0.9951171875,0.73828125,300.314453125,2048,1152.796875,,0,0,71x4fc3d,run-20260710_074053-71x4fc3d,trace_qwen25vl3b_easyr1_answer_nokl_noref_step200_bsz128_rollout8_val500_20260710T073846Z,0
116,0.2314453125,0.2389123265334931,0.26972656249999993,0.9970703125,0.7685546875,281.80859375,1286,1111.359375,,0,0,71x4fc3d,run-20260710_074053-71x4fc3d,trace_qwen25vl3b_easyr1_answer_nokl_noref_step200_bsz128_rollout8_val500_20260710T073846Z,0
117,0.2958984375,0.24114707598316004,0.3310546874999999,0.9990234375,0.7041015625,294.9296875,1439,1133.09375,,0,0,71x4fc3d,run-20260710_074053-71x4fc3d,trace_qwen25vl3b_easyr1_answer_nokl_noref_step200_bsz128_rollout8_val500_20260710T073846Z,0
118,0.236328125,0.24095809751323222,0.27441406249999994,0.998046875,0.763671875,285.2041015625,1071,1117.6640625,,0,0,71x4fc3d,run-20260710_074053-71x4fc3d,trace_qwen25vl3b_easyr1_answer_nokl_noref_step200_bsz128_rollout8_val500_20260710T073846Z,0
119,0.30078125,0.2433041034931055,0.3353515625,0.9921875,0.69921875,297.826171875,2048,1120.375,,0,0,71x4fc3d,run-20260710_074053-71x4fc3d,trace_qwen25vl3b_easyr1_answer_nokl_noref_step200_bsz128_rollout8_val500_20260710T073846Z,0
120,0.259765625,0.24394965335612098,0.29633789062499993,0.9912109375,0.740234375,293.88671875,2048,1119.6796875,,0,0,71x4fc3d,run-20260710_074053-71x4fc3d,trace_qwen25vl3b_easyr1_answer_nokl_noref_step200_bsz128_rollout8_val500_20260710T073846Z,0
121,0.2578125,0.24449329440097897,0.29482421875,0.998046875,0.7421875,308.701171875,1703,1153.40625,,0,0,71x4fc3d,run-20260710_074053-71x4fc3d,trace_qwen25vl3b_easyr1_answer_nokl_noref_step200_bsz128_rollout8_val500_20260710T073846Z,0
122,0.2353515625,0.24413479511074448,0.2732910156249999,0.994140625,0.7646484375,301.306640625,1804,1106.171875,,0,0,71x4fc3d,run-20260710_074053-71x4fc3d,trace_qwen25vl3b_easyr1_answer_nokl_noref_step200_bsz128_rollout8_val500_20260710T073846Z,0
123,0.2421875,0.24405843059659765,0.2798828124999999,0.99609375,0.7578125,275.4794921875,2048,1187.7890625,,0,0,71x4fc3d,run-20260710_074053-71x4fc3d,trace_qwen25vl3b_easyr1_answer_nokl_noref_step200_bsz128_rollout8_val500_20260710T073846Z,0
124,0.2724609375,0.24517225439673107,0.3087402343749999,0.998046875,0.7275390625,283.1796875,1721,1146.875,,0,0,71x4fc3d,run-20260710_074053-71x4fc3d,trace_qwen25vl3b_easyr1_answer_nokl_noref_step200_bsz128_rollout8_val500_20260710T073846Z,0
125,0.291015625,0.24697003363607495,0.32646484374999996,1,0.708984375,275.560546875,1441,1111.8203125,,0,0,71x4fc3d,run-20260710_074053-71x4fc3d,trace_qwen25vl3b_easyr1_answer_nokl_noref_step200_bsz128_rollout8_val500_20260710T073846Z,0
126,0.26171875,0.24754841466995436,0.29853515624999993,0.998046875,0.73828125,277.0595703125,1407,1131.6640625,,0,0,71x4fc3d,run-20260710_074053-71x4fc3d,trace_qwen25vl3b_easyr1_answer_nokl_noref_step200_bsz128_rollout8_val500_20260710T073846Z,0
127,0.240234375,0.24726158958485814,0.2778808593749999,0.9931640625,0.759765625,277.9443359375,1541,1141.015625,,0,0,71x4fc3d,run-20260710_074053-71x4fc3d,trace_qwen25vl3b_easyr1_answer_nokl_noref_step200_bsz128_rollout8_val500_20260710T073846Z,0
128,0.2646484375,0.24794342675800096,0.301220703125,0.99609375,0.7353515625,287.775390625,1503,1115.2421875,,0,0,71x4fc3d,run-20260710_074053-71x4fc3d,trace_qwen25vl3b_easyr1_answer_nokl_noref_step200_bsz128_rollout8_val500_20260710T073846Z,0
129,0.2431640625,0.24775600070866757,0.2808593749999999,0.9970703125,0.7568359375,289.927734375,2048,1075.3046875,,0,0,71x4fc3d,run-20260710_074053-71x4fc3d,trace_qwen25vl3b_easyr1_answer_nokl_noref_step200_bsz128_rollout8_val500_20260710T073846Z,0
130,0.248046875,0.2477674075436218,0.28559570312499993,0.9990234375,0.751953125,285.8583984375,1914,1222.375,,0,0,71x4fc3d,run-20260710_074053-71x4fc3d,trace_qwen25vl3b_easyr1_answer_nokl_noref_step200_bsz128_rollout8_val500_20260710T073846Z,0
131,0.3056640625,0.2500378646007347,0.3400878906249999,0.994140625,0.6943359375,281.873046875,2048,1155.8359375,,0,0,71x4fc3d,run-20260710_074053-71x4fc3d,trace_qwen25vl3b_easyr1_answer_nokl_noref_step200_bsz128_rollout8_val500_20260710T073846Z,0
132,0.2392578125,0.24961511745952938,0.27729492187499993,1,0.7607421875,286.376953125,1519,1118.6796875,,0,0,71x4fc3d,run-20260710_074053-71x4fc3d,trace_qwen25vl3b_easyr1_answer_nokl_noref_step200_bsz128_rollout8_val500_20260710T073846Z,0
133,0.3212890625,0.2524258604022929,0.35517578124999993,0.9990234375,0.6787109375,272.177734375,1686,1157.6875,,0,0,71x4fc3d,run-20260710_074053-71x4fc3d,trace_qwen25vl3b_easyr1_answer_nokl_noref_step200_bsz128_rollout8_val500_20260710T073846Z,0
134,0.2734375,0.2532498462688697,0.30952148437499993,0.9951171875,0.7265625,250.400390625,2048,1108.7578125,,0,0,71x4fc3d,run-20260710_074053-71x4fc3d,trace_qwen25vl3b_easyr1_answer_nokl_noref_step200_bsz128_rollout8_val500_20260710T073846Z,0
135,0.259765625,0.25350536700342385,0.29658203124999993,0.99609375,0.740234375,264.0048828125,2048,1131.6640625,,0,0,71x4fc3d,run-20260710_074053-71x4fc3d,trace_qwen25vl3b_easyr1_answer_nokl_noref_step200_bsz128_rollout8_val500_20260710T073846Z,0
136,0.25390625,0.2535210879052504,0.29106445312499996,0.9970703125,0.74609375,286.6953125,2048,1082.0703125,,0,0,71x4fc3d,run-20260710_074053-71x4fc3d,trace_qwen25vl3b_easyr1_answer_nokl_noref_step200_bsz128_rollout8_val500_20260710T073846Z,0
137,0.26171875,0.25384256485014256,0.29833984374999994,0.994140625,0.73828125,290.6591796875,2048,1146.109375,,0,0,71x4fc3d,run-20260710_074053-71x4fc3d,trace_qwen25vl3b_easyr1_answer_nokl_noref_step200_bsz128_rollout8_val500_20260710T073846Z,0
138,0.2802734375,0.2548790696599409,0.3160644531249999,0.99609375,0.7197265625,280.9326171875,2048,1080.90625,,0,0,71x4fc3d,run-20260710_074053-71x4fc3d,trace_qwen25vl3b_easyr1_answer_nokl_noref_step200_bsz128_rollout8_val500_20260710T073846Z,0
139,0.306640625,0.25690893457523734,0.34111328124999996,0.99609375,0.693359375,297.916015625,1165,1126.9765625,,0,0,71x4fc3d,run-20260710_074053-71x4fc3d,trace_qwen25vl3b_easyr1_answer_nokl_noref_step200_bsz128_rollout8_val500_20260710T073846Z,0
140,0.240234375,0.2562550302781692,0.277978515625,0.9951171875,0.759765625,301.4140625,2048,1100.21875,,0,0,71x4fc3d,run-20260710_074053-71x4fc3d,trace_qwen25vl3b_easyr1_answer_nokl_noref_step200_bsz128_rollout8_val500_20260710T073846Z,0
141,0.3056640625,0.25819263938490766,0.3401855468749999,0.99609375,0.6943359375,256.7431640625,1890,1142.109375,,0,0,71x4fc3d,run-20260710_074053-71x4fc3d,trace_qwen25vl3b_easyr1_answer_nokl_noref_step200_bsz128_rollout8_val500_20260710T073846Z,0
142,0.2587890625,0.258216028526676,0.2958007812499999,0.9990234375,0.7412109375,272.2236328125,1486,1125.6796875,,0,0,71x4fc3d,run-20260710_074053-71x4fc3d,trace_qwen25vl3b_easyr1_answer_nokl_noref_step200_bsz128_rollout8_val500_20260710T073846Z,0
143,0.31640625,0.26049799799621814,0.35048828125,0.998046875,0.68359375,274.1484375,1351,1146.21875,,0,0,71x4fc3d,run-20260710_074053-71x4fc3d,trace_qwen25vl3b_easyr1_answer_nokl_noref_step200_bsz128_rollout8_val500_20260710T073846Z,0
144,0.2666015625,0.2607373534669547,0.3031249999999999,0.9970703125,0.7333984375,283.1826171875,2048,1196.0625,,0,0,71x4fc3d,run-20260710_074053-71x4fc3d,trace_qwen25vl3b_easyr1_answer_nokl_noref_step200_bsz128_rollout8_val500_20260710T073846Z,0
145,0.2802734375,0.26150347440942706,0.3160644531249999,0.99609375,0.7197265625,275.78515625,2048,1126.390625,,0,0,71x4fc3d,run-20260710_074053-71x4fc3d,trace_qwen25vl3b_easyr1_answer_nokl_noref_step200_bsz128_rollout8_val500_20260710T073846Z,0
146,0.2744140625,0.2620097719816064,0.31049804687499993,0.99609375,0.7255859375,284.8125,2048,1111.6484375,,0,0,71x4fc3d,run-20260710_074053-71x4fc3d,trace_qwen25vl3b_easyr1_answer_nokl_noref_step200_bsz128_rollout8_val500_20260710T073846Z,0
147,0.228515625,0.26069627602154344,0.26704101562499993,0.9990234375,0.771484375,271.2724609375,1256,1150.890625,,0,0,71x4fc3d,run-20260710_074053-71x4fc3d,trace_qwen25vl3b_easyr1_answer_nokl_noref_step200_bsz128_rollout8_val500_20260710T073846Z,0
148,0.2509765625,0.2603151107854045,0.28828124999999993,0.9970703125,0.7490234375,287.537109375,2048,1116.4453125,,0,0,71x4fc3d,run-20260710_074053-71x4fc3d,trace_qwen25vl3b_easyr1_answer_nokl_noref_step200_bsz128_rollout8_val500_20260710T073846Z,0
149,0.2421875,0.25960422408793765,0.2799316406249999,0.9970703125,0.7578125,275.0947265625,1083,1124.3046875,,0,0,71x4fc3d,run-20260710_074053-71x4fc3d,trace_qwen25vl3b_easyr1_answer_nokl_noref_step200_bsz128_rollout8_val500_20260710T073846Z,0
150,0.30859375,0.26152538196684205,0.34296874999999993,0.99609375,0.69140625,288.841796875,2048,1110.171875,,0,0,71x4fc3d,run-20260710_074053-71x4fc3d,trace_qwen25vl3b_easyr1_answer_nokl_noref_step200_bsz128_rollout8_val500_20260710T073846Z,0
151,0.2451171875,0.26088192336029925,0.28271484374999994,0.9970703125,0.7548828125,283.4921875,2048,1128.6640625,,0,0,ia3kdd6n,run-20260710_141615-ia3kdd6n,trace_qwen25vl3b_easyr1_answer_nokl_noref_resume150_to400_bsz128_rollout8_val500_20260710T141409Z,1
152,0.2607421875,0.2608764435226405,0.29755859374999993,0.9970703125,0.7392578125,257.2353515625,2048,1118.1484375,,0,0,ia3kdd6n,run-20260710_141615-ia3kdd6n,trace_qwen25vl3b_easyr1_answer_nokl_noref_resume150_to400_bsz128_rollout8_val500_20260710T141409Z,1
153,0.2529296875,0.2605648060315565,0.29008789062499996,0.99609375,0.7470703125,265.62109375,2048,1134.53125,,0,0,ia3kdd6n,run-20260710_141615-ia3kdd6n,trace_qwen25vl3b_easyr1_answer_nokl_noref_resume150_to400_bsz128_rollout8_val500_20260710T141409Z,1
154,0.296875,0.2619887352067896,0.33198242187499993,0.9990234375,0.703125,259.7646484375,2048,1124.921875,,0,0,ia3kdd6n,run-20260710_141615-ia3kdd6n,trace_qwen25vl3b_easyr1_answer_nokl_noref_resume150_to400_bsz128_rollout8_val500_20260710T141409Z,1
155,0.27734375,0.2625908926496606,0.31328124999999996,0.99609375,0.72265625,283.291015625,2048,1166.4921875,,0,0,ia3kdd6n,run-20260710_141615-ia3kdd6n,trace_qwen25vl3b_easyr1_answer_nokl_noref_resume150_to400_bsz128_rollout8_val500_20260710T141409Z,1
156,0.287109375,0.2635524017614386,0.3226562499999999,0.998046875,0.712890625,291.4775390625,1311,1113.2109375,,0,0,ia3kdd6n,run-20260710_141615-ia3kdd6n,trace_qwen25vl3b_easyr1_answer_nokl_noref_resume150_to400_bsz128_rollout8_val500_20260710T141409Z,1
157,0.26953125,0.26378686639824495,0.30585937499999993,0.99609375,0.73046875,272.7841796875,2048,1097.9921875,,0,0,ia3kdd6n,run-20260710_141615-ia3kdd6n,trace_qwen25vl3b_easyr1_answer_nokl_noref_resume150_to400_bsz128_rollout8_val500_20260710T141409Z,1
158,0.298828125,0.26516103340223535,0.3338378906249999,0.9990234375,0.701171875,284.935546875,2048,1087.59375,,0,0,ia3kdd6n,run-20260710_141615-ia3kdd6n,trace_qwen25vl3b_easyr1_answer_nokl_noref_resume150_to400_bsz128_rollout8_val500_20260710T141409Z,1
159,0.3017578125,0.26659620120999084,0.3365234374999999,0.9970703125,0.6982421875,271.189453125,2048,1137.5,,0,0,ia3kdd6n,run-20260710_141615-ia3kdd6n,trace_qwen25vl3b_easyr1_answer_nokl_noref_resume150_to400_bsz128_rollout8_val500_20260710T141409Z,1
160,0.2724609375,0.2668261908684226,0.3086425781249999,0.99609375,0.7275390625,284.3662109375,2048,1087.4765625,,0,0,ia3kdd6n,run-20260710_141615-ia3kdd6n,trace_qwen25vl3b_easyr1_answer_nokl_noref_resume150_to400_bsz128_rollout8_val500_20260710T141409Z,1
161,0.296875,0.26800457554024915,0.33173828124999993,0.994140625,0.703125,275.4619140625,2048,1162.25,,0,0,ia3kdd6n,run-20260710_141615-ia3kdd6n,trace_qwen25vl3b_easyr1_answer_nokl_noref_resume150_to400_bsz128_rollout8_val500_20260710T141409Z,1
162,0.3037109375,0.2694048250288668,0.33833007812499993,0.99609375,0.6962890625,264.822265625,1796,1154.7734375,,0,0,ia3kdd6n,run-20260710_141615-ia3kdd6n,trace_qwen25vl3b_easyr1_answer_nokl_noref_resume150_to400_bsz128_rollout8_val500_20260710T141409Z,1
163,0.2802734375,0.269831045125774,0.3160156249999999,0.9951171875,0.7197265625,269.6083984375,1541,1112.65625,,0,0,ia3kdd6n,run-20260710_141615-ia3kdd6n,trace_qwen25vl3b_easyr1_answer_nokl_noref_resume150_to400_bsz128_rollout8_val500_20260710T141409Z,1
164,0.283203125,0.27035544041495935,0.31884765624999994,0.99609375,0.716796875,267.193359375,2048,1143.2734375,,0,0,ia3kdd6n,run-20260710_141615-ia3kdd6n,trace_qwen25vl3b_easyr1_answer_nokl_noref_resume150_to400_bsz128_rollout8_val500_20260710T141409Z,1
165,0.294921875,0.27131883000652957,0.33002929687499993,0.9970703125,0.705078125,262.0712890625,2048,1108.5703125,,0,0,ia3kdd6n,run-20260710_141615-ia3kdd6n,trace_qwen25vl3b_easyr1_answer_nokl_noref_resume150_to400_bsz128_rollout8_val500_20260710T141409Z,1
166,0.298828125,0.2723976258886264,0.33378906249999996,0.998046875,0.701171875,262.4384765625,1083,1125.484375,,0,0,ia3kdd6n,run-20260710_141615-ia3kdd6n,trace_qwen25vl3b_easyr1_answer_nokl_noref_resume150_to400_bsz128_rollout8_val500_20260710T141409Z,1
167,0.279296875,0.27266818467730775,0.3150878906249999,0.9951171875,0.720703125,292.310546875,2048,1091.7890625,,0,0,ia3kdd6n,run-20260710_141615-ia3kdd6n,trace_qwen25vl3b_easyr1_answer_nokl_noref_resume150_to400_bsz128_rollout8_val500_20260710T141409Z,1
168,0.271484375,0.2726217607683937,0.3077636718749999,0.9970703125,0.728515625,267.318359375,2048,1141.96875,,0,0,ia3kdd6n,run-20260710_141615-ia3kdd6n,trace_qwen25vl3b_easyr1_answer_nokl_noref_resume150_to400_bsz128_rollout8_val500_20260710T141409Z,1
169,0.3046875,0.2738792407382606,0.33930664062499993,0.9970703125,0.6953125,270.6396484375,1527,1178.359375,,0,0,ia3kdd6n,run-20260710_141615-ia3kdd6n,trace_qwen25vl3b_easyr1_answer_nokl_noref_resume150_to400_bsz128_rollout8_val500_20260710T141409Z,1
170,0.2734375,0.2738619175720543,0.30961914062499996,0.9970703125,0.7265625,282.68359375,2048,1078.46875,,0,0,ia3kdd6n,run-20260710_141615-ia3kdd6n,trace_qwen25vl3b_easyr1_answer_nokl_noref_resume150_to400_bsz128_rollout8_val500_20260710T141409Z,1
171,0.310546875,0.2753005433535424,0.3447753906249999,0.9951171875,0.689453125,308.9482421875,2048,1069.375,,0,0,ia3kdd6n,run-20260710_141615-ia3kdd6n,trace_qwen25vl3b_easyr1_answer_nokl_noref_resume150_to400_bsz128_rollout8_val500_20260710T141409Z,1
172,0.2802734375,0.27549555881026627,0.31611328124999993,0.9970703125,0.7197265625,284.2255859375,1738,1161.1796875,,0,0,ia3kdd6n,run-20260710_141615-ia3kdd6n,trace_qwen25vl3b_easyr1_answer_nokl_noref_resume150_to400_bsz128_rollout8_val500_20260710T141409Z,1
173,0.2958984375,0.27629567170005975,0.33100585937499993,0.998046875,0.7041015625,274.4541015625,940,1121.890625,,0,0,ia3kdd6n,run-20260710_141615-ia3kdd6n,trace_qwen25vl3b_easyr1_answer_nokl_noref_resume150_to400_bsz128_rollout8_val500_20260710T141409Z,1
174,0.2900390625,0.2768346282020182,0.32543945312499994,0.998046875,0.7099609375,282.025390625,1600,1127.453125,,0,0,ia3kdd6n,run-20260710_141615-ia3kdd6n,trace_qwen25vl3b_easyr1_answer_nokl_noref_resume150_to400_bsz128_rollout8_val500_20260710T141409Z,1
175,0.31640625,0.2783864565078214,0.35048828125,0.998046875,0.68359375,274.0048828125,1312,1171.0859375,,0,0,ia3kdd6n,run-20260710_141615-ia3kdd6n,trace_qwen25vl3b_easyr1_answer_nokl_noref_resume150_to400_bsz128_rollout8_val500_20260710T141409Z,1
176,0.2900390625,0.2788434214486911,0.32539062499999993,0.9970703125,0.7099609375,293.7822265625,2048,1083.3671875,,0,0,ia3kdd6n,run-20260710_141615-ia3kdd6n,trace_qwen25vl3b_easyr1_answer_nokl_noref_resume150_to400_bsz128_rollout8_val500_20260710T141409Z,1
177,0.267578125,0.2784016451173699,0.3041015624999999,0.998046875,0.732421875,268.57421875,2048,1096.59375,,0,0,ia3kdd6n,run-20260710_141615-ia3kdd6n,trace_qwen25vl3b_easyr1_answer_nokl_noref_resume150_to400_bsz128_rollout8_val500_20260710T141409Z,1
178,0.306640625,0.27950905609315935,0.34106445312499994,0.9951171875,0.693359375,310.078125,1515,1127.46875,,0,0,ia3kdd6n,run-20260710_141615-ia3kdd6n,trace_qwen25vl3b_easyr1_answer_nokl_noref_resume150_to400_bsz128_rollout8_val500_20260710T141409Z,1
179,0.263671875,0.2788879901679374,0.3003906249999999,0.998046875,0.736328125,295.173828125,2048,1047.4140625,,0,0,ia3kdd6n,run-20260710_141615-ia3kdd6n,trace_qwen25vl3b_easyr1_answer_nokl_noref_resume150_to400_bsz128_rollout8_val500_20260710T141409Z,1
180,0.3349609375,0.2810869292789987,0.36806640625,0.9970703125,0.6650390625,278.2900390625,1769,1067.40625,,0,0,ia3kdd6n,run-20260710_141615-ia3kdd6n,trace_qwen25vl3b_easyr1_answer_nokl_noref_resume150_to400_bsz128_rollout8_val500_20260710T141409Z,1
181,0.3017578125,0.2818975521504105,0.33662109374999993,0.9990234375,0.6982421875,278.544921875,1552,1058.6875,,0,0,ia3kdd6n,run-20260710_141615-ia3kdd6n,trace_qwen25vl3b_easyr1_answer_nokl_noref_resume150_to400_bsz128_rollout8_val500_20260710T141409Z,1
182,0.2421875,0.28034029520333564,0.2799316406249999,0.9970703125,0.7578125,288.837890625,1254,1127.609375,,0,0,ia3kdd6n,run-20260710_141615-ia3kdd6n,trace_qwen25vl3b_easyr1_answer_nokl_noref_resume150_to400_bsz128_rollout8_val500_20260710T141409Z,1
183,0.3076171875,0.28140997725418526,0.3421874999999999,0.9990234375,0.6923828125,270.662109375,2048,1135.390625,,0,0,ia3kdd6n,run-20260710_141615-ia3kdd6n,trace_qwen25vl3b_easyr1_answer_nokl_noref_resume150_to400_bsz128_rollout8_val500_20260710T141409Z,1
184,0.275390625,0.2811739242246094,0.31157226562499996,0.9990234375,0.724609375,286.390625,1605,1132.984375,,0,0,ia3kdd6n,run-20260710_141615-ia3kdd6n,trace_qwen25vl3b_easyr1_answer_nokl_noref_resume150_to400_bsz128_rollout8_val500_20260710T141409Z,1
185,0.30859375,0.28224921150991883,0.3429199218749999,0.9951171875,0.69140625,302.3583984375,1247,1143.2265625,,0,0,ia3kdd6n,run-20260710_141615-ia3kdd6n,trace_qwen25vl3b_easyr1_answer_nokl_noref_resume150_to400_bsz128_rollout8_val500_20260710T141409Z,1
186,0.3076171875,0.28324403409776516,0.34199218749999993,0.9951171875,0.6923828125,269.0322265625,1541,1191.3046875,,0,0,ia3kdd6n,run-20260710_141615-ia3kdd6n,trace_qwen25vl3b_easyr1_answer_nokl_noref_resume150_to400_bsz128_rollout8_val500_20260710T141409Z,1
187,0.3154296875,0.28450621658412734,0.34951171875,0.9970703125,0.6845703125,282.3994140625,2048,1155.0546875,,0,0,ia3kdd6n,run-20260710_141615-ia3kdd6n,trace_qwen25vl3b_easyr1_answer_nokl_noref_resume150_to400_bsz128_rollout8_val500_20260710T141409Z,1
188,0.2548828125,0.2833445144631812,0.29189453125,0.9951171875,0.7451171875,290.4140625,1081,1092.515625,,0,0,ia3kdd6n,run-20260710_141615-ia3kdd6n,trace_qwen25vl3b_easyr1_answer_nokl_noref_resume150_to400_bsz128_rollout8_val500_20260710T141409Z,1
189,0.2822265625,0.28330067320972313,0.31782226562499993,0.994140625,0.7177734375,284.6328125,1573,1160.3984375,,0,0,ia3kdd6n,run-20260710_141615-ia3kdd6n,trace_qwen25vl3b_easyr1_answer_nokl_noref_resume150_to400_bsz128_rollout8_val500_20260710T141409Z,1
190,0.2626953125,0.28249261984855756,0.2995605468749999,1,0.7373046875,292.451171875,1262,1065.515625,,0,0,ia3kdd6n,run-20260710_141615-ia3kdd6n,trace_qwen25vl3b_easyr1_answer_nokl_noref_resume150_to400_bsz128_rollout8_val500_20260710T141409Z,1
191,0.283203125,0.28252048279567293,0.3187011718749999,0.9931640625,0.716796875,269.080078125,1628,1132.6875,,0,0,ia3kdd6n,run-20260710_141615-ia3kdd6n,trace_qwen25vl3b_easyr1_answer_nokl_noref_resume150_to400_bsz128_rollout8_val500_20260710T141409Z,1
192,0.265625,0.28185791484290146,0.30229492187499996,0.9990234375,0.734375,239.220703125,1106,1154.8203125,,0,0,ia3kdd6n,run-20260710_141615-ia3kdd6n,trace_qwen25vl3b_easyr1_answer_nokl_noref_resume150_to400_bsz128_rollout8_val500_20260710T141409Z,1
193,0.26953125,0.2813745162216112,0.30571289062499996,0.9931640625,0.73046875,280.908203125,2048,1117.7265625,,0,0,ia3kdd6n,run-20260710_141615-ia3kdd6n,trace_qwen25vl3b_easyr1_answer_nokl_noref_resume150_to400_bsz128_rollout8_val500_20260710T141409Z,1
194,0.283203125,0.28144622636978334,0.3188476562499999,0.99609375,0.716796875,286.224609375,2048,1105.1875,,0,0,ia3kdd6n,run-20260710_141615-ia3kdd6n,trace_qwen25vl3b_easyr1_answer_nokl_noref_resume150_to400_bsz128_rollout8_val500_20260710T141409Z,1
195,0.296875,0.28205127631606636,0.3320312499999999,1,0.703125,278.294921875,1429,1106.828125,,0,0,ia3kdd6n,run-20260710_141615-ia3kdd6n,trace_qwen25vl3b_easyr1_answer_nokl_noref_resume150_to400_bsz128_rollout8_val500_20260710T141409Z,1
196,0.30859375,0.2830921576370049,0.34301757812499994,0.9970703125,0.69140625,287.314453125,1457,1131.0390625,,0,0,ia3kdd6n,run-20260710_141615-ia3kdd6n,trace_qwen25vl3b_easyr1_answer_nokl_noref_resume150_to400_bsz128_rollout8_val500_20260710T141409Z,1
197,0.28125,0.28301991616104394,0.3170410156249999,0.9970703125,0.71875,262.365234375,1045,1110.3046875,,0,0,ia3kdd6n,run-20260710_141615-ia3kdd6n,trace_qwen25vl3b_easyr1_answer_nokl_noref_resume150_to400_bsz128_rollout8_val500_20260710T141409Z,1
198,0.3359375,0.2850951155272775,0.36909179687499993,0.9990234375,0.6640625,280.8115234375,1136,1089.65625,,0,0,ia3kdd6n,run-20260710_141615-ia3kdd6n,trace_qwen25vl3b_easyr1_answer_nokl_noref_resume150_to400_bsz128_rollout8_val500_20260710T141409Z,1
199,0.3349609375,0.28705063795758035,0.36816406249999994,0.9990234375,0.6650390625,290.58984375,1271,1088.125,,0,0,ia3kdd6n,run-20260710_141615-ia3kdd6n,trace_qwen25vl3b_easyr1_answer_nokl_noref_resume150_to400_bsz128_rollout8_val500_20260710T141409Z,1
200,0.30859375,0.2878954658808125,0.34306640624999996,0.998046875,0.69140625,241.6630859375,2048,1176.2578125,,0,0,ia3kdd6n,run-20260710_141615-ia3kdd6n,trace_qwen25vl3b_easyr1_answer_nokl_noref_resume150_to400_bsz128_rollout8_val500_20260710T141409Z,1
201,0.2099609375,0.2848392098658787,0.24941406249999992,0.9990234375,0.7900390625,291.8173828125,2048,1128.953125,,0,0,ia3kdd6n,run-20260710_141615-ia3kdd6n,trace_qwen25vl3b_easyr1_answer_nokl_noref_resume150_to400_bsz128_rollout8_val500_20260710T141409Z,1
202,0.2802734375,0.28466015996917754,0.31616210937499994,0.998046875,0.7197265625,264.58984375,1242,1110.15625,,0,0,ia3kdd6n,run-20260710_141615-ia3kdd6n,trace_qwen25vl3b_easyr1_answer_nokl_noref_resume150_to400_bsz128_rollout8_val500_20260710T141409Z,1
203,0.337890625,0.28674762918607255,0.37084960937499994,0.9970703125,0.662109375,278.8271484375,1654,1144.125,,0,0,ia3kdd6n,run-20260710_141615-ia3kdd6n,trace_qwen25vl3b_easyr1_answer_nokl_noref_resume150_to400_bsz128_rollout8_val500_20260710T141409Z,1
204,0.2919921875,0.28695329813955994,0.32719726562499996,0.99609375,0.7080078125,301.0537109375,2048,1140.2421875,,0,0,ia3kdd6n,run-20260710_141615-ia3kdd6n,trace_qwen25vl3b_easyr1_answer_nokl_noref_resume150_to400_bsz128_rollout8_val500_20260710T141409Z,1
205,0.2412109375,0.2851594800752635,0.27900390624999993,0.9970703125,0.7587890625,254.8037109375,1029,1116.3984375,,0,0,ia3kdd6n,run-20260710_141615-ia3kdd6n,trace_qwen25vl3b_easyr1_answer_nokl_noref_resume150_to400_bsz128_rollout8_val500_20260710T141409Z,1
206,0.2998046875,0.2857338019350571,0.33471679687499994,0.998046875,0.7001953125,288.4794921875,2048,1100.265625,,0,0,ia3kdd6n,run-20260710_141615-ia3kdd6n,trace_qwen25vl3b_easyr1_answer_nokl_noref_resume150_to400_bsz128_rollout8_val500_20260710T141409Z,1
207,0.302734375,0.28640049107485877,0.3374999999999999,0.998046875,0.697265625,307.15234375,1353,1088.4140625,,0,0,ia3kdd6n,run-20260710_141615-ia3kdd6n,trace_qwen25vl3b_easyr1_answer_nokl_noref_resume150_to400_bsz128_rollout8_val500_20260710T141409Z,1
208,0.2880859375,0.2864665870130996,0.32348632812499994,0.99609375,0.7119140625,298.5712890625,2048,1120.015625,,0,0,ia3kdd6n,run-20260710_141615-ia3kdd6n,trace_qwen25vl3b_easyr1_answer_nokl_noref_resume150_to400_bsz128_rollout8_val500_20260710T141409Z,1
209,0.296875,0.28687476007140944,0.33183593749999996,0.99609375,0.703125,299.87109375,1560,1147.890625,,0,0,ia3kdd6n,run-20260710_141615-ia3kdd6n,trace_qwen25vl3b_easyr1_answer_nokl_noref_resume150_to400_bsz128_rollout8_val500_20260710T141409Z,1
210,0.3095703125,0.28776478173527575,0.3438476562499999,0.9951171875,0.6904296875,297.3193359375,2048,1155.6875,,0,0,ia3kdd6n,run-20260710_141615-ia3kdd6n,trace_qwen25vl3b_easyr1_answer_nokl_noref_resume150_to400_bsz128_rollout8_val500_20260710T141409Z,1
211,0.3388671875,0.2897687976476179,0.3718749999999999,0.9990234375,0.6611328125,274.3369140625,1333,1125.921875,,0,0,ia3kdd6n,run-20260710_141615-ia3kdd6n,trace_qwen25vl3b_easyr1_answer_nokl_noref_resume150_to400_bsz128_rollout8_val500_20260710T141409Z,1
212,0.2802734375,0.28939643058300546,0.3160644531249999,0.99609375,0.7197265625,289.66015625,1778,1127.3515625,,0,0,ia3kdd6n,run-20260710_141615-ia3kdd6n,trace_qwen25vl3b_easyr1_answer_nokl_noref_resume150_to400_bsz128_rollout8_val500_20260710T141409Z,1
213,0.3154296875,0.29041734261896607,0.3495117187499999,0.9970703125,0.6845703125,301.771484375,2048,1148.3046875,,0,0,ia3kdd6n,run-20260710_141615-ia3kdd6n,trace_qwen25vl3b_easyr1_answer_nokl_noref_resume150_to400_bsz128_rollout8_val500_20260710T141409Z,1
214,0.3134765625,0.2913216257515556,0.3476562499999999,0.9970703125,0.6865234375,278.5654296875,1410,1113.828125,,0,0,ia3kdd6n,run-20260710_141615-ia3kdd6n,trace_qwen25vl3b_easyr1_answer_nokl_noref_resume150_to400_bsz128_rollout8_val500_20260710T141409Z,1
215,0.2802734375,0.2908883634671809,0.31621093749999996,0.9990234375,0.7197265625,299.3974609375,1751,1069.1328125,,0,0,ia3kdd6n,run-20260710_141615-ia3kdd6n,trace_qwen25vl3b_easyr1_answer_nokl_noref_resume150_to400_bsz128_rollout8_val500_20260710T141409Z,1
216,0.3544921875,0.2933826310763111,0.38676757812499996,1,0.6455078125,316.578125,1711,1112.8046875,,0,0,ia3kdd6n,run-20260710_141615-ia3kdd6n,trace_qwen25vl3b_easyr1_answer_nokl_noref_resume150_to400_bsz128_rollout8_val500_20260710T141409Z,1
217,0.28515625,0.2930600278968479,0.3208984374999999,1,0.71484375,307.0703125,1502,1145.4375,,0,0,ia3kdd6n,run-20260710_141615-ia3kdd6n,trace_qwen25vl3b_easyr1_answer_nokl_noref_resume150_to400_bsz128_rollout8_val500_20260710T141409Z,1
218,0.34765625,0.2952010562146185,0.3801269531249999,0.9970703125,0.65234375,301.275390625,2048,1176.578125,,0,0,ia3kdd6n,run-20260710_141615-ia3kdd6n,trace_qwen25vl3b_easyr1_answer_nokl_noref_resume150_to400_bsz128_rollout8_val500_20260710T141409Z,1
219,0.2890625,0.2949603285199276,0.3245117187499999,0.998046875,0.7109375,310.2802734375,2048,1099.3984375,,0,0,ia3kdd6n,run-20260710_141615-ia3kdd6n,trace_qwen25vl3b_easyr1_answer_nokl_noref_resume150_to400_bsz128_rollout8_val500_20260710T141409Z,1
220,0.275390625,0.29419288916620495,0.31152343749999994,0.998046875,0.724609375,290.3076171875,1835,1152.1875,,0,0,ia3kdd6n,run-20260710_141615-ia3kdd6n,trace_qwen25vl3b_easyr1_answer_nokl_noref_resume150_to400_bsz128_rollout8_val500_20260710T141409Z,1
221,0.3427734375,0.29609800870870673,0.37553710937499996,0.998046875,0.6572265625,297.84765625,1812,1127.0625,,0,0,ia3kdd6n,run-20260710_141615-ia3kdd6n,trace_qwen25vl3b_easyr1_answer_nokl_noref_resume150_to400_bsz128_rollout8_val500_20260710T141409Z,1
222,0.296875,0.29612847895542416,0.33198242187499993,0.9990234375,0.703125,306.8662109375,1262,1149.0859375,,0,0,ia3kdd6n,run-20260710_141615-ia3kdd6n,trace_qwen25vl3b_easyr1_answer_nokl_noref_resume150_to400_bsz128_rollout8_val500_20260710T141409Z,1
223,0.248046875,0.294242925859133,0.2854980468749999,0.9970703125,0.751953125,320.103515625,1834,1048.9453125,,0,0,ia3kdd6n,run-20260710_141615-ia3kdd6n,trace_qwen25vl3b_easyr1_answer_nokl_noref_resume150_to400_bsz128_rollout8_val500_20260710T141409Z,1
224,0.328125,0.2955716346489709,0.36157226562499994,0.9970703125,0.671875,302.966796875,2048,1124.703125,,0,0,ia3kdd6n,run-20260710_141615-ia3kdd6n,trace_qwen25vl3b_easyr1_answer_nokl_noref_resume150_to400_bsz128_rollout8_val500_20260710T141409Z,1
225,0.328125,0.2968482372117564,0.36162109374999996,0.998046875,0.671875,309.04296875,1767,1135.8046875,,0,0,ia3kdd6n,run-20260710_141615-ia3kdd6n,trace_qwen25vl3b_easyr1_answer_nokl_noref_resume150_to400_bsz128_rollout8_val500_20260710T141409Z,1
226,0.3203125,0.29776840437992286,0.3541992187499999,0.998046875,0.6796875,330.2353515625,1904,1079.0703125,,0,0,ia3kdd6n,run-20260710_141615-ia3kdd6n,trace_qwen25vl3b_easyr1_answer_nokl_noref_resume150_to400_bsz128_rollout8_val500_20260710T141409Z,1
227,0.333984375,0.2991886385218867,0.36713867187499993,0.9970703125,0.666015625,303.8388671875,2048,1146.203125,,0,0,ia3kdd6n,run-20260710_141615-ia3kdd6n,trace_qwen25vl3b_easyr1_answer_nokl_noref_resume150_to400_bsz128_rollout8_val500_20260710T141409Z,1
228,0.3359375,0.30062977034455785,0.36909179687499993,0.9990234375,0.6640625,317.87109375,1967,1163.4140625,,0,0,ia3kdd6n,run-20260710_141615-ia3kdd6n,trace_qwen25vl3b_easyr1_answer_nokl_noref_resume150_to400_bsz128_rollout8_val500_20260710T141409Z,1
229,0.3271484375,0.3016697180761438,0.3607421875,0.9990234375,0.6728515625,331.16015625,1505,1160.96875,,0,0,ia3kdd6n,run-20260710_141615-ia3kdd6n,trace_qwen25vl3b_easyr1_answer_nokl_noref_resume150_to400_bsz128_rollout8_val500_20260710T141409Z,1
230,0.2900390625,0.30121361393590285,0.32548828124999996,0.9990234375,0.7099609375,303.88671875,1373,1136.890625,,0,0,ia3kdd6n,run-20260710_141615-ia3kdd6n,trace_qwen25vl3b_easyr1_answer_nokl_noref_resume150_to400_bsz128_rollout8_val500_20260710T141409Z,1
231,0.3115234375,0.301617920742338,0.3458496093749999,0.998046875,0.6884765625,323.2431640625,2048,1101.28125,,0,0,ia3kdd6n,run-20260710_141615-ia3kdd6n,trace_qwen25vl3b_easyr1_answer_nokl_noref_resume150_to400_bsz128_rollout8_val500_20260710T141409Z,1
232,0.2998046875,0.301546813556364,0.33466796874999993,0.9970703125,0.7001953125,310.37890625,1314,1118.1328125,,0,0,ia3kdd6n,run-20260710_141615-ia3kdd6n,trace_qwen25vl3b_easyr1_answer_nokl_noref_resume150_to400_bsz128_rollout8_val500_20260710T141409Z,1
233,0.27734375,0.3005976738090556,0.31337890625,0.998046875,0.72265625,324.1884765625,2048,1110.96875,,0,0,ia3kdd6n,run-20260710_141615-ia3kdd6n,trace_qwen25vl3b_easyr1_answer_nokl_noref_resume150_to400_bsz128_rollout8_val500_20260710T141409Z,1
234,0.318359375,0.3012942111106613,0.35229492187499994,0.9970703125,0.681640625,350.728515625,2048,1104.625,,0,0,ia3kdd6n,run-20260710_141615-ia3kdd6n,trace_qwen25vl3b_easyr1_answer_nokl_noref_resume150_to400_bsz128_rollout8_val500_20260710T141409Z,1
235,0.3466796875,0.3030740337141648,0.37919921874999996,0.9970703125,0.6533203125,340.228515625,2048,1110,,0,0,ia3kdd6n,run-20260710_141615-ia3kdd6n,trace_qwen25vl3b_easyr1_answer_nokl_noref_resume150_to400_bsz128_rollout8_val500_20260710T141409Z,1
236,0.3134765625,0.3034819760194917,0.347802734375,1,0.6865234375,344.0283203125,1997,1126.53125,,0,0,ia3kdd6n,run-20260710_141615-ia3kdd6n,trace_qwen25vl3b_easyr1_answer_nokl_noref_resume150_to400_bsz128_rollout8_val500_20260710T141409Z,1
237,0.3720703125,0.3061717147050018,0.4034179687499999,0.9990234375,0.6279296875,326.9228515625,2048,1188.109375,,0,0,ia3kdd6n,run-20260710_141615-ia3kdd6n,trace_qwen25vl3b_easyr1_answer_nokl_noref_resume150_to400_bsz128_rollout8_val500_20260710T141409Z,1
238,0.328125,0.3070326278538253,0.3616699218749999,0.9990234375,0.671875,342.0947265625,1392,1177.625,,0,0,ia3kdd6n,run-20260710_141615-ia3kdd6n,trace_qwen25vl3b_easyr1_answer_nokl_noref_resume150_to400_bsz128_rollout8_val500_20260710T141409Z,1
239,0.3310546875,0.30797466940857726,0.36450195312499994,1,0.6689453125,333.3251953125,1884,1152.4296875,,0,0,ia3kdd6n,run-20260710_141615-ia3kdd6n,trace_qwen25vl3b_easyr1_answer_nokl_noref_resume150_to400_bsz128_rollout8_val500_20260710T141409Z,1
240,0.3505859375,0.3096456995298095,0.38286132812499996,0.99609375,0.6494140625,345.5087890625,2048,1062.9296875,,0,0,ia3kdd6n,run-20260710_141615-ia3kdd6n,trace_qwen25vl3b_easyr1_answer_nokl_noref_resume150_to400_bsz128_rollout8_val500_20260710T141409Z,1
241,0.3095703125,0.30964274317569934,0.34384765624999997,0.9951171875,0.6904296875,351.302734375,2048,1065.7109375,,0,0,ia3kdd6n,run-20260710_141615-ia3kdd6n,trace_qwen25vl3b_easyr1_answer_nokl_noref_resume150_to400_bsz128_rollout8_val500_20260710T141409Z,1
242,0.37890625,0.3123589591295935,0.40991210937499994,0.9990234375,0.62109375,335.736328125,2048,1180.46875,,0,0,ia3kdd6n,run-20260710_141615-ia3kdd6n,trace_qwen25vl3b_easyr1_answer_nokl_noref_resume150_to400_bsz128_rollout8_val500_20260710T141409Z,1
243,0.376953125,0.314892063673531,0.4079589843749999,0.9970703125,0.623046875,356.5830078125,2048,1140.0234375,,0,0,ia3kdd6n,run-20260710_141615-ia3kdd6n,trace_qwen25vl3b_easyr1_answer_nokl_noref_resume150_to400_bsz128_rollout8_val500_20260710T141409Z,1
244,0.36328125,0.3167896788235886,0.39501953124999994,0.998046875,0.63671875,353.7470703125,2048,1120.1328125,,0,0,ia3kdd6n,run-20260710_141615-ia3kdd6n,trace_qwen25vl3b_easyr1_answer_nokl_noref_resume150_to400_bsz128_rollout8_val500_20260710T141409Z,1
245,0.296875,0.3160087110265852,0.33193359374999987,0.998046875,0.703125,348.287109375,2048,1099.09375,,0,0,ia3kdd6n,run-20260710_141615-ia3kdd6n,trace_qwen25vl3b_easyr1_answer_nokl_noref_resume150_to400_bsz128_rollout8_val500_20260710T141409Z,1
246,0.3408203125,0.3169817150059348,0.373681640625,0.998046875,0.6591796875,360.373046875,1476,1162.875,,0,0,ia3kdd6n,run-20260710_141615-ia3kdd6n,trace_qwen25vl3b_easyr1_answer_nokl_noref_resume150_to400_bsz128_rollout8_val500_20260710T141409Z,1
247,0.369140625,0.31902716245668244,0.4006347656249999,0.9990234375,0.630859375,340.3505859375,1715,1179.109375,,0,0,ia3kdd6n,run-20260710_141615-ia3kdd6n,trace_qwen25vl3b_easyr1_answer_nokl_noref_resume150_to400_bsz128_rollout8_val500_20260710T141409Z,1
248,0.3154296875,0.3188860850074008,0.34965820312499996,1,0.6845703125,341.06640625,1391,1100.453125,,0,0,ia3kdd6n,run-20260710_141615-ia3kdd6n,trace_qwen25vl3b_easyr1_answer_nokl_noref_resume150_to400_bsz128_rollout8_val500_20260710T141409Z,1
249,0.3193359375,0.31890372628162034,0.35327148437499994,0.998046875,0.6806640625,335.1201171875,2048,1125.6640625,,0,0,ia3kdd6n,run-20260710_141615-ia3kdd6n,trace_qwen25vl3b_easyr1_answer_nokl_noref_resume150_to400_bsz128_rollout8_val500_20260710T141409Z,1
250,0.3369140625,0.3196100139764587,0.3699707031249999,0.998046875,0.6630859375,340.466796875,1270,1081.25,,0,0,ia3kdd6n,run-20260710_141615-ia3kdd6n,trace_qwen25vl3b_easyr1_answer_nokl_noref_resume150_to400_bsz128_rollout8_val500_20260710T141409Z,1
251,0.3994140625,0.3227395845067937,0.4294433593749999,1,0.6005859375,335.9091796875,1344,1154.375,,0,0,ia3kdd6n,run-20260710_141615-ia3kdd6n,trace_qwen25vl3b_easyr1_answer_nokl_noref_resume150_to400_bsz128_rollout8_val500_20260710T141409Z,1
252,0.2998046875,0.3218401767810371,0.33476562499999996,0.9990234375,0.7001953125,337.1357421875,1194,1058.421875,,0,0,ia3kdd6n,run-20260710_141615-ia3kdd6n,trace_qwen25vl3b_easyr1_answer_nokl_noref_resume150_to400_bsz128_rollout8_val500_20260710T141409Z,1
253,0.294921875,0.3207845571033494,0.33002929687499993,0.9970703125,0.705078125,344.52734375,2048,1097.171875,,0,0,ia3kdd6n,run-20260710_141615-ia3kdd6n,trace_qwen25vl3b_easyr1_answer_nokl_noref_resume150_to400_bsz128_rollout8_val500_20260710T141409Z,1
254,0.4169921875,0.32455740535419847,0.4459472656249999,0.99609375,0.5830078125,379.5234375,2048,1132.5,,0,0,ia3kdd6n,run-20260710_141615-ia3kdd6n,trace_qwen25vl3b_easyr1_answer_nokl_noref_resume150_to400_bsz128_rollout8_val500_20260710T141409Z,1
255,0.33203125,0.3248504973010926,0.36523437499999994,0.99609375,0.66796875,325.599609375,1059,1127.359375,,0,0,ia3kdd6n,run-20260710_141615-ia3kdd6n,trace_qwen25vl3b_easyr1_answer_nokl_noref_resume150_to400_bsz128_rollout8_val500_20260710T141409Z,1
256,0.376953125,0.32689373760301055,0.40795898437499994,0.9970703125,0.623046875,350.369140625,2048,1072.703125,,0,0,ia3kdd6n,run-20260710_141615-ia3kdd6n,trace_qwen25vl3b_easyr1_answer_nokl_noref_resume150_to400_bsz128_rollout8_val500_20260710T141409Z,1
257,0.326171875,0.3268654292656376,0.3597656249999999,0.998046875,0.673828125,341.2919921875,1360,1093.28125,,0,0,ia3kdd6n,run-20260710_141615-ia3kdd6n,trace_qwen25vl3b_easyr1_answer_nokl_noref_resume150_to400_bsz128_rollout8_val500_20260710T141409Z,1
258,0.3310546875,0.3270297139022793,0.36445312499999993,0.9990234375,0.6689453125,332.515625,1509,1087.921875,,0,0,ia3kdd6n,run-20260710_141615-ia3kdd6n,trace_qwen25vl3b_easyr1_answer_nokl_noref_resume150_to400_bsz128_rollout8_val500_20260710T141409Z,1
259,0.3388671875,0.32749392855317033,0.37187499999999996,0.9990234375,0.6611328125,323.052734375,1185,1092.234375,,0,0,ia3kdd6n,run-20260710_141615-ia3kdd6n,trace_qwen25vl3b_easyr1_answer_nokl_noref_resume150_to400_bsz128_rollout8_val500_20260710T141409Z,1
260,0.34375,0.3281314215510852,0.3763671875,0.99609375,0.65625,361.998046875,1347,1129.84375,,0,0,ia3kdd6n,run-20260710_141615-ia3kdd6n,trace_qwen25vl3b_easyr1_answer_nokl_noref_resume150_to400_bsz128_rollout8_val500_20260710T141409Z,1
261,0.3896484375,0.33054385354908183,0.420068359375,0.998046875,0.6103515625,344.833984375,1251,1174.7421875,,0,0,ia3kdd6n,run-20260710_141615-ia3kdd6n,trace_qwen25vl3b_easyr1_answer_nokl_noref_resume150_to400_bsz128_rollout8_val500_20260710T141409Z,1
262,0.3466796875,0.33117663135107867,0.37919921874999996,0.9970703125,0.6533203125,342.5048828125,1114,1083.1875,,0,0,ia3kdd6n,run-20260710_141615-ia3kdd6n,trace_qwen25vl3b_easyr1_answer_nokl_noref_resume150_to400_bsz128_rollout8_val500_20260710T141409Z,1
263,0.3056640625,0.3301761384549579,0.3402343749999999,0.9970703125,0.6943359375,364.3671875,1704,1119.140625,,0,0,ia3kdd6n,run-20260710_141615-ia3kdd6n,trace_qwen25vl3b_easyr1_answer_nokl_noref_resume150_to400_bsz128_rollout8_val500_20260710T141409Z,1
264,0.400390625,0.33292964773123407,0.430322265625,0.9990234375,0.599609375,358.7744140625,1945,1179.125,,0,0,ia3kdd6n,run-20260710_141615-ia3kdd6n,trace_qwen25vl3b_easyr1_answer_nokl_noref_resume150_to400_bsz128_rollout8_val500_20260710T141409Z,1
265,0.3203125,0.3324348576241269,0.35419921874999993,0.998046875,0.6796875,356.05859375,2048,1098.1953125,,0,0,ia3kdd6n,run-20260710_141615-ia3kdd6n,trace_qwen25vl3b_easyr1_answer_nokl_noref_resume150_to400_bsz128_rollout8_val500_20260710T141409Z,1
266,0.3837890625,0.33444874801141605,0.41450195312499993,0.998046875,0.6162109375,370.9599609375,1106,1101.3984375,,0,0,ia3kdd6n,run-20260710_141615-ia3kdd6n,trace_qwen25vl3b_easyr1_answer_nokl_noref_resume150_to400_bsz128_rollout8_val500_20260710T141409Z,1
267,0.32421875,0.3340475716188115,0.35795898437499996,0.9990234375,0.67578125,365.447265625,2048,1112.6484375,,0,0,ia3kdd6n,run-20260710_141615-ia3kdd6n,trace_qwen25vl3b_easyr1_answer_nokl_noref_resume150_to400_bsz128_rollout8_val500_20260710T141409Z,1
268,0.2890625,0.3322834511631719,0.3245605468749999,0.9990234375,0.7109375,357.181640625,1635,1074.5390625,,0,0,ia3kdd6n,run-20260710_141615-ia3kdd6n,trace_qwen25vl3b_easyr1_answer_nokl_noref_resume150_to400_bsz128_rollout8_val500_20260710T141409Z,1
269,0.361328125,0.3334224579803024,0.39326171874999993,1,0.638671875,354.365234375,1320,1150.484375,,0,0,ia3kdd6n,run-20260710_141615-ia3kdd6n,trace_qwen25vl3b_easyr1_answer_nokl_noref_resume150_to400_bsz128_rollout8_val500_20260710T141409Z,1
270,0.337890625,0.333597680216369,0.3707519531249999,0.9951171875,0.662109375,381.7021484375,2048,1159.4140625,,0,0,ia3kdd6n,run-20260710_141615-ia3kdd6n,trace_qwen25vl3b_easyr1_answer_nokl_noref_resume150_to400_bsz128_rollout8_val500_20260710T141409Z,1
271,0.36328125,0.33476174177651136,0.3951171874999999,1,0.63671875,384.677734375,1359,1078.9375,,0,0,ia3kdd6n,run-20260710_141615-ia3kdd6n,trace_qwen25vl3b_easyr1_answer_nokl_noref_resume150_to400_bsz128_rollout8_val500_20260710T141409Z,1
272,0.353515625,0.33549718817743246,0.38579101562499996,0.9990234375,0.646484375,375.62109375,1852,1099.8203125,,0,0,ia3kdd6n,run-20260710_141615-ia3kdd6n,trace_qwen25vl3b_easyr1_answer_nokl_noref_resume150_to400_bsz128_rollout8_val500_20260710T141409Z,1
273,0.3984375,0.3379654356998861,0.42841796874999993,0.998046875,0.6015625,382.5390625,1167,1111.1484375,,0,0,ia3kdd6n,run-20260710_141615-ia3kdd6n,trace_qwen25vl3b_easyr1_answer_nokl_noref_resume150_to400_bsz128_rollout8_val500_20260710T141409Z,1
274,0.3212890625,0.3373114602802827,0.35507812499999997,0.9970703125,0.6787109375,373.8583984375,1206,1145.8984375,,0,0,ia3kdd6n,run-20260710_141615-ia3kdd6n,trace_qwen25vl3b_easyr1_answer_nokl_noref_resume150_to400_bsz128_rollout8_val500_20260710T141409Z,1
275,0.330078125,0.3370278000732128,0.36347656249999993,0.998046875,0.669921875,380.80859375,2048,1157.109375,,0,0,ia3kdd6n,run-20260710_141615-ia3kdd6n,trace_qwen25vl3b_easyr1_answer_nokl_noref_resume150_to400_bsz128_rollout8_val500_20260710T141409Z,1
276,0.37109375,0.33836371967818485,0.4024902343749999,0.9990234375,0.62890625,371.5126953125,1317,1131.96875,,0,0,ia3kdd6n,run-20260710_141615-ia3kdd6n,trace_qwen25vl3b_easyr1_answer_nokl_noref_resume150_to400_bsz128_rollout8_val500_20260710T141409Z,1
277,0.3564453125,0.3390728017496286,0.38857421875,0.9990234375,0.6435546875,372.8203125,1985,1118.984375,,0,0,ia3kdd6n,run-20260710_141615-ia3kdd6n,trace_qwen25vl3b_easyr1_answer_nokl_noref_resume150_to400_bsz128_rollout8_val500_20260710T141409Z,1
278,0.376953125,0.3405583046221922,0.4080566406249999,0.9990234375,0.623046875,378.296875,1559,1138.3828125,,0,0,ia3kdd6n,run-20260710_141615-ia3kdd6n,trace_qwen25vl3b_easyr1_answer_nokl_noref_resume150_to400_bsz128_rollout8_val500_20260710T141409Z,1
279,0.3486328125,0.3408749519899494,0.38110351562499994,0.998046875,0.6513671875,380.7998046875,1725,1125.2734375,,0,0,ia3kdd6n,run-20260710_141615-ia3kdd6n,trace_qwen25vl3b_easyr1_answer_nokl_noref_resume150_to400_bsz128_rollout8_val500_20260710T141409Z,1
280,0.326171875,0.3402983607354416,0.3597656249999999,0.998046875,0.673828125,362.6630859375,2048,1131.1484375,,0,0,ia3kdd6n,run-20260710_141615-ia3kdd6n,trace_qwen25vl3b_easyr1_answer_nokl_noref_resume150_to400_bsz128_rollout8_val500_20260710T141409Z,1
281,0.3564453125,0.3409315745301302,0.3885253906249999,0.998046875,0.6435546875,365.7041015625,1152,1086.1796875,,0,0,ia3kdd6n,run-20260710_141615-ia3kdd6n,trace_qwen25vl3b_easyr1_answer_nokl_noref_resume150_to400_bsz128_rollout8_val500_20260710T141409Z,1
282,0.3349609375,0.3406974319014976,0.36811523437499993,0.998046875,0.6650390625,369.7841796875,1398,1096.1796875,,0,0,ia3kdd6n,run-20260710_141615-ia3kdd6n,trace_qwen25vl3b_easyr1_answer_nokl_noref_resume150_to400_bsz128_rollout8_val500_20260710T141409Z,1
283,0.314453125,0.3396682433955565,0.3487304687499999,1,0.685546875,371.2705078125,1573,1064.3125,,0,0,ia3kdd6n,run-20260710_141615-ia3kdd6n,trace_qwen25vl3b_easyr1_answer_nokl_noref_resume150_to400_bsz128_rollout8_val500_20260710T141409Z,1
284,0.353515625,0.34021127796827977,0.38583984374999997,1,0.646484375,356.67578125,1278,1169.46875,,0,0,ia3kdd6n,run-20260710_141615-ia3kdd6n,trace_qwen25vl3b_easyr1_answer_nokl_noref_resume150_to400_bsz128_rollout8_val500_20260710T141409Z,1
285,0.3662109375,0.3412308724597198,0.3978027343749999,0.998046875,0.6337890625,358.2568359375,1516,1143.21875,,0,0,ia3kdd6n,run-20260710_141615-ia3kdd6n,trace_qwen25vl3b_easyr1_answer_nokl_noref_resume150_to400_bsz128_rollout8_val500_20260710T141409Z,1
286,0.34765625,0.34148284804953466,0.38012695312499994,0.9970703125,0.65234375,371.724609375,2048,1162.9140625,,0,0,ia3kdd6n,run-20260710_141615-ia3kdd6n,trace_qwen25vl3b_easyr1_answer_nokl_noref_resume150_to400_bsz128_rollout8_val500_20260710T141409Z,1
287,0.361328125,0.3422610942044549,0.39311523437499996,0.9970703125,0.638671875,383.1962890625,2048,1094.828125,,0,0,ia3kdd6n,run-20260710_141615-ia3kdd6n,trace_qwen25vl3b_easyr1_answer_nokl_noref_resume150_to400_bsz128_rollout8_val500_20260710T141409Z,1
288,0.3671875,0.3432386003140841,0.39877929687499997,0.9990234375,0.6328125,390.9228515625,1721,1111.203125,,0,0,ia3kdd6n,run-20260710_141615-ia3kdd6n,trace_qwen25vl3b_easyr1_answer_nokl_noref_resume150_to400_bsz128_rollout8_val500_20260710T141409Z,1
289,0.3720703125,0.34436925569392396,0.40336914062499996,0.998046875,0.6279296875,345.830078125,1321,1103.546875,,0,0,ia3kdd6n,run-20260710_141615-ia3kdd6n,trace_qwen25vl3b_easyr1_answer_nokl_noref_resume150_to400_bsz128_rollout8_val500_20260710T141409Z,1
290,0.32421875,0.34357903978435833,0.35795898437499996,0.9990234375,0.67578125,374.982421875,1289,1123.6328125,,0,0,ia3kdd6n,run-20260710_141615-ia3kdd6n,trace_qwen25vl3b_easyr1_answer_nokl_noref_resume150_to400_bsz128_rollout8_val500_20260710T141409Z,1
291,0.380859375,0.3450410137143835,0.411767578125,0.9990234375,0.619140625,381.2529296875,2048,1104.484375,,0,0,ia3kdd6n,run-20260710_141615-ia3kdd6n,trace_qwen25vl3b_easyr1_answer_nokl_noref_resume150_to400_bsz128_rollout8_val500_20260710T141409Z,1
292,0.3232421875,0.3441861577844077,0.357080078125,1,0.6767578125,368.224609375,1310,1186.4140625,,0,0,ia3kdd6n,run-20260710_141615-ia3kdd6n,trace_qwen25vl3b_easyr1_answer_nokl_noref_resume150_to400_bsz128_rollout8_val500_20260710T141409Z,1
293,0.3203125,0.3432499359105094,0.35424804687499994,0.9990234375,0.6796875,350.654296875,1246,1163.4140625,,0,0,ia3kdd6n,run-20260710_141615-ia3kdd6n,trace_qwen25vl3b_easyr1_answer_nokl_noref_resume150_to400_bsz128_rollout8_val500_20260710T141409Z,1
294,0.30859375,0.3418908697963718,0.34306640624999996,0.998046875,0.69140625,368.2353515625,2048,1138.640625,,0,0,ia3kdd6n,run-20260710_141615-ia3kdd6n,trace_qwen25vl3b_easyr1_answer_nokl_noref_resume150_to400_bsz128_rollout8_val500_20260710T141409Z,1
295,0.3642578125,0.3427680048043572,0.39599609374999994,0.9990234375,0.6357421875,357.197265625,2048,1161.9765625,,0,0,ia3kdd6n,run-20260710_141615-ia3kdd6n,trace_qwen25vl3b_easyr1_answer_nokl_noref_resume150_to400_bsz128_rollout8_val500_20260710T141409Z,1
296,0.33984375,0.3426533281453628,0.372705078125,0.9970703125,0.66015625,381.3935546875,2048,1118.296875,,0,0,ia3kdd6n,run-20260710_141615-ia3kdd6n,trace_qwen25vl3b_easyr1_answer_nokl_noref_resume150_to400_bsz128_rollout8_val500_20260710T141409Z,1
297,0.3837890625,0.3442664941984859,0.41459960937499996,1,0.6162109375,383.3134765625,1388,1131.2421875,,0,0,ia3kdd6n,run-20260710_141615-ia3kdd6n,trace_qwen25vl3b_easyr1_answer_nokl_noref_resume150_to400_bsz128_rollout8_val500_20260710T141409Z,1
298,0.3173828125,0.3432122321710943,0.3514648437499999,0.9990234375,0.6826171875,379.8564453125,1349,1129.0859375,,0,0,ia3kdd6n,run-20260710_141615-ia3kdd6n,trace_qwen25vl3b_easyr1_answer_nokl_noref_resume150_to400_bsz128_rollout8_val500_20260710T141409Z,1
299,0.296875,0.34139508581144357,0.331982421875,0.9990234375,0.703125,376.2314453125,1727,1123.859375,,0,0,ia3kdd6n,run-20260710_141615-ia3kdd6n,trace_qwen25vl3b_easyr1_answer_nokl_noref_resume150_to400_bsz128_rollout8_val500_20260710T141409Z,1
300,0.3310546875,0.34098957999530854,0.36445312499999993,0.9990234375,0.6689453125,359.755859375,1585,1091.703125,,0,0,ia3kdd6n,run-20260710_141615-ia3kdd6n,trace_qwen25vl3b_easyr1_answer_nokl_noref_resume150_to400_bsz128_rollout8_val500_20260710T141409Z,1
301,0.29296875,0.33910641019157095,0.32832031249999993,1,0.70703125,392.98046875,1797,1144.3671875,,0,0,tsz4p6iu,run-20260710_190816-tsz4p6iu,trace_qwen25vl3b_easyr1_answer_nokl_noref_resume300_to400_bsz128_rollout8_val500_20260710T190612Z,2
302,0.400390625,0.34150971273307795,0.4300781249999999,0.994140625,0.599609375,389.9326171875,2048,1174.2890625,,0,0,tsz4p6iu,run-20260710_190816-tsz4p6iu,trace_qwen25vl3b_easyr1_answer_nokl_noref_resume300_to400_bsz128_rollout8_val500_20260710T190612Z,2
303,0.40625,0.34404854752785924,0.43579101562499994,0.9970703125,0.59375,362.984375,2048,1151.5859375,,0,0,tsz4p6iu,run-20260710_190816-tsz4p6iu,trace_qwen25vl3b_easyr1_answer_nokl_noref_resume300_to400_bsz128_rollout8_val500_20260710T190612Z,2
304,0.3115234375,0.3427730530169628,0.345849609375,0.998046875,0.6884765625,385.66796875,2048,1132.1484375,,0,0,tsz4p6iu,run-20260710_190816-tsz4p6iu,trace_qwen25vl3b_easyr1_answer_nokl_noref_resume300_to400_bsz128_rollout8_val500_20260710T190612Z,2
305,0.3408203125,0.3426964749574741,0.37373046874999993,0.9990234375,0.6591796875,361.57421875,2048,1161.5703125,,0,0,tsz4p6iu,run-20260710_190816-tsz4p6iu,trace_qwen25vl3b_easyr1_answer_nokl_noref_resume300_to400_bsz128_rollout8_val500_20260710T190612Z,2
306,0.3388671875,0.34254630682188686,0.3718749999999999,0.9990234375,0.6611328125,393.91796875,1586,1187.2734375,,0,0,tsz4p6iu,run-20260710_190816-tsz4p6iu,trace_qwen25vl3b_easyr1_answer_nokl_noref_resume300_to400_bsz128_rollout8_val500_20260710T190612Z,2
307,0.2861328125,0.3403340129269109,0.3216796875,0.9970703125,0.7138671875,391.13671875,2042,1156.140625,,0,0,tsz4p6iu,run-20260710_190816-tsz4p6iu,trace_qwen25vl3b_easyr1_answer_nokl_noref_resume300_to400_bsz128_rollout8_val500_20260710T190612Z,2
308,0.3525390625,0.340812642321934,0.3848632812499999,0.9990234375,0.6474609375,379.3369140625,1490,1124.40625,,0,0,tsz4p6iu,run-20260710_190816-tsz4p6iu,trace_qwen25vl3b_easyr1_answer_nokl_noref_resume300_to400_bsz128_rollout8_val500_20260710T190612Z,2
309,0.34765625,0.3410810190936228,0.38012695312499994,0.9970703125,0.65234375,379.927734375,1433,1135.015625,,0,0,tsz4p6iu,run-20260710_190816-tsz4p6iu,trace_qwen25vl3b_easyr1_answer_nokl_noref_resume300_to400_bsz128_rollout8_val500_20260710T190612Z,2
310,0.419921875,0.34417281736446115,0.44892578124999993,1,0.580078125,393.4140625,1528,1070.9609375,,0,0,tsz4p6iu,run-20260710_190816-tsz4p6iu,trace_qwen25vl3b_easyr1_answer_nokl_noref_resume300_to400_bsz128_rollout8_val500_20260710T190612Z,2
311,0.3447265625,0.3441945328599725,0.37739257812499993,0.998046875,0.6552734375,371.716796875,2048,1173.9375,,0,0,tsz4p6iu,run-20260710_190816-tsz4p6iu,trace_qwen25vl3b_easyr1_answer_nokl_noref_resume300_to400_bsz128_rollout8_val500_20260710T190612Z,2
312,0.322265625,0.34333457568899317,0.356103515625,0.9990234375,0.677734375,367.2001953125,1321,1144.421875,,0,0,tsz4p6iu,run-20260710_190816-tsz4p6iu,trace_qwen25vl3b_easyr1_answer_nokl_noref_resume300_to400_bsz128_rollout8_val500_20260710T190612Z,2
313,0.3642578125,0.3441550947796209,0.39599609374999994,0.9990234375,0.6357421875,396.673828125,1513,1114.46875,,0,0,tsz4p6iu,run-20260710_190816-tsz4p6iu,trace_qwen25vl3b_easyr1_answer_nokl_noref_resume300_to400_bsz128_rollout8_val500_20260710T190612Z,2
314,0.3212890625,0.3432583876314005,0.355126953125,0.998046875,0.6787109375,398.1591796875,1526,1139.5546875,,0,0,tsz4p6iu,run-20260710_190816-tsz4p6iu,trace_qwen25vl3b_easyr1_answer_nokl_noref_resume300_to400_bsz128_rollout8_val500_20260710T190612Z,2
315,0.373046875,0.3444265636066397,0.40434570312499996,0.9990234375,0.626953125,384.1982421875,1235,1135.7109375,,0,0,tsz4p6iu,run-20260710_190816-tsz4p6iu,trace_qwen25vl3b_easyr1_answer_nokl_noref_resume300_to400_bsz128_rollout8_val500_20260710T190612Z,2
316,0.359375,0.3450127767985362,0.39135742187499994,0.9990234375,0.640625,385.12890625,2048,1141.0390625,,0,0,tsz4p6iu,run-20260710_190816-tsz4p6iu,trace_qwen25vl3b_easyr1_answer_nokl_noref_resume300_to400_bsz128_rollout8_val500_20260710T190612Z,2
317,0.33984375,0.34481006986526025,0.3728027343749999,0.9990234375,0.66015625,378.5810546875,2048,1122.5546875,,0,0,tsz4p6iu,run-20260710_190816-tsz4p6iu,trace_qwen25vl3b_easyr1_answer_nokl_noref_resume300_to400_bsz128_rollout8_val500_20260710T190612Z,2
318,0.34375,0.3447684984979952,0.37651367187499996,0.9990234375,0.65625,356.8994140625,1253,1141.78125,,0,0,tsz4p6iu,run-20260710_190816-tsz4p6iu,trace_qwen25vl3b_easyr1_answer_nokl_noref_resume300_to400_bsz128_rollout8_val500_20260710T190612Z,2
319,0.388671875,0.3464901995372895,0.41923828124999996,1,0.611328125,380.63671875,1235,1115.2890625,,0,0,tsz4p6iu,run-20260710_190816-tsz4p6iu,trace_qwen25vl3b_easyr1_answer_nokl_noref_resume300_to400_bsz128_rollout8_val500_20260710T190612Z,2
320,0.3857421875,0.348029493182886,0.41645507812499993,1,0.6142578125,397.3603515625,1861,1083.140625,,0,0,tsz4p6iu,run-20260710_190816-tsz4p6iu,trace_qwen25vl3b_easyr1_answer_nokl_noref_resume300_to400_bsz128_rollout8_val500_20260710T190612Z,2
321,0.27734375,0.3452575032541454,0.31347656249999994,1,0.72265625,396.8486328125,1439,1165.0546875,,0,0,tsz4p6iu,run-20260710_190816-tsz4p6iu,trace_qwen25vl3b_easyr1_answer_nokl_noref_resume300_to400_bsz128_rollout8_val500_20260710T190612Z,2
322,0.4248046875,0.3483770006755515,0.45341796874999996,0.9970703125,0.5751953125,408.068359375,1580,1100.6171875,,0,0,tsz4p6iu,run-20260710_190816-tsz4p6iu,trace_qwen25vl3b_easyr1_answer_nokl_noref_resume300_to400_bsz128_rollout8_val500_20260710T190612Z,2
323,0.3798828125,0.3496125227078828,0.41083984374999993,0.9990234375,0.6201171875,394.0380859375,1457,1168.6875,,0,0,tsz4p6iu,run-20260710_190816-tsz4p6iu,trace_qwen25vl3b_easyr1_answer_nokl_noref_resume300_to400_bsz128_rollout8_val500_20260710T190612Z,2
324,0.3701171875,0.3504166272095345,0.401513671875,0.998046875,0.6298828125,381.451171875,1818,1155.4375,,0,0,tsz4p6iu,run-20260710_190816-tsz4p6iu,trace_qwen25vl3b_easyr1_answer_nokl_noref_resume300_to400_bsz128_rollout8_val500_20260710T190612Z,2
325,0.3828125,0.3516870535934743,0.4136718749999999,1,0.6171875,386.7353515625,1045,1106.40625,,0,0,tsz4p6iu,run-20260710_190816-tsz4p6iu,trace_qwen25vl3b_easyr1_answer_nokl_noref_resume300_to400_bsz128_rollout8_val500_20260710T190612Z,2
326,0.3623046875,0.35210343139373024,0.3940429687499999,0.9970703125,0.6376953125,422.869140625,2048,1111.5,,0,0,tsz4p6iu,run-20260710_190816-tsz4p6iu,trace_qwen25vl3b_easyr1_answer_nokl_noref_resume300_to400_bsz128_rollout8_val500_20260710T190612Z,2
327,0.357421875,0.35231199780966244,0.3895507812499999,1,0.642578125,394.3583984375,1177,1177.7734375,,0,0,tsz4p6iu,run-20260710_190816-tsz4p6iu,trace_qwen25vl3b_easyr1_answer_nokl_noref_resume300_to400_bsz128_rollout8_val500_20260710T190612Z,2
328,0.2998046875,0.3502528876014404,0.33466796874999993,0.9970703125,0.7001953125,395.4951171875,1730,1134.6953125,,0,0,tsz4p6iu,run-20260710_190816-tsz4p6iu,trace_qwen25vl3b_easyr1_answer_nokl_noref_resume300_to400_bsz128_rollout8_val500_20260710T190612Z,2
329,0.3427734375,0.34995957583275644,0.3756347656249999,1,0.6572265625,391.1201171875,1168,1115.1171875,,0,0,tsz4p6iu,run-20260710_190816-tsz4p6iu,trace_qwen25vl3b_easyr1_answer_nokl_noref_resume300_to400_bsz128_rollout8_val500_20260710T190612Z,2
330,0.357421875,0.35025221501578563,0.38945312499999996,0.998046875,0.642578125,378.1884765625,1121,1132.6484375,,0,0,tsz4p6iu,run-20260710_190816-tsz4p6iu,trace_qwen25vl3b_easyr1_answer_nokl_noref_resume300_to400_bsz128_rollout8_val500_20260710T190612Z,2
331,0.35546875,0.3504567850151666,0.38769531249999994,1,0.64453125,388.6533203125,1372,1116.2421875,,0,0,tsz4p6iu,run-20260710_190816-tsz4p6iu,trace_qwen25vl3b_easyr1_answer_nokl_noref_resume300_to400_bsz128_rollout8_val500_20260710T190612Z,2
332,0.3330078125,0.3497725115831993,0.36621093749999994,0.9970703125,0.6669921875,392.2587890625,1222,1137.8671875,,0,0,tsz4p6iu,run-20260710_190816-tsz4p6iu,trace_qwen25vl3b_easyr1_answer_nokl_noref_resume300_to400_bsz128_rollout8_val500_20260710T190612Z,2
333,0.3779296875,0.35087671456032876,0.40898437499999996,0.9990234375,0.6220703125,395.2783203125,1406,1134.078125,,0,0,tsz4p6iu,run-20260710_190816-tsz4p6iu,trace_qwen25vl3b_easyr1_answer_nokl_noref_resume300_to400_bsz128_rollout8_val500_20260710T190612Z,2
334,0.369140625,0.35159294634227667,0.4006347656249999,0.9990234375,0.630859375,406.109375,1929,1056.1015625,,0,0,tsz4p6iu,run-20260710_190816-tsz4p6iu,trace_qwen25vl3b_easyr1_answer_nokl_noref_resume300_to400_bsz128_rollout8_val500_20260710T190612Z,2
335,0.33984375,0.35113219354454034,0.3728027343749999,0.9990234375,0.66015625,396.740234375,2048,1143.25,,0,0,tsz4p6iu,run-20260710_190816-tsz4p6iu,trace_qwen25vl3b_easyr1_answer_nokl_noref_resume300_to400_bsz128_rollout8_val500_20260710T190612Z,2
336,0.36328125,0.3516086271310289,0.39506835937499996,0.9990234375,0.63671875,402.234375,1570,1137.9296875,,0,0,tsz4p6iu,run-20260710_190816-tsz4p6iu,trace_qwen25vl3b_easyr1_answer_nokl_noref_resume300_to400_bsz128_rollout8_val500_20260710T190612Z,2
337,0.3603515625,0.35195148734157683,0.392236328125,0.998046875,0.6396484375,397.7451171875,2048,1115.125,,0,0,tsz4p6iu,run-20260710_190816-tsz4p6iu,trace_qwen25vl3b_easyr1_answer_nokl_noref_resume300_to400_bsz128_rollout8_val500_20260710T190612Z,2
338,0.359375,0.35224260548504444,0.39135742187499994,0.9990234375,0.640625,391.83984375,1141,1122.6640625,,0,0,tsz4p6iu,run-20260710_190816-tsz4p6iu,trace_qwen25vl3b_easyr1_answer_nokl_noref_resume300_to400_bsz128_rollout8_val500_20260710T190612Z,2
339,0.357421875,0.3524457140934741,0.3895019531249999,0.9990234375,0.642578125,402.123046875,1945,1116.3203125,,0,0,tsz4p6iu,run-20260710_190816-tsz4p6iu,trace_qwen25vl3b_easyr1_answer_nokl_noref_resume300_to400_bsz128_rollout8_val500_20260710T190612Z,2
340,0.369140625,0.3531004164819653,0.40058593749999993,0.998046875,0.630859375,416.84765625,1505,1127.59375,,0,0,tsz4p6iu,run-20260710_190816-tsz4p6iu,trace_qwen25vl3b_easyr1_answer_nokl_noref_resume300_to400_bsz128_rollout8_val500_20260710T190612Z,2
341,0.36328125,0.35349966485522155,0.39506835937499996,0.9990234375,0.63671875,405.056640625,1362,1128.1328125,,0,0,tsz4p6iu,run-20260710_190816-tsz4p6iu,trace_qwen25vl3b_easyr1_answer_nokl_noref_resume300_to400_bsz128_rollout8_val500_20260710T190612Z,2
342,0.3134765625,0.35193013142952656,0.3478027343749999,1,0.6865234375,408.7880859375,1751,1165.3203125,,0,0,tsz4p6iu,run-20260710_190816-tsz4p6iu,trace_qwen25vl3b_easyr1_answer_nokl_noref_resume300_to400_bsz128_rollout8_val500_20260710T190612Z,2
343,0.3701171875,0.3526433493146432,0.40156249999999993,0.9990234375,0.6298828125,403.9365234375,1451,1143.796875,,0,0,tsz4p6iu,run-20260710_190816-tsz4p6iu,trace_qwen25vl3b_easyr1_answer_nokl_noref_resume300_to400_bsz128_rollout8_val500_20260710T190612Z,2
344,0.3212890625,0.35141376943955915,0.35522460937499994,1,0.6787109375,427.3876953125,1525,1109.7421875,,0,0,tsz4p6iu,run-20260710_190816-tsz4p6iu,trace_qwen25vl3b_easyr1_answer_nokl_noref_resume300_to400_bsz128_rollout8_val500_20260710T190612Z,2
345,0.38671875,0.35279827848114503,0.41728515624999996,0.998046875,0.61328125,375.95703125,1004,1075,,0,0,tsz4p6iu,run-20260710_190816-tsz4p6iu,trace_qwen25vl3b_easyr1_answer_nokl_noref_resume300_to400_bsz128_rollout8_val500_20260710T190612Z,2
346,0.3603515625,0.35309448569757074,0.392236328125,0.998046875,0.6396484375,411.23828125,1284,1117.6796875,,0,0,tsz4p6iu,run-20260710_190816-tsz4p6iu,trace_qwen25vl3b_easyr1_answer_nokl_noref_resume300_to400_bsz128_rollout8_val500_20260710T190612Z,2
347,0.373046875,0.3538769323368817,0.40434570312499996,0.9990234375,0.626953125,424.267578125,1575,1123.1875,,0,0,tsz4p6iu,run-20260710_190816-tsz4p6iu,trace_qwen25vl3b_easyr1_answer_nokl_noref_resume300_to400_bsz128_rollout8_val500_20260710T190612Z,2
348,0.330078125,0.3529436457746511,0.363427734375,0.9970703125,0.669921875,411.943359375,2045,1143.015625,,0,0,tsz4p6iu,run-20260710_190816-tsz4p6iu,trace_qwen25vl3b_easyr1_answer_nokl_noref_resume300_to400_bsz128_rollout8_val500_20260710T190612Z,2
349,0.33203125,0.352123551822704,0.365380859375,0.9990234375,0.66796875,428.546875,2048,1107.7890625,,0,0,tsz4p6iu,run-20260710_190816-tsz4p6iu,trace_qwen25vl3b_easyr1_answer_nokl_noref_resume300_to400_bsz128_rollout8_val500_20260710T190612Z,2
350,0.3916015625,0.3536717091041666,0.4219726562499999,0.9990234375,0.6083984375,439.74609375,2048,1153.1640625,,0,0,tsz4p6iu,run-20260710_190816-tsz4p6iu,trace_qwen25vl3b_easyr1_answer_nokl_noref_resume300_to400_bsz128_rollout8_val500_20260710T190612Z,2
351,0.4189453125,0.3562314582569444,0.4478515624999999,0.9970703125,0.5810546875,436.6015625,1582,1107.5,,0,0,tsz4p6iu,run-20260710_190816-tsz4p6iu,trace_qwen25vl3b_easyr1_answer_nokl_noref_resume300_to400_bsz128_rollout8_val500_20260710T190612Z,2
352,0.3935546875,0.35769511430569173,0.42377929687499993,0.998046875,0.6064453125,406.9033203125,1182,1154.46875,,0,0,tsz4p6iu,run-20260710_190816-tsz4p6iu,trace_qwen25vl3b_easyr1_answer_nokl_noref_resume300_to400_bsz128_rollout8_val500_20260710T190612Z,2
353,0.4169921875,0.3600204897250764,0.44599609374999993,0.9970703125,0.5830078125,423.6474609375,2048,1164.8515625,,0,0,tsz4p6iu,run-20260710_190816-tsz4p6iu,trace_qwen25vl3b_easyr1_answer_nokl_noref_resume300_to400_bsz128_rollout8_val500_20260710T190612Z,2
354,0.373046875,0.3605313283633087,0.40434570312499996,0.9990234375,0.626953125,415.8505859375,1788,1142.09375,,0,0,tsz4p6iu,run-20260710_190816-tsz4p6iu,trace_qwen25vl3b_easyr1_answer_nokl_noref_resume300_to400_bsz128_rollout8_val500_20260710T190612Z,2
355,0.38671875,0.3615582860745515,0.4173339843749999,0.9990234375,0.61328125,421.7099609375,2048,1121.4765625,,0,0,tsz4p6iu,run-20260710_190816-tsz4p6iu,trace_qwen25vl3b_easyr1_answer_nokl_noref_resume300_to400_bsz128_rollout8_val500_20260710T190612Z,2
356,0.322265625,0.36001739740496125,0.35600585937499996,0.9970703125,0.677734375,475.7109375,2048,1136.3671875,,0,0,tsz4p6iu,run-20260710_190816-tsz4p6iu,trace_qwen25vl3b_easyr1_answer_nokl_noref_resume300_to400_bsz128_rollout8_val500_20260710T190612Z,2
357,0.41796875,0.36228999946751184,0.44707031249999996,1,0.58203125,416.166015625,1804,1080.828125,,0,0,tsz4p6iu,run-20260710_190816-tsz4p6iu,trace_qwen25vl3b_easyr1_answer_nokl_noref_resume300_to400_bsz128_rollout8_val500_20260710T190612Z,2
358,0.353515625,0.3619459063511388,0.38583984374999997,1,0.646484375,441.5849609375,1856,1126.7734375,,0,0,tsz4p6iu,run-20260710_190816-tsz4p6iu,trace_qwen25vl3b_easyr1_answer_nokl_noref_resume300_to400_bsz128_rollout8_val500_20260710T190612Z,2
359,0.3662109375,0.36211316247462355,0.39790039062499993,1,0.6337890625,409.5322265625,1278,1146.4921875,,0,0,tsz4p6iu,run-20260710_190816-tsz4p6iu,trace_qwen25vl3b_easyr1_answer_nokl_noref_resume300_to400_bsz128_rollout8_val500_20260710T190612Z,2
360,0.40234375,0.363690832573658,0.43212890624999994,0.998046875,0.59765625,421.37109375,1471,1103.4765625,,0,0,tsz4p6iu,run-20260710_190816-tsz4p6iu,trace_qwen25vl3b_easyr1_answer_nokl_noref_resume300_to400_bsz128_rollout8_val500_20260710T190612Z,2
361,0.359375,0.36352158423743614,0.39116210937499996,0.9951171875,0.640625,452.3115234375,2048,1129.4765625,,0,0,tsz4p6iu,run-20260710_190816-tsz4p6iu,trace_qwen25vl3b_easyr1_answer_nokl_noref_resume300_to400_bsz128_rollout8_val500_20260710T190612Z,2
362,0.3046875,0.36121436524773276,0.3393554687499999,0.998046875,0.6953125,413.0498046875,2048,1156.0078125,,0,0,tsz4p6iu,run-20260710_190816-tsz4p6iu,trace_qwen25vl3b_easyr1_answer_nokl_noref_resume300_to400_bsz128_rollout8_val500_20260710T190612Z,2
363,0.365234375,0.36137201268899816,0.39692382812499993,0.9990234375,0.634765625,420.248046875,2048,1140.109375,,0,0,tsz4p6iu,run-20260710_190816-tsz4p6iu,trace_qwen25vl3b_easyr1_answer_nokl_noref_resume300_to400_bsz128_rollout8_val500_20260710T190612Z,2
364,0.3671875,0.3616000710149198,0.39877929687499997,0.9990234375,0.6328125,400.6484375,1719,1136.328125,,0,0,tsz4p6iu,run-20260710_190816-tsz4p6iu,trace_qwen25vl3b_easyr1_answer_nokl_noref_resume300_to400_bsz128_rollout8_val500_20260710T190612Z,2
365,0.3662109375,0.36178088930845237,0.39790039062499993,1,0.6337890625,389.70703125,1534,1220.1640625,,0,0,tsz4p6iu,run-20260710_190816-tsz4p6iu,trace_qwen25vl3b_easyr1_answer_nokl_noref_resume300_to400_bsz128_rollout8_val500_20260710T190612Z,2
366,0.376953125,0.362375878943415,0.4081054687499999,1,0.623046875,413.052734375,1695,1142.2578125,,0,0,tsz4p6iu,run-20260710_190816-tsz4p6iu,trace_qwen25vl3b_easyr1_answer_nokl_noref_resume300_to400_bsz128_rollout8_val500_20260710T190612Z,2
367,0.34765625,0.36179863859269284,0.38022460937499997,0.9990234375,0.65234375,385.8232421875,1247,1140.7421875,,0,0,tsz4p6iu,run-20260710_190816-tsz4p6iu,trace_qwen25vl3b_easyr1_answer_nokl_noref_resume300_to400_bsz128_rollout8_val500_20260710T190612Z,2
368,0.33203125,0.3606312900204304,0.36542968749999993,1,0.66796875,398.2255859375,1434,1055.3828125,,0,0,tsz4p6iu,run-20260710_190816-tsz4p6iu,trace_qwen25vl3b_easyr1_answer_nokl_noref_resume300_to400_bsz128_rollout8_val500_20260710T190612Z,2
369,0.42578125,0.36318619041178607,0.4544921875,1,0.57421875,401.3486328125,1987,1140.640625,,0,0,tsz4p6iu,run-20260710_190816-tsz4p6iu,trace_qwen25vl3b_easyr1_answer_nokl_noref_resume300_to400_bsz128_rollout8_val500_20260710T190612Z,2
370,0.4296875,0.3657940849054415,0.4581542968749999,0.9990234375,0.5703125,384.451171875,1301,1191.296875,,0,0,tsz4p6iu,run-20260710_190816-tsz4p6iu,trace_qwen25vl3b_easyr1_answer_nokl_noref_resume300_to400_bsz128_rollout8_val500_20260710T190612Z,2
371,0.3974609375,0.36703592226209086,0.42744140624999993,0.9970703125,0.6025390625,404.2041015625,2048,1097.8984375,,0,0,tsz4p6iu,run-20260710_190816-tsz4p6iu,trace_qwen25vl3b_easyr1_answer_nokl_noref_resume300_to400_bsz128_rollout8_val500_20260710T190612Z,2
372,0.3876953125,0.36784609442828337,0.4182128906249999,0.998046875,0.6123046875,416.236328125,1246,1115.0703125,,0,0,tsz4p6iu,run-20260710_190816-tsz4p6iu,trace_qwen25vl3b_easyr1_answer_nokl_noref_resume300_to400_bsz128_rollout8_val500_20260710T190612Z,2
373,0.37890625,0.36827982601933107,0.40996093749999996,1,0.62109375,394.556640625,1521,1114.609375,,0,0,tsz4p6iu,run-20260710_190816-tsz4p6iu,trace_qwen25vl3b_easyr1_answer_nokl_noref_resume300_to400_bsz128_rollout8_val500_20260710T190612Z,2
374,0.3662109375,0.36819869313622006,0.39775390624999996,0.9970703125,0.6337890625,383.369140625,1494,1138.96875,,0,0,tsz4p6iu,run-20260710_190816-tsz4p6iu,trace_qwen25vl3b_easyr1_answer_nokl_noref_resume300_to400_bsz128_rollout8_val500_20260710T190612Z,2
375,0.35546875,0.3676994796798977,0.38749999999999996,0.99609375,0.64453125,364.8857421875,2048,1089.453125,,0,0,tsz4p6iu,run-20260710_190816-tsz4p6iu,trace_qwen25vl3b_easyr1_answer_nokl_noref_resume300_to400_bsz128_rollout8_val500_20260710T190612Z,2
376,0.416015625,0.36959423047676443,0.44521484375,1,0.583984375,391.794921875,1873,1090.625,,0,0,tsz4p6iu,run-20260710_190816-tsz4p6iu,trace_qwen25vl3b_easyr1_answer_nokl_noref_resume300_to400_bsz128_rollout8_val500_20260710T190612Z,2
377,0.3837890625,0.37015089055610706,0.41440429687499997,0.99609375,0.6162109375,376.2509765625,1253,1130.890625,,0,0,tsz4p6iu,run-20260710_190816-tsz4p6iu,trace_qwen25vl3b_easyr1_answer_nokl_noref_resume300_to400_bsz128_rollout8_val500_20260710T190612Z,2
378,0.3828125,0.37064742425978914,0.41362304687499996,0.9990234375,0.6171875,373.68359375,1646,1080.765625,,0,0,tsz4p6iu,run-20260710_190816-tsz4p6iu,trace_qwen25vl3b_easyr1_answer_nokl_noref_resume300_to400_bsz128_rollout8_val500_20260710T190612Z,2
379,0.3583984375,0.3701670718378366,0.39033203124999993,0.9970703125,0.6416015625,369.494140625,2048,1105.5625,,0,0,tsz4p6iu,run-20260710_190816-tsz4p6iu,trace_qwen25vl3b_easyr1_answer_nokl_noref_resume300_to400_bsz128_rollout8_val500_20260710T190612Z,2
380,0.380859375,0.37058637784419596,0.4117187499999999,0.998046875,0.619140625,402.7998046875,1408,1072.734375,,0,0,tsz4p6iu,run-20260710_190816-tsz4p6iu,trace_qwen25vl3b_easyr1_answer_nokl_noref_resume300_to400_bsz128_rollout8_val500_20260710T190612Z,2
381,0.36328125,0.3702999022424628,0.39506835937499996,0.9990234375,0.63671875,382.7626953125,1622,1099.9765625,,0,0,tsz4p6iu,run-20260710_190816-tsz4p6iu,trace_qwen25vl3b_easyr1_answer_nokl_noref_resume300_to400_bsz128_rollout8_val500_20260710T190612Z,2
382,0.373046875,0.370407626664327,0.4043945312499999,1,0.626953125,371.1240234375,1302,1096.96875,,0,0,tsz4p6iu,run-20260710_190816-tsz4p6iu,trace_qwen25vl3b_easyr1_answer_nokl_noref_resume300_to400_bsz128_rollout8_val500_20260710T190612Z,2
383,0.419921875,0.37234936189317697,0.44877929687499996,0.9970703125,0.580078125,393.02734375,1062,1085.734375,,0,0,tsz4p6iu,run-20260710_190816-tsz4p6iu,trace_qwen25vl3b_easyr1_answer_nokl_noref_resume300_to400_bsz128_rollout8_val500_20260710T190612Z,2
384,0.3447265625,0.3712661148581504,0.37749023437499996,1,0.6552734375,370.6318359375,1352,1165.1875,,0,0,tsz4p6iu,run-20260710_190816-tsz4p6iu,trace_qwen25vl3b_easyr1_answer_nokl_noref_resume300_to400_bsz128_rollout8_val500_20260710T190612Z,2
385,0.3701171875,0.371221058883321,0.40156249999999993,0.9990234375,0.6298828125,380.3505859375,1179,1124.6953125,,0,0,tsz4p6iu,run-20260710_190816-tsz4p6iu,trace_qwen25vl3b_easyr1_answer_nokl_noref_resume300_to400_bsz128_rollout8_val500_20260710T190612Z,2
386,0.359375,0.37075650755456335,0.39140624999999996,1,0.640625,385.1474609375,1659,1102.453125,,0,0,tsz4p6iu,run-20260710_190816-tsz4p6iu,trace_qwen25vl3b_easyr1_answer_nokl_noref_resume300_to400_bsz128_rollout8_val500_20260710T190612Z,2
387,0.39453125,0.3716888503955609,0.42475585937499993,0.9990234375,0.60546875,386.5380859375,1454,1152.6015625,,0,0,tsz4p6iu,run-20260710_190816-tsz4p6iu,trace_qwen25vl3b_easyr1_answer_nokl_noref_resume300_to400_bsz128_rollout8_val500_20260710T190612Z,2
388,0.353515625,0.37097617488985263,0.3858398437499999,1,0.646484375,375.939453125,1633,1209.3046875,,0,0,tsz4p6iu,run-20260710_190816-tsz4p6iu,trace_qwen25vl3b_easyr1_answer_nokl_noref_resume300_to400_bsz128_rollout8_val500_20260710T190612Z,2
389,0.390625,0.3717467170510349,0.421044921875,0.9990234375,0.609375,369.56640625,1454,1140.25,,0,0,tsz4p6iu,run-20260710_190816-tsz4p6iu,trace_qwen25vl3b_easyr1_answer_nokl_noref_resume300_to400_bsz128_rollout8_val500_20260710T190612Z,2
390,0.37109375,0.37172111050001394,0.40253906249999993,1,0.62890625,385.2431640625,1182,1093.75,,0,0,tsz4p6iu,run-20260710_190816-tsz4p6iu,trace_qwen25vl3b_easyr1_answer_nokl_noref_resume300_to400_bsz128_rollout8_val500_20260710T190612Z,2
391,0.34765625,0.37077739048040553,0.38022460937499997,0.9990234375,0.65234375,389.7412109375,1381,1015.796875,,0,0,tsz4p6iu,run-20260710_190816-tsz4p6iu,trace_qwen25vl3b_easyr1_answer_nokl_noref_resume300_to400_bsz128_rollout8_val500_20260710T190612Z,2
392,0.3828125,0.3712493555596053,0.41367187499999997,1,0.6171875,370.8271484375,1220,1127.984375,,0,0,tsz4p6iu,run-20260710_190816-tsz4p6iu,trace_qwen25vl3b_easyr1_answer_nokl_noref_resume300_to400_bsz128_rollout8_val500_20260710T190612Z,2
393,0.3779296875,0.3715113293611894,0.40898437499999996,0.9990234375,0.6220703125,392.6767578125,1295,1131.2890625,,0,0,tsz4p6iu,run-20260710_190816-tsz4p6iu,trace_qwen25vl3b_easyr1_answer_nokl_noref_resume300_to400_bsz128_rollout8_val500_20260710T190612Z,2
394,0.4521484375,0.37467356889604475,0.47944335937499993,0.998046875,0.5478515625,401.1318359375,1460,1161.3203125,,0,0,tsz4p6iu,run-20260710_190816-tsz4p6iu,trace_qwen25vl3b_easyr1_answer_nokl_noref_resume300_to400_bsz128_rollout8_val500_20260710T190612Z,2
395,0.3720703125,0.3745714804099254,0.403466796875,1,0.6279296875,363.9130859375,1038,1080.140625,,0,0,tsz4p6iu,run-20260710_190816-tsz4p6iu,trace_qwen25vl3b_easyr1_answer_nokl_noref_resume300_to400_bsz128_rollout8_val500_20260710T190612Z,2
396,0.3828125,0.37489465764875185,0.41362304687499996,0.9990234375,0.6171875,373.5341796875,1962,1113.3515625,,0,0,tsz4p6iu,run-20260710_190816-tsz4p6iu,trace_qwen25vl3b_easyr1_answer_nokl_noref_resume300_to400_bsz128_rollout8_val500_20260710T190612Z,2
397,0.328125,0.3730605534272322,0.3617187499999999,1,0.671875,367.8818359375,1223,1165.765625,,0,0,tsz4p6iu,run-20260710_190816-tsz4p6iu,trace_qwen25vl3b_easyr1_answer_nokl_noref_resume300_to400_bsz128_rollout8_val500_20260710T190612Z,2
398,0.3662109375,0.372791941037929,0.39790039062499993,1,0.6337890625,393.248046875,1098,1039.6953125,,0,0,tsz4p6iu,run-20260710_190816-tsz4p6iu,trace_qwen25vl3b_easyr1_answer_nokl_noref_resume300_to400_bsz128_rollout8_val500_20260710T190612Z,2
399,0.3876953125,0.37337638697761805,0.41831054687499997,1,0.6123046875,368.6591796875,1207,1196.4921875,,0,0,tsz4p6iu,run-20260710_190816-tsz4p6iu,trace_qwen25vl3b_easyr1_answer_nokl_noref_resume300_to400_bsz128_rollout8_val500_20260710T190612Z,2
400,0.40625,0.37466554827261345,0.43574218749999993,0.99609375,0.59375,390.580078125,2048,1139.515625,,0,0,tsz4p6iu,run-20260710_190816-tsz4p6iu,trace_qwen25vl3b_easyr1_answer_nokl_noref_resume300_to400_bsz128_rollout8_val500_20260710T190612Z,2
401,0.3486328125,0.37364465667368746,0.3812011718749999,1,0.6513671875,396.5791015625,1499,1091.6015625,,0,0,eqq46wiq,run-20260710_221325-eqq46wiq,trace_qwen25vl3b_easyr1_answer_nokl_noref_resume400_to500_bsz128_rollout8_val500_20260710T221119Z,3
402,0.37109375,0.3735446211178566,0.40253906249999993,1,0.62890625,392.6533203125,1330,1148.6953125,,0,0,eqq46wiq,run-20260710_221325-eqq46wiq,trace_qwen25vl3b_easyr1_answer_nokl_noref_resume400_to500_bsz128_rollout8_val500_20260710T221119Z,3
403,0.390625,0.3742144398975485,0.421044921875,0.9990234375,0.609375,387.7529296875,1391,1138.578125,,0,0,eqq46wiq,run-20260710_221325-eqq46wiq,trace_qwen25vl3b_easyr1_answer_nokl_noref_resume400_to500_bsz128_rollout8_val500_20260710T221119Z,3
404,0.4111328125,0.3756622192152917,0.44052734374999997,0.9990234375,0.5888671875,398.166015625,1292,1030.203125,,0,0,eqq46wiq,run-20260710_221325-eqq46wiq,trace_qwen25vl3b_easyr1_answer_nokl_noref_resume400_to500_bsz128_rollout8_val500_20260710T221119Z,3
405,0.39453125,0.3764021812068489,0.42475585937499993,0.9990234375,0.60546875,412.3662109375,2048,1105.4453125,,0,0,eqq46wiq,run-20260710_221325-eqq46wiq,trace_qwen25vl3b_easyr1_answer_nokl_noref_resume400_to500_bsz128_rollout8_val500_20260710T221119Z,3
406,0.3701171875,0.37615571086540384,0.401513671875,0.998046875,0.6298828125,377.796875,1243,1080.5546875,,0,0,eqq46wiq,run-20260710_221325-eqq46wiq,trace_qwen25vl3b_easyr1_answer_nokl_noref_resume400_to500_bsz128_rollout8_val500_20260710T221119Z,3
407,0.328125,0.3742721535765645,0.3616699218749999,0.9990234375,0.671875,409.955078125,1563,1157.4609375,,0,0,eqq46wiq,run-20260710_221325-eqq46wiq,trace_qwen25vl3b_easyr1_answer_nokl_noref_resume400_to500_bsz128_rollout8_val500_20260710T221119Z,3
408,0.3798828125,0.37449217941669927,0.4108886718749999,1,0.6201171875,437.048828125,1448,1111.921875,,0,0,eqq46wiq,run-20260710_221325-eqq46wiq,trace_qwen25vl3b_easyr1_answer_nokl_noref_resume400_to500_bsz128_rollout8_val500_20260710T221119Z,3
409,0.3720703125,0.3743972042434954,0.403466796875,1,0.6279296875,401.75390625,1418,1093.3125,,0,0,eqq46wiq,run-20260710_221325-eqq46wiq,trace_qwen25vl3b_easyr1_answer_nokl_noref_resume400_to500_bsz128_rollout8_val500_20260710T221119Z,3
410,0.4150390625,0.3759910026064956,0.44423828125,0.9990234375,0.5849609375,417.0908203125,1164,1127.7265625,,0,0,eqq46wiq,run-20260710_221325-eqq46wiq,trace_qwen25vl3b_easyr1_answer_nokl_noref_resume400_to500_bsz128_rollout8_val500_20260710T221119Z,3
411,0.3798828125,0.3761436226023193,0.4107421874999999,0.9970703125,0.6201171875,401.60546875,1555,1078.109375,,0,0,eqq46wiq,run-20260710_221325-eqq46wiq,trace_qwen25vl3b_easyr1_answer_nokl_noref_resume400_to500_bsz128_rollout8_val500_20260710T221119Z,3
412,0.3740234375,0.37606047808850285,0.40532226562499996,1,0.6259765625,409.7509765625,1078,1124.6171875,,0,0,eqq46wiq,run-20260710_221325-eqq46wiq,trace_qwen25vl3b_easyr1_answer_nokl_noref_resume400_to500_bsz128_rollout8_val500_20260710T221119Z,3
413,0.3330078125,0.37437213826150273,0.36616210937499993,0.99609375,0.6669921875,419.7353515625,1844,1092.7265625,,0,0,eqq46wiq,run-20260710_221325-eqq46wiq,trace_qwen25vl3b_easyr1_answer_nokl_noref_resume400_to500_bsz128_rollout8_val500_20260710T221119Z,3
414,0.4033203125,0.3755073607806595,0.43315429687499996,1,0.5966796875,412.2744140625,1278,1165.515625,,0,0,eqq46wiq,run-20260710_221325-eqq46wiq,trace_qwen25vl3b_easyr1_answer_nokl_noref_resume400_to500_bsz128_rollout8_val500_20260710T221119Z,3
415,0.330078125,0.3737258221225944,0.36357421874999996,1,0.669921875,426.404296875,1540,1125.359375,,0,0,eqq46wiq,run-20260710_221325-eqq46wiq,trace_qwen25vl3b_easyr1_answer_nokl_noref_resume400_to500_bsz128_rollout8_val500_20260710T221119Z,3
416,0.3916015625,0.3744268315491594,0.4219726562499999,0.9990234375,0.6083984375,402.4501953125,1188,1078.5078125,,0,0,eqq46wiq,run-20260710_221325-eqq46wiq,trace_qwen25vl3b_easyr1_answer_nokl_noref_resume400_to500_bsz128_rollout8_val500_20260710T221119Z,3
417,0.3818359375,0.37471738472370214,0.4127441406249999,1,0.6181640625,420.599609375,1136,1168.765625,,0,0,eqq46wiq,run-20260710_221325-eqq46wiq,trace_qwen25vl3b_easyr1_answer_nokl_noref_resume400_to500_bsz128_rollout8_val500_20260710T221119Z,3
418,0.4677734375,0.3783666416953217,0.49438476562499994,1,0.5322265625,435.431640625,1654,1099.59375,,0,0,eqq46wiq,run-20260710_221325-eqq46wiq,trace_qwen25vl3b_easyr1_answer_nokl_noref_resume400_to500_bsz128_rollout8_val500_20260710T221119Z,3
419,0.396484375,0.3790771410406032,0.42661132812499997,0.9990234375,0.603515625,441.833984375,1776,1096.8359375,,0,0,eqq46wiq,run-20260710_221325-eqq46wiq,trace_qwen25vl3b_easyr1_answer_nokl_noref_resume400_to500_bsz128_rollout8_val500_20260710T221119Z,3
420,0.373046875,0.3788406600194031,0.40434570312499996,0.9990234375,0.626953125,425.861328125,1634,1073.203125,,0,0,eqq46wiq,run-20260710_221325-eqq46wiq,trace_qwen25vl3b_easyr1_answer_nokl_noref_resume400_to500_bsz128_rollout8_val500_20260710T221119Z,3
421,0.3974609375,0.3795708669794265,0.42753906249999996,0.9990234375,0.6025390625,423.8447265625,1921,1125.21875,,0,0,eqq46wiq,run-20260710_221325-eqq46wiq,trace_qwen25vl3b_easyr1_answer_nokl_noref_resume400_to500_bsz128_rollout8_val500_20260710T221119Z,3
422,0.380859375,0.37962139670572354,0.411767578125,0.9990234375,0.619140625,399.9384765625,2048,1138.0859375,,0,0,eqq46wiq,run-20260710_221325-eqq46wiq,trace_qwen25vl3b_easyr1_answer_nokl_noref_resume400_to500_bsz128_rollout8_val500_20260710T221119Z,3
423,0.423828125,0.3813549938937344,0.4524902343749999,0.9970703125,0.576171875,401.880859375,1630,1196.9140625,,0,0,eqq46wiq,run-20260710_221325-eqq46wiq,trace_qwen25vl3b_easyr1_answer_nokl_noref_resume400_to500_bsz128_rollout8_val500_20260710T221119Z,3
424,0.3974609375,0.38198659952535263,0.427490234375,0.998046875,0.6025390625,416.8798828125,1040,1140.484375,,0,0,eqq46wiq,run-20260710_221325-eqq46wiq,trace_qwen25vl3b_easyr1_answer_nokl_noref_resume400_to500_bsz128_rollout8_val500_20260710T221119Z,3
425,0.3935546875,0.3824402500341624,0.42382812499999994,0.9990234375,0.6064453125,415.4052734375,1391,1127.6328125,,0,0,eqq46wiq,run-20260710_221325-eqq46wiq,trace_qwen25vl3b_easyr1_answer_nokl_noref_resume400_to500_bsz128_rollout8_val500_20260710T221119Z,3
426,0.318359375,0.37992727454262665,0.35234374999999996,0.998046875,0.681640625,432.61328125,2048,1141.5546875,,0,0,eqq46wiq,run-20260710_221325-eqq46wiq,trace_qwen25vl3b_easyr1_answer_nokl_noref_resume400_to500_bsz128_rollout8_val500_20260710T221119Z,3
427,0.4169921875,0.381380800540955,0.446044921875,0.998046875,0.5830078125,417.05859375,1329,1153.984375,,0,0,eqq46wiq,run-20260710_221325-eqq46wiq,trace_qwen25vl3b_easyr1_answer_nokl_noref_resume400_to500_bsz128_rollout8_val500_20260710T221119Z,3
428,0.3876953125,0.3816284284609176,0.4183105468749999,1,0.6123046875,412.3076171875,1106,1081.4375,,0,0,eqq46wiq,run-20260710_221325-eqq46wiq,trace_qwen25vl3b_easyr1_answer_nokl_noref_resume400_to500_bsz128_rollout8_val500_20260710T221119Z,3
429,0.38671875,0.38182804891343064,0.4173828125,1,0.61328125,433.849609375,1856,1131.53125,,0,0,eqq46wiq,run-20260710_221325-eqq46wiq,trace_qwen25vl3b_easyr1_answer_nokl_noref_resume400_to500_bsz128_rollout8_val500_20260710T221119Z,3
430,0.396484375,0.3824028067991785,0.42656249999999996,0.998046875,0.603515625,429.541015625,1702,1112.140625,,0,0,eqq46wiq,run-20260710_221325-eqq46wiq,trace_qwen25vl3b_easyr1_answer_nokl_noref_resume400_to500_bsz128_rollout8_val500_20260710T221119Z,3
431,0.390625,0.3827252457482303,0.421044921875,0.9990234375,0.609375,428.4150390625,1582,1089.8671875,,0,0,eqq46wiq,run-20260710_221325-eqq46wiq,trace_qwen25vl3b_easyr1_answer_nokl_noref_resume400_to500_bsz128_rollout8_val500_20260710T221119Z,3
432,0.4267578125,0.38445201307182914,0.45537109374999996,0.9990234375,0.5732421875,437.7822265625,1479,1127.8046875,,0,0,eqq46wiq,run-20260710_221325-eqq46wiq,trace_qwen25vl3b_easyr1_answer_nokl_noref_resume400_to500_bsz128_rollout8_val500_20260710T221119Z,3
433,0.3974609375,0.3849621669709731,0.42744140624999993,0.9970703125,0.6025390625,451.9150390625,2035,1138.296875,,0,0,eqq46wiq,run-20260710_221325-eqq46wiq,trace_qwen25vl3b_easyr1_answer_nokl_noref_resume400_to500_bsz128_rollout8_val500_20260710T221119Z,3
434,0.3896484375,0.3851459422858369,0.42011718749999993,0.9990234375,0.6103515625,407.7109375,1606,1175.125,,0,0,eqq46wiq,run-20260710_221325-eqq46wiq,trace_qwen25vl3b_easyr1_answer_nokl_noref_resume400_to500_bsz128_rollout8_val500_20260710T221119Z,3
435,0.41015625,0.3861267386667845,0.4396484375,1,0.58984375,439.1875,1349,1120.6171875,,0,0,eqq46wiq,run-20260710_221325-eqq46wiq,trace_qwen25vl3b_easyr1_answer_nokl_noref_resume400_to500_bsz128_rollout8_val500_20260710T221119Z,3
436,0.4130859375,0.38718396215044,0.44233398437499993,0.998046875,0.5869140625,441.537109375,2048,1094.8203125,,0,0,eqq46wiq,run-20260710_221325-eqq46wiq,trace_qwen25vl3b_easyr1_answer_nokl_noref_resume400_to500_bsz128_rollout8_val500_20260710T221119Z,3
437,0.376953125,0.38678275285042274,0.4080566406249999,0.9990234375,0.623046875,459.4794921875,1537,1123.8671875,,0,0,eqq46wiq,run-20260710_221325-eqq46wiq,trace_qwen25vl3b_easyr1_answer_nokl_noref_resume400_to500_bsz128_rollout8_val500_20260710T221119Z,3
438,0.3642578125,0.3858994218562885,0.39599609374999994,0.9990234375,0.6357421875,432.884765625,2048,1154.7890625,,0,0,eqq46wiq,run-20260710_221325-eqq46wiq,trace_qwen25vl3b_easyr1_answer_nokl_noref_resume400_to500_bsz128_rollout8_val500_20260710T221119Z,3
439,0.4365234375,0.38788467737172816,0.46455078124999993,0.9970703125,0.5634765625,432.5634765625,2048,1082.1015625,,0,0,eqq46wiq,run-20260710_221325-eqq46wiq,trace_qwen25vl3b_easyr1_answer_nokl_noref_resume400_to500_bsz128_rollout8_val500_20260710T221119Z,3
440,0.3955078125,0.38818362384734667,0.42568359375,0.9990234375,0.6044921875,430.05859375,1284,1082.359375,,0,0,eqq46wiq,run-20260710_221325-eqq46wiq,trace_qwen25vl3b_easyr1_answer_nokl_noref_resume400_to500_bsz128_rollout8_val500_20260710T221119Z,3
441,0.38671875,0.3881261778141174,0.41733398437499997,0.9990234375,0.61328125,431.2119140625,1474,1140.1015625,,0,0,eqq46wiq,run-20260710_221325-eqq46wiq,trace_qwen25vl3b_easyr1_answer_nokl_noref_resume400_to500_bsz128_rollout8_val500_20260710T221119Z,3
442,0.3671875,0.387305053193956,0.39873046874999996,0.998046875,0.6328125,433.2607421875,1593,1195.546875,,0,0,eqq46wiq,run-20260710_221325-eqq46wiq,trace_qwen25vl3b_easyr1_answer_nokl_noref_resume400_to500_bsz128_rollout8_val500_20260710T221119Z,3
443,0.34375,0.3855970118922322,0.3765624999999999,1,0.65625,457.1787109375,1271,1111.328125,,0,0,eqq46wiq,run-20260710_221325-eqq46wiq,trace_qwen25vl3b_easyr1_answer_nokl_noref_resume400_to500_bsz128_rollout8_val500_20260710T221119Z,3
444,0.392578125,0.3858707810337133,0.422802734375,0.9970703125,0.607421875,441.927734375,1269,1128.234375,,0,0,eqq46wiq,run-20260710_221325-eqq46wiq,trace_qwen25vl3b_easyr1_answer_nokl_noref_resume400_to500_bsz128_rollout8_val500_20260710T221119Z,3
445,0.412109375,0.38689974550297945,0.44121093749999996,0.994140625,0.587890625,428.9794921875,1276,1076.890625,,0,0,eqq46wiq,run-20260710_221325-eqq46wiq,trace_qwen25vl3b_easyr1_answer_nokl_noref_resume400_to500_bsz128_rollout8_val500_20260710T221119Z,3
446,0.3837890625,0.3867777579342352,0.41430664062499994,0.994140625,0.6162109375,437.2177734375,1636,1133.15625,,0,0,eqq46wiq,run-20260710_221325-eqq46wiq,trace_qwen25vl3b_easyr1_answer_nokl_noref_resume400_to500_bsz128_rollout8_val500_20260710T221119Z,3
447,0.3955078125,0.38712011301524557,0.42558593749999996,0.9970703125,0.6044921875,454.7119140625,2048,1163.0859375,,0,0,eqq46wiq,run-20260710_221325-eqq46wiq,trace_qwen25vl3b_easyr1_answer_nokl_noref_resume400_to500_bsz128_rollout8_val500_20260710T221119Z,3
448,0.3916015625,0.3872958561322948,0.42192382812499996,0.998046875,0.6083984375,433.2509765625,1162,1129.375,,0,0,eqq46wiq,run-20260710_221325-eqq46wiq,trace_qwen25vl3b_easyr1_answer_nokl_noref_resume400_to500_bsz128_rollout8_val500_20260710T221119Z,3
449,0.45703125,0.3900305774604401,0.48388671874999994,0.994140625,0.54296875,430.013671875,1245,1166.0546875,,0,0,eqq46wiq,run-20260710_221325-eqq46wiq,trace_qwen25vl3b_easyr1_answer_nokl_noref_resume400_to500_bsz128_rollout8_val500_20260710T221119Z,3
450,0.4189453125,0.3911644886384621,0.44780273437499996,0.99609375,0.5810546875,442.0693359375,1215,1173.3046875,,0,0,eqq46wiq,run-20260710_221325-eqq46wiq,trace_qwen25vl3b_easyr1_answer_nokl_noref_resume400_to500_bsz128_rollout8_val500_20260710T221119Z,3
451,0.39453125,0.3912965184957773,0.42460937499999996,0.99609375,0.60546875,455.142578125,1426,1108.078125,,0,0,eqq46wiq,run-20260710_221325-eqq46wiq,trace_qwen25vl3b_easyr1_answer_nokl_noref_resume400_to500_bsz128_rollout8_val500_20260710T221119Z,3
452,0.4169921875,0.39230419179006054,0.44604492187499994,0.998046875,0.5830078125,456.4814453125,1494,1141.9453125,,0,0,eqq46wiq,run-20260710_221325-eqq46wiq,trace_qwen25vl3b_easyr1_answer_nokl_noref_resume400_to500_bsz128_rollout8_val500_20260710T221119Z,3
453,0.4150390625,0.3931957553473131,0.4441894531249999,0.998046875,0.5849609375,469.419921875,1669,1088.3671875,,0,0,eqq46wiq,run-20260710_221325-eqq46wiq,trace_qwen25vl3b_easyr1_answer_nokl_noref_resume400_to500_bsz128_rollout8_val500_20260710T221119Z,3
454,0.4443359375,0.3952012526866342,0.47192382812499994,0.99609375,0.5556640625,464.7470703125,1553,1099.5,,0,0,eqq46wiq,run-20260710_221325-eqq46wiq,trace_qwen25vl3b_easyr1_answer_nokl_noref_resume400_to500_bsz128_rollout8_val500_20260710T221119Z,3
455,0.373046875,0.3943324535616682,0.404296875,0.998046875,0.626953125,477.060546875,1565,1044.4921875,,0,0,eqq46wiq,run-20260710_221325-eqq46wiq,trace_qwen25vl3b_easyr1_answer_nokl_noref_resume400_to500_bsz128_rollout8_val500_20260710T221119Z,3
456,0.431640625,0.39579551910826943,0.46005859374999997,1,0.568359375,478.7734375,1336,1107.34375,,0,0,eqq46wiq,run-20260710_221325-eqq46wiq,trace_qwen25vl3b_easyr1_answer_nokl_noref_resume400_to500_bsz128_rollout8_val500_20260710T221119Z,3
457,0.3935546875,0.39570764335892555,0.42387695312499996,1,0.6064453125,451.9453125,1326,1061.4375,,0,0,eqq46wiq,run-20260710_221325-eqq46wiq,trace_qwen25vl3b_easyr1_answer_nokl_noref_resume400_to500_bsz128_rollout8_val500_20260710T221119Z,3
458,0.359375,0.39428283381543827,0.39116210937499996,0.9951171875,0.640625,441.310546875,1237,1133.1875,,0,0,eqq46wiq,run-20260710_221325-eqq46wiq,trace_qwen25vl3b_easyr1_answer_nokl_noref_resume400_to500_bsz128_rollout8_val500_20260710T221119Z,3
459,0.3291015625,0.3917267055285583,0.362451171875,0.99609375,0.6708984375,445.58984375,1186,1083.640625,,0,0,eqq46wiq,run-20260710_221325-eqq46wiq,trace_qwen25vl3b_easyr1_answer_nokl_noref_resume400_to500_bsz128_rollout8_val500_20260710T221119Z,3
460,0.3583984375,0.3904197146254776,0.39033203125,0.9970703125,0.6416015625,455.328125,2048,1097.9765625,,0,0,eqq46wiq,run-20260710_221325-eqq46wiq,trace_qwen25vl3b_easyr1_answer_nokl_noref_resume400_to500_bsz128_rollout8_val500_20260710T221119Z,3
461,0.43359375,0.3921128140519295,0.46176757812499997,0.9970703125,0.56640625,448.396484375,1168,1132.4921875,,0,0,eqq46wiq,run-20260710_221325-eqq46wiq,trace_qwen25vl3b_easyr1_answer_nokl_noref_resume400_to500_bsz128_rollout8_val500_20260710T221119Z,3
462,0.4130859375,0.3929352894812656,0.44218749999999996,0.9951171875,0.5869140625,456.1259765625,1297,1128.4765625,,0,0,eqq46wiq,run-20260710_221325-eqq46wiq,trace_qwen25vl3b_easyr1_answer_nokl_noref_resume400_to500_bsz128_rollout8_val500_20260710T221119Z,3
463,0.3388671875,0.39081497175651014,0.3719238281249999,1,0.6611328125,448.0029296875,1285,1143.921875,,0,0,eqq46wiq,run-20260710_221325-eqq46wiq,trace_qwen25vl3b_easyr1_answer_nokl_noref_resume400_to500_bsz128_rollout8_val500_20260710T221119Z,3
464,0.455078125,0.39333509541311756,0.48232421875,1,0.544921875,457.7294921875,1583,1131.84375,,0,0,eqq46wiq,run-20260710_221325-eqq46wiq,trace_qwen25vl3b_easyr1_answer_nokl_noref_resume400_to500_bsz128_rollout8_val500_20260710T221119Z,3
465,0.4306640625,0.3947989764753483,0.4590820312499999,0.9990234375,0.5693359375,450.5390625,1611,1163.9296875,,0,0,eqq46wiq,run-20260710_221325-eqq46wiq,trace_qwen25vl3b_easyr1_answer_nokl_noref_resume400_to500_bsz128_rollout8_val500_20260710T221119Z,3
466,0.41015625,0.3954012224959229,0.43964843749999993,1,0.58984375,442.2939453125,1333,1136.5703125,,0,0,eqq46wiq,run-20260710_221325-eqq46wiq,trace_qwen25vl3b_easyr1_answer_nokl_noref_resume400_to500_bsz128_rollout8_val500_20260710T221119Z,3
467,0.361328125,0.394065022594122,0.393212890625,0.9990234375,0.638671875,444.009765625,1296,1107.265625,,0,0,eqq46wiq,run-20260710_221325-eqq46wiq,trace_qwen25vl3b_easyr1_answer_nokl_noref_resume400_to500_bsz128_rollout8_val500_20260710T221119Z,3
468,0.361328125,0.39278122268847016,0.3929199218749999,0.9931640625,0.638671875,454.0732421875,1503,1113.8515625,,0,0,eqq46wiq,run-20260710_221325-eqq46wiq,trace_qwen25vl3b_easyr1_answer_nokl_noref_resume400_to500_bsz128_rollout8_val500_20260710T221119Z,3
469,0.4365234375,0.3944966036614713,0.46455078124999993,0.9970703125,0.5634765625,473.455078125,1433,1116.1640625,,0,0,eqq46wiq,run-20260710_221325-eqq46wiq,trace_qwen25vl3b_easyr1_answer_nokl_noref_resume400_to500_bsz128_rollout8_val500_20260710T221119Z,3
470,0.4140625,0.39526389371396264,0.44335937499999994,1,0.5859375,450.4775390625,1260,1151.4921875,,0,0,eqq46wiq,run-20260710_221325-eqq46wiq,trace_qwen25vl3b_easyr1_answer_nokl_noref_resume400_to500_bsz128_rollout8_val500_20260710T221119Z,3
471,0.38671875,0.3949287900389053,0.41728515624999996,0.998046875,0.61328125,486.0712890625,1464,1113.7578125,,0,0,eqq46wiq,run-20260710_221325-eqq46wiq,trace_qwen25vl3b_easyr1_answer_nokl_noref_resume400_to500_bsz128_rollout8_val500_20260710T221119Z,3
472,0.359375,0.3935345237628698,0.3913574218749999,0.9990234375,0.640625,475.26171875,1569,1103.0234375,,0,0,eqq46wiq,run-20260710_221325-eqq46wiq,trace_qwen25vl3b_easyr1_answer_nokl_noref_resume400_to500_bsz128_rollout8_val500_20260710T221119Z,3
473,0.41796875,0.3944927287133455,0.4468261718749999,0.9951171875,0.58203125,465.630859375,2048,1153.0859375,,0,0,eqq46wiq,run-20260710_221325-eqq46wiq,trace_qwen25vl3b_easyr1_answer_nokl_noref_resume400_to500_bsz128_rollout8_val500_20260710T221119Z,3
474,0.3876953125,0.3942261633716457,0.41826171874999996,0.9990234375,0.6123046875,462.09765625,1216,1138.8984375,,0,0,eqq46wiq,run-20260710_221325-eqq46wiq,trace_qwen25vl3b_easyr1_answer_nokl_noref_resume400_to500_bsz128_rollout8_val500_20260710T221119Z,3
475,0.41015625,0.394850872651189,0.43959960937499987,0.9990234375,0.58984375,475.9306640625,1138,1141.4609375,,0,0,eqq46wiq,run-20260710_221325-eqq46wiq,trace_qwen25vl3b_easyr1_answer_nokl_noref_resume400_to500_bsz128_rollout8_val500_20260710T221119Z,3
476,0.4033203125,0.3951830075472208,0.43305664062499993,0.998046875,0.5966796875,475.0791015625,1546,1130.3671875,,0,0,eqq46wiq,run-20260710_221325-eqq46wiq,trace_qwen25vl3b_easyr1_answer_nokl_noref_resume400_to500_bsz128_rollout8_val500_20260710T221119Z,3
477,0.388671875,0.3949276690159573,0.4189453124999999,0.994140625,0.611328125,494.9130859375,1864,1148.625,,0,0,eqq46wiq,run-20260710_221325-eqq46wiq,trace_qwen25vl3b_easyr1_answer_nokl_noref_resume400_to500_bsz128_rollout8_val500_20260710T221119Z,3
478,0.3720703125,0.39403130209376286,0.4031738281249999,0.994140625,0.6279296875,462.13671875,1524,1122.4921875,,0,0,eqq46wiq,run-20260710_221325-eqq46wiq,trace_qwen25vl3b_easyr1_answer_nokl_noref_resume400_to500_bsz128_rollout8_val500_20260710T221119Z,3
479,0.4013671875,0.3943189838743996,0.43110351562499993,0.99609375,0.5986328125,504.5087890625,1647,1109.25,,0,0,eqq46wiq,run-20260710_221325-eqq46wiq,trace_qwen25vl3b_easyr1_answer_nokl_noref_resume400_to500_bsz128_rollout8_val500_20260710T221119Z,3
480,0.416015625,0.3951698325459918,0.44511718749999996,0.998046875,0.583984375,485.8720703125,1616,1145.8984375,,0,0,eqq46wiq,run-20260710_221325-eqq46wiq,trace_qwen25vl3b_easyr1_answer_nokl_noref_resume400_to500_bsz128_rollout8_val500_20260710T221119Z,3
481,0.419921875,0.39614050087752156,0.44882812499999997,0.998046875,0.580078125,425.9287109375,1042,1134.734375,,0,0,eqq46wiq,run-20260710_221325-eqq46wiq,trace_qwen25vl3b_easyr1_answer_nokl_noref_resume400_to500_bsz128_rollout8_val500_20260710T221119Z,3
482,0.3818359375,0.39557953760781484,0.41259765624999994,0.9970703125,0.6181640625,436.8359375,1684,1104.984375,,0,0,eqq46wiq,run-20260710_221325-eqq46wiq,trace_qwen25vl3b_easyr1_answer_nokl_noref_resume400_to500_bsz128_rollout8_val500_20260710T221119Z,3
483,0.37890625,0.3949256831918221,0.409814453125,0.9970703125,0.62109375,425.1923828125,1131,1118.2578125,,0,0,eqq46wiq,run-20260710_221325-eqq46wiq,trace_qwen25vl3b_easyr1_answer_nokl_noref_resume400_to500_bsz128_rollout8_val500_20260710T221119Z,3
484,0.3486328125,0.39311027649802516,0.3809570312499999,0.9951171875,0.6513671875,403.1806640625,1867,1098.15625,,0,0,eqq46wiq,run-20260710_221325-eqq46wiq,trace_qwen25vl3b_easyr1_answer_nokl_noref_resume400_to500_bsz128_rollout8_val500_20260710T221119Z,3
485,0.375,0.392400069576534,0.40615234375,0.998046875,0.625,419.5966796875,1269,1145.3203125,,0,0,eqq46wiq,run-20260710_221325-eqq46wiq,trace_qwen25vl3b_easyr1_answer_nokl_noref_resume400_to500_bsz128_rollout8_val500_20260710T221119Z,3
486,0.3935546875,0.39244534871078757,0.42382812499999994,0.9990234375,0.6064453125,434.705078125,1158,1095.3828125,,0,0,eqq46wiq,run-20260710_221325-eqq46wiq,trace_qwen25vl3b_easyr1_answer_nokl_noref_resume400_to500_bsz128_rollout8_val500_20260710T221119Z,3
487,0.4150390625,0.39333137670252144,0.44404296874999993,0.9951171875,0.5849609375,468.6396484375,1524,1195.03125,,0,0,eqq46wiq,run-20260710_221325-eqq46wiq,trace_qwen25vl3b_easyr1_answer_nokl_noref_resume400_to500_bsz128_rollout8_val500_20260710T221119Z,3
488,0.3759765625,0.392650795753403,0.4068359374999999,0.9931640625,0.6240234375,486.689453125,2048,1131.2578125,,0,0,eqq46wiq,run-20260710_221325-eqq46wiq,trace_qwen25vl3b_easyr1_answer_nokl_noref_resume400_to500_bsz128_rollout8_val500_20260710T221119Z,3
489,0.3779296875,0.3920734973905245,0.40888671874999993,0.9970703125,0.6220703125,471.1708984375,1559,1126.421875,,0,0,eqq46wiq,run-20260710_221325-eqq46wiq,trace_qwen25vl3b_easyr1_answer_nokl_noref_resume400_to500_bsz128_rollout8_val500_20260710T221119Z,3
490,0.3916015625,0.39205499013991574,0.422021484375,1,0.6083984375,468.873046875,1251,1172.453125,,0,0,eqq46wiq,run-20260710_221325-eqq46wiq,trace_qwen25vl3b_easyr1_answer_nokl_noref_resume400_to500_bsz128_rollout8_val500_20260710T221119Z,3
491,0.4169921875,0.3930329194481543,0.4461425781249999,1,0.5830078125,483.3125,1525,1096.5078125,,0,0,eqq46wiq,run-20260710_221325-eqq46wiq,trace_qwen25vl3b_easyr1_answer_nokl_noref_resume400_to500_bsz128_rollout8_val500_20260710T221119Z,3
492,0.361328125,0.3917895941756777,0.39311523437499996,0.9970703125,0.638671875,480.140625,1459,1118.7890625,,0,0,eqq46wiq,run-20260710_221325-eqq46wiq,trace_qwen25vl3b_easyr1_answer_nokl_noref_resume400_to500_bsz128_rollout8_val500_20260710T221119Z,3
493,0.4267578125,0.3931608968550629,0.45532226562499994,0.998046875,0.5732421875,477.5888671875,2004,1131.9921875,,0,0,eqq46wiq,run-20260710_221325-eqq46wiq,trace_qwen25vl3b_easyr1_answer_nokl_noref_resume400_to500_bsz128_rollout8_val500_20260710T221119Z,3
494,0.4169921875,0.39409545727251144,0.44604492187499994,0.998046875,0.5830078125,482.3974609375,1654,1092.3671875,,0,0,eqq46wiq,run-20260710_221325-eqq46wiq,trace_qwen25vl3b_easyr1_answer_nokl_noref_resume400_to500_bsz128_rollout8_val500_20260710T221119Z,3
495,0.375,0.39334661581084435,0.40605468749999996,0.99609375,0.625,478.6708984375,1634,1086.484375,,0,0,eqq46wiq,run-20260710_221325-eqq46wiq,trace_qwen25vl3b_easyr1_answer_nokl_noref_resume400_to500_bsz128_rollout8_val500_20260710T221119Z,3
496,0.419921875,0.3943887828378701,0.44882812499999997,0.998046875,0.580078125,467.3642578125,1182,1157.2421875,,0,0,eqq46wiq,run-20260710_221325-eqq46wiq,trace_qwen25vl3b_easyr1_answer_nokl_noref_resume400_to500_bsz128_rollout8_val500_20260710T221119Z,3
497,0.447265625,0.39646238449128696,0.47470703125,0.99609375,0.552734375,488.21484375,2048,1073.9765625,,0,0,eqq46wiq,run-20260710_221325-eqq46wiq,trace_qwen25vl3b_easyr1_answer_nokl_noref_resume400_to500_bsz128_rollout8_val500_20260710T221119Z,3
498,0.4052734375,0.3968079159818247,0.43481445312499994,0.99609375,0.5947265625,506.58984375,1509,1105.203125,,0,0,eqq46wiq,run-20260710_221325-eqq46wiq,trace_qwen25vl3b_easyr1_answer_nokl_noref_resume400_to500_bsz128_rollout8_val500_20260710T221119Z,3
499,0.39453125,0.3967186349629296,0.42451171874999993,0.994140625,0.60546875,496.3505859375,2048,1188.3671875,,0,0,eqq46wiq,run-20260710_221325-eqq46wiq,trace_qwen25vl3b_easyr1_answer_nokl_noref_resume400_to500_bsz128_rollout8_val500_20260710T221119Z,3
500,0.435546875,0.39824131104281474,0.46357421874999993,0.99609375,0.564453125,512.1083984375,2048,1207.71875,,0,0,eqq46wiq,run-20260710_221325-eqq46wiq,trace_qwen25vl3b_easyr1_answer_nokl_noref_resume400_to500_bsz128_rollout8_val500_20260710T221119Z,3
501,0.375,0.39732988708035144,0.40605468749999996,0.99609375,0.625,475.09765625,1662,1110.65625,,0,0,befgwmx7,run-20260711_042307-befgwmx7,trace_qwen25vl3b_easyr1_answer_nokl_noref_resume500_to600_bsz128_rollout8_val500_20260711T042102Z,4
502,0.4365234375,0.39886688905759254,0.46430664062499993,0.9921875,0.5634765625,514.3408203125,1740,1057.9375,,0,0,befgwmx7,run-20260711_042307-befgwmx7,trace_qwen25vl3b_easyr1_answer_nokl_noref_resume500_to600_bsz128_rollout8_val500_20260711T042102Z,4
503,0.4443359375,0.4006499889965105,0.4720214843749999,0.998046875,0.5556640625,482.3193359375,1470,1153.9375,,0,0,befgwmx7,run-20260711_042307-befgwmx7,trace_qwen25vl3b_easyr1_answer_nokl_noref_resume500_to600_bsz128_rollout8_val500_20260711T042102Z,4
504,0.349609375,0.39864839629076504,0.38173828125,0.9921875,0.650390625,527.2822265625,1572,1144.703125,,0,0,befgwmx7,run-20260711_042307-befgwmx7,trace_qwen25vl3b_easyr1_answer_nokl_noref_resume500_to600_bsz128_rollout8_val500_20260711T042102Z,4
505,0.4501953125,0.40066984398524486,0.47744140625,0.9951171875,0.5498046875,507.0654296875,1571,1104.671875,,0,0,befgwmx7,run-20260711_042307-befgwmx7,trace_qwen25vl3b_easyr1_answer_nokl_noref_resume500_to600_bsz128_rollout8_val500_20260711T042102Z,4
506,0.4423828125,0.402305646672098,0.4700683593749999,0.99609375,0.5576171875,521.22265625,2048,1123.015625,,0,0,befgwmx7,run-20260711_042307-befgwmx7,trace_qwen25vl3b_easyr1_answer_nokl_noref_resume500_to600_bsz128_rollout8_val500_20260711T042102Z,4
507,0.375,0.4012348369986824,0.4061035156249999,0.9970703125,0.625,503.6328125,2048,1141.7265625,,0,0,befgwmx7,run-20260711_042307-befgwmx7,trace_qwen25vl3b_easyr1_answer_nokl_noref_resume500_to600_bsz128_rollout8_val500_20260711T042102Z,4
508,0.39453125,0.4009719512340282,0.42460937499999996,0.99609375,0.60546875,500.2294921875,1752,1143.5234375,,0,0,befgwmx7,run-20260711_042307-befgwmx7,trace_qwen25vl3b_easyr1_answer_nokl_noref_resume500_to600_bsz128_rollout8_val500_20260711T042102Z,4
509,0.4013671875,0.40098745069543884,0.43120117187499996,0.998046875,0.5986328125,517.23828125,2023,1082.9296875,,0,0,befgwmx7,run-20260711_042307-befgwmx7,trace_qwen25vl3b_easyr1_answer_nokl_noref_resume500_to600_bsz128_rollout8_val500_20260711T042102Z,4
510,0.462890625,0.4034150261583628,0.4896484375,0.998046875,0.537109375,490.0849609375,1988,1138.0390625,,0,0,befgwmx7,run-20260711_042307-befgwmx7,trace_qwen25vl3b_easyr1_answer_nokl_noref_resume500_to600_bsz128_rollout8_val500_20260711T042102Z,4
511,0.3369140625,0.4008071452305838,0.36987304687499994,0.99609375,0.6630859375,487.041015625,2048,1146.6015625,,0,0,befgwmx7,run-20260711_042307-befgwmx7,trace_qwen25vl3b_easyr1_answer_nokl_noref_resume500_to600_bsz128_rollout8_val500_20260711T042102Z,4
512,0.3994140625,0.40075251453526683,0.4290527343749999,0.9921875,0.6005859375,512.9150390625,2048,1133.46875,,0,0,befgwmx7,run-20260711_042307-befgwmx7,trace_qwen25vl3b_easyr1_answer_nokl_noref_resume500_to600_bsz128_rollout8_val500_20260711T042102Z,4
513,0.3740234375,0.3997043154358446,0.4052734374999999,0.9990234375,0.6259765625,482.7724609375,2014,1120.4296875,,0,0,befgwmx7,run-20260711_042307-befgwmx7,trace_qwen25vl3b_easyr1_answer_nokl_noref_resume500_to600_bsz128_rollout8_val500_20260711T042102Z,4
514,0.4736328125,0.40260347218345854,0.49980468749999996,0.9970703125,0.5263671875,521.998046875,1639,1088.6015625,,0,0,befgwmx7,run-20260711_042307-befgwmx7,trace_qwen25vl3b_easyr1_answer_nokl_noref_resume500_to600_bsz128_rollout8_val500_20260711T042102Z,4
515,0.4267578125,0.40355070121547976,0.45517578124999997,0.9951171875,0.5732421875,495.8203125,1529,1160.296875,,0,0,befgwmx7,run-20260711_042307-befgwmx7,trace_qwen25vl3b_easyr1_answer_nokl_noref_resume500_to600_bsz128_rollout8_val500_20260711T042102Z,4
516,0.4072265625,0.40369485263840216,0.4365234374999999,0.9931640625,0.5927734375,481.966796875,1321,1194.8125,,0,0,befgwmx7,run-20260711_042307-befgwmx7,trace_qwen25vl3b_easyr1_answer_nokl_noref_resume500_to600_bsz128_rollout8_val500_20260711T042102Z,4
517,0.3935546875,0.4032971991035629,0.42377929687499993,0.998046875,0.6064453125,509.353515625,1594,1129.0078125,,0,0,befgwmx7,run-20260711_042307-befgwmx7,trace_qwen25vl3b_easyr1_answer_nokl_noref_resume500_to600_bsz128_rollout8_val500_20260711T042102Z,4
518,0.3359375,0.40065564227597217,0.36894531249999996,0.99609375,0.6640625,496.0439453125,1459,1118.578125,,0,0,befgwmx7,run-20260711_042307-befgwmx7,trace_qwen25vl3b_easyr1_answer_nokl_noref_resume500_to600_bsz128_rollout8_val500_20260711T042102Z,4
519,0.427734375,0.401717553363189,0.456298828125,0.9990234375,0.572265625,536.986328125,1683,1076.1640625,,0,0,befgwmx7,run-20260711_042307-befgwmx7,trace_qwen25vl3b_easyr1_answer_nokl_noref_resume500_to600_bsz128_rollout8_val500_20260711T042102Z,4
520,0.4091796875,0.4020101860744365,0.4387207031249999,1,0.5908203125,510.3671875,1545,1138.7578125,,0,0,befgwmx7,run-20260711_042307-befgwmx7,trace_qwen25vl3b_easyr1_answer_nokl_noref_resume500_to600_bsz128_rollout8_val500_20260711T042102Z,4
521,0.3779296875,0.4010658527970076,0.408935546875,0.998046875,0.6220703125,503.6318359375,1634,1136.6484375,,0,0,befgwmx7,run-20260711_042307-befgwmx7,trace_qwen25vl3b_easyr1_answer_nokl_noref_resume500_to600_bsz128_rollout8_val500_20260711T042102Z,4
522,0.4208984375,0.4018436012167328,0.449853515625,1,0.5791015625,487.2548828125,1441,1086.6015625,,0,0,befgwmx7,run-20260711_042307-befgwmx7,trace_qwen25vl3b_easyr1_answer_nokl_noref_resume500_to600_bsz128_rollout8_val500_20260711T042102Z,4
523,0.40625,0.40201640116901777,0.4358886718749999,0.9990234375,0.59375,503.0703125,1701,1137.8828125,,0,0,befgwmx7,run-20260711_042307-befgwmx7,trace_qwen25vl3b_easyr1_answer_nokl_noref_resume500_to600_bsz128_rollout8_val500_20260711T042102Z,4
524,0.3720703125,0.4008420447506249,0.4034179687499999,0.9990234375,0.6279296875,498.9140625,1362,1146.5859375,,0,0,befgwmx7,run-20260711_042307-befgwmx7,trace_qwen25vl3b_easyr1_answer_nokl_noref_resume500_to600_bsz128_rollout8_val500_20260711T042102Z,4
525,0.365234375,0.39944566554471805,0.39672851562499994,0.9951171875,0.634765625,493.30078125,1818,1119.3671875,,0,0,befgwmx7,run-20260711_042307-befgwmx7,trace_qwen25vl3b_easyr1_answer_nokl_noref_resume500_to600_bsz128_rollout8_val500_20260711T042102Z,4
526,0.435546875,0.4008613992488468,0.463525390625,0.9951171875,0.564453125,527.0107421875,1519,1115.2578125,,0,0,befgwmx7,run-20260711_042307-befgwmx7,trace_qwen25vl3b_easyr1_answer_nokl_noref_resume500_to600_bsz128_rollout8_val500_20260711T042102Z,4
527,0.443359375,0.40252798653320576,0.470947265625,0.9951171875,0.556640625,499.9501953125,1605,1131.3125,,0,0,befgwmx7,run-20260711_042307-befgwmx7,trace_qwen25vl3b_easyr1_answer_nokl_noref_resume500_to600_bsz128_rollout8_val500_20260711T042102Z,4
528,0.423828125,0.4033632860809232,0.45244140624999996,0.99609375,0.576171875,485.25390625,1422,1089.8984375,,0,0,befgwmx7,run-20260711_042307-befgwmx7,trace_qwen25vl3b_easyr1_answer_nokl_noref_resume500_to600_bsz128_rollout8_val500_20260711T042102Z,4
529,0.453125,0.40531472584245565,0.480224609375,0.9951171875,0.546875,471.9794921875,2048,1140.7421875,,0,0,befgwmx7,run-20260711_042307-befgwmx7,trace_qwen25vl3b_easyr1_answer_nokl_noref_resume500_to600_bsz128_rollout8_val500_20260711T042102Z,4
530,0.4033203125,0.40523651355451623,0.43310546875,0.9990234375,0.5966796875,505.845703125,1536,1123.2890625,,0,0,befgwmx7,run-20260711_042307-befgwmx7,trace_qwen25vl3b_easyr1_answer_nokl_noref_resume500_to600_bsz128_rollout8_val500_20260711T042102Z,4
531,0.39453125,0.40481669929747643,0.42460937499999996,0.99609375,0.60546875,528.681640625,1739,1112.8515625,,0,0,befgwmx7,run-20260711_042307-befgwmx7,trace_qwen25vl3b_easyr1_answer_nokl_noref_resume500_to600_bsz128_rollout8_val500_20260711T042102Z,4
532,0.376953125,0.4037240101093401,0.4080566406249999,0.9990234375,0.623046875,504.0166015625,1893,1130.359375,,0,0,befgwmx7,run-20260711_042307-befgwmx7,trace_qwen25vl3b_easyr1_answer_nokl_noref_resume500_to600_bsz128_rollout8_val500_20260711T042102Z,4
533,0.4521484375,0.405623007261915,0.479443359375,0.998046875,0.5478515625,509.8388671875,1913,1111.640625,,0,0,befgwmx7,run-20260711_042307-befgwmx7,trace_qwen25vl3b_easyr1_answer_nokl_noref_resume500_to600_bsz128_rollout8_val500_20260711T042102Z,4
534,0.4228515625,0.40629863687909484,0.45161132812499993,0.998046875,0.5771484375,488.01171875,1479,1138.390625,,0,0,befgwmx7,run-20260711_042307-befgwmx7,trace_qwen25vl3b_easyr1_answer_nokl_noref_resume500_to600_bsz128_rollout8_val500_20260711T042102Z,4
535,0.4404296875,0.4076371094524637,0.46821289062499993,0.99609375,0.5595703125,504.4287109375,2048,1059.171875,,0,0,befgwmx7,run-20260711_042307-befgwmx7,trace_qwen25vl3b_easyr1_answer_nokl_noref_resume500_to600_bsz128_rollout8_val500_20260711T042102Z,4
536,0.388671875,0.4068933747680534,0.41918945312499994,0.9990234375,0.611328125,493.115234375,1425,1102.6953125,,0,0,befgwmx7,run-20260711_042307-befgwmx7,trace_qwen25vl3b_easyr1_answer_nokl_noref_resume500_to600_bsz128_rollout8_val500_20260711T042102Z,4
537,0.3681640625,0.4053745782085219,0.3995605468749999,0.99609375,0.6318359375,517.70703125,1776,1104.265625,,0,0,befgwmx7,run-20260711_042307-befgwmx7,trace_qwen25vl3b_easyr1_answer_nokl_noref_resume500_to600_bsz128_rollout8_val500_20260711T042102Z,4
538,0.4375,0.4066343986709328,0.4654296874999999,0.99609375,0.5625,492.7734375,2048,1091.2421875,,0,0,befgwmx7,run-20260711_042307-befgwmx7,trace_qwen25vl3b_easyr1_answer_nokl_noref_resume500_to600_bsz128_rollout8_val500_20260711T042102Z,4
539,0.41015625,0.406772510487759,0.43940429687499993,0.9951171875,0.58984375,506.1357421875,2048,1037.7421875,,0,0,befgwmx7,run-20260711_042307-befgwmx7,trace_qwen25vl3b_easyr1_answer_nokl_noref_resume500_to600_bsz128_rollout8_val500_20260711T042102Z,4
540,0.3837890625,0.40587119880196454,0.4144042968749999,0.99609375,0.6162109375,467.6591796875,2020,1116.3515625,,0,0,befgwmx7,run-20260711_042307-befgwmx7,trace_qwen25vl3b_easyr1_answer_nokl_noref_resume500_to600_bsz128_rollout8_val500_20260711T042102Z,4
541,0.4140625,0.40619242629992675,0.443115234375,0.9951171875,0.5859375,483.2763671875,1518,1101.3203125,,0,0,befgwmx7,run-20260711_042307-befgwmx7,trace_qwen25vl3b_easyr1_answer_nokl_noref_resume500_to600_bsz128_rollout8_val500_20260711T042102Z,4
542,0.416015625,0.40657764977836097,0.44521484375,1,0.583984375,478.107421875,1226,1132,,0,0,befgwmx7,run-20260711_042307-befgwmx7,trace_qwen25vl3b_easyr1_answer_nokl_noref_resume500_to600_bsz128_rollout8_val500_20260711T042102Z,4
543,0.4267578125,0.40736902870862135,0.45537109374999996,0.9990234375,0.5732421875,488.302734375,1440,1168.359375,,0,0,befgwmx7,run-20260711_042307-befgwmx7,trace_qwen25vl3b_easyr1_answer_nokl_noref_resume500_to600_bsz128_rollout8_val500_20260711T042102Z,4
544,0.3662109375,0.4057549859161264,0.39775390624999996,0.9970703125,0.6337890625,477.7568359375,1894,1142.1953125,,0,0,befgwmx7,run-20260711_042307-befgwmx7,trace_qwen25vl3b_easyr1_answer_nokl_noref_resume500_to600_bsz128_rollout8_val500_20260711T042102Z,4
545,0.44140625,0.40715307470372936,0.46928710937499996,0.9990234375,0.55859375,462.5771484375,1395,1097.1015625,,0,0,befgwmx7,run-20260711_042307-befgwmx7,trace_qwen25vl3b_easyr1_answer_nokl_noref_resume500_to600_bsz128_rollout8_val500_20260711T042102Z,4
546,0.38671875,0.40635172863691643,0.41733398437499997,0.9990234375,0.61328125,475.927734375,2048,1095.4453125,,0,0,befgwmx7,run-20260711_042307-befgwmx7,trace_qwen25vl3b_easyr1_answer_nokl_noref_resume500_to600_bsz128_rollout8_val500_20260711T042102Z,4
547,0.341796875,0.40382016574919427,0.37470703124999993,1,0.658203125,435.1337890625,2027,1187.453125,,0,0,befgwmx7,run-20260711_042307-befgwmx7,trace_qwen25vl3b_easyr1_answer_nokl_noref_resume500_to600_bsz128_rollout8_val500_20260711T042102Z,4
548,0.392578125,0.40337930140608863,0.42280273437499993,0.9970703125,0.607421875,473.4658203125,1917,1098.7578125,,0,0,befgwmx7,run-20260711_042307-befgwmx7,trace_qwen25vl3b_easyr1_answer_nokl_noref_resume500_to600_bsz128_rollout8_val500_20260711T042102Z,4
549,0.412109375,0.4037216572333009,0.44145507812499996,0.9990234375,0.587890625,445.8603515625,1344,1122.015625,,0,0,befgwmx7,run-20260711_042307-befgwmx7,trace_qwen25vl3b_easyr1_answer_nokl_noref_resume500_to600_bsz128_rollout8_val500_20260711T042102Z,4
550,0.4208984375,0.40439525645944596,0.44975585937499996,0.998046875,0.5791015625,493.072265625,2048,1146.46875,,0,0,befgwmx7,run-20260711_042307-befgwmx7,trace_qwen25vl3b_easyr1_answer_nokl_noref_resume500_to600_bsz128_rollout8_val500_20260711T042102Z,4
551,0.4169921875,0.404889253755154,0.44609374999999996,0.9990234375,0.5830078125,450.2236328125,1411,1120.046875,,0,0,befgwmx7,run-20260711_042307-befgwmx7,trace_qwen25vl3b_easyr1_answer_nokl_noref_resume500_to600_bsz128_rollout8_val500_20260711T042102Z,4
552,0.4169921875,0.4053638786078931,0.4460449218749999,0.998046875,0.5830078125,478.029296875,1187,1116.359375,,0,0,befgwmx7,run-20260711_042307-befgwmx7,trace_qwen25vl3b_easyr1_answer_nokl_noref_resume500_to600_bsz128_rollout8_val500_20260711T042102Z,4
553,0.400390625,0.40516884905464234,0.43022460937499996,0.9970703125,0.599609375,465.2060546875,2048,1135.1796875,,0,0,befgwmx7,run-20260711_042307-befgwmx7,trace_qwen25vl3b_easyr1_answer_nokl_noref_resume500_to600_bsz128_rollout8_val500_20260711T042102Z,4
554,0.39453125,0.4047516883074015,0.4248046875,1,0.60546875,469.3857421875,1706,1119.1875,,0,0,befgwmx7,run-20260711_042307-befgwmx7,trace_qwen25vl3b_easyr1_answer_nokl_noref_resume500_to600_bsz128_rollout8_val500_20260711T042102Z,4
555,0.3935546875,0.404312590236523,0.42373046875,0.9970703125,0.6064453125,456.0634765625,1424,1121.859375,,0,0,befgwmx7,run-20260711_042307-befgwmx7,trace_qwen25vl3b_easyr1_answer_nokl_noref_resume500_to600_bsz128_rollout8_val500_20260711T042102Z,4
556,0.4482421875,0.4060353195409731,0.475830078125,1,0.5517578125,434.8671875,1140,1086.0625,,0,0,befgwmx7,run-20260711_042307-befgwmx7,trace_qwen25vl3b_easyr1_answer_nokl_noref_resume500_to600_bsz128_rollout8_val500_20260711T042102Z,4
557,0.37890625,0.4049714344609349,0.409814453125,0.9970703125,0.62109375,442.7314453125,2048,1119.109375,,0,0,befgwmx7,run-20260711_042307-befgwmx7,trace_qwen25vl3b_easyr1_answer_nokl_noref_resume500_to600_bsz128_rollout8_val500_20260711T042102Z,4
558,0.4111328125,0.4052130571291336,0.4405761718749999,1,0.5888671875,415.7783203125,1031,1170.1328125,,0,0,befgwmx7,run-20260711_042307-befgwmx7,trace_qwen25vl3b_easyr1_answer_nokl_noref_resume500_to600_bsz128_rollout8_val500_20260711T042102Z,4
559,0.43359375,0.40632602547701074,0.46186523437499993,0.9990234375,0.56640625,462.5810546875,1552,1117.8125,,0,0,befgwmx7,run-20260711_042307-befgwmx7,trace_qwen25vl3b_easyr1_answer_nokl_noref_resume500_to600_bsz128_rollout8_val500_20260711T042102Z,4
560,0.4091796875,0.4064379337916378,0.43867187499999993,0.9990234375,0.5908203125,442.392578125,1292,1160.90625,,0,0,befgwmx7,run-20260711_042307-befgwmx7,trace_qwen25vl3b_easyr1_answer_nokl_noref_resume500_to600_bsz128_rollout8_val500_20260711T042102Z,4
561,0.388671875,0.40574122560373044,0.41923828124999996,1,0.611328125,420.46875,1412,1044.4921875,,0,0,befgwmx7,run-20260711_042307-befgwmx7,trace_qwen25vl3b_easyr1_answer_nokl_noref_resume500_to600_bsz128_rollout8_val500_20260711T042102Z,4
562,0.408203125,0.40583777067809396,0.43774414062499994,0.9990234375,0.591796875,418.734375,1705,1104.515625,,0,0,befgwmx7,run-20260711_042307-befgwmx7,trace_qwen25vl3b_easyr1_answer_nokl_noref_resume500_to600_bsz128_rollout8_val500_20260711T042102Z,4
563,0.4052734375,0.4058156399652275,0.4349609375,0.9990234375,0.5947265625,419.115234375,1677,1085.5078125,,0,0,befgwmx7,run-20260711_042307-befgwmx7,trace_qwen25vl3b_easyr1_answer_nokl_noref_resume500_to600_bsz128_rollout8_val500_20260711T042102Z,4
564,0.4033203125,0.405717783986199,0.43310546874999994,0.9990234375,0.5966796875,445.3076171875,1477,1090.0546875,,0,0,befgwmx7,run-20260711_042307-befgwmx7,trace_qwen25vl3b_easyr1_answer_nokl_noref_resume500_to600_bsz128_rollout8_val500_20260711T042102Z,4
565,0.3759765625,0.40455146157497557,0.40698242187499994,0.99609375,0.6240234375,432.2275390625,2048,1136.234375,,0,0,befgwmx7,run-20260711_042307-befgwmx7,trace_qwen25vl3b_easyr1_answer_nokl_noref_resume500_to600_bsz128_rollout8_val500_20260711T042102Z,4
566,0.49609375,0.40814135523870204,0.521240234375,0.9990234375,0.50390625,436.0283203125,1481,1065.9453125,,0,0,befgwmx7,run-20260711_042307-befgwmx7,trace_qwen25vl3b_easyr1_answer_nokl_noref_resume500_to600_bsz128_rollout8_val500_20260711T042102Z,4
567,0.4931640625,0.41147557905287063,0.5184082031249999,0.998046875,0.5068359375,450.9052734375,1483,1119.8203125,,0,0,befgwmx7,run-20260711_042307-befgwmx7,trace_qwen25vl3b_easyr1_answer_nokl_noref_resume500_to600_bsz128_rollout8_val500_20260711T042102Z,4
568,0.3564453125,0.40931752938413063,0.3884765624999999,0.9970703125,0.6435546875,424.5693359375,1293,1134.5859375,,0,0,befgwmx7,run-20260711_042307-befgwmx7,trace_qwen25vl3b_easyr1_answer_nokl_noref_resume500_to600_bsz128_rollout8_val500_20260711T042102Z,4
569,0.40625,0.40919723411416475,0.4359374999999999,1,0.59375,458.7353515625,1360,1083,,0,0,befgwmx7,run-20260711_042307-befgwmx7,trace_qwen25vl3b_easyr1_answer_nokl_noref_resume500_to600_bsz128_rollout8_val500_20260711T042102Z,4
570,0.4111328125,0.4092731391489034,0.4405273437499999,0.9990234375,0.5888671875,435.4892578125,1989,1141.3359375,,0,0,befgwmx7,run-20260711_042307-befgwmx7,trace_qwen25vl3b_easyr1_answer_nokl_noref_resume500_to600_bsz128_rollout8_val500_20260711T042102Z,4
571,0.3466796875,0.40681849398620135,0.3792480468749999,0.998046875,0.6533203125,412.3583984375,1257,1122.2890625,,0,0,befgwmx7,run-20260711_042307-befgwmx7,trace_qwen25vl3b_easyr1_answer_nokl_noref_resume500_to600_bsz128_rollout8_val500_20260711T042102Z,4
572,0.4375,0.408021690300468,0.465576171875,0.9990234375,0.5625,427.0400390625,1786,1171.9296875,,0,0,befgwmx7,run-20260711_042307-befgwmx7,trace_qwen25vl3b_easyr1_answer_nokl_noref_resume500_to600_bsz128_rollout8_val500_20260711T042102Z,4
573,0.390625,0.40733946715143005,0.42099609374999997,0.998046875,0.609375,407.2998046875,2048,1081.921875,,0,0,befgwmx7,run-20260711_042307-befgwmx7,trace_qwen25vl3b_easyr1_answer_nokl_noref_resume500_to600_bsz128_rollout8_val500_20260711T042102Z,4
574,0.462890625,0.40951794392980534,0.48959960937499997,0.9970703125,0.537109375,420.52734375,1081,1146.984375,,0,0,befgwmx7,run-20260711_042307-befgwmx7,trace_qwen25vl3b_easyr1_answer_nokl_noref_resume500_to600_bsz128_rollout8_val500_20260711T042102Z,4
575,0.421875,0.41000253436393064,0.4507324218749999,0.9990234375,0.578125,417.234375,1246,1110.8046875,,0,0,befgwmx7,run-20260711_042307-befgwmx7,trace_qwen25vl3b_easyr1_answer_nokl_noref_resume500_to600_bsz128_rollout8_val500_20260711T042102Z,4
576,0.4140625,0.4101617487026,0.4432128906249999,0.9970703125,0.5859375,455.2158203125,2048,1165.734375,,0,0,befgwmx7,run-20260711_042307-befgwmx7,trace_qwen25vl3b_easyr1_answer_nokl_noref_resume500_to600_bsz128_rollout8_val500_20260711T042102Z,4
577,0.4169921875,0.4104296090475961,0.44614257812499997,1,0.5830078125,441.14453125,2021,1156.40625,,0,0,befgwmx7,run-20260711_042307-befgwmx7,trace_qwen25vl3b_easyr1_answer_nokl_noref_resume500_to600_bsz128_rollout8_val500_20260711T042102Z,4
578,0.3759765625,0.40907850918298455,0.40717773437499993,1,0.6240234375,418.2314453125,1965,1204.4453125,,0,0,befgwmx7,run-20260711_042307-befgwmx7,trace_qwen25vl3b_easyr1_answer_nokl_noref_resume500_to600_bsz128_rollout8_val500_20260711T042102Z,4
579,0.4580078125,0.410997305391495,0.485107421875,1,0.5419921875,427.3974609375,1822,1110.4375,,0,0,befgwmx7,run-20260711_042307-befgwmx7,trace_qwen25vl3b_easyr1_answer_nokl_noref_resume500_to600_bsz128_rollout8_val500_20260711T042102Z,4
580,0.40234375,0.41065795027810303,0.43217773437499996,0.9990234375,0.59765625,417.7880859375,1406,1201.453125,,0,0,befgwmx7,run-20260711_042307-befgwmx7,trace_qwen25vl3b_easyr1_answer_nokl_noref_resume500_to600_bsz128_rollout8_val500_20260711T042102Z,4
581,0.42578125,0.41125102085543236,0.45439453124999996,0.998046875,0.57421875,429.2685546875,2048,1055.6875,,0,0,befgwmx7,run-20260711_042307-befgwmx7,trace_qwen25vl3b_easyr1_answer_nokl_noref_resume500_to600_bsz128_rollout8_val500_20260711T042102Z,4
582,0.388671875,0.41036556415521935,0.41923828124999996,1,0.611328125,409.8212890625,1867,1055.265625,,0,0,befgwmx7,run-20260711_042307-befgwmx7,trace_qwen25vl3b_easyr1_answer_nokl_noref_resume500_to600_bsz128_rollout8_val500_20260711T042102Z,4
583,0.3662109375,0.4086340101687402,0.3978027343749999,0.998046875,0.6337890625,436.0625,2048,1088.5234375,,0,0,befgwmx7,run-20260711_042307-befgwmx7,trace_qwen25vl3b_easyr1_answer_nokl_noref_resume500_to600_bsz128_rollout8_val500_20260711T042102Z,4
584,0.384765625,0.4076979950640837,0.4153808593749999,0.9970703125,0.615234375,438.6083984375,2048,1095.1875,,0,0,befgwmx7,run-20260711_042307-befgwmx7,trace_qwen25vl3b_easyr1_answer_nokl_noref_resume500_to600_bsz128_rollout8_val500_20260711T042102Z,4
585,0.3203125,0.4042711129047079,0.35424804687499994,0.9990234375,0.6796875,420.712890625,1338,1111.1328125,,0,0,befgwmx7,run-20260711_042307-befgwmx7,trace_qwen25vl3b_easyr1_answer_nokl_noref_resume500_to600_bsz128_rollout8_val500_20260711T042102Z,4
586,0.42578125,0.4051146476927586,0.4544921875,1,0.57421875,426.67578125,1846,1109.7109375,,0,0,befgwmx7,run-20260711_042307-befgwmx7,trace_qwen25vl3b_easyr1_answer_nokl_noref_resume500_to600_bsz128_rollout8_val500_20260711T042102Z,4
587,0.3798828125,0.40412516395970927,0.41088867187499994,1,0.6201171875,441.703125,1566,1093.671875,,0,0,befgwmx7,run-20260711_042307-befgwmx7,trace_qwen25vl3b_easyr1_answer_nokl_noref_resume500_to600_bsz128_rollout8_val500_20260711T042102Z,4
588,0.41796875,0.40466804968677955,0.4470214843749999,0.9990234375,0.58203125,445.029296875,1370,1177.2578125,,0,0,befgwmx7,run-20260711_042307-befgwmx7,trace_qwen25vl3b_easyr1_answer_nokl_noref_resume500_to600_bsz128_rollout8_val500_20260711T042102Z,4
589,0.42578125,0.4054960183265137,0.4544433593749999,0.9990234375,0.57421875,466.123046875,1767,1182.5390625,,0,0,befgwmx7,run-20260711_042307-befgwmx7,trace_qwen25vl3b_easyr1_answer_nokl_noref_resume500_to600_bsz128_rollout8_val500_20260711T042102Z,4
590,0.4365234375,0.40671277986272886,0.4646972656249999,1,0.5634765625,468.3232421875,1478,1061.328125,,0,0,befgwmx7,run-20260711_042307-befgwmx7,trace_qwen25vl3b_easyr1_answer_nokl_noref_resume500_to600_bsz128_rollout8_val500_20260711T042102Z,4
591,0.455078125,0.40860946006419047,0.48232421875,1,0.544921875,449.189453125,1559,1112.9765625,,0,0,befgwmx7,run-20260711_042307-befgwmx7,trace_qwen25vl3b_easyr1_answer_nokl_noref_resume500_to600_bsz128_rollout8_val500_20260711T042102Z,4
592,0.369140625,0.4070616626106928,0.40068359374999996,1,0.630859375,446.916015625,1584,1149.1875,,0,0,befgwmx7,run-20260711_042307-befgwmx7,trace_qwen25vl3b_easyr1_answer_nokl_noref_resume500_to600_bsz128_rollout8_val500_20260711T042102Z,4
593,0.3662109375,0.40545967339066563,0.3978515625,0.9990234375,0.6337890625,496.505859375,1257,1095.3359375,,0,0,befgwmx7,run-20260711_042307-befgwmx7,trace_qwen25vl3b_easyr1_answer_nokl_noref_resume500_to600_bsz128_rollout8_val500_20260711T042102Z,4
594,0.38671875,0.4047247352184827,0.41718749999999993,0.99609375,0.61328125,486.556640625,1794,1122.421875,,0,0,befgwmx7,run-20260711_042307-befgwmx7,trace_qwen25vl3b_easyr1_answer_nokl_noref_resume500_to600_bsz128_rollout8_val500_20260711T042102Z,4
595,0.4189453125,0.4052824049157971,0.44794921874999993,0.9990234375,0.5810546875,494.814453125,1396,1136.609375,,0,0,befgwmx7,run-20260711_042307-befgwmx7,trace_qwen25vl3b_easyr1_answer_nokl_noref_resume500_to600_bsz128_rollout8_val500_20260711T042102Z,4
596,0.4345703125,0.40643095031125603,0.46284179687499993,1,0.5654296875,499.048828125,1983,1149.390625,,0,0,befgwmx7,run-20260711_042307-befgwmx7,trace_qwen25vl3b_easyr1_answer_nokl_noref_resume500_to600_bsz128_rollout8_val500_20260711T042102Z,4
597,0.4033203125,0.4063089645147362,0.43305664062499993,0.998046875,0.5966796875,498.7978515625,1434,1174.09375,,0,0,befgwmx7,run-20260711_042307-befgwmx7,trace_qwen25vl3b_easyr1_answer_nokl_noref_resume500_to600_bsz128_rollout8_val500_20260711T042102Z,4
598,0.41015625,0.40645983845533473,0.439599609375,0.9990234375,0.58984375,481.76953125,1799,1184.0859375,,0,0,befgwmx7,run-20260711_042307-befgwmx7,trace_qwen25vl3b_easyr1_answer_nokl_noref_resume500_to600_bsz128_rollout8_val500_20260711T042102Z,4
599,0.3740234375,0.4051878227315961,0.40527343749999994,0.9990234375,0.6259765625,504.0029296875,1926,1131.7421875,,0,0,befgwmx7,run-20260711_042307-befgwmx7,trace_qwen25vl3b_easyr1_answer_nokl_noref_resume500_to600_bsz128_rollout8_val500_20260711T042102Z,4
600,0.4638671875,0.40748897429114134,0.490576171875,0.998046875,0.5361328125,479.1064453125,2048,1124.890625,,0,0,befgwmx7,run-20260711_042307-befgwmx7,trace_qwen25vl3b_easyr1_answer_nokl_noref_resume500_to600_bsz128_rollout8_val500_20260711T042102Z,4
601,0.3935546875,0.40694253167188094,0.42363281249999996,0.9951171875,0.6064453125,502.662109375,1624,1078.8671875,,0,0,u98u42ja,run-20260711_102435-u98u42ja,trace_qwen25vl3b_easyr1_answer_nokl_resume600_to700_bsz128_rollout8_val500_20260711T102124Z,5
602,0.478515625,0.40974931964553263,0.5044921874999999,0.998046875,0.521484375,513.2802734375,2048,1157.0546875,,0,0,u98u42ja,run-20260711_102435-u98u42ja,trace_qwen25vl3b_easyr1_answer_nokl_resume600_to700_bsz128_rollout8_val500_20260711T102124Z,5
603,0.4404296875,0.41095247132609997,0.46831054687499996,0.998046875,0.5595703125,506.861328125,1903,1143.7265625,,0,0,u98u42ja,run-20260711_102435-u98u42ja,trace_qwen25vl3b_easyr1_answer_nokl_resume600_to700_bsz128_rollout8_val500_20260711T102124Z,5
604,0.3828125,0.4098489430388019,0.41367187499999997,1,0.6171875,510.880859375,1489,1144.265625,,0,0,u98u42ja,run-20260711_102435-u98u42ja,trace_qwen25vl3b_easyr1_answer_nokl_resume600_to700_bsz128_rollout8_val500_20260711T102124Z,5
605,0.4091796875,0.4098226977235548,0.438720703125,1,0.5908203125,513.1455078125,1853,1130.7421875,,0,0,u98u42ja,run-20260711_102435-u98u42ja,trace_qwen25vl3b_easyr1_answer_nokl_resume600_to700_bsz128_rollout8_val500_20260711T102124Z,5
606,0.4287109375,0.4105634130089056,0.4571777343749999,0.998046875,0.5712890625,504.279296875,1804,1151.9296875,,0,0,u98u42ja,run-20260711_102435-u98u42ja,trace_qwen25vl3b_easyr1_answer_nokl_resume600_to700_bsz128_rollout8_val500_20260711T102124Z,5
607,0.380859375,0.40939854877326226,0.4117187499999999,0.998046875,0.619140625,518.91015625,2048,1086.8984375,,0,0,u98u42ja,run-20260711_102435-u98u42ja,trace_qwen25vl3b_easyr1_answer_nokl_resume600_to700_bsz128_rollout8_val500_20260711T102124Z,5
608,0.3671875,0.407743213527252,0.3987792968749999,0.9990234375,0.6328125,502.41796875,2048,1094.1875,,0,0,u98u42ja,run-20260711_102435-u98u42ja,trace_qwen25vl3b_easyr1_answer_nokl_resume600_to700_bsz128_rollout8_val500_20260711T102124Z,5
609,0.3935546875,0.4071868007418696,0.42373046875,0.9970703125,0.6064453125,482.3798828125,1784,1158.046875,,0,0,u98u42ja,run-20260711_102435-u98u42ja,trace_qwen25vl3b_easyr1_answer_nokl_resume600_to700_bsz128_rollout8_val500_20260711T102124Z,5
610,0.4140625,0.4074564360068943,0.44326171875,0.998046875,0.5859375,486.5087890625,2048,1139.7265625,,0,0,u98u42ja,run-20260711_102435-u98u42ja,trace_qwen25vl3b_easyr1_answer_nokl_resume600_to700_bsz128_rollout8_val500_20260711T102124Z,5
611,0.4111328125,0.4076006076340749,0.44047851562499996,0.998046875,0.5888671875,487.7734375,1684,1126.1875,,0,0,u98u42ja,run-20260711_102435-u98u42ja,trace_qwen25vl3b_easyr1_answer_nokl_resume600_to700_bsz128_rollout8_val500_20260711T102124Z,5
612,0.4326171875,0.4085816499817583,0.460888671875,0.998046875,0.5673828125,489.5849609375,2048,1174.46875,,0,0,u98u42ja,run-20260711_102435-u98u42ja,trace_qwen25vl3b_easyr1_answer_nokl_resume600_to700_bsz128_rollout8_val500_20260711T102124Z,5
613,0.4033203125,0.40837532302168933,0.43305664062499993,0.998046875,0.5966796875,486.8017578125,1933,1099.0703125,,0,0,u98u42ja,run-20260711_102435-u98u42ja,trace_qwen25vl3b_easyr1_answer_nokl_resume600_to700_bsz128_rollout8_val500_20260711T102124Z,5
614,0.3916015625,0.40771752849142706,0.42192382812499996,0.998046875,0.6083984375,506.5380859375,2014,1134.5625,,0,0,u98u42ja,run-20260711_102435-u98u42ja,trace_qwen25vl3b_easyr1_answer_nokl_resume600_to700_bsz128_rollout8_val500_20260711T102124Z,5
615,0.423828125,0.40834931658980245,0.4526367187499999,1,0.576171875,479.4990234375,1686,1138.0546875,,0,0,u98u42ja,run-20260711_102435-u98u42ja,trace_qwen25vl3b_easyr1_answer_nokl_resume600_to700_bsz128_rollout8_val500_20260711T102124Z,5
616,0.427734375,0.4091095149588298,0.45634765624999996,1,0.572265625,494.16015625,1999,1149.4453125,,0,0,u98u42ja,run-20260711_102435-u98u42ja,trace_qwen25vl3b_easyr1_answer_nokl_resume600_to700_bsz128_rollout8_val500_20260711T102124Z,5
617,0.4404296875,0.41033775701926783,0.46826171875,0.9970703125,0.5595703125,485.80078125,2048,1169.7890625,,0,0,u98u42ja,run-20260711_102435-u98u42ja,trace_qwen25vl3b_easyr1_answer_nokl_resume600_to700_bsz128_rollout8_val500_20260711T102124Z,5
618,0.3798828125,0.4091434454694926,0.4107421874999999,0.9970703125,0.6201171875,478.1826171875,1352,1136.2265625,,0,0,u98u42ja,run-20260711_102435-u98u42ja,trace_qwen25vl3b_easyr1_answer_nokl_resume600_to700_bsz128_rollout8_val500_20260711T102124Z,5
619,0.4375,0.41025546721578704,0.4654296874999999,0.99609375,0.5625,478.5732421875,2048,1141.375,,0,0,u98u42ja,run-20260711_102435-u98u42ja,trace_qwen25vl3b_easyr1_answer_nokl_resume600_to700_bsz128_rollout8_val500_20260711T102124Z,5
620,0.3779296875,0.40898778957987386,0.4088378906249999,0.99609375,0.6220703125,454.5029296875,2048,1090.6953125,,0,0,u98u42ja,run-20260711_102435-u98u42ja,trace_qwen25vl3b_easyr1_answer_nokl_resume600_to700_bsz128_rollout8_val500_20260711T102124Z,5
621,0.4150390625,0.409225094400271,0.4442382812499999,0.9990234375,0.5849609375,503.0791015625,1587,1095.296875,,0,0,u98u42ja,run-20260711_102435-u98u42ja,trace_qwen25vl3b_easyr1_answer_nokl_resume600_to700_bsz128_rollout8_val500_20260711T102124Z,5
622,0.3974609375,0.40876375491398587,0.42753906249999996,0.9990234375,0.6025390625,489.236328125,2048,1067.671875,,0,0,u98u42ja,run-20260711_102435-u98u42ja,trace_qwen25vl3b_easyr1_answer_nokl_resume600_to700_bsz128_rollout8_val500_20260711T102124Z,5
623,0.4306640625,0.4096225905055943,0.459130859375,1,0.5693359375,458.5537109375,1690,1081.15625,,0,0,u98u42ja,run-20260711_102435-u98u42ja,trace_qwen25vl3b_easyr1_answer_nokl_resume600_to700_bsz128_rollout8_val500_20260711T102124Z,5
624,0.4609375,0.4116349398975318,0.48784179687499996,0.9990234375,0.5390625,436.3876953125,1607,1161.8125,,0,0,u98u42ja,run-20260711_102435-u98u42ja,trace_qwen25vl3b_easyr1_answer_nokl_resume600_to700_bsz128_rollout8_val500_20260711T102124Z,5
625,0.4326171875,0.4124577731368443,0.46098632812499996,1,0.5673828125,452.1865234375,1776,1184.796875,,0,0,u98u42ja,run-20260711_102435-u98u42ja,trace_qwen25vl3b_easyr1_answer_nokl_resume600_to700_bsz128_rollout8_val500_20260711T102124Z,5
