domain,scene_id,task_id,source_path,config_path,prompt_path,task_doc_path,review_path,answer_schema_doc,annotation_schema_doc,answer_schema_observed,annotation_schema_observed,query_ids_doc,query_ids_class,query_ids_manifest,query_ids_observed,program_contract,closest_neighbor,uniqueness_decision,notes
charts,annotated_series,task_charts__annotated_series__callout_endpoint_change_value,trace/tasks/charts/annotated_series/callout_endpoint_change_value.py,configs/domains/charts/annotated_series.yaml,prompts/charts/annotated_series/charts_annotated_series_v1.json,docs/tasks/charts/annotated_series/task_charts__annotated_series__callout_endpoint_change_value.md,review/task-reviews/charts/annotated_series/task_charts__annotated_series__callout_endpoint_change_value,integer_value,point_map,integer,point_map,single,single,single,single,"`absolute_difference(value(mark(role=callout_mark)), value(mark(role=endpoint_mark))); output=integer_value; annotation=point_map(callout_mark, endpoint_mark); generation_metadata=endpoint_side:{first,last}; scene=annotated_series; scope=callout_endpoint_change_value`",,keep,
charts,area,task_charts__area__interval_area_value,trace/tasks/charts/area/interval_area_value.py,configs/domains/charts/area.yaml,,docs/tasks/charts/area/task_charts__area__interval_area_value.md,review/task-reviews/charts/area/task_charts__area__interval_area_value,integer_value,point_set,integer,point_set,single,single,single,single,"`sum(trapezoid_area(value(series,x_i), value(series,x_{i+1})) for adjacent intervals in selected_x_interval); output=integer_value; annotation=point_set(selected_interval_marks); scene=area; scope=interval_area_value`",task_charts__area__stacked_band_interval_sum_value (0.64),keep,
charts,area,task_charts__area__stacked_band_dominance_label,trace/tasks/charts/area/stacked_band_dominance_label.py,configs/domains/charts/area.yaml,,docs/tasks/charts/area/task_charts__area__stacked_band_dominance_label.md,review/task-reviews/charts/area/task_charts__area__stacked_band_dominance_label,string_label,point_set,string,point_set,single,single,single,single,"`argmax(category_label, sum(value(category_label,x) for x in selected_x_interval)); output=string_label; annotation=point_set(winning_category_interval_marks); scene=area; scope=stacked_band_dominance_label`",task_charts__area__stacked_band_interval_sum_value (0.81),keep,
charts,area,task_charts__area__stacked_band_interval_sum_value,trace/tasks/charts/area/stacked_band_interval_sum_value.py,configs/domains/charts/area.yaml,,docs/tasks/charts/area/task_charts__area__stacked_band_interval_sum_value.md,review/task-reviews/charts/area/task_charts__area__stacked_band_interval_sum_value,integer_value,point_set,integer,point_set,single,single,single,single,"`sum(value(category_label,x) for x in selected_x_interval); output=integer_value; annotation=point_set(selected_category_interval_marks); scene=area; scope=stacked_band_interval_sum_value`",task_charts__area__stacked_band_dominance_label (0.81),keep,
charts,bar_3d,task_charts__bar_3d__category_extremum_gap_value,trace/tasks/charts/bar_3d/category_extremum_gap_value.py,configs/domains/charts/bar_3d.yaml,,docs/tasks/charts/bar_3d/task_charts__bar_3d__category_extremum_gap_value.md,review/task-reviews/charts/bar_3d/task_charts__bar_3d__category_extremum_gap_value,integer_value,point_map,integer,point_map,single,single,single,single,"`difference(max(value(category_label,series) for series in visible_series), min(value(category_label,series) for series in visible_series)); output=integer_value; annotation=point_map(highest, lowest); scene=bar_3d; scope=category_extremum_gap_value`",task_charts__bar_3d__category_total_gap_value (0.61),keep,
charts,bar_3d,task_charts__bar_3d__category_threshold_count,trace/tasks/charts/bar_3d/category_threshold_count.py,configs/domains/charts/bar_3d.yaml,,docs/tasks/charts/bar_3d/task_charts__bar_3d__category_threshold_count.md,review/task-reviews/charts/bar_3d/task_charts__bar_3d__category_threshold_count,integer_count,point_set,integer,point_set,single,single,single,single,"`count(series where compare(value(category_label,series), threshold, relation=threshold_condition)); output=integer_count; annotation=point_set(matching_bar_top_centers); scene=bar_3d; scope=category_threshold_count`",task_charts__bar_3d__series_threshold_count (1.00),keep,
charts,bar_3d,task_charts__bar_3d__category_total_gap_value,trace/tasks/charts/bar_3d/category_total_gap_value.py,configs/domains/charts/bar_3d.yaml,,docs/tasks/charts/bar_3d/task_charts__bar_3d__category_total_gap_value.md,review/task-reviews/charts/bar_3d/task_charts__bar_3d__category_total_gap_value,integer_value,point_set_map,integer,point_set_map,single,single,single,single,"`difference(sum(value(category_a,series) for series in visible_series), sum(value(category_b,series) for series in visible_series)); output=integer_value; annotation=point_set_map(category_a_total_bars, category_b_total_bars); scene=bar_3d; scope=category_total_gap_value`",task_charts__bar_3d__series_total_gap_value (0.96),keep,
charts,bar_3d,task_charts__bar_3d__category_total_value,trace/tasks/charts/bar_3d/category_total_value.py,configs/domains/charts/bar_3d.yaml,,docs/tasks/charts/bar_3d/task_charts__bar_3d__category_total_value.md,review/task-reviews/charts/bar_3d/task_charts__bar_3d__category_total_value,integer_value,point_set,integer,point_set,single,single,single,single,"`sum(value(category_label,series) for series in visible_series); output=integer_value; annotation=point_set(category_bar_top_centers); scene=bar_3d; scope=category_total_value`",task_charts__bar_3d__series_category_scope_total_value (0.81),keep,
charts,bar_3d,task_charts__bar_3d__pairwise_comparison_count,trace/tasks/charts/bar_3d/pairwise_comparison_count.py,configs/domains/charts/bar_3d.yaml,,docs/tasks/charts/bar_3d/task_charts__bar_3d__pairwise_comparison_count.md,review/task-reviews/charts/bar_3d/task_charts__bar_3d__pairwise_comparison_count,integer_count,segment_set,integer,segment_set,single,single,single,single,"`count(category where compare(value(category,series_a), value(category,series_b), relation=greater_than)); output=integer_count; annotation=segment_set(comparison_bar_top_center_pairs); scene=bar_3d; scope=pairwise_comparison_count`",task_charts__bar_3d__category_threshold_count (0.55),keep,
charts,bar_3d,task_charts__bar_3d__series_category_scope_total_value,trace/tasks/charts/bar_3d/series_category_scope_total_value.py,configs/domains/charts/bar_3d.yaml,,docs/tasks/charts/bar_3d/task_charts__bar_3d__series_category_scope_total_value.md,review/task-reviews/charts/bar_3d/task_charts__bar_3d__series_category_scope_total_value,integer_value,point_set,integer,point_set,"series_total_value,series_interval_total_value","series_total_value,series_interval_total_value","series_interval_total_value,series_total_value","series_interval_total_value,series_total_value","`sum(value(category,series_label) for category in selected_category_scope); output=integer_value; annotation=point_set(selected_bar_top_centers); scene=bar_3d; scope=series_category_scope_total_value; category_scope={all,contiguous_interval}`",task_charts__bar_3d__category_total_value (0.81),keep,
charts,bar_3d,task_charts__bar_3d__series_threshold_count,trace/tasks/charts/bar_3d/series_threshold_count.py,configs/domains/charts/bar_3d.yaml,,docs/tasks/charts/bar_3d/task_charts__bar_3d__series_threshold_count.md,review/task-reviews/charts/bar_3d/task_charts__bar_3d__series_threshold_count,integer_count,point_set,integer,point_set,single,single,single,single,"`count(category where compare(value(category,series_label), threshold, relation=threshold_condition)); output=integer_count; annotation=point_set(matching_bar_top_centers); scene=bar_3d; scope=series_threshold_count`",task_charts__bar_3d__category_threshold_count (1.00),keep,
charts,bar_3d,task_charts__bar_3d__series_total_gap_value,trace/tasks/charts/bar_3d/series_total_gap_value.py,configs/domains/charts/bar_3d.yaml,,docs/tasks/charts/bar_3d/task_charts__bar_3d__series_total_gap_value.md,review/task-reviews/charts/bar_3d/task_charts__bar_3d__series_total_gap_value,integer_value,point_set_map,integer,point_set_map,single,single,single,single,"`difference(sum(value(category,series_a) for category in visible_categories), sum(value(category,series_b) for category in visible_categories)); output=integer_value; annotation=point_set_map(series_a_total_bars, series_b_total_bars); scene=bar_3d; scope=series_total_gap_value`",task_charts__bar_3d__category_total_gap_value (0.96),keep,
charts,boxplot,task_charts__boxplot__iqr_extremum_label,trace/tasks/charts/boxplot/iqr_extremum_label.py,configs/domains/charts/boxplot.yaml,,docs/tasks/charts/boxplot/task_charts__boxplot__iqr_extremum_label.md,review/task-reviews/charts/boxplot/task_charts__boxplot__iqr_extremum_label,string_label,bbox,string,bbox,"largest_iqr_label,smallest_iqr_label","largest_iqr_label,smallest_iqr_label","largest_iqr_label,smallest_iqr_label","largest_iqr_label,smallest_iqr_label","`arg_extreme(group_label, q3(group_label)-q1(group_label), direction={largest,smallest}); output=string_label; annotation=bbox(answer_iqr_box); scene=boxplot; scope=iqr_extremum_label`",task_charts__boxplot__paired_median_shift_label (0.31),keep,
charts,boxplot,task_charts__boxplot__median_rank_difference_value,trace/tasks/charts/boxplot/median_rank_difference_value.py,configs/domains/charts/boxplot.yaml,,docs/tasks/charts/boxplot/task_charts__boxplot__median_rank_difference_value.md,review/task-reviews/charts/boxplot/task_charts__boxplot__median_rank_difference_value,integer_value,point_map,integer,point_map,"median_top_second_difference_value,median_top_third_difference_value,median_top_bottom_difference_value","median_top_second_difference_value,median_top_third_difference_value,median_top_bottom_difference_value","median_top_bottom_difference_value,median_top_second_difference_value,median_top_third_difference_value","median_top_bottom_difference_value,median_top_second_difference_value,median_top_third_difference_value","`absolute_difference(median(group_at_rank=top), median(group_at_rank={second,third,bottom})); output=integer_value; annotation=point_map(upper_median, lower_median); scene=boxplot; scope=median_rank_difference_value`",task_charts__boxplot__paired_median_shift_label (0.31),keep,
charts,boxplot,task_charts__boxplot__paired_median_shift_label,trace/tasks/charts/boxplot/paired_median_shift_label.py,configs/domains/charts/boxplot.yaml,,docs/tasks/charts/boxplot/task_charts__boxplot__paired_median_shift_label.md,review/task-reviews/charts/boxplot/task_charts__boxplot__paired_median_shift_label,string_label,point_map,string,point_map,"paired_median_greatest_increase_label,paired_median_greatest_decrease_label,paired_median_greatest_absolute_change_label","paired_median_greatest_increase_label,paired_median_greatest_decrease_label,paired_median_greatest_absolute_change_label","paired_median_greatest_absolute_change_label,paired_median_greatest_decrease_label,paired_median_greatest_increase_label","paired_median_greatest_absolute_change_label,paired_median_greatest_decrease_label,paired_median_greatest_increase_label","`arg_extreme(pair_label, median(after_boxplot)-median(before_boxplot), mode={increase,decrease,absolute_change}); output=string_label; annotation=point_map(before_boxplot, after_boxplot); scene=boxplot; scope=paired_median_shift_label`",task_charts__boxplot__iqr_extremum_label (0.31),keep,
charts,candlestick,task_charts__candlestick__counterfactual_close_value,trace/tasks/charts/candlestick/counterfactual_close_value.py,configs/domains/charts/candlestick.yaml,,docs/tasks/charts/candlestick/task_charts__candlestick__counterfactual_close_value.md,review/task-reviews/charts/candlestick/task_charts__candlestick__counterfactual_close_value,integer_value,point,integer,point,"close_after_body_increase_value,close_after_body_decrease_value","close_after_body_increase_value,close_after_body_decrease_value","close_after_body_decrease_value,close_after_body_increase_value","close_after_body_decrease_value,close_after_body_increase_value","`counterfactual_close(candle_label, body_change_direction={increase,decrease}); output=integer_value; annotation=point(target_body_center); scene=candlestick; scope=counterfactual_close_value`",task_charts__candlestick__range_extremum_label (0.33),keep,
charts,candlestick,task_charts__candlestick__range_extremum_label,trace/tasks/charts/candlestick/range_extremum_label.py,configs/domains/charts/candlestick.yaml,,docs/tasks/charts/candlestick/task_charts__candlestick__range_extremum_label.md,review/task-reviews/charts/candlestick/task_charts__candlestick__range_extremum_label,string_label,segment,string,segment,"largest_wick_range_label,smallest_wick_range_label,largest_body_range_label,smallest_body_range_label","largest_wick_range_label,smallest_wick_range_label,largest_body_range_label,smallest_body_range_label","largest_body_range_label,largest_wick_range_label,smallest_body_range_label,smallest_wick_range_label","largest_body_range_label,largest_wick_range_label,smallest_body_range_label,smallest_wick_range_label","`arg_extreme(candle_label, range(candle_label, range_kind={wick,body}), direction={largest,smallest}); output=string_label; annotation=segment(answer_candle_range_mark); scene=candlestick; scope=range_extremum_label`",task_charts__candlestick__counterfactual_close_value (0.33),keep,
charts,combo_mark,task_charts__combo_mark__absolute_gap_extremum_label,trace/tasks/charts/combo_mark/absolute_gap_extremum_label.py,configs/domains/charts/combo_mark.yaml,,docs/tasks/charts/combo_mark/task_charts__combo_mark__absolute_gap_extremum_label.md,review/task-reviews/charts/combo_mark/task_charts__combo_mark__absolute_gap_extremum_label,string_label,point_map,string,point_map,"largest_absolute_gap_label,smallest_nonzero_absolute_gap_label","largest_absolute_gap_label,smallest_nonzero_absolute_gap_label","largest_absolute_gap_label,smallest_nonzero_absolute_gap_label","largest_absolute_gap_label,smallest_nonzero_absolute_gap_label","`arg_extreme(x_label, abs(value(primary,x_label)-value(line,x_label)), mode={largest,smallest_nonzero}); output=string_label; annotation=point_map(primary_mark, line_mark); scene=combo_mark; scope=absolute_gap_extremum_label`",task_charts__combo_mark__conditioned_line_extremum_label (0.59),keep,
charts,combo_mark,task_charts__combo_mark__conditioned_line_extremum_label,trace/tasks/charts/combo_mark/conditioned_line_extremum_label.py,configs/domains/charts/combo_mark.yaml,,docs/tasks/charts/combo_mark/task_charts__combo_mark__conditioned_line_extremum_label.md,review/task-reviews/charts/combo_mark/task_charts__combo_mark__conditioned_line_extremum_label,string_label,point_map,string,point_map,"max_line_where_primary_above_threshold,min_line_where_primary_above_threshold","max_line_where_primary_above_threshold,min_line_where_primary_above_threshold","max_line_where_primary_above_threshold,min_line_where_primary_above_threshold","max_line_where_primary_above_threshold,min_line_where_primary_above_threshold","`arg_extreme(x_label, value(line,x_label), filter=value(primary,x_label)>threshold, direction={max,min}); output=string_label; annotation=point_map(primary_mark, line_mark); scene=combo_mark; scope=conditioned_line_extremum_label`",task_charts__combo_mark__conditioned_primary_extremum_label (1.00),keep,
charts,combo_mark,task_charts__combo_mark__conditioned_primary_extremum_label,trace/tasks/charts/combo_mark/conditioned_primary_extremum_label.py,configs/domains/charts/combo_mark.yaml,,docs/tasks/charts/combo_mark/task_charts__combo_mark__conditioned_primary_extremum_label.md,review/task-reviews/charts/combo_mark/task_charts__combo_mark__conditioned_primary_extremum_label,string_label,point_map,string,point_map,"max_primary_where_line_below_threshold,min_primary_where_line_below_threshold","max_primary_where_line_below_threshold,min_primary_where_line_below_threshold","max_primary_where_line_below_threshold,min_primary_where_line_below_threshold","max_primary_where_line_below_threshold,min_primary_where_line_below_threshold","`arg_extreme(x_label, value(primary,x_label), filter=value(line,x_label)<threshold, direction={max,min}); output=string_label; annotation=point_map(primary_mark, line_mark); scene=combo_mark; scope=conditioned_primary_extremum_label`",task_charts__combo_mark__conditioned_line_extremum_label (1.00),keep,
charts,combo_mark,task_charts__combo_mark__cross_mark_difference_value,trace/tasks/charts/combo_mark/cross_mark_difference_value.py,configs/domains/charts/combo_mark.yaml,,docs/tasks/charts/combo_mark/task_charts__combo_mark__cross_mark_difference_value.md,review/task-reviews/charts/combo_mark/task_charts__combo_mark__cross_mark_difference_value,integer_value,point_map,integer,point_map,"primary_minus_line_at_label,line_minus_primary_at_label","primary_minus_line_at_label,line_minus_primary_at_label","line_minus_primary_at_label,primary_minus_line_at_label","line_minus_primary_at_label,primary_minus_line_at_label","`difference(value(primary,x_label), value(line,x_label), mode={primary_minus_line,line_minus_primary}); output=integer_value; annotation=point_map(primary_mark, line_mark); scene=combo_mark; scope=cross_mark_difference_value`",task_charts__combo_mark__absolute_gap_extremum_label (0.53),keep,
charts,combo_mark,task_charts__combo_mark__directional_gap_extremum_label,trace/tasks/charts/combo_mark/directional_gap_extremum_label.py,configs/domains/charts/combo_mark.yaml,,docs/tasks/charts/combo_mark/task_charts__combo_mark__directional_gap_extremum_label.md,review/task-reviews/charts/combo_mark/task_charts__combo_mark__directional_gap_extremum_label,string_label,point_map,string,point_map,"largest_primary_over_line_gap_label,largest_line_over_primary_gap_label","largest_primary_over_line_gap_label,largest_line_over_primary_gap_label","largest_line_over_primary_gap_label,largest_primary_over_line_gap_label","largest_line_over_primary_gap_label,largest_primary_over_line_gap_label","`argmax(x_label, positive_gap(value(winning_series,x_label), value(other_series,x_label)), winning_series={primary,line}); output=string_label; annotation=point_map(primary_mark, line_mark); scene=combo_mark; scope=directional_gap_extremum_label`",task_charts__combo_mark__absolute_gap_extremum_label (0.56),keep,
charts,combo_mark,task_charts__combo_mark__dual_threshold_condition_count,trace/tasks/charts/combo_mark/dual_threshold_condition_count.py,configs/domains/charts/combo_mark.yaml,,docs/tasks/charts/combo_mark/task_charts__combo_mark__dual_threshold_condition_count.md,review/task-reviews/charts/combo_mark/task_charts__combo_mark__dual_threshold_condition_count,integer_count,segment_set,integer,segment_set,"primary_above_and_line_above,primary_above_and_line_below,primary_below_and_line_above","primary_above_and_line_above,primary_above_and_line_below,primary_below_and_line_above","primary_above_and_line_above,primary_above_and_line_below,primary_below_and_line_above","primary_above_and_line_above,primary_above_and_line_below,primary_below_and_line_above","`count(x_label where compare(value(primary,x_label), primary_threshold, primary_relation) and compare(value(line,x_label), line_threshold, line_relation)); output=integer_count; annotation=segment_set(matching_primary_line_marks); scene=combo_mark; scope=dual_threshold_condition_count`",task_charts__combo_mark__interval_threshold_condition_count (0.74),keep,
charts,combo_mark,task_charts__combo_mark__interval_threshold_condition_count,trace/tasks/charts/combo_mark/interval_threshold_condition_count.py,configs/domains/charts/combo_mark.yaml,,docs/tasks/charts/combo_mark/task_charts__combo_mark__interval_threshold_condition_count.md,review/task-reviews/charts/combo_mark/task_charts__combo_mark__interval_threshold_condition_count,integer_count,segment_set,integer,segment_set,"primary_between_and_line_above,line_between_and_primary_above","primary_between_and_line_above,line_between_and_primary_above","line_between_and_primary_above,primary_between_and_line_above","line_between_and_primary_above,primary_between_and_line_above","`count(x_label where in_interval(value(condition_series,x_label), lower_bound, upper_bound) and compare(value(target_series,x_label), threshold, relation=above)); output=integer_count; annotation=segment_set(matching_primary_line_marks); scene=combo_mark; scope=interval_threshold_condition_count`",task_charts__combo_mark__dual_threshold_condition_count (0.74),keep,
charts,combo_mark,task_charts__combo_mark__series_threshold_crossing_label,trace/tasks/charts/combo_mark/series_threshold_crossing_label.py,configs/domains/charts/combo_mark.yaml,,docs/tasks/charts/combo_mark/task_charts__combo_mark__series_threshold_crossing_label.md,review/task-reviews/charts/combo_mark/task_charts__combo_mark__series_threshold_crossing_label,string_label,point,string,point,"primary_first_above_threshold_label,primary_first_below_threshold_label,line_first_above_threshold_label,line_first_below_threshold_label","primary_first_above_threshold_label,primary_first_below_threshold_label,line_first_above_threshold_label,line_first_below_threshold_label","line_first_above_threshold_label,line_first_below_threshold_label,primary_first_above_threshold_label,primary_first_below_threshold_label","line_first_above_threshold_label,line_first_below_threshold_label,primary_first_above_threshold_label,primary_first_below_threshold_label","`first_x_label(series, threshold, crossing_direction={above,below}); output=string_label; annotation=point(answer_mark); scene=combo_mark; scope=series_threshold_crossing_label`",task_charts__combo_mark__conditioned_line_extremum_label (0.45),keep,
charts,composition_panels,task_charts__composition_panels__composition_shift_l1_distance,trace/tasks/charts/composition_panels/composition_shift_l1_distance.py,configs/domains/charts/composition_panels.yaml,,docs/tasks/charts/composition_panels/task_charts__composition_panels__composition_shift_l1_distance.md,review/task-reviews/charts/composition_panels/task_charts__composition_panels__composition_shift_l1_distance,integer_value,bbox_set,integer,bbox_set,single,single,single,single,"`sum(abs(share(end_panel,segment)-share(start_panel,segment)) for segment in segments); output=integer_value; annotation=bbox_set(compared_panels); scene=composition_panels; scope=composition_shift_l1_distance`",task_charts__composition_panels__conditioned_panel_sum_from_percent (0.51),keep,
charts,composition_panels,task_charts__composition_panels__conditioned_panel_sum_from_percent,trace/tasks/charts/composition_panels/conditioned_panel_sum_from_percent.py,configs/domains/charts/composition_panels.yaml,,docs/tasks/charts/composition_panels/task_charts__composition_panels__conditioned_panel_sum_from_percent.md,review/task-reviews/charts/composition_panels/task_charts__composition_panels__conditioned_panel_sum_from_percent,integer_value,bbox_set,integer,bbox_set,single,single,single,single,"`sum(count(panel,target_segment) for panel in filter(panels, share(panel,condition_segment) > threshold)); output=integer_value; annotation=bbox_set(selected_panels); scene=composition_panels; scope=conditioned_panel_sum_from_percent`",task_charts__composition_panels__top_k_by_segment_then_sum_other_segment_count (0.61),keep,
charts,composition_panels,task_charts__composition_panels__segment_count_extremum_panel_label,trace/tasks/charts/composition_panels/segment_count_extremum_panel_label.py,configs/domains/charts/composition_panels.yaml,,docs/tasks/charts/composition_panels/task_charts__composition_panels__segment_count_extremum_panel_label.md,review/task-reviews/charts/composition_panels/task_charts__composition_panels__segment_count_extremum_panel_label,string_label,point_map,string,point_map,"largest_count,smallest_count","largest_count,smallest_count","largest_count,smallest_count","largest_count,smallest_count","`select(panel where count(panel,target_segment) is extremum(direction)); output=string_label; annotation=point_map(segment_percent,panel_total); scene=composition_panels; scope=segment_count_extremum_panel_label`",task_charts__composition_panels__segment_count_nearest_target_panel_label (0.61),keep,
charts,composition_panels,task_charts__composition_panels__segment_count_nearest_target_panel_label,trace/tasks/charts/composition_panels/segment_count_nearest_target_panel_label.py,configs/domains/charts/composition_panels.yaml,,docs/tasks/charts/composition_panels/task_charts__composition_panels__segment_count_nearest_target_panel_label.md,review/task-reviews/charts/composition_panels/task_charts__composition_panels__segment_count_nearest_target_panel_label,string_label,bbox,string,bbox,single,single,single,single,"`select(panel where abs(count(panel,target_segment)-target_count) is minimum); output=string_label; annotation=bbox(answer_panel); scene=composition_panels; scope=segment_count_nearest_target_panel_label`",task_charts__composition_panels__segment_pair_count_gap_extremum_panel_label (0.68),keep,
charts,composition_panels,task_charts__composition_panels__segment_pair_count_gap_extremum_panel_label,trace/tasks/charts/composition_panels/segment_pair_count_gap_extremum_panel_label.py,configs/domains/charts/composition_panels.yaml,,docs/tasks/charts/composition_panels/task_charts__composition_panels__segment_pair_count_gap_extremum_panel_label.md,review/task-reviews/charts/composition_panels/task_charts__composition_panels__segment_pair_count_gap_extremum_panel_label,string_label,bbox,string,bbox,"largest_count_gap,smallest_count_gap","largest_count_gap,smallest_count_gap","largest_count_gap,smallest_count_gap","largest_count_gap,smallest_count_gap","`select(panel where abs(count(panel,segment_a)-count(panel,segment_b)) is extremum(direction)); output=string_label; annotation=bbox(answer_panel); scene=composition_panels; scope=segment_pair_count_gap_extremum_panel_label`",task_charts__composition_panels__segment_count_nearest_target_panel_label (0.68),keep,
charts,composition_panels,task_charts__composition_panels__top_k_by_segment_then_sum_other_segment_count,trace/tasks/charts/composition_panels/top_k_by_segment_then_sum_other_segment_count.py,configs/domains/charts/composition_panels.yaml,,docs/tasks/charts/composition_panels/task_charts__composition_panels__top_k_by_segment_then_sum_other_segment_count.md,review/task-reviews/charts/composition_panels/task_charts__composition_panels__top_k_by_segment_then_sum_other_segment_count,integer_count,bbox_set,integer,bbox_set,single,single,single,single,"`sum(count(panel,target_segment) for panel in top_k(panels, share(panel,rank_segment), k)); output=integer_count; annotation=bbox_set(selected_panels); scene=composition_panels; scope=top_k_by_segment_then_sum_other_segment_count`",task_charts__composition_panels__conditioned_panel_sum_from_percent (0.61),keep,
charts,contour_density,task_charts__contour_density__density_extremum_region_label,trace/tasks/charts/contour_density/density_extremum_region_label.py,configs/domains/charts/contour_density.yaml,,docs/tasks/charts/contour_density/task_charts__contour_density__density_extremum_region_label.md,review/task-reviews/charts/contour_density/task_charts__contour_density__density_extremum_region_label,string_label,bbox,string,bbox,"highest_density_region_label,lowest_density_region_label","highest_density_region_label,lowest_density_region_label","highest_density_region_label,lowest_density_region_label","highest_density_region_label,lowest_density_region_label","`arg_extreme(region_label, density_level(region_label), direction={highest,lowest}); output=string_label; annotation=bbox(answer_region); scene=contour_density; scope=density_extremum_region_label`",task_charts__contour_density__spread_extremum_region_label (0.68),keep,
charts,contour_density,task_charts__contour_density__density_threshold_region_count,trace/tasks/charts/contour_density/density_threshold_region_count.py,configs/domains/charts/contour_density.yaml,,docs/tasks/charts/contour_density/task_charts__contour_density__density_threshold_region_count.md,review/task-reviews/charts/contour_density/task_charts__contour_density__density_threshold_region_count,integer_count,bbox_set,integer,bbox_set,"density_at_least_threshold_region_count,density_below_threshold_region_count","density_at_least_threshold_region_count,density_below_threshold_region_count","density_at_least_threshold_region_count,density_below_threshold_region_count","density_at_least_threshold_region_count,density_below_threshold_region_count","`count(region where compare(density_level(region), threshold_level, relation={at_least,below})); output=integer_count; annotation=bbox_set(matching_regions); scene=contour_density; scope=density_threshold_region_count`",task_charts__contour_density__density_extremum_region_label (0.34),keep,
charts,contour_density,task_charts__contour_density__reference_distance_extremum_label,trace/tasks/charts/contour_density/reference_distance_extremum_label.py,configs/domains/charts/contour_density.yaml,,docs/tasks/charts/contour_density/task_charts__contour_density__reference_distance_extremum_label.md,review/task-reviews/charts/contour_density/task_charts__contour_density__reference_distance_extremum_label,string_label,bbox,string,bbox,"point_nearest_region_label,point_farthest_region_label,vertical_line_nearest_region_label,vertical_line_farthest_region_label,horizontal_line_nearest_region_label,horizontal_line_farthest_region_label","point_nearest_region_label,point_farthest_region_label,vertical_line_nearest_region_label,vertical_line_farthest_region_label,horizontal_line_nearest_region_label,horizontal_line_farthest_region_label","horizontal_line_farthest_region_label,horizontal_line_nearest_region_label,point_farthest_region_label,point_nearest_region_label,vertical_line_farthest_region_label,vertical_line_nearest_region_label","horizontal_line_farthest_region_label,horizontal_line_nearest_region_label,point_farthest_region_label,point_nearest_region_label,vertical_line_farthest_region_label,vertical_line_nearest_region_label","`arg_extreme(region_label, distance(region_label, reference_geometry={point,vertical_line,horizontal_line}), direction={nearest,farthest}); output=string_label; annotation=bbox(answer_region); scene=contour_density; scope=reference_distance_extremum_label`",task_charts__contour_density__density_extremum_region_label (0.59),keep,
charts,contour_density,task_charts__contour_density__spread_extremum_region_label,trace/tasks/charts/contour_density/spread_extremum_region_label.py,configs/domains/charts/contour_density.yaml,,docs/tasks/charts/contour_density/task_charts__contour_density__spread_extremum_region_label.md,review/task-reviews/charts/contour_density/task_charts__contour_density__spread_extremum_region_label,string_label,bbox,string,bbox,"widest_spread_region_label,narrowest_spread_region_label","widest_spread_region_label,narrowest_spread_region_label","narrowest_spread_region_label,widest_spread_region_label","narrowest_spread_region_label,widest_spread_region_label","`arg_extreme(region_label, footprint_area(region_label), direction={widest,narrowest}); output=string_label; annotation=bbox(answer_region); scene=contour_density; scope=spread_extremum_region_label`",task_charts__contour_density__density_extremum_region_label (0.68),keep,
charts,curve_panels,task_charts__curve_panels__cross_panel_delta_extremum_label,trace/tasks/charts/curve_panels/cross_panel_delta_extremum_label.py,configs/domains/charts/curve_panels.yaml,,docs/tasks/charts/curve_panels/task_charts__curve_panels__cross_panel_delta_extremum_label.md,review/task-reviews/charts/curve_panels/task_charts__curve_panels__cross_panel_delta_extremum_label,string_label,point_map,string,point_map,single,single,single,single,"`if plotted_in_every_panel(method): argmax(panel_label, value(method,end_x,panel_label)-value(method,start_x,panel_label)); else unanswerable; output=string_label|unanswerable; annotation=point_map(start_point,end_point)|empty_map; scene=curve_panels; scope=cross_panel_delta_extremum_label`",task_charts__curve_panels__curve_at_x_extremum_label (0.48),keep,
charts,curve_panels,task_charts__curve_panels__cross_panel_threshold_earliest_label,trace/tasks/charts/curve_panels/cross_panel_threshold_earliest_label.py,configs/domains/charts/curve_panels.yaml,,docs/tasks/charts/curve_panels/task_charts__curve_panels__cross_panel_threshold_earliest_label.md,review/task-reviews/charts/curve_panels/task_charts__curve_panels__cross_panel_threshold_earliest_label,string_label,point,string,point,"cross_panel_upward_threshold_earliest_label,cross_panel_downward_threshold_earliest_label","cross_panel_upward_threshold_earliest_label,cross_panel_downward_threshold_earliest_label","cross_panel_downward_threshold_earliest_label,cross_panel_upward_threshold_earliest_label","cross_panel_downward_threshold_earliest_label,cross_panel_upward_threshold_earliest_label","`argmin(panel_label, x_crossing(method,panel_label,threshold,direction={upward,downward})); output=string_label; annotation=point(crossing_mark); scene=curve_panels; scope=cross_panel_threshold_earliest_label`",task_charts__curve_panels__earliest_maximum_panel_label (0.59),keep,
charts,curve_panels,task_charts__curve_panels__curve_at_x_extremum_label,trace/tasks/charts/curve_panels/curve_at_x_extremum_label.py,configs/domains/charts/curve_panels.yaml,,docs/tasks/charts/curve_panels/task_charts__curve_panels__curve_at_x_extremum_label.md,review/task-reviews/charts/curve_panels/task_charts__curve_panels__curve_at_x_extremum_label,string_label,point,string,point,single,single,single,single,"`argmax(curve_label, value(curve_label,x_ref,panel_label)); output=string_label; annotation=point(answer_curve_mark); scene=curve_panels; scope=curve_at_x_extremum_label`",task_charts__curve_panels__earliest_maximum_panel_label (0.65),keep,
charts,curve_panels,task_charts__curve_panels__curve_intersection_count,trace/tasks/charts/curve_panels/curve_intersection_count.py,configs/domains/charts/curve_panels.yaml,,docs/tasks/charts/curve_panels/task_charts__curve_panels__curve_intersection_count.md,review/task-reviews/charts/curve_panels/task_charts__curve_panels__curve_intersection_count,integer_count,point_set,integer,point_set,single,single,single,single,"`count(intersections(curve_a, curve_b, panel_label)); output=integer_count; annotation=point_set(intersection_points); scene=curve_panels; scope=curve_intersection_count`",task_charts__curve_panels__panel_curve_threshold_crossing_count (0.50),keep,
charts,curve_panels,task_charts__curve_panels__earliest_maximum_panel_label,trace/tasks/charts/curve_panels/earliest_maximum_panel_label.py,configs/domains/charts/curve_panels.yaml,,docs/tasks/charts/curve_panels/task_charts__curve_panels__earliest_maximum_panel_label.md,review/task-reviews/charts/curve_panels/task_charts__curve_panels__earliest_maximum_panel_label,string_label,point,string,point,single,single,single,single,"`argmin(panel_label, x_at_max(value(method,x,panel_label))); output=string_label; annotation=point(answer_peak_mark); scene=curve_panels; scope=earliest_maximum_panel_label`",task_charts__curve_panels__curve_at_x_extremum_label (0.65),keep,
charts,curve_panels,task_charts__curve_panels__endpoint_rank_panel_label,trace/tasks/charts/curve_panels/endpoint_rank_panel_label.py,configs/domains/charts/curve_panels.yaml,,docs/tasks/charts/curve_panels/task_charts__curve_panels__endpoint_rank_panel_label.md,review/task-reviews/charts/curve_panels/task_charts__curve_panels__endpoint_rank_panel_label,string_label,point,string,point,"start_highest_panel_label,start_lowest_panel_label,end_highest_panel_label,end_lowest_panel_label","start_highest_panel_label,start_lowest_panel_label,end_highest_panel_label,end_lowest_panel_label","end_highest_panel_label,end_lowest_panel_label,start_highest_panel_label,start_lowest_panel_label","end_highest_panel_label,end_lowest_panel_label,start_highest_panel_label,start_lowest_panel_label","`arg_extreme(panel_label, value(method,endpoint={start,end},panel_label), direction={highest,lowest}); output=string_label; annotation=point(answer_endpoint_mark); scene=curve_panels; scope=endpoint_rank_panel_label`",task_charts__curve_panels__global_value_extremum_panel_label (0.56),keep,
charts,curve_panels,task_charts__curve_panels__global_value_extremum_panel_label,trace/tasks/charts/curve_panels/global_value_extremum_panel_label.py,configs/domains/charts/curve_panels.yaml,,docs/tasks/charts/curve_panels/task_charts__curve_panels__global_value_extremum_panel_label.md,review/task-reviews/charts/curve_panels/task_charts__curve_panels__global_value_extremum_panel_label,string_label,point,string,point,"overall_maximum_value_panel_label,overall_minimum_value_panel_label","overall_maximum_value_panel_label,overall_minimum_value_panel_label","overall_maximum_value_panel_label,overall_minimum_value_panel_label","overall_maximum_value_panel_label,overall_minimum_value_panel_label","`arg_extreme(panel_label, value(point), direction={maximum,minimum}, over=all_curve_points_all_panels); output=string_label; annotation=point(answer_extremum_mark); scene=curve_panels; scope=global_value_extremum_panel_label`",task_charts__curve_panels__endpoint_rank_panel_label (0.56),keep,
charts,curve_panels,task_charts__curve_panels__panel_curve_threshold_crossing_count,trace/tasks/charts/curve_panels/panel_curve_threshold_crossing_count.py,configs/domains/charts/curve_panels.yaml,,docs/tasks/charts/curve_panels/task_charts__curve_panels__panel_curve_threshold_crossing_count.md,review/task-reviews/charts/curve_panels/task_charts__curve_panels__panel_curve_threshold_crossing_count,integer_count,point_set,integer,point_set,"panel_curve_upward_threshold_crossing_count,panel_curve_downward_threshold_crossing_count","panel_curve_upward_threshold_crossing_count,panel_curve_downward_threshold_crossing_count","panel_curve_downward_threshold_crossing_count,panel_curve_upward_threshold_crossing_count","panel_curve_downward_threshold_crossing_count,panel_curve_upward_threshold_crossing_count","`count(curve_label in panel_label where crosses_threshold(curve_label, threshold, direction={upward,downward})); output=integer_count; annotation=point_set(threshold_crossing_marks); scene=curve_panels; scope=panel_curve_threshold_crossing_count`",task_charts__curve_panels__threshold_series_count (0.61),keep,
charts,curve_panels,task_charts__curve_panels__panel_spread_extremum_label,trace/tasks/charts/curve_panels/panel_spread_extremum_label.py,configs/domains/charts/curve_panels.yaml,,docs/tasks/charts/curve_panels/task_charts__curve_panels__panel_spread_extremum_label.md,review/task-reviews/charts/curve_panels/task_charts__curve_panels__panel_spread_extremum_label,string_label,point_map,string,point_map,"largest_panel_spread_label,smallest_panel_spread_label","largest_panel_spread_label,smallest_panel_spread_label","largest_panel_spread_label,smallest_panel_spread_label","largest_panel_spread_label,smallest_panel_spread_label","`arg_extreme(panel_label, max(value(points_in_panel))-min(value(points_in_panel)), direction={largest,smallest}); output=string_label; annotation=point_map(min_point, max_point); scene=curve_panels; scope=panel_spread_extremum_label`",task_charts__curve_panels__global_value_extremum_panel_label (0.56),keep,
charts,curve_panels,task_charts__curve_panels__threshold_series_count,trace/tasks/charts/curve_panels/threshold_series_count.py,configs/domains/charts/curve_panels.yaml,,docs/tasks/charts/curve_panels/task_charts__curve_panels__threshold_series_count.md,review/task-reviews/charts/curve_panels/task_charts__curve_panels__threshold_series_count,integer_count,point_set,integer,point_set,"above_threshold_series_count,below_threshold_series_count","above_threshold_series_count,below_threshold_series_count","above_threshold_series_count,below_threshold_series_count","above_threshold_series_count,below_threshold_series_count","`count(curve_label in panel_label where compare(value(curve_label,x_ref),threshold,direction)); direction in {above,below}; output=integer_count; annotation=point_set(matching_curve_marks); scene=curve_panels; scope=threshold_series_count`",task_charts__curve_panels__panel_curve_threshold_crossing_count (0.61),keep,
charts,dashboard,task_charts__dashboard__category_extremum_panel_label,trace/tasks/charts/dashboard/category_extremum_panel_label.py,configs/domains/charts/dashboard.yaml,,docs/tasks/charts/dashboard/task_charts__dashboard__category_extremum_panel_label.md,review/task-reviews/charts/dashboard/task_charts__dashboard__category_extremum_panel_label,string_label,point,string,point,"largest_category_panel_label,smallest_category_panel_label","largest_category_panel_label,smallest_category_panel_label","largest_category_panel_label,smallest_category_panel_label","largest_category_panel_label,smallest_category_panel_label","`arg_extreme(panel, value(target_category,panel), direction={largest,smallest}); output=string_label; annotation=point(answer_mark); scene=dashboard; scope=category_extremum_panel_label`",task_charts__dashboard__panel_value_range_extremum_label (0.70),keep,
charts,dashboard,task_charts__dashboard__category_panel_condition_count,trace/tasks/charts/dashboard/category_panel_condition_count.py,configs/domains/charts/dashboard.yaml,,docs/tasks/charts/dashboard/task_charts__dashboard__category_panel_condition_count.md,review/task-reviews/charts/dashboard/task_charts__dashboard__category_panel_condition_count,integer_count,point_set,integer,point_set,"category_panel_greater_than_threshold_count,category_panel_less_than_threshold_count","category_panel_greater_than_threshold_count,category_panel_less_than_threshold_count","category_panel_greater_than_threshold_count,category_panel_less_than_threshold_count","category_panel_greater_than_threshold_count,category_panel_less_than_threshold_count","`count(panel where compare(value(category_label,panel), threshold, relation={greater_than,less_than})); output=integer_count; annotation=point_set(matching_panel_marks); scene=dashboard; scope=category_panel_condition_count`",task_charts__dashboard__source_rank_target_value (0.40),keep,
charts,dashboard,task_charts__dashboard__category_total_extremum_label,trace/tasks/charts/dashboard/category_total_extremum_label.py,configs/domains/charts/dashboard.yaml,,docs/tasks/charts/dashboard/task_charts__dashboard__category_total_extremum_label.md,review/task-reviews/charts/dashboard/task_charts__dashboard__category_total_extremum_label,string_label,point_set,string,point_set,"largest_category_total_label,smallest_category_total_label","largest_category_total_label,smallest_category_total_label","largest_category_total_label,smallest_category_total_label","largest_category_total_label,smallest_category_total_label","`if every category is shown in every dashboard panel: arg_extreme(category, sum(value(category,panel) for panel in dashboard_panels), direction={largest,smallest}); else unanswerable; output=string_label|unanswerable; annotation=point_set(answer_category_marks_across_panels)|empty_set; scene=dashboard; scope=category_total_extremum_label`",task_charts__dashboard__panel_total_extremum_label (0.70),keep,
charts,dashboard,task_charts__dashboard__global_value_extremum_category_label,trace/tasks/charts/dashboard/global_value_extremum_category_label.py,configs/domains/charts/dashboard.yaml,,docs/tasks/charts/dashboard/task_charts__dashboard__global_value_extremum_category_label.md,review/task-reviews/charts/dashboard/task_charts__dashboard__global_value_extremum_category_label,string_label,point,string,point,"global_maximum_value_category_label,global_minimum_value_category_label","global_maximum_value_category_label,global_minimum_value_category_label","global_maximum_value_category_label,global_minimum_value_category_label","global_maximum_value_category_label,global_minimum_value_category_label","`label(category_at(arg_extreme(mark, value(mark), direction={maximum,minimum}, over=all_dashboard_category_marks))); output=string_label; annotation=point(answer_mark); scene=dashboard; scope=global_value_extremum_category_label`",task_charts__dashboard__category_extremum_panel_label (0.62),keep,
charts,dashboard,task_charts__dashboard__panel_total_extremum_label,trace/tasks/charts/dashboard/panel_total_extremum_label.py,configs/domains/charts/dashboard.yaml,,docs/tasks/charts/dashboard/task_charts__dashboard__panel_total_extremum_label.md,review/task-reviews/charts/dashboard/task_charts__dashboard__panel_total_extremum_label,string_label,point_set,string,point_set,"largest_panel_total_label,smallest_panel_total_label","largest_panel_total_label,smallest_panel_total_label","largest_panel_total_label,smallest_panel_total_label","largest_panel_total_label,smallest_panel_total_label","`arg_extreme(panel, sum(value(category,panel) for category in shared_categories), direction={largest,smallest}); output=string_label; annotation=point_set(answer_panel_category_marks); scene=dashboard; scope=panel_total_extremum_label`",task_charts__dashboard__category_total_extremum_label (0.70),keep,
charts,dashboard,task_charts__dashboard__panel_value_range_extremum_label,trace/tasks/charts/dashboard/panel_value_range_extremum_label.py,configs/domains/charts/dashboard.yaml,,docs/tasks/charts/dashboard/task_charts__dashboard__panel_value_range_extremum_label.md,review/task-reviews/charts/dashboard/task_charts__dashboard__panel_value_range_extremum_label,string_label,point_map,string,point_map,"largest_panel_value_range_label,smallest_panel_value_range_label","largest_panel_value_range_label,smallest_panel_value_range_label","largest_panel_value_range_label,smallest_panel_value_range_label","largest_panel_value_range_label,smallest_panel_value_range_label","`arg_extreme(panel, difference(max(value(category,panel)), min(value(category,panel))), direction={largest,smallest}); output=string_label; annotation=point_map(largest_value, smallest_value); scene=dashboard; scope=panel_value_range_extremum_label`",task_charts__dashboard__category_extremum_panel_label (0.70),keep,
charts,dashboard,task_charts__dashboard__panel_value_range_value,trace/tasks/charts/dashboard/panel_value_range_value.py,configs/domains/charts/dashboard.yaml,,docs/tasks/charts/dashboard/task_charts__dashboard__panel_value_range_value.md,review/task-reviews/charts/dashboard/task_charts__dashboard__panel_value_range_value,integer_value,point_map,integer,point_map,single,single,single,single,"`difference(max(value(category,selected_panel)), min(value(category,selected_panel))); output=integer_value; annotation=point_map(largest_value, smallest_value); scene=dashboard; scope=panel_value_range_value`",task_charts__dashboard__panel_value_range_extremum_label (0.69),keep,
charts,dashboard,task_charts__dashboard__source_rank_target_value,trace/tasks/charts/dashboard/source_rank_target_value.py,configs/domains/charts/dashboard.yaml,,docs/tasks/charts/dashboard/task_charts__dashboard__source_rank_target_value.md,review/task-reviews/charts/dashboard/task_charts__dashboard__source_rank_target_value,integer_value,point_map,integer,point_map,"largest_source_rank_target_value,smallest_source_rank_target_value","largest_source_rank_target_value,smallest_source_rank_target_value","largest_source_rank_target_value,smallest_source_rank_target_value","largest_source_rank_target_value,smallest_source_rank_target_value","`value(category_from_source_rank,target_panel); output=integer_value; annotation=point_map(source_panel, target_panel); scene=dashboard; scope=source_rank_target_value`",task_charts__dashboard__panel_value_range_value (0.54),keep,
charts,dashboard,task_charts__dashboard__statement_option_selection_label,trace/tasks/charts/dashboard/statement_option_selection_label.py,configs/domains/charts/dashboard.yaml,,docs/tasks/charts/dashboard/task_charts__dashboard__statement_option_selection_label.md,review/task-reviews/charts/dashboard/task_charts__dashboard__statement_option_selection_label,option_letter,point_set,option_letter,point_set,single,single,single,single,"`select(option_letter where truth(statement(option_letter), dashboard_values)==target_truth); output=option_letter; annotation=point_set(verifying_marks); scene=dashboard; scope=statement_option_selection_label`",task_charts__dashboard__category_panel_condition_count (0.35),keep,
charts,density_curve,task_charts__density_curve__density_at_x_extremum_label,trace/tasks/charts/density_curve/density_at_x_extremum_label.py,configs/domains/charts/density_curve.yaml,,docs/tasks/charts/density_curve/task_charts__density_curve__density_at_x_extremum_label.md,review/task-reviews/charts/density_curve/task_charts__density_curve__density_at_x_extremum_label,string_label,point,string,point,"highest_density_at_x_label,lowest_density_at_x_label","highest_density_at_x_label,lowest_density_at_x_label","highest_density_at_x_label,lowest_density_at_x_label","highest_density_at_x_label,lowest_density_at_x_label","`arg_extreme(curve_label, density(curve_label,x_ref), direction={highest,lowest}); output=string_label; annotation=point(answer_density_at_x); scene=density_curve; scope=density_at_x_extremum_label`",task_charts__density_curve__mean_extremum_label (0.78),keep,
charts,density_curve,task_charts__density_curve__interval_mass_extremum_label,trace/tasks/charts/density_curve/interval_mass_extremum_label.py,configs/domains/charts/density_curve.yaml,,docs/tasks/charts/density_curve/task_charts__density_curve__interval_mass_extremum_label.md,review/task-reviews/charts/density_curve/task_charts__density_curve__interval_mass_extremum_label,string_label,point,string,point,"greatest_interval_mass_label,least_interval_mass_label","greatest_interval_mass_label,least_interval_mass_label","greatest_interval_mass_label,least_interval_mass_label","greatest_interval_mass_label,least_interval_mass_label","`arg_extreme(curve_label, integral(density(curve_label), selected_interval), direction={greatest,least}); output=string_label; annotation=point(answer_interval_mass_curve_point); scene=density_curve; scope=interval_mass_extremum_label`",task_charts__density_curve__mean_extremum_label (0.62),keep,
charts,density_curve,task_charts__density_curve__mean_extremum_label,trace/tasks/charts/density_curve/mean_extremum_label.py,configs/domains/charts/density_curve.yaml,,docs/tasks/charts/density_curve/task_charts__density_curve__mean_extremum_label.md,review/task-reviews/charts/density_curve/task_charts__density_curve__mean_extremum_label,string_label,point,string,point,"highest_mean_label,lowest_mean_label","highest_mean_label,lowest_mean_label","highest_mean_label,lowest_mean_label","highest_mean_label,lowest_mean_label","`arg_extreme(curve_label, mean(curve_label), direction={highest,lowest}); output=string_label; annotation=point(answer_mean_marker); scene=density_curve; scope=mean_extremum_label`",task_charts__density_curve__density_at_x_extremum_label (0.78),keep,
charts,density_curve,task_charts__density_curve__mode_location_extremum_label,trace/tasks/charts/density_curve/mode_location_extremum_label.py,configs/domains/charts/density_curve.yaml,,docs/tasks/charts/density_curve/task_charts__density_curve__mode_location_extremum_label.md,review/task-reviews/charts/density_curve/task_charts__density_curve__mode_location_extremum_label,string_label,point,string,point,"leftmost_mode_label,rightmost_mode_label","leftmost_mode_label,rightmost_mode_label","leftmost_mode_label,rightmost_mode_label","leftmost_mode_label,rightmost_mode_label","`arg_extreme(curve_label, mode_x(curve_label), direction={leftmost,rightmost}); output=string_label; annotation=point(answer_mode_marker); scene=density_curve; scope=mode_location_extremum_label`",task_charts__density_curve__mean_extremum_label (0.68),keep,
charts,dumbbell,task_charts__dumbbell__absolute_gap_threshold_count,trace/tasks/charts/dumbbell/absolute_gap_threshold_count.py,configs/domains/charts/dumbbell.yaml,,docs/tasks/charts/dumbbell/task_charts__dumbbell__absolute_gap_threshold_count.md,review/task-reviews/charts/dumbbell/task_charts__dumbbell__absolute_gap_threshold_count,integer_count,segment_set,integer,segment_set,"absolute_gap_at_least_threshold_count,absolute_gap_at_most_threshold_count","absolute_gap_at_least_threshold_count,absolute_gap_at_most_threshold_count","absolute_gap_at_least_threshold_count,absolute_gap_at_most_threshold_count","absolute_gap_at_least_threshold_count,absolute_gap_at_most_threshold_count","`count(row where compare(abs(value(series_a,row)-value(series_b,row)), threshold, relation={at_least,at_most})); output=integer_count; annotation=segment_set(matching_row_dot_centers); scene=dumbbell; scope=absolute_gap_threshold_count`",task_charts__dumbbell__side_winner_count (0.57),keep,
charts,dumbbell,task_charts__dumbbell__gap_rank_row_label,trace/tasks/charts/dumbbell/gap_rank_row_label.py,configs/domains/charts/dumbbell.yaml,,docs/tasks/charts/dumbbell/task_charts__dumbbell__gap_rank_row_label.md,review/task-reviews/charts/dumbbell/task_charts__dumbbell__gap_rank_row_label,string_label,segment,string,segment,"largest_gap_rank_row_label,smallest_gap_rank_row_label","largest_gap_rank_row_label,smallest_gap_rank_row_label","largest_gap_rank_row_label,smallest_gap_rank_row_label","largest_gap_rank_row_label,smallest_gap_rank_row_label","`arg_extreme(row_label, abs(value(series_a,row_label)-value(series_b,row_label)), direction={largest,smallest}, rank={1,2}); output=string_label; annotation=segment(answer_row_dot_centers); scene=dumbbell; scope=gap_rank_row_label`",task_charts__dumbbell__absolute_gap_threshold_count (0.42),keep,
charts,dumbbell,task_charts__dumbbell__side_winner_count,trace/tasks/charts/dumbbell/side_winner_count.py,configs/domains/charts/dumbbell.yaml,,docs/tasks/charts/dumbbell/task_charts__dumbbell__side_winner_count.md,review/task-reviews/charts/dumbbell/task_charts__dumbbell__side_winner_count,integer_count,segment_set,integer,segment_set,"series_a_greater_threshold_count,series_b_greater_threshold_count","series_a_greater_threshold_count,series_b_greater_threshold_count","series_a_greater_threshold_count,series_b_greater_threshold_count","series_a_greater_threshold_count,series_b_greater_threshold_count","`count(row where compare(value(winning_series,row), value(other_series,row), relation=greater_than)); output=integer_count; annotation=segment_set(matching_row_dot_centers); scene=dumbbell; scope=side_winner_count`",task_charts__dumbbell__absolute_gap_threshold_count (0.57),keep,
charts,error_interval,task_charts__error_interval__interval_width_rank_label,trace/tasks/charts/error_interval/interval_width_rank_label.py,configs/domains/charts/error_interval.yaml,,docs/tasks/charts/error_interval/task_charts__error_interval__interval_width_rank_label.md,review/task-reviews/charts/error_interval/task_charts__error_interval__interval_width_rank_label,string_label,segment,string,segment,"narrowest_interval_label,second_narrowest_interval_label,second_widest_interval_label,widest_interval_label","widest_interval_label,narrowest_interval_label,second_widest_interval_label,second_narrowest_interval_label","narrowest_interval_label,second_narrowest_interval_label,second_widest_interval_label,widest_interval_label","narrowest_interval_label,second_narrowest_interval_label,second_widest_interval_label,widest_interval_label","`label(select_rank(intervals, key=upper-lower, order={widest,narrowest}, rank={1,2})); output=string_label; annotation=segment(selected_interval_lower_upper_span); scene=error_interval; scope=interval_width_rank_label`",task_charts__error_interval__reference_containment_count (0.35),keep,
charts,error_interval,task_charts__error_interval__reference_containment_count,trace/tasks/charts/error_interval/reference_containment_count.py,configs/domains/charts/error_interval.yaml,,docs/tasks/charts/error_interval/task_charts__error_interval__reference_containment_count.md,review/task-reviews/charts/error_interval/task_charts__error_interval__reference_containment_count,integer_count,segment_set,integer,segment_set,single,single,single,single,"`count(filter(intervals, lower <= reference_value <= upper)); output=integer_count; annotation=segment_set(matching_interval_lower_upper_spans); scene=error_interval; scope=reference_containment_count`",task_charts__error_interval__reference_exclusion_side_count (0.87),keep,
charts,error_interval,task_charts__error_interval__reference_exclusion_side_count,trace/tasks/charts/error_interval/reference_exclusion_side_count.py,configs/domains/charts/error_interval.yaml,,docs/tasks/charts/error_interval/task_charts__error_interval__reference_exclusion_side_count.md,review/task-reviews/charts/error_interval/task_charts__error_interval__reference_exclusion_side_count,integer_count,segment_set,integer,segment_set,"entirely_above_reference_count,entirely_below_reference_count","entirely_above_reference_count,entirely_below_reference_count","entirely_above_reference_count,entirely_below_reference_count","entirely_above_reference_count,entirely_below_reference_count","`count(filter(intervals, interval_side(reference_value) == side)); output=integer_count; annotation=segment_set(matching_interval_lower_upper_spans); scene=error_interval; scope=reference_exclusion_side_count`",task_charts__error_interval__reference_containment_count (0.87),keep,
charts,errorbar_series,task_charts__errorbar_series__bound_extremum_x_label,trace/tasks/charts/errorbar_series/bound_extremum_x_label.py,configs/domains/charts/errorbar_series.yaml,,docs/tasks/charts/errorbar_series/task_charts__errorbar_series__bound_extremum_x_label.md,review/task-reviews/charts/errorbar_series/task_charts__errorbar_series__bound_extremum_x_label,string_label,point,string,point,"highest_upper_bound_x_label,lowest_lower_bound_x_label","highest_upper_bound_x_label,lowest_lower_bound_x_label","highest_upper_bound_x_label,lowest_lower_bound_x_label","highest_upper_bound_x_label,lowest_lower_bound_x_label","`arg_extreme(x_label, bound_value(errorbar_interval(target_series,x), bound={upper,lower}), direction={highest,lowest}); output=string_label; annotation=point(selected_bound_endpoint); scene=errorbar_series; scope=bound_extremum_x_label`",task_charts__errorbar_series__same_x_interval_overlap_count (0.31),keep,
charts,errorbar_series,task_charts__errorbar_series__same_x_interval_overlap_count,trace/tasks/charts/errorbar_series/same_x_interval_overlap_count.py,configs/domains/charts/errorbar_series.yaml,,docs/tasks/charts/errorbar_series/task_charts__errorbar_series__same_x_interval_overlap_count.md,review/task-reviews/charts/errorbar_series/task_charts__errorbar_series__same_x_interval_overlap_count,integer_count,segment_set,integer,segment_set,single,single,single,single,"`count(filter(series != target_series, overlaps(interval(errorbar(series,target_x)), interval(errorbar(target_series,target_x))))); output=integer_count; annotation=segment_set(matching_errorbar_interval_spans); scene=errorbar_series; scope=same_x_interval_overlap_count`",task_charts__errorbar_series__bound_extremum_x_label (0.31),keep,
charts,heatmap,task_charts__heatmap__axis_cell_extremum_label,trace/tasks/charts/heatmap/axis_cell_extremum_label.py,configs/domains/charts/heatmap.yaml,prompts/charts/heatmap/charts_heatmap_v1.json,docs/tasks/charts/heatmap/task_charts__heatmap__axis_cell_extremum_label.md,review/task-reviews/charts/heatmap/task_charts__heatmap__axis_cell_extremum_label,string_label,bbox,string,bbox,"row_hottest_column_label,row_coolest_column_label,column_hottest_row_label,column_coolest_row_label","row_hottest_column_label,row_coolest_column_label,column_hottest_row_label,column_coolest_row_label","column_coolest_row_label,column_hottest_row_label,row_coolest_column_label,row_hottest_column_label","column_coolest_row_label,column_hottest_row_label,row_coolest_column_label,row_hottest_column_label","`arg_extreme(opposite_axis_label, heat_value(cell(named_axis_label, opposite_axis_label)), direction={hottest,coolest}); output=string_label; annotation=bbox(selected_target_cell); scene=heatmap; scope=axis_cell_extremum_label`",task_charts__heatmap__axis_condition_extremum_label (0.41),keep,
charts,heatmap,task_charts__heatmap__axis_condition_extremum_label,trace/tasks/charts/heatmap/axis_condition_extremum_label.py,configs/domains/charts/heatmap.yaml,prompts/charts/heatmap/charts_heatmap_v1.json,docs/tasks/charts/heatmap/task_charts__heatmap__axis_condition_extremum_label.md,review/task-reviews/charts/heatmap/task_charts__heatmap__axis_condition_extremum_label,string_label,bbox_set,string,bbox_set,"row_condition_extremum_label,column_condition_extremum_label","row_condition_extremum_label,column_condition_extremum_label","column_condition_extremum_label,row_condition_extremum_label","column_condition_extremum_label,row_condition_extremum_label","`arg_extreme(axis_label, count(filter(cells_on_axis, exact_extremal_condition_kind)), direction=largest); output=string_label; annotation=bbox_set(matching_cells_in_winning_axis); scene=heatmap; scope=axis_condition_extremum_label`",task_charts__heatmap__condition_run_extremum_label (0.72),keep,
charts,heatmap,task_charts__heatmap__colorbar_interval_cell_count,trace/tasks/charts/heatmap/colorbar_interval_cell_count.py,configs/domains/charts/heatmap.yaml,prompts/charts/heatmap/charts_heatmap_v1.json,docs/tasks/charts/heatmap/task_charts__heatmap__colorbar_interval_cell_count.md,review/task-reviews/charts/heatmap/task_charts__heatmap__colorbar_interval_cell_count,integer_count,bbox_set,integer,bbox_set,single,single,single,single,"`count(filter(cells, lower_bound <= colorbar_value(cell) <= upper_bound)); output=integer_count; annotation=bbox_set(counted_cells); scene=heatmap; scope=colorbar_interval_cell_count`",task_charts__heatmap__colorbar_threshold_cell_count (0.65),keep,
charts,heatmap,task_charts__heatmap__colorbar_threshold_cell_count,trace/tasks/charts/heatmap/colorbar_threshold_cell_count.py,configs/domains/charts/heatmap.yaml,prompts/charts/heatmap/charts_heatmap_v1.json,docs/tasks/charts/heatmap/task_charts__heatmap__colorbar_threshold_cell_count.md,review/task-reviews/charts/heatmap/task_charts__heatmap__colorbar_threshold_cell_count,integer_count,bbox_set,integer,bbox_set,"colorbar_above_threshold_cell_count,colorbar_below_threshold_cell_count","colorbar_above_threshold_cell_count,colorbar_below_threshold_cell_count","colorbar_above_threshold_cell_count,colorbar_below_threshold_cell_count","colorbar_above_threshold_cell_count,colorbar_below_threshold_cell_count","`count(filter(cells, compare(colorbar_value(cell), threshold_value, relation={above,below}))); output=integer_count; annotation=bbox_set(counted_cells); scene=heatmap; scope=colorbar_threshold_cell_count`",task_charts__heatmap__colorbar_interval_cell_count (0.65),keep,
charts,heatmap,task_charts__heatmap__condition_run_extremum_label,trace/tasks/charts/heatmap/condition_run_extremum_label.py,configs/domains/charts/heatmap.yaml,prompts/charts/heatmap/charts_heatmap_v1.json,docs/tasks/charts/heatmap/task_charts__heatmap__condition_run_extremum_label.md,review/task-reviews/charts/heatmap/task_charts__heatmap__condition_run_extremum_label,string_label,bbox_set,string,bbox_set,single,single,single,single,"`arg_extreme(row_label, longest_run(filter(row_cells, exact_extremal_condition_kind)), direction=largest); output=string_label; annotation=bbox_set(winning_consecutive_run_cells); scene=heatmap; scope=condition_run_extremum_label`",task_charts__heatmap__axis_condition_extremum_label (0.72),keep,
charts,hexbin_density,task_charts__hexbin_density__threshold_bin_count,trace/tasks/charts/hexbin_density/threshold_bin_count.py,configs/domains/charts/hexbin_density.yaml,,docs/tasks/charts/hexbin_density/task_charts__hexbin_density__threshold_bin_count.md,review/task-reviews/charts/hexbin_density/task_charts__hexbin_density__threshold_bin_count,integer_count,point_set,integer,point_set,"above_threshold_bin_count,below_threshold_bin_count","above_threshold_bin_count,below_threshold_bin_count","above_threshold_bin_count,below_threshold_bin_count","above_threshold_bin_count,below_threshold_bin_count","`count(hex_bin where compare(density_level(hex_bin), threshold_level, relation={at_least,below})); output=integer_count; annotation=point_set(center(matching_bins)); scene=hexbin_density; scope=threshold_bin_count`",,keep,
charts,histogram,task_charts__histogram__cumulative_rank_bin_label,trace/tasks/charts/histogram/cumulative_rank_bin_label.py,configs/domains/charts/histogram.yaml,,docs/tasks/charts/histogram/task_charts__histogram__cumulative_rank_bin_label.md,review/task-reviews/charts/histogram/task_charts__histogram__cumulative_rank_bin_label,integer_value,bbox,integer,bbox,single,single,single,single,"`label(bin containing cumulative_rank(target_rank, counts_left_to_right)); output=integer_value; annotation=bbox(answer_bin); scene=histogram; scope=cumulative_rank_bin_label`",task_charts__histogram__interval_mass (0.32),keep,
charts,histogram,task_charts__histogram__interval_mass,trace/tasks/charts/histogram/interval_mass.py,configs/domains/charts/histogram.yaml,,docs/tasks/charts/histogram/task_charts__histogram__interval_mass.md,review/task-reviews/charts/histogram/task_charts__histogram__interval_mass,integer_value,bbox_set,integer,bbox_set,single,single,single,single,`sum(count(bin) for bin where bin is inside query_interval); output=integer_value; annotation=bbox_set(included_bins); scene=histogram; scope=interval_mass`,task_charts__histogram__cumulative_rank_bin_label (0.32),keep,
charts,matrix,task_charts__matrix__axis_extremum_label,trace/tasks/charts/matrix/axis_extremum_label.py,configs/domains/charts/matrix.yaml,,docs/tasks/charts/matrix/task_charts__matrix__axis_extremum_label.md,review/task-reviews/charts/matrix/task_charts__matrix__axis_extremum_label,string_label,bbox_set,string,bbox_set,"row_highest_axis_extremum_label,row_lowest_axis_extremum_label,column_highest_axis_extremum_label,column_lowest_axis_extremum_label","row_highest_axis_extremum_label,row_lowest_axis_extremum_label,column_highest_axis_extremum_label,column_lowest_axis_extremum_label","column_highest_axis_extremum_label,column_lowest_axis_extremum_label,row_highest_axis_extremum_label,row_lowest_axis_extremum_label","column_highest_axis_extremum_label,column_lowest_axis_extremum_label,row_highest_axis_extremum_label,row_lowest_axis_extremum_label","`select_label(arg_ranked_extreme(line_cells(axis={row,column}, axis_label), value(cell), rank=2, direction={highest,lowest})); output=string_label|unanswerable; annotation=bbox_set(candidate_line_cells); scene=matrix; scope=axis_extremum_label`",task_charts__matrix__off_diagonal_confusion_label (0.50),keep,
charts,matrix,task_charts__matrix__off_diagonal_confusion_label,trace/tasks/charts/matrix/off_diagonal_confusion_label.py,configs/domains/charts/matrix.yaml,,docs/tasks/charts/matrix/task_charts__matrix__off_diagonal_confusion_label.md,review/task-reviews/charts/matrix/task_charts__matrix__off_diagonal_confusion_label,string_label,bbox_set,string,bbox_set,single,single,single,single,"`select_label(argmax(filter(row_cells(actual_label), column_label != actual_label), value(cell))); output=string_label; annotation=bbox_set(off_diagonal_candidate_cells); scene=matrix; scope=off_diagonal_confusion_label`",task_charts__matrix__axis_extremum_label (0.50),keep,
charts,matrix,task_charts__matrix__threshold_cell_count,trace/tasks/charts/matrix/threshold_cell_count.py,configs/domains/charts/matrix.yaml,,docs/tasks/charts/matrix/task_charts__matrix__threshold_cell_count.md,review/task-reviews/charts/matrix/task_charts__matrix__threshold_cell_count,integer_count,bbox_set,integer,bbox_set,"row_at_least_threshold_cell_count,row_at_most_threshold_cell_count,column_at_least_threshold_cell_count,column_at_most_threshold_cell_count","row_at_least_threshold_cell_count,row_at_most_threshold_cell_count,column_at_least_threshold_cell_count,column_at_most_threshold_cell_count","column_at_least_threshold_cell_count,column_at_most_threshold_cell_count,row_at_least_threshold_cell_count,row_at_most_threshold_cell_count","column_at_least_threshold_cell_count,column_at_most_threshold_cell_count,row_at_least_threshold_cell_count,row_at_most_threshold_cell_count","`count(filter(line_cells(axis={row,column}, axis_label), compare(value(cell), threshold, relation={at_least,at_most}))); output=integer_count; annotation=bbox_set(counted_cells); scene=matrix; scope=threshold_cell_count`",task_charts__matrix__off_diagonal_confusion_label (0.46),keep,
charts,multiseries,task_charts__multiseries__category_total_extremum_label,trace/tasks/charts/multiseries/category_total_extremum_label.py,configs/domains/charts/multiseries.yaml,,docs/tasks/charts/multiseries/task_charts__multiseries__category_total_extremum_label.md,review/task-reviews/charts/multiseries/task_charts__multiseries__category_total_extremum_label,,,string,point_map,,"largest_category_total_label,smallest_category_total_label","largest_category_total_label,smallest_category_total_label","largest_category_total_label,smallest_category_total_label","`select_label(arg_extreme(categories, sum(series_values(category)), direction={largest,smallest})); output=string_label; annotation=point_map(mark_center(answer_category, all_series)); scene=multiseries; scope=category_total_extremum_label`",task_charts__multiseries__ranked_series_share_extremum_label (0.82),keep,
charts,multiseries,task_charts__multiseries__pair_equality_label,trace/tasks/charts/multiseries/pair_equality_label.py,configs/domains/charts/multiseries.yaml,,docs/tasks/charts/multiseries/task_charts__multiseries__pair_equality_label.md,review/task-reviews/charts/multiseries/task_charts__multiseries__pair_equality_label,,,string,point_map,,single,single,single,"`select_label(unique(category where value(category, series_a) == value(category, series_b))); output=string_label; annotation=point_map(mark_center(answer_category, {series_a,series_b})); scene=multiseries; scope=pair_equality_label`",task_charts__multiseries__ranked_change_extremum_label (0.62),keep,
charts,multiseries,task_charts__multiseries__ranked_change_extremum_label,trace/tasks/charts/multiseries/ranked_change_extremum_label.py,configs/domains/charts/multiseries.yaml,,docs/tasks/charts/multiseries/task_charts__multiseries__ranked_change_extremum_label.md,review/task-reviews/charts/multiseries/task_charts__multiseries__ranked_change_extremum_label,,,string,point_map,,"largest_increase_label,largest_decrease_label,largest_absolute_gap_label,smallest_absolute_gap_label","largest_absolute_gap_label,largest_decrease_label,largest_increase_label,smallest_absolute_gap_label","largest_absolute_gap_label,largest_decrease_label,largest_increase_label,smallest_absolute_gap_label","`select_label(arg_extreme(categories, change(value(category, series_a), value(category, series_b), measure), direction)); output=string_label; annotation=point_map(mark_center(answer_category, {series_a,series_b})); scene=multiseries; scope=ranked_change_extremum_label`",task_charts__multiseries__ranked_pair_ratio_extremum_label (0.71),keep,
charts,multiseries,task_charts__multiseries__ranked_pair_ratio_extremum_label,trace/tasks/charts/multiseries/ranked_pair_ratio_extremum_label.py,configs/domains/charts/multiseries.yaml,,docs/tasks/charts/multiseries/task_charts__multiseries__ranked_pair_ratio_extremum_label.md,review/task-reviews/charts/multiseries/task_charts__multiseries__ranked_pair_ratio_extremum_label,,,string,point_map,,"largest_pair_ratio_label,smallest_pair_ratio_label","largest_pair_ratio_label,smallest_pair_ratio_label","largest_pair_ratio_label,smallest_pair_ratio_label","`select_label(arg_extreme(categories, ratio(value(category, numerator_series), value(category, denominator_series)), direction={largest,smallest})); output=string_label; annotation=point_map(mark_center(answer_category, {numerator_series,denominator_series})); scene=multiseries; scope=ranked_pair_ratio_extremum_label`",task_charts__multiseries__ranked_series_share_extremum_label (0.77),keep,
charts,multiseries,task_charts__multiseries__ranked_series_share_extremum_label,trace/tasks/charts/multiseries/ranked_series_share_extremum_label.py,configs/domains/charts/multiseries.yaml,,docs/tasks/charts/multiseries/task_charts__multiseries__ranked_series_share_extremum_label.md,review/task-reviews/charts/multiseries/task_charts__multiseries__ranked_series_share_extremum_label,,,string,point_map,,"largest_series_share_label,smallest_series_share_label","largest_series_share_label,smallest_series_share_label","largest_series_share_label,smallest_series_share_label","`select_label(arg_extreme(categories, ratio(value(category, target_series), sum(series_values(category))), direction={largest,smallest})); output=string_label; annotation=point_map(mark_center(answer_category, all_series)); scene=multiseries; scope=ranked_series_share_extremum_label`",task_charts__multiseries__category_total_extremum_label (0.82),keep,
charts,multiseries,task_charts__multiseries__series_rank_at_category_label,trace/tasks/charts/multiseries/series_rank_at_category_label.py,configs/domains/charts/multiseries.yaml,,docs/tasks/charts/multiseries/task_charts__multiseries__series_rank_at_category_label.md,review/task-reviews/charts/multiseries/task_charts__multiseries__series_rank_at_category_label,,,string,point_map,,"largest_series_at_category_label,smallest_series_at_category_label","largest_series_at_category_label,smallest_series_at_category_label","largest_series_at_category_label,smallest_series_at_category_label","`select_label(arg_extreme(series, value(target_category, series), direction={largest,smallest})); output=string_label; annotation=point_map(mark_center(target_category, all_series)); scene=multiseries; scope=series_rank_at_category_label`",task_charts__multiseries__ranked_series_share_extremum_label (0.71),keep,
charts,parallel_coords,task_charts__parallel_coords__all_crossings_between_adjacent_axes,trace/tasks/charts/parallel_coords/all_crossings_between_adjacent_axes.py,configs/domains/charts/parallel_coords.yaml,,docs/tasks/charts/parallel_coords/task_charts__parallel_coords__all_crossings_between_adjacent_axes.md,review/task-reviews/charts/parallel_coords/task_charts__parallel_coords__all_crossings_between_adjacent_axes,integer_count,point_set,integer,point_set,single,single,single,single,"`count(intersections(profile_pair_lines, adjacent_axis_interval)); output=integer_count; annotation=point_set(crossing_points); scene=parallel_coords; scope=all_crossings_between_adjacent_axes`",task_charts__parallel_coords__axis_condition_count (0.40),keep,
charts,parallel_coords,task_charts__parallel_coords__axis_condition_count,trace/tasks/charts/parallel_coords/axis_condition_count.py,configs/domains/charts/parallel_coords.yaml,,docs/tasks/charts/parallel_coords/task_charts__parallel_coords__axis_condition_count.md,review/task-reviews/charts/parallel_coords/task_charts__parallel_coords__axis_condition_count,integer_count,segment_set,integer,segment_set,"above_on_both_axes,below_on_both_axes,above_on_one_below_on_other","above_on_both_axes,below_on_both_axes,above_on_one_below_on_other","above_on_both_axes,above_on_one_below_on_other,below_on_both_axes","above_on_both_axes,above_on_one_below_on_other,below_on_both_axes","`count(filter(profiles, compare(value(axis_i), threshold, comparator_i) and compare(value(axis_j), threshold, comparator_j))); comparator_pair={above_above,below_below,above_below}; axes=adjacent_pair; output=integer_count; annotation=segment_set(matching_profile_segments); scene=parallel_coords; scope=axis_condition_count`",task_charts__parallel_coords__all_crossings_between_adjacent_axes (0.40),keep,
charts,parallel_coords,task_charts__parallel_coords__axis_delta_extremum_label,trace/tasks/charts/parallel_coords/axis_delta_extremum_label.py,configs/domains/charts/parallel_coords.yaml,,docs/tasks/charts/parallel_coords/task_charts__parallel_coords__axis_delta_extremum_label.md,review/task-reviews/charts/parallel_coords/task_charts__parallel_coords__axis_delta_extremum_label,string_label,segment,string,segment,"largest_increase_between_axes,largest_decrease_between_axes,largest_absolute_change_between_axes","largest_increase_between_axes,largest_decrease_between_axes,largest_absolute_change_between_axes","largest_absolute_change_between_axes,largest_decrease_between_axes,largest_increase_between_axes","largest_absolute_change_between_axes,largest_decrease_between_axes,largest_increase_between_axes","`select_label(arg_extreme(profiles, change(value(axis_i), value(axis_j), mode={increase,decrease,absolute}), direction=largest)); axes=adjacent_pair; output=string_label; annotation=segment(answer_profile_segment); scene=parallel_coords; scope=axis_delta_extremum_label`",task_charts__parallel_coords__axis_condition_count (0.39),keep,
charts,part_whole,task_charts__part_whole__adjacent_transfer_gap_value,trace/tasks/charts/part_whole/adjacent_transfer_gap_value.py,configs/domains/charts/part_whole.yaml,,docs/tasks/charts/part_whole/task_charts__part_whole__adjacent_transfer_gap_value.md,review/task-reviews/charts/part_whole/task_charts__part_whole__adjacent_transfer_gap_value,integer_value,point_map,integer,point_map,"clockwise_adjacent_transfer,counterclockwise_adjacent_transfer","clockwise_adjacent_transfer,counterclockwise_adjacent_transfer","clockwise_adjacent_transfer,counterclockwise_adjacent_transfer","clockwise_adjacent_transfer,counterclockwise_adjacent_transfer","`absolute_difference(value(source_category) - transfer_delta, value(adjacent_category(source_category, direction)) + transfer_delta); scene=part_whole; scope=adjacent_transfer_gap_value`",task_charts__part_whole__contiguous_chart_order_sum (0.41),keep,
charts,part_whole,task_charts__part_whole__contiguous_chart_order_sum,trace/tasks/charts/part_whole/contiguous_chart_order_sum.py,configs/domains/charts/part_whole.yaml,,docs/tasks/charts/part_whole/task_charts__part_whole__contiguous_chart_order_sum.md,review/task-reviews/charts/part_whole/task_charts__part_whole__contiguous_chart_order_sum,integer_value,point_map,integer,point_map,"clockwise_span,counterclockwise_span","clockwise_span,counterclockwise_span","clockwise_span,counterclockwise_span","clockwise_span,counterclockwise_span","`sum(value(category) for category in contiguous_circular_span(start_category, end_category, direction)); scene=part_whole; scope=contiguous_chart_order_sum`",task_charts__part_whole__sector_share_to_angle (0.74),keep,
charts,part_whole,task_charts__part_whole__sector_share_to_angle,trace/tasks/charts/part_whole/sector_share_to_angle.py,configs/domains/charts/part_whole.yaml,,docs/tasks/charts/part_whole/task_charts__part_whole__sector_share_to_angle.md,review/task-reviews/charts/part_whole/task_charts__part_whole__sector_share_to_angle,integer_value,point_map,integer,point_map,"clockwise_sector_angle,counterclockwise_sector_angle","clockwise_sector_angle,counterclockwise_sector_angle","clockwise_sector_angle,counterclockwise_sector_angle","clockwise_sector_angle,counterclockwise_sector_angle","`degrees(sum(value(category) for category in contiguous_circular_span(start_category, end_category, direction))); scene=part_whole; scope=sector_share_to_angle`",task_charts__part_whole__contiguous_chart_order_sum (0.74),keep,
charts,part_whole,task_charts__part_whole__subset_denominator_share_value,trace/tasks/charts/part_whole/subset_denominator_share_value.py,configs/domains/charts/part_whole.yaml,,docs/tasks/charts/part_whole/task_charts__part_whole__subset_denominator_share_value.md,review/task-reviews/charts/part_whole/task_charts__part_whole__subset_denominator_share_value,integer_value,point_map,integer,point_map,single,single,single,single,`round(100 * value(target_category) / sum(value(category) for category in denominator_subset)); scene=part_whole; scope=subset_denominator_share_value`,task_charts__part_whole__contiguous_chart_order_sum (0.50),keep,
charts,pictogram,task_charts__pictogram__category_total_extremum_label,trace/tasks/charts/pictogram/category_total_extremum_label.py,configs/domains/charts/pictogram.yaml,,docs/tasks/charts/pictogram/task_charts__pictogram__category_total_extremum_label.md,review/task-reviews/charts/pictogram/task_charts__pictogram__category_total_extremum_label,string_label,bbox,string,bbox,largest_total_category_label,"largest_total_category_label,smallest_total_category_label","largest_total_category_label,smallest_total_category_label","largest_total_category_label,smallest_total_category_label","`select_label(arg_extremum(categories, category_total(category, unit_scale), direction)); output=string_label; annotation=bbox(answer_category_row); scene=pictogram; scope=category_total_extremum_label`",task_charts__pictogram__target_value_nearest_category_label (0.69),keep,task_doc_newer_than_review_artifacts
charts,pictogram,task_charts__pictogram__category_total_value,trace/tasks/charts/pictogram/category_total_value.py,configs/domains/charts/pictogram.yaml,,docs/tasks/charts/pictogram/task_charts__pictogram__category_total_value.md,review/task-reviews/charts/pictogram/task_charts__pictogram__category_total_value,integer_value,bbox,integer,bbox,,single,single,single,"`value(category_total(target_category, unit_scale)); output=integer_value; annotation=bbox(target_category_row); scene=pictogram; scope=category_total_value`",task_charts__pictogram__group_difference_value (0.65),keep,task_doc_newer_than_review_artifacts
charts,pictogram,task_charts__pictogram__group_difference_value,trace/tasks/charts/pictogram/group_difference_value.py,configs/domains/charts/pictogram.yaml,,docs/tasks/charts/pictogram/task_charts__pictogram__group_difference_value.md,review/task-reviews/charts/pictogram/task_charts__pictogram__group_difference_value,integer_value,bbox_map,integer,bbox_map,,single,single,single,"`difference(value(category_total(category_a, unit_scale)), value(category_total(category_b, unit_scale)), mode=absolute); output=integer_value; annotation=bbox_map(category_a_row,category_b_row); scene=pictogram; scope=group_difference_value`",task_charts__pictogram__category_total_value (0.65),keep,task_doc_newer_than_review_artifacts
charts,pictogram,task_charts__pictogram__target_value_nearest_category_label,trace/tasks/charts/pictogram/target_value_nearest_category_label.py,configs/domains/charts/pictogram.yaml,,docs/tasks/charts/pictogram/task_charts__pictogram__target_value_nearest_category_label.md,review/task-reviews/charts/pictogram/task_charts__pictogram__target_value_nearest_category_label,string_label,bbox,string,bbox,,single,single,single,"`select_label(argmin(categories, abs(category_total(category, unit_scale) - target_value))); output=string_label; annotation=bbox(answer_category_row); scene=pictogram; scope=target_value_nearest_category_label`",task_charts__pictogram__category_total_extremum_label (0.69),keep,task_doc_newer_than_review_artifacts
charts,pictogram,task_charts__pictogram__threshold_count,trace/tasks/charts/pictogram/threshold_count.py,configs/domains/charts/pictogram.yaml,,docs/tasks/charts/pictogram/task_charts__pictogram__threshold_count.md,review/task-reviews/charts/pictogram/task_charts__pictogram__threshold_count,integer_count,bbox_set,integer,bbox_set,"greater_than_threshold,less_than_threshold","greater_than_threshold,less_than_threshold","greater_than_threshold,less_than_threshold","greater_than_threshold,less_than_threshold","`count(filter(categories, compare(category_total(category, unit_scale), threshold, comparator={greater_than,less_than}))); output=integer_count; annotation=bbox_set(matching_category_rows); scene=pictogram; scope=threshold_count`",task_charts__pictogram__category_total_value (0.46),keep,
charts,population_pyramid,task_charts__population_pyramid__age_group_threshold_count,trace/tasks/charts/population_pyramid/age_group_threshold_count.py,configs/domains/charts/population_pyramid.yaml,,docs/tasks/charts/population_pyramid/task_charts__population_pyramid__age_group_threshold_count.md,review/task-reviews/charts/population_pyramid/task_charts__population_pyramid__age_group_threshold_count,integer_count,bbox_set,integer,bbox_set,left_side_at_least_threshold_count,"left_side_at_least_threshold_count,left_side_at_most_threshold_count,right_side_at_least_threshold_count,right_side_at_most_threshold_count,combined_total_at_least_threshold_count,combined_total_at_most_threshold_count","combined_total_at_least_threshold_count,combined_total_at_most_threshold_count,left_side_at_least_threshold_count,left_side_at_most_threshold_count,right_side_at_least_threshold_count,right_side_at_most_threshold_count","combined_total_at_least_threshold_count,combined_total_at_most_threshold_count,left_side_at_least_threshold_count,left_side_at_most_threshold_count,right_side_at_least_threshold_count,right_side_at_most_threshold_count","`count(filter(age_group_rows, compare(metric(row, side), threshold, relation))); scene=population_pyramid; scope=age_group_threshold_count`",task_charts__population_pyramid__dominant_side_count (0.62),keep,
charts,population_pyramid,task_charts__population_pyramid__dominant_side_count,trace/tasks/charts/population_pyramid/dominant_side_count.py,configs/domains/charts/population_pyramid.yaml,,docs/tasks/charts/population_pyramid/task_charts__population_pyramid__dominant_side_count.md,review/task-reviews/charts/population_pyramid/task_charts__population_pyramid__dominant_side_count,integer_count,bbox_set,integer,bbox_set,left_side_greater_count,"left_side_greater_count,right_side_greater_count","left_side_greater_count,right_side_greater_count","left_side_greater_count,right_side_greater_count","`count(filter(age_group_rows, value(row, side) > value(row, other_side))); output=integer_count; annotation=bbox_set(counted_age_group_rows); scene=population_pyramid; scope=dominant_side_count`",task_charts__population_pyramid__age_group_threshold_count (0.62),keep,
charts,population_pyramid,task_charts__population_pyramid__side_gap_extremum_label,trace/tasks/charts/population_pyramid/side_gap_extremum_label.py,configs/domains/charts/population_pyramid.yaml,,docs/tasks/charts/population_pyramid/task_charts__population_pyramid__side_gap_extremum_label.md,review/task-reviews/charts/population_pyramid/task_charts__population_pyramid__side_gap_extremum_label,string_label,bbox,string,bbox,largest_side_gap_label,"largest_side_gap_label,smallest_nonzero_side_gap_label","largest_side_gap_label,smallest_nonzero_side_gap_label","largest_side_gap_label,smallest_nonzero_side_gap_label","`select_label(arg_extremum(age_group_rows, abs(left_value - right_value), rank)); scene=population_pyramid; scope=side_gap_extremum_label`",task_charts__population_pyramid__side_value_extremum_label (0.61),keep,
charts,population_pyramid,task_charts__population_pyramid__side_value_extremum_label,trace/tasks/charts/population_pyramid/side_value_extremum_label.py,configs/domains/charts/population_pyramid.yaml,,docs/tasks/charts/population_pyramid/task_charts__population_pyramid__side_value_extremum_label.md,review/task-reviews/charts/population_pyramid/task_charts__population_pyramid__side_value_extremum_label,string_label,bbox,string,bbox,left_side_largest_value_label,"left_side_largest_value_label,left_side_smallest_value_label,right_side_largest_value_label,right_side_smallest_value_label","left_side_largest_value_label,left_side_smallest_value_label,right_side_largest_value_label,right_side_smallest_value_label","left_side_largest_value_label,left_side_smallest_value_label,right_side_largest_value_label,right_side_smallest_value_label","`select_label(arg_extremum(age_group_rows, value(row, side), direction)); output=string_label; annotation=bbox(answer_side_bar); scene=population_pyramid; scope=side_value_extremum_label`",task_charts__population_pyramid__side_gap_extremum_label (0.61),keep,
charts,radar,task_charts__radar__highlighted_metric_threshold_panel_count,trace/tasks/charts/radar/highlighted_metric_threshold_panel_count.py,configs/domains/charts/radar.yaml,,docs/tasks/charts/radar/task_charts__radar__highlighted_metric_threshold_panel_count.md,review/task-reviews/charts/radar/task_charts__radar__highlighted_metric_threshold_panel_count,integer_count,bbox_set,integer,bbox_set,,single,single,single,"`count(filter(radar_panels, value(panel, highlighted_metric) > threshold)); scene=radar; scope=highlighted_metric_threshold_panel_count`",task_charts__radar__matching_condition_panel_count (0.75),keep,task_doc_newer_than_review_artifacts
charts,radar,task_charts__radar__matching_condition_panel_count,trace/tasks/charts/radar/matching_condition_panel_count.py,configs/domains/charts/radar.yaml,,docs/tasks/charts/radar/task_charts__radar__matching_condition_panel_count.md,review/task-reviews/charts/radar/task_charts__radar__matching_condition_panel_count,integer_count,bbox_set,integer,bbox_set,,single,single,single,"`count(filter(radar_panels, count(filter(metrics, value(panel, metric) > threshold)) >= minimum_metric_count)); scene=radar; scope=matching_condition_panel_count`",task_charts__radar__highlighted_metric_threshold_panel_count (0.75),keep,task_doc_newer_than_review_artifacts
charts,radar,task_charts__radar__profile_advantage_count,trace/tasks/charts/radar/profile_advantage_count.py,configs/domains/charts/radar.yaml,,docs/tasks/charts/radar/task_charts__radar__profile_advantage_count.md,review/task-reviews/charts/radar/task_charts__radar__profile_advantage_count,integer_count,segment_set,integer,segment_set,,single,single,single,"`count(filter(metrics, value(profile_a, metric) > value(profile_b, metric))); scene=radar; scope=profile_advantage_count`",task_charts__radar__threshold_metric_count_for_panel (0.52),keep,task_doc_newer_than_review_artifacts
charts,radar,task_charts__radar__threshold_metric_count_for_panel,trace/tasks/charts/radar/threshold_metric_count_for_panel.py,configs/domains/charts/radar.yaml,,docs/tasks/charts/radar/task_charts__radar__threshold_metric_count_for_panel.md,review/task-reviews/charts/radar/task_charts__radar__threshold_metric_count_for_panel,integer_count,point_set,integer,point_set,,single,single,single,"`count(filter(metrics_in_panel, value(selected_panel, metric) > threshold)); scene=radar; scope=threshold_metric_count_for_panel`",task_charts__radar__highlighted_metric_threshold_panel_count (0.62),keep,task_doc_newer_than_review_artifacts
charts,radial_progress,task_charts__radial_progress__extremum_remaining_label,trace/tasks/charts/radial_progress/extremum_remaining_label.py,configs/domains/charts/radial_progress.yaml,,docs/tasks/charts/radial_progress/task_charts__radial_progress__extremum_remaining_label.md,review/task-reviews/charts/radial_progress/task_charts__radial_progress__extremum_remaining_label,string_label,bbox,string,bbox,"highest_remaining_label,lowest_remaining_label","highest_remaining_label,lowest_remaining_label","highest_remaining_label,lowest_remaining_label","highest_remaining_label,lowest_remaining_label","`select_label(arg_extreme(radial_progress_widgets, 100 - progress_value(widget), direction=max|min)); scene=radial_progress; scope=extremum_remaining_label`",task_charts__radial_progress__progress_threshold_count (0.38),keep,
charts,radial_progress,task_charts__radial_progress__progress_interval_count,trace/tasks/charts/radial_progress/progress_interval_count.py,configs/domains/charts/radial_progress.yaml,,docs/tasks/charts/radial_progress/task_charts__radial_progress__progress_interval_count.md,review/task-reviews/charts/radial_progress/task_charts__radial_progress__progress_interval_count,integer_count,bbox_set,integer,bbox_set,single,single,single,single,"`count(filter(radial_progress_widgets, lower_bound <= progress_value(widget) <= upper_bound)); scene=radial_progress; scope=progress_interval_count`",task_charts__radial_progress__progress_threshold_count (0.74),keep,
charts,radial_progress,task_charts__radial_progress__progress_threshold_count,trace/tasks/charts/radial_progress/progress_threshold_count.py,configs/domains/charts/radial_progress.yaml,,docs/tasks/charts/radial_progress/task_charts__radial_progress__progress_threshold_count.md,review/task-reviews/charts/radial_progress/task_charts__radial_progress__progress_threshold_count,integer_count,bbox_set,integer,bbox_set,"at_least_threshold_count,below_threshold_count","at_least_threshold_count,below_threshold_count","at_least_threshold_count,below_threshold_count","at_least_threshold_count,below_threshold_count","`count(filter(radial_progress_widgets, progress_value(widget) >= threshold | progress_value(widget) < threshold)); scene=radial_progress; scope=progress_threshold_count`",task_charts__radial_progress__progress_interval_count (0.74),keep,
charts,radial_sankey,task_charts__radial_sankey__dominant_endpoint_label,trace/tasks/charts/radial_sankey/dominant_endpoint_label.py,configs/domains/charts/radial_sankey.yaml,,docs/tasks/charts/radial_sankey/task_charts__radial_sankey__dominant_endpoint_label.md,review/task-reviews/charts/radial_sankey/task_charts__radial_sankey__dominant_endpoint_label,string_label,bbox,string,bbox,"largest_target_for_source,largest_source_for_target","largest_target_for_source,largest_source_for_target","largest_source_for_target,largest_target_for_source","largest_source_for_target,largest_target_for_source","`argmax_label(endpoint(flow), value(flow), fixed_opposite_endpoint); scene=radial_sankey; scope=dominant_endpoint_label`",task_charts__radial_sankey__transfer_total_value (0.37),keep,
charts,radial_sankey,task_charts__radial_sankey__transfer_total_value,trace/tasks/charts/radial_sankey/transfer_total_value.py,configs/domains/charts/radial_sankey.yaml,,docs/tasks/charts/radial_sankey/task_charts__radial_sankey__transfer_total_value.md,review/task-reviews/charts/radial_sankey/task_charts__radial_sankey__transfer_total_value,integer_value,bbox_set,integer,bbox_set,"source_to_targets_total,sources_to_target_total","source_to_targets_total,sources_to_target_total","source_to_targets_total,sources_to_target_total","source_to_targets_total,sources_to_target_total",`sum(value(flow) for flow in grouped_flows sharing one endpoint); scene=radial_sankey; scope=transfer_total_value`,task_charts__radial_sankey__dominant_endpoint_label (0.37),keep,
charts,region_map,task_charts__region_map__adjacent_category_count,trace/tasks/charts/region_map/adjacent_category_count.py,configs/domains/charts/region_map.yaml,,docs/tasks/charts/region_map/task_charts__region_map__adjacent_category_count.md,review/task-reviews/charts/region_map/task_charts__region_map__adjacent_category_count,integer_count,bbox_set,integer,bbox_set,single,single,single,single,"`count(filter(adjacent(reference_region_label), category == target_category)); output=integer_count; annotation=bbox_set(matching_neighbor_regions); scene=region_map; scope=adjacent_category_count`",task_charts__region_map__adjacent_same_category_count (0.91),keep,
charts,region_map,task_charts__region_map__adjacent_numeric_threshold_count,trace/tasks/charts/region_map/adjacent_numeric_threshold_count.py,configs/domains/charts/region_map.yaml,,docs/tasks/charts/region_map/task_charts__region_map__adjacent_numeric_threshold_count.md,review/task-reviews/charts/region_map/task_charts__region_map__adjacent_numeric_threshold_count,integer_count,bbox_set,integer,bbox_set,"greater_than_adjacent_numeric_threshold_count,less_than_adjacent_numeric_threshold_count","greater_than_adjacent_numeric_threshold_count,less_than_adjacent_numeric_threshold_count","greater_than_adjacent_numeric_threshold_count,less_than_adjacent_numeric_threshold_count","greater_than_adjacent_numeric_threshold_count,less_than_adjacent_numeric_threshold_count","`count(filter(adjacent(reference_region_label), compare(value, threshold, direction))); output=integer_count; annotation=bbox_set(matching_neighbor_regions); scene=region_map; scope=adjacent_numeric_threshold_count`",task_charts__region_map__numeric_threshold_region_count (0.76),keep,
charts,region_map,task_charts__region_map__adjacent_same_category_count,trace/tasks/charts/region_map/adjacent_same_category_count.py,configs/domains/charts/region_map.yaml,,docs/tasks/charts/region_map/task_charts__region_map__adjacent_same_category_count.md,review/task-reviews/charts/region_map/task_charts__region_map__adjacent_same_category_count,integer_count,bbox_set,integer,bbox_set,single,single,single,single,"`count(filter(adjacent(reference_region_label), category == category(reference_region_label))); output=integer_count; annotation=bbox_set(matching_neighbor_regions); scene=region_map; scope=adjacent_same_category_count`",task_charts__region_map__adjacent_category_count (0.91),keep,
charts,region_map,task_charts__region_map__categorical_region_count,trace/tasks/charts/region_map/categorical_region_count.py,configs/domains/charts/region_map.yaml,,docs/tasks/charts/region_map/task_charts__region_map__categorical_region_count.md,review/task-reviews/charts/region_map/task_charts__region_map__categorical_region_count,integer_count,point_set,integer,point_set,single,single,single,single,"`count(filter(regions, category == target_category)); output=integer_count; annotation=point_set(matching_regions); scene=region_map; scope=categorical_region_count`",task_charts__region_map__adjacent_category_count (0.70),keep,
charts,region_map,task_charts__region_map__group_category_region_count,trace/tasks/charts/region_map/group_category_region_count.py,configs/domains/charts/region_map.yaml,,docs/tasks/charts/region_map/task_charts__region_map__group_category_region_count.md,review/task-reviews/charts/region_map/task_charts__region_map__group_category_region_count,integer_value,point_set,integer,point_set,single,single,single,single,`count(region for region in visible_regions if group(region) == target_continent and category(region) == target_category); output=integer_value; annotation=point_set(filtered_regions); scene=region_map; scope=group_category_region_count`,task_charts__region_map__categorical_region_count (0.56),keep,
charts,region_map,task_charts__region_map__marker_region_extremum_label,trace/tasks/charts/region_map/marker_region_extremum_label.py,configs/domains/charts/region_map.yaml,,docs/tasks/charts/region_map/task_charts__region_map__marker_region_extremum_label.md,review/task-reviews/charts/region_map/task_charts__region_map__marker_region_extremum_label,string_label,point,string,point,"largest_marker_region_extremum_label,smallest_marker_region_extremum_label","largest_marker_region_extremum_label,smallest_marker_region_extremum_label","largest_marker_region_extremum_label,smallest_marker_region_extremum_label","largest_marker_region_extremum_label,smallest_marker_region_extremum_label","`select_label(arg_extreme(marked_region, marker_value(marked_region), direction={largest,smallest})); output=string_label; annotation=point(center(marker_bubble(selected_region))); scene=region_map; scope=marker_region_extremum_label`",task_charts__region_map__marker_region_threshold_count (0.36),keep,
charts,region_map,task_charts__region_map__marker_region_threshold_count,trace/tasks/charts/region_map/marker_region_threshold_count.py,configs/domains/charts/region_map.yaml,,docs/tasks/charts/region_map/task_charts__region_map__marker_region_threshold_count.md,review/task-reviews/charts/region_map/task_charts__region_map__marker_region_threshold_count,integer_count,point_set,integer,point_set,"greater_than_marker_region_threshold_count,less_than_marker_region_threshold_count","greater_than_marker_region_threshold_count,less_than_marker_region_threshold_count","greater_than_marker_region_threshold_count,less_than_marker_region_threshold_count","greater_than_marker_region_threshold_count,less_than_marker_region_threshold_count","`count(region where compare(marker_value(region), threshold_value, relation={greater_than,less_than})); output=integer_count; annotation=point_set(center(marker_bubble(matching_regions))); scene=region_map; scope=marker_region_threshold_count`",task_charts__region_map__numeric_threshold_region_count (0.61),keep,
charts,region_map,task_charts__region_map__named_region_set_total_value,trace/tasks/charts/region_map/named_region_set_total_value.py,configs/domains/charts/region_map.yaml,,docs/tasks/charts/region_map/task_charts__region_map__named_region_set_total_value.md,review/task-reviews/charts/region_map/task_charts__region_map__named_region_set_total_value,integer_value,bbox_set,integer,bbox_set,single,single,single,single,`sum(value(region) for region in named_region_set); output=integer_value; annotation=bbox_set(named_region_set); scene=region_map; scope=named_region_set_total_value`,task_charts__region_map__group_category_region_count (0.46),keep,
charts,region_map,task_charts__region_map__numeric_interval_region_count,trace/tasks/charts/region_map/numeric_interval_region_count.py,configs/domains/charts/region_map.yaml,,docs/tasks/charts/region_map/task_charts__region_map__numeric_interval_region_count.md,review/task-reviews/charts/region_map/task_charts__region_map__numeric_interval_region_count,integer_count,point_set,integer,point_set,single,single,single,single,"`count(filter(regions, interval_lower <= value <= interval_upper)); output=integer_count; annotation=point_set(matching_regions); scene=region_map; scope=numeric_interval_region_count`",task_charts__region_map__numeric_threshold_region_count (0.74),keep,
charts,region_map,task_charts__region_map__numeric_threshold_region_count,trace/tasks/charts/region_map/numeric_threshold_region_count.py,configs/domains/charts/region_map.yaml,,docs/tasks/charts/region_map/task_charts__region_map__numeric_threshold_region_count.md,review/task-reviews/charts/region_map/task_charts__region_map__numeric_threshold_region_count,integer_count,point_set,integer,point_set,"greater_than_numeric_threshold_region_count,less_than_numeric_threshold_region_count","greater_than_numeric_threshold_region_count,less_than_numeric_threshold_region_count","greater_than_numeric_threshold_region_count,less_than_numeric_threshold_region_count","greater_than_numeric_threshold_region_count,less_than_numeric_threshold_region_count","`count(filter(regions, compare(value, threshold, direction))); output=integer_count; annotation=point_set(matching_regions); scene=region_map; scope=numeric_threshold_region_count`",task_charts__region_map__adjacent_numeric_threshold_count (0.76),keep,
charts,sankey,task_charts__sankey__node_side_total_value,trace/tasks/charts/sankey/node_side_total_value.py,configs/domains/charts/sankey.yaml,,docs/tasks/charts/sankey/task_charts__sankey__node_side_total_value.md,review/task-reviews/charts/sankey/task_charts__sankey__node_side_total_value,integer_value,point_set,integer,point_set,"source_outgoing_total_flow,target_incoming_total_flow","source_outgoing_total_flow,target_incoming_total_flow","source_outgoing_total_flow,target_incoming_total_flow","source_outgoing_total_flow,target_incoming_total_flow","`sum(value(link) for link in node_side_links(node, side)); scene=sankey; scope=node_side_total_value`",task_charts__sankey__source_to_target_total_flow (0.50),keep,
charts,sankey,task_charts__sankey__path_bottleneck_value,trace/tasks/charts/sankey/path_bottleneck_value.py,configs/domains/charts/sankey.yaml,,docs/tasks/charts/sankey/task_charts__sankey__path_bottleneck_value.md,review/task-reviews/charts/sankey/task_charts__sankey__path_bottleneck_value,integer_value,point,integer,point,single,single,single,single,"`min(value(source_to_middle), value(middle_to_target)); scene=sankey; scope=path_bottleneck_value`",task_charts__sankey__source_to_target_total_flow (0.54),keep,
charts,sankey,task_charts__sankey__source_to_target_total_flow,trace/tasks/charts/sankey/source_to_target_total_flow.py,configs/domains/charts/sankey.yaml,,docs/tasks/charts/sankey/task_charts__sankey__source_to_target_total_flow.md,review/task-reviews/charts/sankey/task_charts__sankey__source_to_target_total_flow,integer_value,point_set,integer,point_set,single,single,single,single,"`sum(min(value(source_to_middle), value(middle_to_target)) for route in routes(source_label, target_label)); scene=sankey; scope=source_to_target_total_flow`",task_charts__sankey__path_bottleneck_value (0.54),keep,
charts,scatter_cluster,task_charts__scatter_cluster__centroid_option_selection_label,trace/tasks/charts/scatter_cluster/centroid_option_selection_label.py,configs/domains/charts/scatter_cluster.yaml,,docs/tasks/charts/scatter_cluster/task_charts__scatter_cluster__centroid_option_selection_label.md,review/task-reviews/charts/scatter_cluster/task_charts__scatter_cluster__centroid_option_selection_label,option_letter,point,option_letter,point,single,single,single,single,"`argmin_label(option, distance(point(option), centroid(target_cluster))); scene=scatter_cluster; scope=centroid_option_selection_label`",task_charts__scatter_cluster__cluster_area_rank_label (0.33),keep,
charts,scatter_cluster,task_charts__scatter_cluster__cluster_area_rank_label,trace/tasks/charts/scatter_cluster/cluster_area_rank_label.py,configs/domains/charts/scatter_cluster.yaml,,docs/tasks/charts/scatter_cluster/task_charts__scatter_cluster__cluster_area_rank_label.md,review/task-reviews/charts/scatter_cluster/task_charts__scatter_cluster__cluster_area_rank_label,string,bbox,string,bbox,"largest_cluster_area_label,smallest_cluster_area_label","largest_cluster_area_label,smallest_cluster_area_label","largest_cluster_area_label,smallest_cluster_area_label","largest_cluster_area_label,smallest_cluster_area_label","`ranked_label(cluster, footprint_area(cluster), rank); scene=scatter_cluster; scope=cluster_area_rank_label`",task_charts__scatter_cluster__cluster_spread_extremum_label (0.50),keep,
charts,scatter_cluster,task_charts__scatter_cluster__cluster_spread_extremum_label,trace/tasks/charts/scatter_cluster/cluster_spread_extremum_label.py,configs/domains/charts/scatter_cluster.yaml,,docs/tasks/charts/scatter_cluster/task_charts__scatter_cluster__cluster_spread_extremum_label.md,review/task-reviews/charts/scatter_cluster/task_charts__scatter_cluster__cluster_spread_extremum_label,string,bbox,string,bbox,"largest_horizontal_spread_label,smallest_horizontal_spread_label,largest_vertical_spread_label,smallest_vertical_spread_label,largest_overall_spread_label,smallest_overall_spread_label","largest_horizontal_spread_label,smallest_horizontal_spread_label,largest_vertical_spread_label,smallest_vertical_spread_label,largest_overall_spread_label,smallest_overall_spread_label","largest_horizontal_spread_label,largest_overall_spread_label,largest_vertical_spread_label,smallest_horizontal_spread_label,smallest_overall_spread_label,smallest_vertical_spread_label","largest_horizontal_spread_label,largest_overall_spread_label,largest_vertical_spread_label,smallest_horizontal_spread_label,smallest_overall_spread_label,smallest_vertical_spread_label","`argextreme_label(cluster, spread(cluster, axis), direction); scene=scatter_cluster; scope=cluster_spread_extremum_label`",task_charts__scatter_cluster__cluster_trend_direction_label (0.56),keep,
charts,scatter_cluster,task_charts__scatter_cluster__cluster_trend_direction_label,trace/tasks/charts/scatter_cluster/cluster_trend_direction_label.py,configs/domains/charts/scatter_cluster.yaml,,docs/tasks/charts/scatter_cluster/task_charts__scatter_cluster__cluster_trend_direction_label.md,review/task-reviews/charts/scatter_cluster/task_charts__scatter_cluster__cluster_trend_direction_label,string,bbox,string,bbox,"upward_trend_label,downward_trend_label","upward_trend_label,downward_trend_label","downward_trend_label,upward_trend_label","downward_trend_label,upward_trend_label","`argmax_label(cluster, signed_trend_strength(cluster, direction)); scene=scatter_cluster; scope=cluster_trend_direction_label`",task_charts__scatter_cluster__cluster_spread_extremum_label (0.56),keep,
charts,scatter_points,task_charts__scatter_points__axis_threshold_point_count,trace/tasks/charts/scatter_points/axis_threshold_point_count.py,configs/domains/charts/scatter_points.yaml,,docs/tasks/charts/scatter_points/task_charts__scatter_points__axis_threshold_point_count.md,review/task-reviews/charts/scatter_points/task_charts__scatter_points__axis_threshold_point_count,integer_count,point_set,integer,point_set,"x_above_threshold_count,x_below_threshold_count,y_above_threshold_count,y_below_threshold_count","x_above_threshold_count,x_below_threshold_count,y_above_threshold_count,y_below_threshold_count","x_above_threshold_count,x_below_threshold_count,y_above_threshold_count,y_below_threshold_count","x_above_threshold_count,x_below_threshold_count,y_above_threshold_count,y_below_threshold_count","`count(point, compare(coord(point, axis), threshold, direction)); output=integer_count; annotation=point_set(counted_point_centers); scene=scatter_points; scope=axis_threshold_point_count`",task_charts__scatter_points__category_threshold_point_count (0.86),keep,
charts,scatter_points,task_charts__scatter_points__category_axis_mean_extremum_label,trace/tasks/charts/scatter_points/category_axis_mean_extremum_label.py,configs/domains/charts/scatter_points.yaml,,docs/tasks/charts/scatter_points/task_charts__scatter_points__category_axis_mean_extremum_label.md,review/task-reviews/charts/scatter_points/task_charts__scatter_points__category_axis_mean_extremum_label,string_label,bbox,string,bbox,"largest_mean_x_category_label,smallest_mean_x_category_label,largest_mean_y_category_label,smallest_mean_y_category_label","largest_mean_x_category_label,smallest_mean_x_category_label,largest_mean_y_category_label,smallest_mean_y_category_label","largest_mean_x_category_label,largest_mean_y_category_label,smallest_mean_x_category_label,smallest_mean_y_category_label","largest_mean_x_category_label,largest_mean_y_category_label,smallest_mean_x_category_label,smallest_mean_y_category_label","`argextreme_label(category, mean(coord(points(category), axis)), direction); output=string_label; annotation=bbox(answer_category_point_cluster); scene=scatter_points; scope=category_axis_mean_extremum_label`",task_charts__scatter_points__category_threshold_point_count (0.43),keep,
charts,scatter_points,task_charts__scatter_points__category_threshold_point_count,trace/tasks/charts/scatter_points/category_threshold_point_count.py,configs/domains/charts/scatter_points.yaml,,docs/tasks/charts/scatter_points/task_charts__scatter_points__category_threshold_point_count.md,review/task-reviews/charts/scatter_points/task_charts__scatter_points__category_threshold_point_count,integer_count,point_set,integer,point_set,"category_x_above_threshold_count,category_x_below_threshold_count,category_y_above_threshold_count,category_y_below_threshold_count","category_x_above_threshold_count,category_x_below_threshold_count,category_y_above_threshold_count,category_y_below_threshold_count","category_x_above_threshold_count,category_x_below_threshold_count,category_y_above_threshold_count,category_y_below_threshold_count","category_x_above_threshold_count,category_x_below_threshold_count,category_y_above_threshold_count,category_y_below_threshold_count","`count(point, category(point)=target_category and compare(coord(point, axis), threshold, direction)); output=integer_count; annotation=point_set(counted_category_point_centers); scene=scatter_points; scope=category_threshold_point_count`",task_charts__scatter_points__axis_threshold_point_count (0.86),keep,
charts,scatter_readout,task_charts__scatter_readout__series_pair_value_gap_at_x,trace/tasks/charts/scatter_readout/series_pair_value_gap_at_x.py,configs/domains/charts/scatter_readout.yaml,,docs/tasks/charts/scatter_readout/task_charts__scatter_readout__series_pair_value_gap_at_x.md,review/task-reviews/charts/scatter_readout/task_charts__scatter_readout__series_pair_value_gap_at_x,integer_value,segment,integer,segment,single,single,single,single,"`abs(value(series_a,x_label)-value(series_b,x_label)); output=integer_value; annotation=segment(series_a_mark,series_b_mark); scene=scatter_readout; scope=series_pair_value_gap_at_x`",task_charts__scatter_readout__series_value_at_x_value (0.65),keep,
charts,scatter_readout,task_charts__scatter_readout__series_value_at_x_value,trace/tasks/charts/scatter_readout/series_value_at_x_value.py,configs/domains/charts/scatter_readout.yaml,,docs/tasks/charts/scatter_readout/task_charts__scatter_readout__series_value_at_x_value.md,review/task-reviews/charts/scatter_readout/task_charts__scatter_readout__series_value_at_x_value,integer_value,point,integer,point,single,single,single,single,"`value(series, x_label); output=integer_value; annotation=point(target_mark); scene=scatter_readout; scope=series_value_at_x_value`",task_charts__scatter_readout__series_pair_value_gap_at_x (0.65),keep,
charts,scatter_readout,task_charts__scatter_readout__series_x_extremum_label,trace/tasks/charts/scatter_readout/series_x_extremum_label.py,configs/domains/charts/scatter_readout.yaml,,docs/tasks/charts/scatter_readout/task_charts__scatter_readout__series_x_extremum_label.md,review/task-reviews/charts/scatter_readout/task_charts__scatter_readout__series_x_extremum_label,string_label_or_unanswerable,point,string,point,"series_highest_x_label,series_lowest_x_label","series_highest_x_label,series_lowest_x_label","series_highest_x_label,series_lowest_x_label","series_highest_x_label,series_lowest_x_label","`select_label(x_label(arg_extreme(point in series, y_value(point), direction))); output=string_label_or_unanswerable; annotation=point(target_mark)|empty_map; scene=scatter_readout; scope=series_x_extremum_label`",task_charts__scatter_readout__x_value_rank_series_label (0.71),keep,
charts,scatter_readout,task_charts__scatter_readout__series_y_anchor_other_series_value,trace/tasks/charts/scatter_readout/series_y_anchor_other_series_value.py,configs/domains/charts/scatter_readout.yaml,,docs/tasks/charts/scatter_readout/task_charts__scatter_readout__series_y_anchor_other_series_value.md,review/task-reviews/charts/scatter_readout/task_charts__scatter_readout__series_y_anchor_other_series_value,integer_value,point,integer,point,single,single,single,single,"`value(comparison_series, x_label(point in anchor_series where y_value=anchor_value)); output=integer_value; annotation=point(comparison_mark); scene=scatter_readout; scope=series_y_anchor_other_series_value`",task_charts__scatter_readout__series_value_at_x_value (0.65),keep,
charts,scatter_readout,task_charts__scatter_readout__x_value_rank_series_label,trace/tasks/charts/scatter_readout/x_value_rank_series_label.py,configs/domains/charts/scatter_readout.yaml,,docs/tasks/charts/scatter_readout/task_charts__scatter_readout__x_value_rank_series_label.md,review/task-reviews/charts/scatter_readout/task_charts__scatter_readout__x_value_rank_series_label,string_label,point,string,point,"x_highest_series_label,x_lowest_series_label","x_highest_series_label,x_lowest_series_label","x_highest_series_label,x_lowest_series_label","x_highest_series_label,x_lowest_series_label","`select_label(arg_extreme(series, value(series,x_label), direction)); output=string_label; annotation=point(target_mark); scene=scatter_readout; scope=x_value_rank_series_label`",task_charts__scatter_readout__series_x_extremum_label (0.71),keep,
charts,scientific_axis_frame,task_charts__scientific_axis_frame__axis_span_value,trace/tasks/charts/scientific_axis_frame/axis_span_value.py,configs/domains/charts/scientific_axis_frame.yaml,,docs/tasks/charts/scientific_axis_frame/task_charts__scientific_axis_frame__axis_span_value.md,review/task-reviews/charts/scientific_axis_frame/task_charts__scientific_axis_frame__axis_span_value,integer_value,segment,integer,segment,"x_axis_span_value,y_axis_span_value","x_axis_span_value,y_axis_span_value","x_axis_span_value,y_axis_span_value","x_axis_span_value,y_axis_span_value","`difference(max_visible_tick(axis), min_visible_tick(axis)); output=integer_value; annotation=segment(axis_visible_span); scene=scientific_axis_frame; scope=axis_span_value`",task_charts__scientific_axis_frame__tick_spacing_value (0.58),keep,
charts,scientific_axis_frame,task_charts__scientific_axis_frame__tick_spacing_value,trace/tasks/charts/scientific_axis_frame/tick_spacing_value.py,configs/domains/charts/scientific_axis_frame.yaml,,docs/tasks/charts/scientific_axis_frame/task_charts__scientific_axis_frame__tick_spacing_value.md,review/task-reviews/charts/scientific_axis_frame/task_charts__scientific_axis_frame__tick_spacing_value,integer_value,segment,integer,segment,"x_first_tick_spacing_value,x_last_tick_spacing_value,y_first_tick_spacing_value,y_last_tick_spacing_value","x_first_tick_spacing_value,x_last_tick_spacing_value,y_first_tick_spacing_value,y_last_tick_spacing_value","x_first_tick_spacing_value,x_last_tick_spacing_value,y_first_tick_spacing_value,y_last_tick_spacing_value","x_first_tick_spacing_value,x_last_tick_spacing_value,y_first_tick_spacing_value,y_last_tick_spacing_value","`difference(second_tick(axis,pair_position), first_tick(axis,pair_position)); output=integer_value; annotation=segment(tick_interval); scene=scientific_axis_frame; scope=tick_spacing_value`",task_charts__scientific_axis_frame__axis_span_value (0.58),keep,
charts,single_series,task_charts__single_series__endpoint_change_value,trace/tasks/charts/single_series/endpoint_change_value.py,configs/domains/charts/single_series.yaml,prompts/charts/single_series/charts_trend_v1.json,docs/tasks/charts/single_series/task_charts__single_series__endpoint_change_value.md,review/task-reviews/charts/single_series/task_charts__single_series__endpoint_change_value,integer_value,point_map,integer,point_map,"absolute_endpoint_change_value,signed_endpoint_change_value,percent_endpoint_change_value","absolute_endpoint_change_value,signed_endpoint_change_value,percent_endpoint_change_value","absolute_endpoint_change_value,percent_endpoint_change_value,signed_endpoint_change_value","absolute_endpoint_change_value,percent_endpoint_change_value,signed_endpoint_change_value","`difference(value(end_mark), value(start_mark), mode); output=integer_value; annotation=point_map(start_mark,end_mark); scene=single_series; scope=endpoint_change_value`",task_charts__single_series__interval_rate_value (0.60),keep,
charts,single_series,task_charts__single_series__interval_rate_value,trace/tasks/charts/single_series/interval_rate_value.py,configs/domains/charts/single_series.yaml,prompts/charts/single_series/charts_trend_v1.json,docs/tasks/charts/single_series/task_charts__single_series__interval_rate_value.md,review/task-reviews/charts/single_series/task_charts__single_series__interval_rate_value,integer_value,point_map,integer,point_map,single,single,single,single,"`abs(quotient(value(end_mark)-value(start_mark), step_count(start_mark,end_mark))); output=integer_value; annotation=point_map(start_mark,end_mark); scene=single_series; scope=interval_rate_value`",task_charts__single_series__endpoint_change_value (0.60),keep,
charts,single_series,task_charts__single_series__interval_value_count,trace/tasks/charts/single_series/interval_value_count.py,configs/domains/charts/single_series.yaml,prompts/charts/single_series/charts_counting_v1.json,docs/tasks/charts/single_series/task_charts__single_series__interval_value_count.md,review/task-reviews/charts/single_series/task_charts__single_series__interval_value_count,integer_count,point_set,integer,point_set,single,single,single,single,"`count(filter(marks, lower_bound <= value(mark) <= upper_bound)); output=integer_count; annotation=point_set(matching_marks); scene=single_series; scope=interval_value_count`",task_charts__single_series__threshold_value_count (0.74),keep,
charts,single_series,task_charts__single_series__monotone_streak_length,trace/tasks/charts/single_series/monotone_streak_length.py,configs/domains/charts/single_series.yaml,prompts/charts/single_series/charts_trend_v1.json,docs/tasks/charts/single_series/task_charts__single_series__monotone_streak_length.md,review/task-reviews/charts/single_series/task_charts__single_series__monotone_streak_length,integer_value,point_set,integer,point_set,"longest_increasing_streak_length,longest_decreasing_streak_length","longest_increasing_streak_length,longest_decreasing_streak_length","longest_decreasing_streak_length,longest_increasing_streak_length","longest_decreasing_streak_length,longest_increasing_streak_length","`length(unique_longest_monotone_run(sequence(values), direction)); output=integer_value; annotation=point_set(run_marks); scene=single_series; scope=monotone_streak_length`",task_charts__single_series__turning_point_count (0.50),keep,
charts,single_series,task_charts__single_series__observed_threshold_crossing_label,trace/tasks/charts/single_series/observed_threshold_crossing_label.py,configs/domains/charts/single_series.yaml,prompts/charts/single_series/charts_trend_v1.json,docs/tasks/charts/single_series/task_charts__single_series__observed_threshold_crossing_label.md,review/task-reviews/charts/single_series/task_charts__single_series__observed_threshold_crossing_label,string_label,point,string,point,"observed_above_threshold_crossing_label,observed_below_threshold_crossing_label","observed_above_threshold_crossing_label,observed_below_threshold_crossing_label","observed_above_threshold_crossing_label,observed_below_threshold_crossing_label","observed_above_threshold_crossing_label,observed_below_threshold_crossing_label","`first_label(filter_prefix(sequence(values), value(label) comparison threshold)); output=string_label; annotation=point(crossing_mark); scene=single_series; scope=observed_threshold_crossing_label`",task_charts__single_series__threshold_value_count (0.52),keep,
charts,single_series,task_charts__single_series__order_statistic_label,trace/tasks/charts/single_series/order_statistic_label.py,configs/domains/charts/single_series.yaml,prompts/charts/single_series/charts_statistics_v1.json,docs/tasks/charts/single_series/task_charts__single_series__order_statistic_label.md,review/task-reviews/charts/single_series/task_charts__single_series__order_statistic_label,string_label,point,string,point,"median_order_statistic_label,nth_highest_order_statistic_label,nth_lowest_order_statistic_label","median_order_statistic_label,nth_highest_order_statistic_label,nth_lowest_order_statistic_label","median_order_statistic_label,nth_highest_order_statistic_label,nth_lowest_order_statistic_label","median_order_statistic_label,nth_highest_order_statistic_label,nth_lowest_order_statistic_label","`label(select_ranked_mark(marks, statistic_kind)); output=string_label; annotation=point(selected_mark); scene=single_series; scope=order_statistic_label`",task_charts__single_series__order_statistic_value (0.81),keep,
charts,single_series,task_charts__single_series__order_statistic_value,trace/tasks/charts/single_series/order_statistic_value.py,configs/domains/charts/single_series.yaml,prompts/charts/single_series/charts_statistics_v1.json,docs/tasks/charts/single_series/task_charts__single_series__order_statistic_value.md,review/task-reviews/charts/single_series/task_charts__single_series__order_statistic_value,integer_value,point,integer,point,"median_order_statistic_value,nth_highest_order_statistic_value,nth_lowest_order_statistic_value","median_order_statistic_value,nth_highest_order_statistic_value,nth_lowest_order_statistic_value","median_order_statistic_value,nth_highest_order_statistic_value,nth_lowest_order_statistic_value","median_order_statistic_value,nth_highest_order_statistic_value,nth_lowest_order_statistic_value","`value(select_ranked_mark(marks, statistic_kind)); output=integer_value; annotation=point(selected_mark); scene=single_series; scope=order_statistic_value`",task_charts__single_series__order_statistic_label (0.81),keep,
charts,single_series,task_charts__single_series__remaining_mean_after_removal,trace/tasks/charts/single_series/remaining_mean_after_removal.py,configs/domains/charts/single_series.yaml,prompts/charts/single_series/charts_hypothetical_v1.json,docs/tasks/charts/single_series/task_charts__single_series__remaining_mean_after_removal.md,review/task-reviews/charts/single_series/task_charts__single_series__remaining_mean_after_removal,integer_value,point_set,integer,point_set,single,single,single,single,`mean(values(marks excluding removed_labels)); output=integer_value; annotation=point_set(retained_marks); scene=single_series; scope=remaining_mean_after_removal`,task_charts__single_series__target_share_after_removal (0.74),keep,
charts,single_series,task_charts__single_series__target_share_after_removal,trace/tasks/charts/single_series/target_share_after_removal.py,configs/domains/charts/single_series.yaml,prompts/charts/single_series/charts_hypothetical_v1.json,docs/tasks/charts/single_series/task_charts__single_series__target_share_after_removal.md,review/task-reviews/charts/single_series/task_charts__single_series__target_share_after_removal,integer_value,point_set,integer,point_set,single,single,single,single,"`percent_share(value(target_label), sum(values(marks excluding removed_labels))); output=integer_value; annotation=point_set(retained_marks); scene=single_series; scope=target_share_after_removal`",task_charts__single_series__remaining_mean_after_removal (0.74),keep,
charts,single_series,task_charts__single_series__threshold_value_count,trace/tasks/charts/single_series/threshold_value_count.py,configs/domains/charts/single_series.yaml,prompts/charts/single_series/charts_counting_v1.json,docs/tasks/charts/single_series/task_charts__single_series__threshold_value_count.md,review/task-reviews/charts/single_series/task_charts__single_series__threshold_value_count,integer_count,point_set,integer,point_set,"above_threshold_count,below_threshold_count","above_threshold_count,below_threshold_count","above_threshold_count,below_threshold_count","above_threshold_count,below_threshold_count","`count(filter(marks, value(mark) comparison threshold)); output=integer_count; annotation=point_set(matching_marks); scene=single_series; scope=threshold_value_count`",task_charts__single_series__interval_value_count (0.74),keep,
charts,single_series,task_charts__single_series__turning_point_count,trace/tasks/charts/single_series/turning_point_count.py,configs/domains/charts/single_series.yaml,prompts/charts/single_series/charts_trend_v1.json,docs/tasks/charts/single_series/task_charts__single_series__turning_point_count.md,review/task-reviews/charts/single_series/task_charts__single_series__turning_point_count,integer_count,point_set,integer,point_set,"peak_turning_point_count,trough_turning_point_count","peak_turning_point_count,trough_turning_point_count","peak_turning_point_count,trough_turning_point_count","peak_turning_point_count,trough_turning_point_count","`count(turning_points(sequence(values), turning_kind)); output=integer_count; annotation=point_set(turning_points); scene=single_series; scope=turning_point_count`",task_charts__single_series__monotone_streak_length (0.50),keep,
charts,size_encoding,task_charts__size_encoding__category_relative_size_count,trace/tasks/charts/size_encoding/category_relative_size_count.py,configs/domains/charts/size_encoding.yaml,,docs/tasks/charts/size_encoding/task_charts__size_encoding__category_relative_size_count.md,review/task-reviews/charts/size_encoding/task_charts__size_encoding__category_relative_size_count,integer_value,bbox_set_map,integer,bbox_set_map,"larger_than_reference_in_category_count,smaller_than_reference_in_category_count","larger_than_reference_in_category_count,smaller_than_reference_in_category_count","larger_than_reference_in_category_count,smaller_than_reference_in_category_count","larger_than_reference_in_category_count,smaller_than_reference_in_category_count","`count(filter(items, category=target_category and encoded_value(item) comparison reference_item)); comparison={larger,smaller}; output=integer_value; annotation=bbox_set_map(reference_item,counted_items); scene=size_encoding; scope=category_relative_size_count`",task_charts__size_encoding__filtered_item_extremum_label (0.44),keep,
charts,size_encoding,task_charts__size_encoding__filtered_item_extremum_label,trace/tasks/charts/size_encoding/filtered_item_extremum_label.py,configs/domains/charts/size_encoding.yaml,,docs/tasks/charts/size_encoding/task_charts__size_encoding__filtered_item_extremum_label.md,review/task-reviews/charts/size_encoding/task_charts__size_encoding__filtered_item_extremum_label,string_label,bbox,string,bbox,"largest_size_item_in_category_label,smallest_size_item_in_category_label","largest_size_item_in_category_label,smallest_size_item_in_category_label","largest_size_item_in_category_label,smallest_size_item_in_category_label","largest_size_item_in_category_label,smallest_size_item_in_category_label","`select_label(arg_extreme(filter(items, category=target_category), encoded_value(item), direction)); output=string_label; annotation=bbox(answer_item); scene=size_encoding; scope=filtered_item_extremum_label`",task_charts__size_encoding__panel_category_extremum_panel_label (0.92),keep,
charts,size_encoding,task_charts__size_encoding__global_item_extremum_category_label,trace/tasks/charts/size_encoding/global_item_extremum_category_label.py,configs/domains/charts/size_encoding.yaml,,docs/tasks/charts/size_encoding/task_charts__size_encoding__global_item_extremum_category_label.md,review/task-reviews/charts/size_encoding/task_charts__size_encoding__global_item_extremum_category_label,string_label,bbox,string,bbox,"largest_overall_size_category_label,smallest_overall_size_category_label","largest_overall_size_category_label,smallest_overall_size_category_label","largest_overall_size_category_label,smallest_overall_size_category_label","largest_overall_size_category_label,smallest_overall_size_category_label","`select_label(category(arg_extreme(items, encoded_value(item), direction))); output=string_label; annotation=bbox(answer_item); scene=size_encoding; scope=global_item_extremum_category_label`",task_charts__size_encoding__filtered_item_extremum_label (0.85),keep,
charts,size_encoding,task_charts__size_encoding__panel_category_extremum_panel_label,trace/tasks/charts/size_encoding/panel_category_extremum_panel_label.py,configs/domains/charts/size_encoding.yaml,,docs/tasks/charts/size_encoding/task_charts__size_encoding__panel_category_extremum_panel_label.md,review/task-reviews/charts/size_encoding/task_charts__size_encoding__panel_category_extremum_panel_label,string_label,bbox,string,bbox,"largest_category_item_panel_label,smallest_category_item_panel_label","largest_category_item_panel_label,smallest_category_item_panel_label","largest_category_item_panel_label,smallest_category_item_panel_label","largest_category_item_panel_label,smallest_category_item_panel_label","`select_label(panel(arg_extreme(filter(items, category=target_category), encoded_value(item), direction))); output=string_label; annotation=bbox(answer_item); scene=size_encoding; scope=panel_category_extremum_panel_label`",task_charts__size_encoding__filtered_item_extremum_label (0.92),keep,
charts,style_legend,task_charts__style_legend__series_extremum_x_label,trace/tasks/charts/style_legend/series_extremum_x_label.py,configs/domains/charts/style_legend.yaml,,docs/tasks/charts/style_legend/task_charts__style_legend__series_extremum_x_label.md,review/task-reviews/charts/style_legend/task_charts__style_legend__series_extremum_x_label,string_label,point,string,point,"series_highest_x_label,series_lowest_x_label","series_highest_x_label,series_lowest_x_label","series_highest_x_label,series_lowest_x_label","series_highest_x_label,series_lowest_x_label","`arg_extremum(x_position, value(series, x_position), direction={highest,lowest}); output=string_label; annotation=point; scene=style_legend; scope=series_extremum_x_label`",task_charts__style_legend__x_position_extremum_series_label (1.00),keep,
charts,style_legend,task_charts__style_legend__threshold_series_count,trace/tasks/charts/style_legend/threshold_series_count.py,configs/domains/charts/style_legend.yaml,,docs/tasks/charts/style_legend/task_charts__style_legend__threshold_series_count.md,review/task-reviews/charts/style_legend/task_charts__style_legend__threshold_series_count,integer_count,point_set,integer,point_set,"above_threshold_series_count,below_threshold_series_count","above_threshold_series_count,below_threshold_series_count","above_threshold_series_count,below_threshold_series_count","above_threshold_series_count,below_threshold_series_count","`count(filter(series, compare(value(series, x_position), threshold, comparator={above,below}))); output=integer_count; annotation=point_set; scene=style_legend; scope=threshold_series_count`",task_charts__style_legend__series_extremum_x_label (0.45),keep,
charts,style_legend,task_charts__style_legend__x_position_extremum_series_label,trace/tasks/charts/style_legend/x_position_extremum_series_label.py,configs/domains/charts/style_legend.yaml,,docs/tasks/charts/style_legend/task_charts__style_legend__x_position_extremum_series_label.md,review/task-reviews/charts/style_legend/task_charts__style_legend__x_position_extremum_series_label,string_label,point,string,point,"x_position_highest_series_label,x_position_lowest_series_label","x_position_highest_series_label,x_position_lowest_series_label","x_position_highest_series_label,x_position_lowest_series_label","x_position_highest_series_label,x_position_lowest_series_label","`arg_extremum(series, value(series, x_position), direction={highest,lowest}); output=string_label; annotation=point; scene=style_legend; scope=x_position_extremum_series_label`",task_charts__style_legend__series_extremum_x_label (1.00),keep,
charts,sunburst,task_charts__sunburst__leaf_range_count_under_parent,trace/tasks/charts/sunburst/leaf_range_count_under_parent.py,configs/domains/charts/sunburst.yaml,,docs/tasks/charts/sunburst/task_charts__sunburst__leaf_range_count_under_parent.md,review/task-reviews/charts/sunburst/task_charts__sunburst__leaf_range_count_under_parent,integer_count,point_set,integer,point_set,single,single,single,single,`count(leaf under parent where lower <= value(leaf) <= upper); output=integer_count; annotation=point_set(matching_leaf_value_labels); scene=sunburst; scope=leaf_range_count_under_parent`,task_charts__sunburst__leaf_threshold_count_under_parent (0.69),keep,
charts,sunburst,task_charts__sunburst__leaf_threshold_count_under_parent,trace/tasks/charts/sunburst/leaf_threshold_count_under_parent.py,configs/domains/charts/sunburst.yaml,,docs/tasks/charts/sunburst/task_charts__sunburst__leaf_threshold_count_under_parent.md,review/task-reviews/charts/sunburst/task_charts__sunburst__leaf_threshold_count_under_parent,integer_count,point_set,integer,point_set,"above_threshold_leaf_count_under_parent,below_threshold_leaf_count_under_parent","above_threshold_leaf_count_under_parent,below_threshold_leaf_count_under_parent","above_threshold_leaf_count_under_parent,below_threshold_leaf_count_under_parent","above_threshold_leaf_count_under_parent,below_threshold_leaf_count_under_parent","`count(leaf under parent where compare(value(leaf), threshold, direction={above,below})); output=integer_count; annotation=point_set(matching_leaf_value_labels); scene=sunburst; scope=leaf_threshold_count_under_parent`",task_charts__sunburst__leaf_range_count_under_parent (0.69),keep,
charts,sunburst,task_charts__sunburst__parent_total_extremum_label,trace/tasks/charts/sunburst/parent_total_extremum_label.py,configs/domains/charts/sunburst.yaml,,docs/tasks/charts/sunburst/task_charts__sunburst__parent_total_extremum_label.md,review/task-reviews/charts/sunburst/task_charts__sunburst__parent_total_extremum_label,string_label,point_set,string,point_set,"highest_parent_total_label,lowest_parent_total_label","highest_parent_total_label,lowest_parent_total_label","highest_parent_total_label,lowest_parent_total_label","highest_parent_total_label,lowest_parent_total_label","`arg_extremum(parent, sum(value(leaf) for leaf under parent), direction={highest,lowest}); output=string_label; annotation=point_set(answer_parent_leaf_value_labels); scene=sunburst; scope=parent_total_extremum_label`",task_charts__sunburst__parent_total_value (0.65),keep,
charts,sunburst,task_charts__sunburst__parent_total_value,trace/tasks/charts/sunburst/parent_total_value.py,configs/domains/charts/sunburst.yaml,,docs/tasks/charts/sunburst/task_charts__sunburst__parent_total_value.md,review/task-reviews/charts/sunburst/task_charts__sunburst__parent_total_value,integer_value,point_set,integer,point_set,single,single,single,single,`sum(value(leaf) for leaf under parent); output=integer_value; annotation=point_set(leaf_value_labels); scene=sunburst; scope=parent_total_value`,task_charts__sunburst__parent_total_extremum_label (0.65),keep,
charts,surface_3d,task_charts__surface_3d__panel_variation_label,trace/tasks/charts/surface_3d/panel_variation_label.py,configs/domains/charts/surface_3d.yaml,,docs/tasks/charts/surface_3d/task_charts__surface_3d__panel_variation_label.md,review/task-reviews/charts/surface_3d/task_charts__surface_3d__panel_variation_label,string_label,bbox,string,bbox,single,single,single,single,"`selection.extreme_label(range(z_values(panel)), largest); scene=surface_3d; scope=panel_variation_label`",task_charts__surface_3d__reference_nearest_label (0.41),keep,
charts,surface_3d,task_charts__surface_3d__reference_nearest_label,trace/tasks/charts/surface_3d/reference_nearest_label.py,configs/domains/charts/surface_3d.yaml,,docs/tasks/charts/surface_3d/task_charts__surface_3d__reference_nearest_label.md,review/task-reviews/charts/surface_3d/task_charts__surface_3d__reference_nearest_label,string_label,point,string,point,single,single,single,single,"`selection.nearest_label(value(point, axis), reference_value); scene=surface_3d; scope=reference_nearest_label`",task_charts__surface_3d__series_trend_label (0.46),keep,
charts,surface_3d,task_charts__surface_3d__series_trend_label,trace/tasks/charts/surface_3d/series_trend_label.py,configs/domains/charts/surface_3d.yaml,,docs/tasks/charts/surface_3d/task_charts__surface_3d__series_trend_label.md,review/task-reviews/charts/surface_3d/task_charts__surface_3d__series_trend_label,string_label,segment,string,segment,"increase,decrease","increase,decrease","decrease,increase","decrease,increase","`selection.extreme_label(difference(z_value(last_x_point(series)), z_value(first_x_point(series))), direction); scene=surface_3d; scope=series_trend_label`",task_charts__surface_3d__reference_nearest_label (0.46),keep,
charts,table,task_charts__table__absolute_difference_between_rows_over_year_interval,trace/tasks/charts/table/absolute_difference_between_rows_over_year_interval.py,configs/domains/charts/table.yaml,,docs/tasks/charts/table/task_charts__table__absolute_difference_between_rows_over_year_interval.md,review/task-reviews/charts/table/task_charts__table__absolute_difference_between_rows_over_year_interval,,,integer,bbox_map,single,single,single,single,"`abs(sum(values(row_a, years)) - sum(values(row_b, years))); output=integer_value; annotation=bbox_map(row_interval_span_by_row_label); scene=table; scope=absolute_difference_between_rows_over_year_interval`",task_charts__table__sum_absolute_differences_between_rows_over_year_interval (0.62),keep,task_doc_newer_than_review_artifacts
charts,table,task_charts__table__categorical_value_count,trace/tasks/charts/table/categorical_value_count.py,configs/domains/charts/table.yaml,,docs/tasks/charts/table/task_charts__table__categorical_value_count.md,review/task-reviews/charts/table/task_charts__table__categorical_value_count,,,integer,bbox_set,single,single,single,single,`count(row where category(column) == target_category); output=integer_count; annotation=bbox_set(matching_category_cells); scene=table; scope=categorical_value_count`,task_charts__table__threshold_count (0.77),keep,task_doc_newer_than_review_artifacts
charts,table,task_charts__table__column_rank_label,trace/tasks/charts/table/column_rank_label.py,configs/domains/charts/table.yaml,,docs/tasks/charts/table/task_charts__table__column_rank_label.md,review/task-reviews/charts/table/task_charts__table__column_rank_label,,,string,bbox,highest_rank_in_column,"highest_rank_in_column,lowest_rank_in_column","highest_rank_in_column,lowest_rank_in_column","highest_rank_in_column,lowest_rank_in_column","`rank(rows by value(column), direction, rank_k); output=row_label; annotation=bbox(answer_value_cell); scene=table; scope=column_rank_label`",task_charts__table__threshold_count (0.41),keep,task_doc_newer_than_review_artifacts
charts,table,task_charts__table__column_summary_value,trace/tasks/charts/table/column_summary_value.py,configs/domains/charts/table.yaml,,docs/tasks/charts/table/task_charts__table__column_summary_value.md,review/task-reviews/charts/table/task_charts__table__column_summary_value,,,integer,bbox,column_sum,"column_sum,column_mean,column_median","column_mean,column_median,column_sum","column_mean,column_median,column_sum","`aggregate(values(column), operation=sum|mean|median); output=integer_value; annotation=bbox(column_values); scene=table; scope=column_summary_value`",task_charts__table__threshold_count (0.42),keep,task_doc_newer_than_review_artifacts
charts,table,task_charts__table__filtered_column_mean,trace/tasks/charts/table/filtered_column_mean.py,configs/domains/charts/table.yaml,,docs/tasks/charts/table/task_charts__table__filtered_column_mean.md,review/task-reviews/charts/table/task_charts__table__filtered_column_mean,,,integer,bbox_set_map,above_threshold_filtered_mean,"above_threshold_filtered_mean,below_threshold_filtered_mean,interval_filtered_mean","above_threshold_filtered_mean,below_threshold_filtered_mean,interval_filtered_mean","above_threshold_filtered_mean,below_threshold_filtered_mean,interval_filtered_mean","`mean(value(target_column) for row where filter_column satisfies predicate); output=integer_value; annotation=bbox_set_map(filter_cells,target_cells); scene=table; scope=filtered_column_mean`",task_charts__table__categorical_value_count (0.59),keep,task_doc_newer_than_review_artifacts
charts,table,task_charts__table__interval_value_count,trace/tasks/charts/table/interval_value_count.py,configs/domains/charts/table.yaml,,docs/tasks/charts/table/task_charts__table__interval_value_count.md,review/task-reviews/charts/table/task_charts__table__interval_value_count,,,integer,bbox_set,single,single,single,single,`count(row where lower <= value(column) <= upper); output=integer_count; annotation=bbox_set(matching_cells); scene=table; scope=interval_value_count`,task_charts__table__threshold_count (0.77),keep,task_doc_newer_than_review_artifacts
charts,table,task_charts__table__sum_absolute_differences_between_rows_over_year_interval,trace/tasks/charts/table/sum_absolute_differences_between_rows_over_year_interval.py,configs/domains/charts/table.yaml,,docs/tasks/charts/table/task_charts__table__sum_absolute_differences_between_rows_over_year_interval.md,review/task-reviews/charts/table/task_charts__table__sum_absolute_differences_between_rows_over_year_interval,,,integer,bbox_set,single,single,single,single,"`sum(abs(value(row_a, year) - value(row_b, year)) for year in interval); output=integer_value; annotation=bbox_set(two_row_interval_cells); scene=table; scope=sum_absolute_differences_between_rows_over_year_interval`",task_charts__table__absolute_difference_between_rows_over_year_interval (0.62),keep,task_doc_newer_than_review_artifacts
charts,table,task_charts__table__threshold_count,trace/tasks/charts/table/threshold_count.py,configs/domains/charts/table.yaml,,docs/tasks/charts/table/task_charts__table__threshold_count.md,review/task-reviews/charts/table/task_charts__table__threshold_count,,,integer,bbox_set,above_threshold_count,"above_threshold_count,below_threshold_count","above_threshold_count,below_threshold_count","above_threshold_count,below_threshold_count",`count(row where value(column) threshold_compare threshold); output=integer_count; annotation=bbox_set(matching_cells); scene=table; scope=threshold_count`,task_charts__table__categorical_value_count (0.77),keep,task_doc_newer_than_review_artifacts
charts,treemap,task_charts__treemap__group_total_value,trace/tasks/charts/treemap/group_total_value.py,configs/domains/charts/treemap.yaml,,docs/tasks/charts/treemap/task_charts__treemap__group_total_value.md,review/task-reviews/charts/treemap/task_charts__treemap__group_total_value,,,integer,bbox_set,,single,single,single,`sum(value(child) for child in parent); output=integer_value; annotation=bbox_set(parent_child_rectangles); scene=treemap; scope=group_total_value`,task_charts__treemap__parent_total_extremum_label (0.61),keep,
charts,treemap,task_charts__treemap__parent_total_extremum_label,trace/tasks/charts/treemap/parent_total_extremum_label.py,configs/domains/charts/treemap.yaml,,docs/tasks/charts/treemap/task_charts__treemap__parent_total_extremum_label.md,review/task-reviews/charts/treemap/task_charts__treemap__parent_total_extremum_label,,,string,bbox_set,,"largest_parent_total,smallest_parent_total","largest_parent_total,smallest_parent_total","largest_parent_total,smallest_parent_total","`select(parent where sum(value(child) for child in parent) is extremum(direction)); direction={largest,smallest}; output=string_label; annotation=bbox_set(parent_child_rectangles); scene=treemap; scope=parent_total_extremum_label`",task_charts__treemap__group_total_value (0.61),keep,
charts,treemap,task_charts__treemap__repeated_leaf_aggregate_value,trace/tasks/charts/treemap/repeated_leaf_aggregate_value.py,configs/domains/charts/treemap.yaml,,docs/tasks/charts/treemap/task_charts__treemap__repeated_leaf_aggregate_value.md,review/task-reviews/charts/treemap/task_charts__treemap__repeated_leaf_aggregate_value,,,integer,bbox_set,,"treemap_repeated_leaf_sum_value,treemap_repeated_leaf_average_value","treemap_repeated_leaf_average_value,treemap_repeated_leaf_sum_value","treemap_repeated_leaf_average_value,treemap_repeated_leaf_sum_value","`aggregate(value(child_label across parents), operation=sum_or_average); output=integer_value; annotation=bbox_set(repeated_child_rectangles); scene=treemap; scope=repeated_leaf_aggregate_value`",task_charts__treemap__group_total_value (0.50),keep,
charts,uncertainty_band,task_charts__uncertainty_band__band_overlap_count,trace/tasks/charts/uncertainty_band/band_overlap_count.py,configs/domains/charts/uncertainty_band.yaml,,docs/tasks/charts/uncertainty_band/task_charts__uncertainty_band__band_overlap_count.md,review/task-reviews/charts/uncertainty_band/task_charts__uncertainty_band__band_overlap_count,,,integer,point_set,single,single,single,single,"`count(x_label where intersects(vertical_interval(series_a_band_at_x), vertical_interval(series_b_band_at_x))); output=integer_value; annotation=point_set(overlap_region_centers); scene=uncertainty_band; scope=band_overlap_count`",task_charts__uncertainty_band__band_width_extremum_x_label (0.35),keep,
charts,uncertainty_band,task_charts__uncertainty_band__band_width_extremum_x_label,trace/tasks/charts/uncertainty_band/band_width_extremum_x_label.py,configs/domains/charts/uncertainty_band.yaml,,docs/tasks/charts/uncertainty_band/task_charts__uncertainty_band__band_width_extremum_x_label.md,review/task-reviews/charts/uncertainty_band/task_charts__uncertainty_band__band_width_extremum_x_label,,,string,segment,"narrowest_band_x_label,widest_band_x_label","widest_band_x_label,narrowest_band_x_label","narrowest_band_x_label,widest_band_x_label","narrowest_band_x_label,widest_band_x_label","`arg_extreme(x_label, width(vertical_interval(target_series_band_at_x)), direction={widest,narrowest}); output=string_label; annotation=segment(answer_band_lower_upper_span); scene=uncertainty_band; scope=band_width_extremum_x_label`",task_charts__uncertainty_band__band_overlap_count (0.35),keep,
charts,violin,task_charts__violin__modality_label,trace/tasks/charts/violin/modality_label.py,configs/domains/charts/violin.yaml,,docs/tasks/charts/violin/task_charts__violin__modality_label.md,review/task-reviews/charts/violin/task_charts__violin__modality_label,,,string,bbox,single,single,single,single,`select_unique(label where modality(distribution(label)) == bimodal); output=string_label; annotation=bbox(selected_violin); scene=violin; scope=modality_label`,task_charts__violin__mode_extremum_label (0.48),keep,
charts,violin,task_charts__violin__mode_extremum_label,trace/tasks/charts/violin/mode_extremum_label.py,configs/domains/charts/violin.yaml,,docs/tasks/charts/violin/task_charts__violin__mode_extremum_label.md,review/task-reviews/charts/violin/task_charts__violin__mode_extremum_label,,,string,bbox,"highest_mode,lowest_mode","highest_mode,lowest_mode","highest_mode,lowest_mode","highest_mode,lowest_mode","`arg_extreme(label, mode_location(distribution(label)), direction={highest,lowest}); output=string_label; annotation=bbox(selected_violin); scene=violin; scope=mode_extremum_label`",task_charts__violin__support_width_extremum_label (0.64),keep,
charts,violin,task_charts__violin__support_width_extremum_label,trace/tasks/charts/violin/support_width_extremum_label.py,configs/domains/charts/violin.yaml,,docs/tasks/charts/violin/task_charts__violin__support_width_extremum_label.md,review/task-reviews/charts/violin/task_charts__violin__support_width_extremum_label,,,string,bbox,"widest_support,narrowest_support","widest_support,narrowest_support","narrowest_support,widest_support","narrowest_support,widest_support","`arg_extreme(label, support_span(distribution(label)), direction={widest,narrowest}); output=string_label; annotation=bbox(selected_violin); scene=violin; scope=support_width_extremum_label`",task_charts__violin__mode_extremum_label (0.64),keep,
charts,waterfall,task_charts__waterfall__remove_step_final_total,trace/tasks/charts/waterfall/remove_step_final_total.py,configs/domains/charts/waterfall.yaml,,docs/tasks/charts/waterfall/task_charts__waterfall__remove_step_final_total.md,review/task-reviews/charts/waterfall/task_charts__waterfall__remove_step_final_total,integer_value,bbox_map,integer,bbox_map,single,single,single,single,"`final_total - delta(target_step); target_step=visible_step_label; output=integer_value; annotation=bbox_map(final_total_bar,target_contribution_bar); scene=waterfall; scope=remove_step_final_total`",task_charts__waterfall__reverse_step_final_total (0.87),keep,
charts,waterfall,task_charts__waterfall__reverse_step_final_total,trace/tasks/charts/waterfall/reverse_step_final_total.py,configs/domains/charts/waterfall.yaml,,docs/tasks/charts/waterfall/task_charts__waterfall__reverse_step_final_total.md,review/task-reviews/charts/waterfall/task_charts__waterfall__reverse_step_final_total,integer_value,bbox_map,integer,bbox_map,single,single,single,single,"`final_total - 2 * delta(target_step); target_step=visible_step_label; output=integer_value; annotation=bbox_map(final_total_bar,target_contribution_bar); scene=waterfall; scope=reverse_step_final_total`",task_charts__waterfall__remove_step_final_total (0.87),keep,
charts,waterfall,task_charts__waterfall__running_total_extremum_value,trace/tasks/charts/waterfall/running_total_extremum_value.py,configs/domains/charts/waterfall.yaml,,docs/tasks/charts/waterfall/task_charts__waterfall__running_total_extremum_value.md,review/task-reviews/charts/waterfall/task_charts__waterfall__running_total_extremum_value,integer_value,bbox,integer,bbox,"maximum_running_total,minimum_running_total","maximum_running_total,minimum_running_total","maximum_running_total,minimum_running_total","maximum_running_total,minimum_running_total","`extremum(running_total(start_and_contribution_bars), direction); direction={maximum,minimum}; output=integer_value; annotation=bbox(extremum_bar); scene=waterfall; scope=running_total_extremum_value`",task_charts__waterfall__running_total_value (0.47),keep,
charts,waterfall,task_charts__waterfall__running_total_value,trace/tasks/charts/waterfall/running_total_value.py,configs/domains/charts/waterfall.yaml,,docs/tasks/charts/waterfall/task_charts__waterfall__running_total_value.md,review/task-reviews/charts/waterfall/task_charts__waterfall__running_total_value,integer_value,bbox_set,integer,bbox_set,single,single,single,single,"`sum(start_value, signed_deltas_through(target_step)); target_step=visible_step_label; output=integer_value; annotation=bbox_set(running_bars_through_target); scene=waterfall; scope=running_total_value`",task_charts__waterfall__remove_step_final_total (0.52),keep,
